symbol,budgetQuote,scenario,name,fromAt,toAt,preBenchmarkCashWaitMs,netPnlQuote,alphaQuote,markedNavQuote,terminalCashQuote,holdTerminalCashQuote,terminalExecutable,feesQuote,gasPaidQuote,terminalExitCostQuote,totalGasWithExitQuote,entries,recenters,partialFailures,outsideMs,holdingMs,fullWindowMs,drawdownPpm,averageRiskyExposurePpm,maximumRiskyExposurePpm,averageDeploymentPpm,maximumLiquidityToExistingPpm,sourceGapMs,emptyLiquidityMarks,emptyBoundaryMarks,invalid
AAPL,5000000000,pinned_fork_costs,fixed_20,1785915808000,1789154997000,719008000,204149581,41315577,5205339290,5204149581,5162834004,True,4252360246,192448457,117634,192566091,1,854,0,103691000,3238787000,3958197000,285866,498037,1037414,1019279,5650190,9277000,0,0,
AAPL,5000000000,pinned_fork_costs,fixed_40,1785915808000,1789154997000,719008000,1220740149,1057906145,6224275059,6220740149,5162834004,True,3373146896,54887917,117634,55005551,1,243,0,25529000,3238787000,3958197000,90423,514681,1008391,999780,3514149,9277000,0,0,
AAPL,5000000000,pinned_fork_costs,fixed_80,1785915808000,1789154997000,719008000,1138696767,975862763,6141610933,6138696767,5162834004,True,2111743076,16163837,117634,16281471,1,71,0,8783000,3238787000,3958197000,49756,472174,1001982,994462,1776116,9277000,0,0,
AAPL,5000000000,pinned_fork_costs,fixed_160,1785915808000,1789154997000,719008000,906321088,743487084,5908315759,5906321088,5162834004,True,1069894148,3105717,117634,3223351,1,13,0,90691000,2466360000,3958197000,20602,355299,993160,753323,929637,9277000,0,0,
AAPL,5000000000,pinned_fork_costs,adaptive_width,1785915808000,1789154997000,719008000,1337519123,1174685119,6343030295,6337519123,5162834004,True,2386157228,29221957,117634,29339591,1,129,0,497404000,2883674000,3958197000,34961,519794,1003981,881987,5921475,9277000,0,0,
AAPL,5000000000,pinned_fork_costs,adaptive_economic,1785915808000,1789154997000,719008000,306869798,144035794,5307006270,5306869798,5162834004,True,430131885,3330857,117634,3448491,1,14,0,2302460000,2883674000,3958197000,34961,371871,1000356,874713,1532496,9277000,0,0,
AAPL,5000000000,double_gas_half_fees,fixed_20,1785915808000,1789154997000,719008000,-1881427286,-2044157694,3119451265,3118572714,5162730408,True,1811757635,384896914,235268,385132182,1,854,0,103691000,3238787000,3958197000,382914,514049,1123726,1052607,4987248,9277000,0,0,
AAPL,5000000000,double_gas_half_fees,fixed_40,1785915808000,1789154997000,719008000,-446554911,-609285319,4555961660,4553445089,5162730408,True,1499633843,109775834,235268,110011102,1,243,0,25529000,3238787000,3958197000,144907,517797,1023607,1007937,3189288,9277000,0,0,
AAPL,5000000000,double_gas_half_fees,fixed_80,1785915808000,1789154997000,719008000,93381110,-69349298,5095803591,5093381110,5162730408,True,980489918,31427114,235268,31662382,1,69,0,8450000,3238787000,3958197000,78577,470733,1004956,999459,1658335,9277000,0,0,
AAPL,5000000000,double_gas_half_fees,fixed_160,1785915808000,1789154997000,719008000,368522729,205792321,5370418252,5368522729,5162730408,True,514482052,6211434,235268,6446702,1,13,0,90691000,2466360000,3958197000,26495,355263,997056,757529,901866,9277000,0,0,
AAPL,5000000000,double_gas_half_fees,adaptive_width,1785915808000,1789154997000,719008000,62620224,-100110184,5065640673,5062620224,5162730408,True,911040103,43134394,235268,43369662,1,95,0,494243000,2883674000,3958197000,35586,531696,1007842,887545,5702970,9277000,0,0,
AAPL,5000000000,double_gas_half_fees,adaptive_economic,1785915808000,1789154997000,719008000,89570259,-73160149,5089828899,5089570259,5162730408,True,126046302,808074,235268,1043342,1,1,0,2354070000,2883674000,3958197000,35170,363502,999688,881746,1532496,9277000,0,0,
AAPL,5000000000,partial_mint_failure,fixed_20,1785915808000,1789154997000,719008000,375566350,212732346,5376792563,5375566350,5162834004,True,3573721958,171756524,117634,171874158,132,527,131,83268000,2999974000,3958197000,221638,491195,1032215,942003,6098840,9277000,0,0,
AAPL,5000000000,partial_mint_failure,fixed_40,1785915808000,1789154997000,719008000,935852123,773018119,5938377975,5935852123,5162834004,True,2940329978,60190359,117634,60307993,47,184,46,28344000,3160286000,3958197000,120863,498762,1009873,978106,4821548,9277000,0,0,
AAPL,5000000000,partial_mint_failure,fixed_80,1785915808000,1789154997000,719008000,1133759147,970925143,6137530098,6133759147,5162834004,True,2064481992,17138658,117634,17256292,14,52,13,11537000,3217811000,3958197000,43471,517391,1002459,989343,1791538,9277000,0,0,
AAPL,5000000000,partial_mint_failure,fixed_160,1785915808000,1789154997000,719008000,895017204,732183200,5899193739,5895017204,5162834004,True,1052869866,3463511,117634,3581145,3,11,2,90683000,2463801000,3958197000,24384,345436,1000066,752675,929637,9277000,0,0,
AAPL,5000000000,partial_mint_failure,adaptive_width,1785915808000,1789154997000,719008000,938537985,775703981,5940063316,5938537985,5162834004,True,1577434750,18443255,117634,18560889,15,56,14,492443000,2862784000,3958197000,34961,506924,1002659,876595,3049922,9277000,0,0,
AAPL,5000000000,partial_mint_failure,adaptive_economic,1785915808000,1789154997000,719008000,309164773,146330769,5309301250,5309164773,5162834004,True,410814355,3013231,117634,3130865,3,9,2,2301333000,2880087000,3958197000,34961,372233,1000346,873603,1532496,9277000,0,0,
AAPL,1000000000,pinned_fork_costs,fixed_20,1785915808000,1789154997000,719008000,657479047,623074633,1657912694,1657479047,1034404414,True,1829455092,192448457,117634,192566091,1,854,0,103691000,3238787000,3958197000,167919,526834,1118704,1077111,1557419,9277000,0,0,
AAPL,1000000000,pinned_fork_costs,fixed_40,1785915808000,1789154997000,719008000,644072000,609667586,1644845854,1644072000,1034404414,True,1155573757,54887917,117634,55005551,1,243,0,25529000,3238787000,3958197000,31959,521836,1032673,1011839,855121,9277000,0,0,
AAPL,1000000000,pinned_fork_costs,fixed_80,1785915808000,1789154997000,719008000,378869946,344465532,1379443240,1378869946,1034404414,True,581339002,17064397,117634,17182031,1,75,0,7322000,3238787000,3958197000,28281,477477,1010736,998764,571283,9277000,0,0,
AAPL,1000000000,pinned_fork_costs,fixed_160,1785915808000,1789154997000,719008000,211243335,176838921,1211913487,1211243335,1034404414,True,295323848,4906837,117634,5024471,1,21,0,1308000,3239157000,3958197000,24823,461866,1002735,990415,280770,9277000,0,0,
AAPL,1000000000,pinned_fork_costs,adaptive_width,1785915808000,1789154997000,719008000,451320645,416916231,1451869316,1451320645,1034404414,True,887163521,59615857,117634,59733491,1,264,0,45127000,3238787000,3958197000,34738,527181,1039906,1004936,1270858,9277000,0,0,
AAPL,1000000000,pinned_fork_costs,adaptive_economic,1785915808000,1789154997000,719008000,249488734,215084320,1249611562,1249488734,1034404414,True,383397982,11435897,117634,11553531,1,50,0,2628158000,3238787000,3958197000,19721,90110,1008400,985176,611844,9277000,0,0,
AAPL,1000000000,double_gas_half_fees,fixed_20,1785915808000,1789154997000,719008000,-436676490,-470977308,563713906,563323510,1034300818,True,669366850,384896914,235268,385132182,1,854,0,103691000,3238787000,3958197000,445835,624898,1688354,1277755,1202671,9277000,0,0,
AAPL,1000000000,double_gas_half_fees,fixed_40,1785915808000,1789154997000,719008000,-2568647,-36869465,998072017,997431353,1034300818,True,470967135,109775834,235268,110011102,1,243,0,25529000,3238787000,3958197000,101446,537326,1109044,1044839,716331,9277000,0,0,
AAPL,1000000000,double_gas_half_fees,fixed_80,1785915808000,1789154997000,719008000,60626663,26325845,1061210543,1060626663,1034300818,True,259039328,34128794,235268,34364062,1,75,0,7322000,3238787000,3958197000,59008,481938,1030126,1012293,513788,9277000,0,0,
AAPL,1000000000,double_gas_half_fees,fixed_160,1785915808000,1789154997000,719008000,57620505,23319687,1058333335,1057620505,1034300818,True,139203109,9813674,235268,10048942,1,21,0,1308000,3239157000,3958197000,31906,462603,1006705,998045,264759,9277000,0,0,
AAPL,1000000000,double_gas_half_fees,adaptive_width,1785915808000,1789154997000,719008000,21323608,-12977210,1021776478,1021323608,1034300818,True,207069359,42684114,235268,42919382,1,94,0,7664000,3238787000,3958197000,47397,495898,1040418,1006036,1240742,9277000,0,0,
AAPL,1000000000,double_gas_half_fees,adaptive_economic,1785915808000,1789154997000,719008000,20750700,-13550118,1020993994,1020750700,1034300818,True,31723892,808074,235268,1043342,1,1,0,2022658000,3238787000,3958197000,24402,142085,999982,981062,153694,9277000,0,0,
AAPL,1000000000,partial_mint_failure,fixed_20,1785915808000,1789154997000,719008000,511501491,477097077,1511902798,1511501491,1034404414,True,1366536372,162624345,117634,162741979,125,499,124,78600000,2920099000,3958197000,98901,520933,1109536,959943,1638349,9277000,0,0,
AAPL,1000000000,partial_mint_failure,fixed_40,1785915808000,1789154997000,719008000,566125813,531721399,1566733953,1566125813,1034404414,True,1006876308,56276568,117634,56394202,44,172,43,25664000,3143745000,3958197000,40509,510519,1035058,986911,1184290,9277000,0,0,
AAPL,1000000000,partial_mint_failure,fixed_80,1785915808000,1789154997000,719008000,346257378,311852964,1347040610,1346257378,1034404414,True,558041003,19972992,117634,20090626,16,61,15,9307000,3216080000,3958197000,28135,497945,1012925,991657,401133,9277000,0,0,
AAPL,1000000000,partial_mint_failure,fixed_160,1785915808000,1789154997000,719008000,212027779,177623365,1212396784,1212027779,1034404414,True,292307879,5397285,117634,5514919,5,16,4,1288000,3234334000,3958197000,20531,473315,999879,989032,280278,9277000,0,0,
AAPL,1000000000,partial_mint_failure,adaptive_width,1785915808000,1789154997000,719008000,416784579,382380165,1417319106,1416784579,1034404414,True,726240117,49349546,117634,49467180,38,152,37,13484000,3182450000,3958197000,24845,538981,1033302,979944,1115364,9277000,0,0,
AAPL,1000000000,partial_mint_failure,adaptive_economic,1785915808000,1789154997000,719008000,230399792,195995378,1230522534,1230399792,1034404414,True,332647250,8456759,117634,8574393,7,26,6,2563322000,3225739000,3958197000,19719,94773,1006138,980949,611844,9277000,0,0,
AAPL,250000000,pinned_fork_costs,fixed_20,1785915808000,1789154997000,719008000,201513330,192899515,451734882,451513330,258613815,True,687181831,192448457,117634,192566091,1,854,0,103691000,3238787000,3958197000,249084,645238,1476662,1317236,487823,9277000,0,0,
AAPL,250000000,pinned_fork_costs,fixed_40,1785915808000,1789154997000,719008000,183293605,174679790,433579389,433293605,258613815,True,357803303,54887917,117634,55005551,1,243,0,25529000,3238787000,3958197000,36210,548837,1126345,1063105,236407,9277000,0,0,
AAPL,250000000,pinned_fork_costs,fixed_80,1785915808000,1789154997000,719008000,98327958,89714143,348554765,348327958,258613815,True,160309606,17064397,117634,17182031,1,75,0,7322000,3238787000,3958197000,29164,487662,1045061,1019590,148044,9277000,0,0,
AAPL,250000000,pinned_fork_costs,fixed_160,1785915808000,1789154997000,719008000,53081940,44468125,303325570,303081940,258613815,True,77217132,4906837,117634,5024471,1,21,0,1308000,3239157000,3958197000,25583,464358,1011961,995003,70914,9277000,0,0,
AAPL,250000000,pinned_fork_costs,adaptive_width,1785915808000,1789154997000,719008000,143087828,134474013,393327446,393087828,258613815,True,321072862,69747157,117634,69864791,1,309,0,20084000,3238787000,3958197000,33844,533939,1174289,1037124,361227,9277000,0,0,
AAPL,250000000,pinned_fork_costs,adaptive_economic,1785915808000,1789154997000,719008000,44979708,36365893,295097372,294979708,258613815,True,60997612,2205157,117634,2322791,1,9,0,1680594000,3238787000,3958197000,39762,547111,1006415,952432,67680,9277000,0,0,
AAPL,250000000,double_gas_half_fees,fixed_20,1785915808000,1789154997000,719008000,-250283314,-258793533,-48046,-283314,258510219,True,116654271,246210674,235268,246445942,1,546,0,87039000,3238787000,3958197000,1000666,3260210,711894344,6190881,340401,981099000,0,0,capital_exhausted
AAPL,250000000,double_gas_half_fees,fixed_40,1785915808000,1789154997000,719008000,-61717365,-70227584,188618742,188282635,258510219,True,138796420,109775834,235268,110011102,1,243,0,25529000,3238787000,3958197000,250633,628168,1578018,1220183,189573,9277000,0,0,
AAPL,250000000,double_gas_half_fees,fixed_80,1785915808000,1789154997000,719008000,-3013825,-11524044,247304859,246986175,258510219,True,70421641,34128794,235268,34364062,1,75,0,7322000,3238787000,3958197000,93562,506900,1134275,1064900,131333,9277000,0,0,
AAPL,250000000,double_gas_half_fees,fixed_160,1785915808000,1789154997000,719008000,9043282,533063,259388167,259043282,258510219,True,36268450,9813674,235268,10048942,1,21,0,1308000,3239157000,3958197000,37360,468034,1027709,1009205,66616,9277000,0,0,
AAPL,250000000,double_gas_half_fees,adaptive_width,1785915808000,1789154997000,719008000,-12608591,-21118810,237680135,237391409,258510219,True,54223194,36380194,235268,36615462,1,80,0,5743000,3238787000,3958197000,87479,514769,1146963,1030491,154266,9277000,0,0,
AAPL,250000000,double_gas_half_fees,adaptive_economic,1785915808000,1789154997000,719008000,14475319,5965100,264714228,264475319,258510219,True,14112682,357794,235268,593062,1,0,0,1776371000,3238787000,3958197000,28878,391442,1001041,972578,38594,9277000,0,0,
AAPL,250000000,partial_mint_failure,fixed_20,1785915808000,1789154997000,719008000,148941325,140327510,399148358,398941325,258613815,True,500601138,157405957,117634,157523591,121,483,120,75798000,2884516000,3958197000,120799,618082,1399279,1108730,500136,9277000,0,0,
AAPL,250000000,partial_mint_failure,fixed_40,1785915808000,1789154997000,719008000,157389280,148775465,407634544,407389280,258613815,True,308813938,54971971,117634,55089605,43,168,42,24897000,3142668000,3958197000,47132,544923,1133127,1044773,326165,9277000,0,0,
AAPL,250000000,partial_mint_failure,fixed_80,1785915808000,1789154997000,719008000,87408752,78794937,337680767,337408752,258613815,True,153877392,19972992,117634,20090626,16,61,15,9307000,3216080000,3958197000,29501,510014,1052938,1014846,103916,9277000,0,0,
AAPL,250000000,partial_mint_failure,fixed_160,1785915808000,1789154997000,719008000,52844631,44230816,303022600,302844631,258613815,True,76423889,5397285,117634,5514919,5,16,4,1288000,3234334000,3958197000,21217,476070,1006599,993945,70792,9277000,0,0,
AAPL,250000000,partial_mint_failure,adaptive_width,1785915808000,1789154997000,719008000,98456841,89843026,348680905,348456841,258613815,True,229006650,57177128,117634,57294762,44,176,43,14235000,3170964000,3958197000,33255,523932,1160852,1006115,321562,9277000,0,0,
AAPL,250000000,partial_mint_failure,adaptive_economic,1785915808000,1789154997000,719008000,48408244,39794429,298526467,298408244,258613815,True,60001771,1483494,117634,1601128,2,4,1,1668065000,3233317000,3958197000,40012,548613,1001806,950235,67680,9277000,0,0,
GLD,5000000000,pinned_fork_costs,fixed_20,1787963916000,1789154994000,2767116000,-4972911679,-4882690543,27237706,27088321,4909778864,True,819237864,227991345,118538,228109883,1,1032,0,222978000,1190857000,3958194000,995017,2389228,9489031,4909039,885830107,0,0,0,
GLD,5000000000,pinned_fork_costs,fixed_40,1787963916000,1789154994000,2767116000,-4750753133,-4660531997,249475890,249246867,4909778864,True,906493696,101501022,118538,101619560,1,459,0,160824000,1190857000,3958194000,969016,614058,1437540,1315172,478235069,0,0,0,
GLD,5000000000,pinned_fork_costs,fixed_80,1787963916000,1789154994000,2767116000,1405715835,1495936971,6408745662,6405715835,4909778864,True,2133732210,7240345,118538,7358883,1,32,0,212934000,1190857000,3958194000,101655,448001,1000035,991298,5298705,0,0,0,
GLD,5000000000,pinned_fork_costs,fixed_160,1787963916000,1789154994000,2767116000,592830961,683052097,5595146102,5592830961,4909778864,True,1161890093,2825325,118538,2943863,1,12,0,207074000,1190368000,3958194000,122369,459934,995301,986303,2557560,0,0,0,
GLD,5000000000,pinned_fork_costs,adaptive_width,1787963916000,1789154994000,2767116000,305192684,395413820,5307643900,5305192684,4909778864,True,1785037122,41015248,118538,41133786,1,185,0,262942000,1183155000,3958194000,122538,499359,1007003,987987,5925849,0,0,0,
GLD,5000000000,pinned_fork_costs,adaptive_economic,1787963916000,1789154994000,2767116000,-6538875,83682261,4993600829,4993461125,4909778864,True,774561549,14745879,118538,14864417,1,66,0,1104459000,1183155000,3958194000,107538,136611,1002605,983169,19167978,0,0,0,
GLD,5000000000,double_gas_half_fees,fixed_20,1787963916000,1789154994000,2767116000,-5003292021,-4912966168,-2973398,-3292021,4909674147,True,298376855,164149868,237076,164386944,1,371,0,1124950000,1190857000,3958194000,1000588,660526,6993588410,1144247,838317051,946859000,0,0,capital_exhausted
GLD,5000000000,double_gas_half_fees,fixed_40,1787963916000,1789154994000,2767116000,-4981883805,-4891557952,18422580,18116195,4909674147,True,423916650,203002044,237076,203239120,1,459,0,160824000,1190857000,3958194000,996585,2469040,11810799,5167019,445704771,0,0,0,
GLD,5000000000,double_gas_half_fees,fixed_80,1787963916000,1789154994000,2767116000,283435180,373761033,5285483716,5283435180,4909674147,True,1004296863,16246698,237076,16483774,1,36,0,211019000,1190857000,3958194000,96739,420726,1002195,997883,5065276,0,0,0,
GLD,5000000000,double_gas_half_fees,fixed_160,1787963916000,1789154994000,2767116000,5477875,95803728,5007640095,5005477875,4909674147,True,555713790,5650650,237076,5887726,1,12,0,207074000,1190368000,3958194000,106659,458893,998372,993249,2498393,0,0,0,
GLD,5000000000,double_gas_half_fees,adaptive_width,1787963916000,1789154994000,2767116000,-96911979,-6586126,4905434811,4903088021,4909674147,True,533011356,15363694,237076,15600770,1,34,0,246068000,1183155000,3958194000,106712,505789,1002313,984960,2469441,0,0,0,
GLD,5000000000,double_gas_half_fees,adaptive_economic,1787963916000,1789154994000,2767116000,-117096639,-26770786,4884382913,4882903361,4909674147,True,329269577,5650650,237076,5887726,1,12,0,698938000,1183155000,3958194000,98219,241332,1000709,976831,19499748,0,0,0,
GLD,5000000000,partial_mint_failure,fixed_20,1787963916000,1789154994000,2767116000,-4684785229,-4594564093,315387334,315214771,4909778864,True,492182747,130125434,118538,130243972,102,407,101,147371000,928096000,3958194000,940733,584708,1412077,986230,881298917,0,0,0,
GLD,5000000000,partial_mint_failure,fixed_40,1787963916000,1789154994000,2767116000,-4534589769,-4444368633,465697627,465410231,4909778864,True,729558976,66342785,118538,66461323,52,208,51,117877000,1047944000,3958194000,938541,532926,1141340,973560,468428354,0,0,0,
GLD,5000000000,partial_mint_failure,fixed_80,1787963916000,1789154994000,2767116000,1247895796,1338116932,6251847569,6247895796,4909778864,True,1990951703,8518974,118538,8637512,7,27,6,209185000,1180557000,3958194000,111271,444163,1000325,982027,5241583,0,0,0,
GLD,5000000000,partial_mint_failure,fixed_160,1787963916000,1789154994000,2767116000,583612048,673833184,5585922992,5583612048,4909778864,True,1159039918,3177951,118538,3296489,3,10,2,207121000,1188483000,3958194000,122369,456843,995378,984762,2557560,0,0,0,
GLD,5000000000,partial_mint_failure,adaptive_width,1787963916000,1789154994000,2767116000,379182912,469404048,5381664895,5379182912,4909778864,True,1330513203,24497605,118538,24616143,20,76,19,258646000,1145163000,3958194000,122538,544708,1004029,951680,5925849,0,0,0,
GLD,5000000000,partial_mint_failure,adaptive_economic,1787963916000,1789154994000,2767116000,-104227324,-14006188,4895900135,4895772676,4909778864,True,450349105,7238906,118538,7357444,6,23,5,1101743000,1162096000,3958194000,107538,133587,1001283,970060,19167978,0,0,0,
GLD,1000000000,pinned_fork_costs,fixed_20,1787963916000,1789154994000,2767116000,-1004401819,-988192180,-4257853,-4401819,983790361,True,401666844,54922561,118538,55041099,1,248,0,135877000,1190857000,3958194000,1003357,102558,601734329,231501,208396041,1017326000,0,0,capital_exhausted
GLD,1000000000,pinned_fork_costs,fixed_40,1787963916000,1789154994000,2767116000,-1000759782,-984550143,-612212,-759782,983790361,True,435299580,58454577,118538,58573115,1,264,0,1110999000,1190857000,3958194000,1000447,275517,129714692,570067,116321473,983647000,0,0,capital_exhausted
GLD,1000000000,pinned_fork_costs,fixed_80,1787963916000,1789154994000,2767116000,520575355,536784994,1521259601,1520575355,983790361,True,826869378,12759120,118538,12877658,1,57,0,139490000,1190857000,3958194000,165281,440847,1006686,997927,1250538,0,0,0,
GLD,1000000000,pinned_fork_costs,fixed_160,1787963916000,1789154994000,2767116000,253314443,269524082,1253782280,1253314443,983790361,True,387200575,3266827,118538,3385365,1,14,0,165105000,1190857000,3958194000,133702,443362,1000018,985489,557999,0,0,0,
GLD,1000000000,pinned_fork_costs,adaptive_width,1787963916000,1789154994000,2767116000,373629607,389839246,1374282450,1373629607,983790361,True,1019644902,77439163,118538,77557701,1,350,0,215440000,1190857000,3958194000,146935,559886,1054081,1029563,4842263,0,0,0,
GLD,1000000000,pinned_fork_costs,adaptive_economic,1787963916000,1789154994000,2767116000,326177813,342387452,1326301831,1326177813,983790361,True,657722963,29977698,118538,30096236,1,135,0,1049838000,1190857000,3958194000,120325,137884,1022171,1008022,4921482,0,0,0,
GLD,1000000000,double_gas_half_fees,fixed_20,1787963916000,1789154994000,2767116000,-1065022950,-1048708594,-64763927,-65022950,983685644,True,193621895,108520616,237076,108757692,1,245,0,1152603000,1190857000,3958194000,1059140,71417,5364180,175495,176847713,1020170000,0,0,capital_exhausted
GLD,1000000000,double_gas_half_fees,fixed_40,1787963916000,1789154994000,2767116000,-1031601383,-1015287027,-31339535,-31601383,983685644,True,205397493,80705990,237076,80943066,1,182,0,1138331000,1190857000,3958194000,1027483,68330,24364043,160235,97575331,1020075000,0,0,capital_exhausted
GLD,1000000000,double_gas_half_fees,fixed_80,1787963916000,1789154994000,2767116000,74724964,91039320,1075285749,1074724964,983685644,True,358792197,30374762,237076,30611838,1,68,0,141676000,1190857000,3958194000,169201,408030,1026808,1016571,1100107,0,0,0,
GLD,1000000000,double_gas_half_fees,fixed_160,1787963916000,1789154994000,2767116000,50716741,67031097,1051245898,1050716741,983685644,True,190785827,7416658,237076,7653734,1,16,0,164764000,1190857000,3958194000,121072,443856,1005361,996731,521923,0,0,0,
GLD,1000000000,double_gas_half_fees,adaptive_width,1787963916000,1789154994000,2767116000,-111759050,-95444694,888833747,888240950,983685644,True,338060183,99249074,237076,99486150,1,224,0,189529000,1190857000,3958194000,185712,537468,1110260,1078893,4108338,0,0,0,
GLD,1000000000,double_gas_half_fees,adaptive_economic,1787963916000,1789154994000,2767116000,-93148197,-76833841,907093307,906851803,983685644,True,138045537,35231284,237076,35468360,1,79,0,1049791000,1190857000,3958194000,143488,199925,1038929,1020598,3810965,0,0,0,
GLD,1000000000,partial_mint_failure,fixed_20,1787963916000,1789154994000,2767116000,-1001275744,-985066105,-1102071,-1275744,983790361,True,155772455,110482912,118538,110601450,87,345,86,117196000,917998000,3958194000,1000925,5420987,10919383480,9124023,195183692,278244000,0,0,capital_exhausted
GLD,1000000000,partial_mint_failure,fixed_40,1787963916000,1789154994000,2767116000,-885821581,-869611942,114355013,114178419,983790361,True,338133495,71463057,118538,71581595,56,224,55,64086000,1001230000,3958194000,951877,724129,1622420,1256803,135547775,0,0,0,
GLD,1000000000,partial_mint_failure,fixed_80,1787963916000,1789154994000,2767116000,374830584,391040223,1375609770,1374830584,983790361,True,650430092,15537129,118538,15655667,13,48,12,139058000,1167874000,3958194000,150332,411712,1009619,981574,1152571,0,0,0,
GLD,1000000000,partial_mint_failure,fixed_160,1787963916000,1789154994000,2767116000,251541374,267751013,1252073905,1251541374,983790361,True,386994301,3619453,118538,3737991,3,12,2,163920000,1186900000,3958194000,133702,450660,997350,984195,557999,0,0,0,
GLD,1000000000,partial_mint_failure,adaptive_width,1787963916000,1789154994000,2767116000,188540895,204750534,1188919016,1188540895,983790361,True,488906322,44978693,118538,45097231,36,140,35,9887000,914016000,3958194000,777208,598334,1036956,781993,4265755,0,0,0,
GLD,1000000000,partial_mint_failure,adaptive_economic,1787963916000,1789154994000,2767116000,95957805,112167444,1096082102,1095957805,983790361,True,296989876,18318016,118538,18436554,15,57,14,1010337000,1145209000,3958194000,122654,144717,1016645,964662,4387485,0,0,0,
GLD,250000000,pinned_fork_costs,fixed_20,1787963916000,1789154994000,2767116000,-291232430,-287156365,-41105982,-41232430,245923935,True,192801759,56909320,118538,57027858,1,257,0,1152779000,1190857000,3958194000,1110779,123964,103252915,223082,124266571,1044258000,0,0,capital_exhausted
GLD,250000000,pinned_fork_costs,fixed_40,1787963916000,1789154994000,2767116000,-288913949,-284837884,-38789778,-38913949,245923935,True,167939161,50066039,118538,50184577,1,226,0,1137188000,1190857000,3958194000,1103507,141119,349140738,281392,57959957,1051359000,0,0,capital_exhausted
GLD,250000000,pinned_fork_costs,fixed_80,1787963916000,1789154994000,2767116000,60563245,64639310,310775320,310563245,245923935,True,231932956,18940148,118538,19058686,1,85,0,133605000,1190857000,3958194000,368740,425207,1058546,1042647,29034992,0,0,0,
GLD,250000000,pinned_fork_costs,fixed_160,1787963916000,1789154994000,2767116000,-13041926,-8965861,237115115,236958074,245923935,True,111659305,7681847,118538,7800385,1,34,0,129442000,1190857000,3958194000,352788,464607,1026992,1011248,12771005,0,0,0,
GLD,250000000,pinned_fork_costs,adaptive_width,1787963916000,1789154994000,2767116000,90609510,94685575,340779587,340609510,245923935,True,369278564,84944697,118538,85063235,1,384,0,182785000,1190857000,3958194000,181321,547027,1247498,1165811,1501698,0,0,0,
GLD,250000000,pinned_fork_costs,adaptive_economic,1787963916000,1789154994000,2767116000,117869453,121945518,367989091,367869453,245923935,True,338912656,60441336,118538,60559874,1,273,0,1052187000,1190857000,3958194000,138557,109017,1169389,1133095,1520176,0,0,0,
GLD,250000000,double_gas_half_fees,fixed_20,1787963916000,1789154994000,2767116000,-309607515,-305426733,-59354206,-59607515,245819218,True,86981742,91743540,237076,91980616,1,207,0,1156729000,1190857000,3958194000,1210807,59541,10288322,121632,75593165,1103219000,0,0,capital_exhausted
GLD,250000000,double_gas_half_fees,fixed_40,1787963916000,1789154994000,2767116000,-293161648,-288980866,-42910281,-43161648,245819218,True,75669829,71434448,237076,71671524,1,161,0,1144891000,1190857000,3958194000,1147963,47960,11401590,105225,44669711,1101268000,0,0,capital_exhausted
GLD,250000000,double_gas_half_fees,fixed_80,1787963916000,1789154994000,2767116000,-68352718,-64171936,181946448,181647282,245819218,True,96675841,37880296,237076,38117372,1,85,0,133605000,1190857000,3958194000,412354,472860,1203039,1154271,24333511,0,0,0,
GLD,250000000,double_gas_half_fees,fixed_160,1787963916000,1789154994000,2767116000,-70685961,-66505179,179581697,179314039,245819218,True,50673709,15363694,237076,15600770,1,34,0,129442000,1190857000,3958194000,378481,485850,1080314,1061253,11488020,0,0,0,
GLD,250000000,double_gas_half_fees,adaptive_width,1787963916000,1789154994000,2767116000,-188512513,-184331731,61795474,61487487,245819218,True,133932091,142957772,237076,143194848,1,323,0,176892000,1190857000,3958194000,781356,1224044,3280296,2409044,97699644,0,0,0,
GLD,250000000,double_gas_half_fees,adaptive_economic,1787963916000,1789154994000,2767116000,-53142184,-48961402,197210305,196857816,245819218,True,27787587,29933260,237076,30170336,1,67,0,1176188000,1190857000,3958194000,251025,992499,1153471,1141940,991640,0,0,0,
GLD,250000000,partial_mint_failure,fixed_20,1787963916000,1789154994000,2767116000,-251197086,-247121021,-1056715,-1197086,245923935,True,36030718,44581629,118538,44700167,35,140,34,71951000,1010031000,3958194000,1001290,453926,271949505,395132,129279117,901384000,0,0,capital_exhausted
GLD,250000000,partial_mint_failure,fixed_40,1787963916000,1789154994000,2767116000,-250858140,-246782075,-724792,-858140,245923935,True,61372212,30280130,118538,30398668,24,95,23,43718000,1086055000,3958194000,1002111,226669,136920274,168349,44878331,1008492000,0,0,capital_exhausted
GLD,250000000,partial_mint_failure,fixed_80,1787963916000,1789154994000,2767116000,33518058,37594123,283759801,283518058,245923935,True,170509430,15537129,118538,15655667,13,48,12,131852000,1162222000,3958194000,330944,452338,1051381,1009039,26693064,0,0,0,
GLD,250000000,partial_mint_failure,fixed_160,1787963916000,1789154994000,2767116000,-5710573,-1634508,244479097,244289427,245923935,True,101926797,6797404,118538,6915942,6,21,5,130679000,1182295000,3958194000,319041,455295,1024880,999258,12403842,0,0,0,
GLD,250000000,partial_mint_failure,adaptive_width,1787963916000,1789154994000,2767116000,-88615284,-84539219,161557414,161384716,245923935,True,105466129,57779373,118538,57897911,46,180,45,169170000,1061695000,3958194000,413766,622555,1352855,1081378,91945560,0,0,0,
GLD,250000000,partial_mint_failure,adaptive_economic,1787963916000,1789154994000,2767116000,14338673,18414738,264491899,264338673,245923935,True,67076774,14257061,118538,14375599,12,44,11,1056713000,1129853000,3958194000,126430,226833,1054376,978406,1042779,0,0,0,
GME,5000000000,pinned_fork_costs,fixed_20,1785196806000,1789154989000,6000,858834371,896236592,5860360807,5858834371,4962597779,True,12459794976,500295037,117618,500412655,1,2234,0,188146000,3958147000,3958189000,505109,545634,1125701,1063787,2038825132,12110000,0,0,
GME,5000000000,pinned_fork_costs,fixed_40,1785196806000,1789154989000,6000,2783814161,2821216382,7786873996,7783814161,4962597779,True,11065967378,182405317,117618,182522935,1,814,0,61903000,3958147000,3958189000,348870,534397,1028236,1014626,1065998953,12110000,0,0,
GME,5000000000,pinned_fork_costs,fixed_80,1785196806000,1789154989000,6000,3697394724,3734796945,8700143141,8697394724,4962597779,True,8169867046,42489067,117618,42606685,1,189,0,55906000,3958147000,3958189000,134796,524343,1004322,994889,15252272,12110000,0,0,
GME,5000000000,pinned_fork_costs,fixed_160,1785196806000,1789154989000,6000,1745183644,1782585865,6747309192,6745183644,4962597779,True,3968954287,13386487,117618,13504105,1,59,0,146713000,3958147000,3958189000,154132,528036,1001517,990587,20453628,12110000,0,0,
GME,5000000000,pinned_fork_costs,adaptive_width,1785196806000,1789154989000,6000,3666350999,3703753220,8667684166,8666350999,4962597779,True,9363626368,116588713,117618,116706331,1,520,0,187797000,3958147000,3958189000,174433,549675,1013754,995676,6968559,12110000,0,0,
GME,5000000000,pinned_fork_costs,adaptive_economic,1785196806000,1789154989000,6000,2544331854,2581734075,7544765053,7544331854,4962597779,True,5982095197,53906233,117618,54023851,1,240,0,2548547000,3958147000,3958189000,121655,194410,1006778,993763,16028056,12110000,0,0,
GME,5000000000,double_gas_half_fees,fixed_20,1785196806000,1789154989000,6000,-4051457061,-4013950282,949167585,948542939,4962493221,True,3888970245,1000590074,235236,1000825310,1,2234,0,188146000,3958147000,3958189000,811013,682806,2054217,1329855,1850902764,12110000,0,0,
GME,5000000000,double_gas_half_fees,fixed_40,1785196806000,1789154989000,6000,-2036550221,-1999043442,2964746218,2963449779,4962493221,True,3815019652,364810634,235236,365045870,1,814,0,61903000,3958147000,3958189000,485570,554879,1122492,1055505,999059429,12110000,0,0,
GME,5000000000,double_gas_half_fees,fixed_80,1785196806000,1789154989000,6000,-251622390,-214115611,4749926913,4748377610,4962493221,True,3194005360,89903186,235236,90138422,1,200,0,53534000,3958147000,3958189000,201415,524212,1018331,1003185,13389837,12110000,0,0,
GME,5000000000,double_gas_half_fees,fixed_160,1785196806000,1789154989000,6000,-195824858,-158318079,4805208310,4804175142,4962493221,True,1711532437,26772974,235236,27008210,1,59,0,146456000,3958147000,3958189000,190786,525464,1004877,996865,19233834,12110000,0,0,
GME,5000000000,double_gas_half_fees,adaptive_width,1785196806000,1789154989000,6000,-495900678,-458393899,4505103298,4504099322,4962493221,True,3050359701,164226698,235236,164461934,1,366,0,216636000,3958147000,3958189000,215954,522312,1036920,1007874,17597736,12110000,0,0,
GME,5000000000,double_gas_half_fees,adaptive_economic,1785196806000,1789154989000,6000,-599071059,-561564280,4401167681,4400928941,4962493221,True,1259714324,46473182,235236,46708418,1,103,0,2400781000,3958147000,3958189000,134637,199743,1009913,996265,7673402,12110000,0,0,
GME,5000000000,partial_mint_failure,fixed_20,1785196806000,1789154989000,6000,175215231,212617452,5177498008,5175215231,4962597779,True,7760859426,372624894,117618,372742512,288,1148,287,127549000,3466545000,3958189000,385237,539199,1081244,915170,2135342758,12110000,0,0,
GME,5000000000,partial_mint_failure,fixed_40,1785196806000,1789154989000,6000,2948019232,2985421453,7951138919,7948019232,4962597779,True,8697129795,149014279,117618,149131897,115,460,114,46060000,3759593000,3958189000,207815,519552,1020861,959025,1178627417,12110000,0,0,
GME,5000000000,partial_mint_failure,fixed_80,1785196806000,1789154989000,6000,3167997405,3205399626,8169461297,8167997405,4962597779,True,6770793166,43450984,117618,43568602,34,134,33,70143000,3916577000,3958189000,134799,513999,1004609,986279,14878923,12110000,0,0,
GME,5000000000,partial_mint_failure,fixed_160,1785196806000,1789154989000,6000,2055044730,2092446951,7057279554,7055044730,4962597779,True,3846742945,12305632,117618,12423250,10,38,9,154047000,3946908000,3958189000,144265,495644,1001095,983341,20481539,12110000,0,0,
GME,5000000000,partial_mint_failure,adaptive_width,1785196806000,1789154989000,6000,2270621344,2308023565,7271734729,7270621344,4962597779,True,5575470557,74820202,117618,74937820,58,231,57,188545000,3849979000,3958189000,171952,543174,1010449,967424,13995136,12110000,0,0,
GME,5000000000,partial_mint_failure,adaptive_economic,1785196806000,1789154989000,6000,1662781759,1700183980,6664447635,6662781759,4962597779,True,3863414368,35216914,117618,35334532,28,108,27,1997239000,3899494000,3958189000,121655,274973,1004950,978333,7681285,12110000,0,0,
GME,1000000000,pinned_fork_costs,fixed_20,1785196806000,1789154989000,6000,2055521435,2062954905,3056377668,3055521435,992566530,True,6599189857,500295037,117618,500412655,1,2234,0,188146000,3957814000,3958189000,394111,623455,1410029,1215478,441909395,12110000,0,0,
GME,1000000000,pinned_fork_costs,fixed_40,1785196806000,1789154989000,6000,2128736715,2136170185,3129909862,3128736715,992566530,True,4694541304,183748513,117618,183866131,1,820,0,61806000,3958147000,3958189000,259364,559534,1103651,1062155,218911638,12110000,0,0,
GME,1000000000,pinned_fork_costs,fixed_80,1785196806000,1789154989000,6000,1557334518,1564767988,2558115289,2557334518,992566530,True,2735778826,45847057,117618,45964675,1,204,0,35806000,3958147000,3958189000,130809,527450,1016869,1001924,3386058,12110000,0,0,
GME,1000000000,pinned_fork_costs,fixed_160,1785196806000,1789154989000,6000,634930090,642363560,1635585527,1634930090,992566530,True,1192578791,15625147,117618,15742765,1,69,0,26927000,3958147000,3958189000,131984,507839,1008004,993046,4403637,12110000,0,0,
GME,1000000000,pinned_fork_costs,adaptive_width,1785196806000,1789154989000,6000,2626123754,2633557224,3626735423,3626123754,992566530,True,5562597461,214418155,117618,214535773,1,957,0,164814000,3957814000,3958189000,136081,553046,1067245,1023796,5868217,12110000,0,0,
GME,1000000000,pinned_fork_costs,adaptive_economic,1785196806000,1789154989000,6000,1854220279,1861653749,2854456896,2854220279,992566530,True,3328741088,82113349,117618,82230967,1,366,0,2302017000,3957814000,3958189000,132898,305061,1028910,984484,7498486,12110000,0,0,
GME,1000000000,double_gas_half_fees,fixed_20,1785196806000,1789154989000,6000,-999039426,-991501398,1195818,960574,992461972,True,491549631,512562194,235236,512797430,1,1144,0,1429076000,3957814000,3958189000,1000038,1530577,3797169951,3068943,387610264,1317647000,0,0,capital_exhausted
GME,1000000000,double_gas_half_fees,fixed_40,1785196806000,1789154989000,6000,-368831637,-361293609,631696861,631168363,992461972,True,1258292294,367944758,235236,368179994,1,821,0,61688000,3958147000,3958189000,526578,674451,1580225,1285262,202986518,12110000,0,0,
GME,1000000000,double_gas_half_fees,fixed_80,1785196806000,1789154989000,6000,116724275,124262303,1117254797,1116724275,992461972,True,924656371,92141846,235236,92377082,1,205,0,35776000,3958147000,3958189000,181832,537576,1081488,1028733,2814905,12110000,0,0,
GME,1000000000,double_gas_half_fees,fixed_160,1785196806000,1789154989000,6000,19087453,26625481,1019656992,1019087453,992461972,True,477478659,31250294,235236,31485530,1,69,0,25744000,3958147000,3958189000,176571,510870,1028433,1005875,3951309,12110000,0,0,
GME,1000000000,double_gas_half_fees,adaptive_width,1785196806000,1789154989000,6000,440509,7978537,1000856921,1000440509,992461972,True,946332795,176315462,235236,176550698,1,393,0,86034000,3957991000,3958189000,169328,536825,1179528,1032124,4044574,12110000,0,0,
GME,1000000000,double_gas_half_fees,adaptive_economic,1785196806000,1789154989000,6000,-73402889,-65864861,926834110,926597111,992461972,True,495360441,78709886,235236,78945122,1,175,0,2916964000,3957991000,3958189000,128984,479610,1084759,993212,3467019,12110000,0,0,
GME,1000000000,partial_mint_failure,fixed_20,1785196806000,1789154989000,6000,767618472,775051942,1768161610,1767618472,992566530,True,3043062510,353159049,117618,353276667,273,1088,272,117610000,3388631000,3958189000,221337,594382,1264754,988510,481230092,12110000,0,0,
GME,1000000000,partial_mint_failure,fixed_40,1785196806000,1789154989000,6000,1438336711,1445770181,2439258653,2438336711,992566530,True,3014376086,149864270,117618,149981888,116,462,115,45505000,3727642000,3958189000,151520,540856,1080958,986679,240448261,12110000,0,0,
GME,1000000000,partial_mint_failure,fixed_80,1785196806000,1789154989000,6000,1353728356,1361161826,2354201541,2353728356,992566530,True,2239203671,47344153,117618,47461771,37,146,36,36790000,3909228000,3958189000,130894,518131,1020390,995387,3216841,12110000,0,0,
GME,1000000000,partial_mint_failure,fixed_160,1785196806000,1789154989000,6000,562087592,569521062,1562607310,1562087592,992566530,True,963255454,13155623,117618,13273241,11,40,10,46736000,3938426000,3958189000,131984,519214,1006939,982973,1542399,12110000,0,0,
GME,1000000000,partial_mint_failure,adaptive_width,1785196806000,1789154989000,6000,954332336,961765806,1955138553,1954332336,992566530,True,2140267979,124357542,117618,124475160,96,384,95,91413000,3736125000,3958189000,132741,540776,1063907,953212,1606812,12110000,0,0,
GME,1000000000,partial_mint_failure,adaptive_economic,1785196806000,1789154989000,6000,844518458,851951928,1844835049,1844518458,992566530,True,1488100856,48194144,117618,48311762,38,148,37,2258758000,3851631000,3958189000,132898,313401,1025563,955150,7492147,12110000,0,0,
GME,250000000,pinned_fork_costs,fixed_20,1785196806000,1789154989000,6000,1105579975,1107510637,1356067547,1355579975,248069338,True,3280552043,500295037,117618,500412655,1,2234,0,188146000,3957814000,3958189000,745887,1253201,5239358,2443871,114075671,12110000,0,0,
GME,250000000,pinned_fork_costs,fixed_40,1785196806000,1789154989000,6000,864736851,866667513,1115240186,1114736851,248069338,True,1834671783,185091709,117618,185209327,1,826,0,61695000,3958147000,3958189000,310075,666408,1468571,1265690,55376856,12110000,0,0,
GME,250000000,pinned_fork_costs,fixed_80,1785196806000,1789154989000,6000,477212704,479143366,727517824,727212704,248069338,True,848722902,50772109,117618,50889727,1,226,0,24760000,3958147000,3958189000,156087,539113,1076997,1044025,29016833,12110000,0,0,
GME,250000000,pinned_fork_costs,fixed_160,1785196806000,1789154989000,6000,176216535,178147197,426471660,426216535,248069338,True,333391919,16520611,117618,16638229,1,73,0,18714000,3958147000,3958189000,114005,502875,1036228,1006923,14716545,12110000,0,0,
GME,250000000,pinned_fork_costs,adaptive_width,1785196806000,1789154989000,6000,1065226371,1067157033,1315856870,1315226371,248069338,True,2438756473,263220943,117618,263338561,1,1175,0,98477000,3957814000,3958189000,190833,605308,1318953,1162231,1831773,12110000,0,0,
GME,250000000,pinned_fork_costs,adaptive_economic,1785196806000,1789154989000,6000,603291005,605221667,853535933,853291005,248069338,True,1071193060,83904277,117618,84021895,1,374,0,3233389000,3957814000,3958189000,144919,509982,1108251,1029413,1309284,12110000,0,0,
GME,250000000,double_gas_half_fees,fixed_20,1785196806000,1789154989000,6000,-248677075,-246641855,1558197,1322925,247964780,True,54408199,177658658,235236,177893894,1,396,0,3341713000,3957814000,3958189000,1000605,167474,172037856,316246,98694547,3296557000,0,0,capital_exhausted
GME,250000000,double_gas_half_fees,fixed_40,1785196806000,1789154989000,6000,-245604166,-243568946,4631331,4395834,247964780,True,103929956,180792782,235236,181028018,1,403,0,1520873000,3958147000,3958189000,1001126,2610423,85094782,4797918,50764824,1493496000,0,0,capital_exhausted
GME,250000000,double_gas_half_fees,fixed_80,1785196806000,1789154989000,6000,-29789272,-27754052,220522339,220210728,247964780,True,261626872,101096486,235236,101331722,1,225,0,25009000,3958147000,3958189000,282571,609827,1454979,1185551,27598962,12110000,0,0,
GME,250000000,double_gas_half_fees,fixed_160,1785196806000,1789154989000,6000,-10035856,-8000636,240283635,239964144,247964780,True,130278569,33041222,235236,33276458,1,73,0,18714000,3958147000,3958189000,183096,520431,1133050,1047946,14306800,12110000,0,0,
GME,250000000,double_gas_half_fees,adaptive_width,1785196806000,1789154989000,6000,-176582133,-174546913,73752155,73417867,247964780,True,383237161,283771142,235236,284006378,1,633,0,66978000,3957991000,3958189000,763727,939803,5499304,1824756,1073408,12110000,0,0,
GME,250000000,double_gas_half_fees,adaptive_economic,1785196806000,1789154989000,6000,-43558060,-41522840,206680052,206441940,247964780,True,95798816,51845966,235236,52081202,1,115,0,3530899000,3957991000,3958189000,236728,765695,1267304,1038090,816819,12110000,0,0,
GME,250000000,partial_mint_failure,fixed_20,1785196806000,1789154989000,6000,183826274,185756936,434091499,433826274,248069338,True,1056886412,327204589,117618,327322207,253,1008,252,107691000,3351004000,3958189000,533199,935478,2742609,1535091,122214555,12110000,0,0,
GME,250000000,partial_mint_failure,fixed_40,1785196806000,1789154989000,6000,381340178,383270840,631631019,631340178,248069338,True,886086966,137737031,117618,137854649,107,424,106,42721000,3714034000,3958189000,185326,618423,1326226,1124649,60075934,12110000,0,0,
GME,250000000,partial_mint_failure,fixed_80,1785196806000,1789154989000,6000,366940885,368871547,617154112,616940885,248069338,True,649342216,49939599,117618,50057217,39,154,38,20394000,3893985000,3958189000,113009,539315,1082049,1031722,29896376,12110000,0,0,
GME,250000000,partial_mint_failure,fixed_160,1785196806000,1789154989000,6000,165847841,167778503,416071688,415847841,248069338,True,283821777,15751069,117618,15868687,13,48,12,13014000,3938566000,3958189000,122343,501973,1034850,1000986,14711244,12110000,0,0,
GME,250000000,partial_mint_failure,adaptive_width,1785196806000,1789154989000,6000,229996377,231927039,480308328,479996377,248069338,True,672317100,141227941,117618,141345559,109,436,108,49137000,3653807000,3958189000,103392,569694,1297621,1013311,552959,12110000,0,0,
GME,250000000,partial_mint_failure,adaptive_economic,1785196806000,1789154989000,6000,77886402,79817064,328004827,327886402,248069338,True,202365471,30697620,117618,30815238,24,95,23,3473203000,3841375000,3958189000,125106,614451,1098534,973823,511476,12110000,0,0,
GOOGL,5000000000,pinned_fork_costs,fixed_20,1785842666000,1789154999000,645866000,-1980760,178047469,4999704752,4998019240,4819971771,True,3157443826,138053503,118088,138171591,1,623,0,611467000,3206683000,3958199000,286375,543375,1028548,978829,3250860586,375843000,1,0,
GOOGL,5000000000,pinned_fork_costs,fixed_40,1785842666000,1789154999000,645866000,554962765,734990994,5557144042,5554962765,4819971771,True,2340132518,40677103,118088,40795191,1,183,0,230889000,3206683000,3958199000,150302,516334,1007095,968198,1720551471,375843000,1,0,
GOOGL,5000000000,pinned_fork_costs,fixed_80,1785842666000,1789154999000,645866000,573706747,753734976,5575617021,5573706747,4819971771,True,1411806896,7701913,118088,7820001,1,34,0,1602029000,3208073000,3958199000,76840,722588,1001079,962463,2197496,375843000,1,0,
GOOGL,5000000000,pinned_fork_costs,fixed_160,1785842666000,1789154999000,645866000,379752471,559780700,5380976253,5379752471,4819971771,True,792054109,1505233,118088,1623321,1,6,0,1360269000,3208894000,3958199000,65304,666750,998700,960889,10372091,375843000,1,0,
GOOGL,5000000000,pinned_fork_costs,adaptive_width,1785842666000,1789154999000,645866000,736034009,916062238,5737927764,5736034009,4819971771,True,1595554746,18103483,118088,18221571,1,81,0,1834508000,3184220000,3958199000,68852,771527,1003010,956803,9558874,375843000,1,0,
GOOGL,5000000000,pinned_fork_costs,adaptive_economic,1785842666000,1789154999000,645866000,527874183,707902412,5527994129,5527874183,4819971771,True,1127358296,8144533,118088,8262621,1,36,0,2689747000,3184220000,3958199000,68852,669657,1001086,958604,9558874,375843000,1,0,
GOOGL,5000000000,double_gas_half_fees,fixed_20,1785842666000,1789154999000,645866000,-1693879535,-1513748859,3307419239,3306120465,4819869324,True,1352705952,276107006,236176,276343182,1,623,0,611467000,3206683000,3958199000,380078,552237,1083306,996319,3241636045,375843000,1,0,
GOOGL,5000000000,double_gas_half_fees,fixed_40,1785842666000,1789154999000,645866000,-659404790,-479274114,4342422245,4340595210,4819869324,True,1057911115,81354206,236176,81590382,1,183,0,230889000,3206683000,3958199000,185577,518177,1018260,973430,1714674287,375843000,1,0,
GOOGL,5000000000,double_gas_half_fees,fixed_80,1785842666000,1789154999000,645866000,-148282548,31848128,4853496215,4851717452,4819869324,True,666354817,15403826,236176,15640002,1,34,0,1602029000,3208073000,3958199000,80355,723029,1002468,966024,2188117,375843000,1,0,
GOOGL,5000000000,double_gas_half_fees,fixed_160,1785842666000,1789154999000,645866000,-23351241,156779435,4977902360,4976648759,4819869324,True,385111635,3010466,236176,3246642,1,6,0,1360269000,3208894000,3958199000,66255,666962,999403,964915,10372091,375843000,1,0,
GOOGL,5000000000,double_gas_half_fees,adaptive_width,1785842666000,1789154999000,645866000,-18530436,161600240,4983177877,4981469564,4819869324,True,499363130,9649766,236176,9885942,1,21,0,1829759000,3184220000,3958199000,69461,769633,1000985,958691,9558874,375843000,1,0,
GOOGL,5000000000,double_gas_half_fees,adaptive_economic,1785842666000,1789154999000,645866000,-197600467,-17469791,4802644340,4802399533,4819869324,True,235580172,3453086,236176,3689262,1,7,0,2647934000,3184220000,3958199000,69461,673882,1000457,959901,9558874,375843000,1,0,
GOOGL,5000000000,partial_mint_failure,fixed_20,1785842666000,1789154999000,645866000,-193061481,-13033252,4809323814,4806938519,4819971771,True,2533061102,130517526,118088,130635614,102,407,101,565712000,2938746000,3958199000,252376,543758,1027554,896362,3305524565,375843000,1,0,
GOOGL,5000000000,partial_mint_failure,fixed_40,1785842666000,1789154999000,645866000,634205814,814234043,5636420702,5634205814,4819971771,True,2266982868,42989452,118088,43107540,34,134,33,244802000,3137424000,3958199000,139622,523478,1007478,947397,1719839755,375843000,1,0,
GOOGL,5000000000,partial_mint_failure,fixed_80,1785842666000,1789154999000,645866000,532665215,712693444,5534561629,5532665215,4819971771,True,1394886250,9607454,118088,9725542,8,30,7,1602379000,3201671000,3958199000,76840,710433,1001318,961973,2197496,375843000,1,0,
GOOGL,5000000000,partial_mint_failure,fixed_160,1785842666000,1789154999000,645866000,375969928,555998157,5376909625,5375969928,4819971771,True,791340996,1682606,118088,1800694,2,5,1,1360262000,3207914000,3958199000,65304,664492,998700,960601,10372091,375843000,1,0,
GOOGL,5000000000,partial_mint_failure,adaptive_width,1785842666000,1789154999000,645866000,749818666,929846895,5752642746,5749818666,4819971771,True,1658174202,21384071,118088,21502159,17,67,16,1834560000,3159702000,3958199000,68852,756198,1003621,949901,9558874,375843000,1,0,
GOOGL,5000000000,partial_mint_failure,adaptive_economic,1785842666000,1789154999000,645866000,731171113,911199342,5731291125,5731171113,4819971771,True,1300075515,8102221,118088,8220309,7,25,6,2485015000,3169882000,3958199000,68852,692817,1000890,952353,9558874,375843000,1,0,
GOOGL,1000000000,pinned_fork_costs,fixed_20,1785842666000,1789154999000,645866000,153966437,188710170,1154456530,1153966437,965256267,True,1037123238,155536993,118088,155655081,1,702,0,367702000,3260193000,3958199000,344836,535229,1147656,1059796,602833414,375843000,1,0,
GOOGL,1000000000,pinned_fork_costs,fixed_40,1785842666000,1789154999000,645866000,254988138,289731871,1255543436,1254988138,965256267,True,708655430,46652473,118088,46770561,1,210,0,164958000,3266278000,3958199000,167275,504431,1036918,1002145,328431812,375843000,1,0,
GOOGL,1000000000,pinned_fork_costs,fixed_80,1785842666000,1789154999000,645866000,167892506,202636239,1168358409,1167892506,965256267,True,401125304,11685493,118088,11803581,1,52,0,114873000,3266278000,3958199000,103150,522397,1008724,982940,170798043,375843000,1,0,
GOOGL,1000000000,pinned_fork_costs,fixed_160,1785842666000,1789154999000,645866000,49145342,83889075,1049552199,1049145342,965256267,True,196688130,3054403,118088,3172491,1,13,0,500527000,3266278000,3958199000,98093,576923,1000794,979001,7071890,375843000,1,0,
GOOGL,1000000000,pinned_fork_costs,adaptive_width,1785842666000,1789154999000,645866000,326388457,361132190,1326895400,1326388457,965256267,True,685208517,40898413,118088,41016501,1,184,0,1678610000,3252794000,3958199000,101622,760636,1030556,982754,14101858,375843000,1,0,
GOOGL,1000000000,pinned_fork_costs,adaptive_economic,1785842666000,1789154999000,645866000,97070174,131813907,1097277794,1097070174,965256267,True,224541775,4382263,118088,4500351,1,19,0,1947069000,3252794000,3958199000,101622,688571,1003825,967305,14101858,375843000,1,0,
GOOGL,1000000000,double_gas_half_fees,fixed_20,1785842666000,1789154999000,645866000,-541694807,-506848627,458757824,458305193,965153820,True,400805478,311516606,236176,311752782,1,703,0,367592000,3260193000,3958199000,560815,622429,1677731,1230174,590162789,375843000,1,0,
GOOGL,1000000000,double_gas_half_fees,fixed_40,1785842666000,1789154999000,645866000,-160932043,-126085863,839614740,839067957,965153820,True,302204754,93304946,236176,93541122,1,210,0,164958000,3266278000,3958199000,227138,518673,1109056,1032540,323114312,375843000,1,0,
GOOGL,1000000000,double_gas_half_fees,fixed_80,1785842666000,1789154999000,645866000,-49989560,-15143380,950532555,950010440,965153820,True,183649948,23370986,236176,23607162,1,52,0,114873000,3266278000,3958199000,120050,525281,1021593,992561,168787261,375843000,1,0,
GOOGL,1000000000,double_gas_half_fees,fixed_160,1785842666000,1789154999000,645866000,-54048566,-19202386,946448455,945951434,965153820,True,94251945,6108806,236176,6344982,1,13,0,500527000,3266278000,3958199000,101179,577815,1004360,984427,7071890,375843000,1,0,
GOOGL,1000000000,double_gas_half_fees,adaptive_width,1785842666000,1789154999000,645866000,-52365769,-17519589,948058231,947634231,965153820,True,134154243,21600506,236176,21836682,1,48,0,1668481000,3252794000,3958199000,103863,781936,1022172,984777,14101858,375843000,1,0,
GOOGL,1000000000,double_gas_half_fees,adaptive_economic,1785842666000,1789154999000,645866000,-57280410,-22434230,942956099,942719590,965153820,True,63385199,3895706,236176,4131882,1,8,0,2651758000,3252794000,3958199000,104794,638065,1003167,979877,14101858,375843000,1,0,
GOOGL,1000000000,partial_mint_failure,fixed_20,1785842666000,1789154999000,645866000,156645059,191388792,1157299045,1156645059,965256267,True,853400352,129233603,118088,129351691,101,403,100,313914000,2843265000,3958199000,244299,541134,1114591,905804,14546265,375843000,1,0,
GOOGL,1000000000,partial_mint_failure,fixed_40,1785842666000,1789154999000,645866000,234326208,269069941,1234874873,1234326208,965256267,True,643306752,48125144,118088,48243232,38,150,37,177186000,3057658000,3958199000,143743,508618,1039070,938168,13207654,375843000,1,0,
GOOGL,1000000000,partial_mint_failure,fixed_80,1785842666000,1789154999000,645866000,173371961,208115694,1173801365,1173371961,965256267,True,394301233,13016603,118088,13134691,11,40,10,116714000,3181607000,3958199000,94693,488894,1009972,957739,14116048,375843000,1,0,
GOOGL,1000000000,partial_mint_failure,fixed_160,1785842666000,1789154999000,645866000,48825088,83568821,1049300428,1048825088,965256267,True,196463653,3409149,118088,3527237,3,11,2,500700000,3264323000,3958199000,98093,579749,1001291,978452,7071890,375843000,1,0,
GOOGL,1000000000,partial_mint_failure,adaptive_width,1785842666000,1789154999000,645866000,240208219,274951952,1240854495,1240208219,965256267,True,503448872,27803686,118088,27921774,22,87,21,1617487000,3221004000,3958199000,101622,753278,1022165,971202,14101858,375843000,1,0,
GOOGL,1000000000,partial_mint_failure,adaptive_economic,1785842666000,1789154999000,645866000,106139311,140883044,1106347783,1106139311,965256267,True,235123163,5755685,118088,5873773,5,18,4,1901476000,3246813000,3958199000,101622,686225,1005078,966297,14101858,375843000,1,0,
GOOGL,250000000,pinned_fork_costs,fixed_20,1785842666000,1789154999000,645866000,-284653,8414990,249947930,249715347,241300357,True,361231977,160405813,118088,160523901,1,724,0,311340000,3271005000,3958199000,485295,682378,1790876,1376050,156048902,375843000,1,0,
GOOGL,250000000,pinned_fork_costs,fixed_40,1785842666000,1789154999000,645866000,66196580,74896223,316434775,316196580,241300357,True,222225721,49086883,118088,49204971,1,221,0,85529000,3274603000,3958199000,190354,520617,1155169,1071947,84592635,375843000,1,0,
GOOGL,250000000,pinned_fork_costs,fixed_80,1785842666000,1789154999000,645866000,37205240,45904883,287410561,287205240,241300357,True,112743313,13898593,118088,14016681,1,62,0,43634000,3274603000,3958199000,114007,513653,1044519,1006253,42957538,375843000,1,0,
GOOGL,250000000,pinned_fork_costs,fixed_160,1785842666000,1789154999000,645866000,18967134,27666777,269158975,268967134,241300357,True,57191002,3718333,118088,3836421,1,16,0,8472000,3274756000,3958199000,81148,540348,1010104,986411,21897374,375843000,1,0,
GOOGL,250000000,pinned_fork_costs,adaptive_width,1785842666000,1789154999000,645866000,58965634,67665277,309180475,308965634,241300357,True,172138153,38021383,118088,38139471,1,171,0,320863000,3252515000,3958199000,88356,620916,1122146,1001178,501495,375843000,1,0,
GOOGL,250000000,pinned_fork_costs,adaptive_economic,1785842666000,1789154999000,645866000,11106388,19806031,261224689,261106388,241300357,True,51005316,5267503,118088,5385591,1,23,0,2970453000,3252515000,3958199000,91006,660669,1018392,976564,1130054,375843000,1,0,
GOOGL,250000000,double_gas_half_fees,fixed_20,1785842666000,1789154999000,645866000,-250377862,-241575772,-141686,-377862,241197910,True,45243494,185369906,236176,185606082,1,418,0,291213000,3271005000,3958199000,1001073,1265258,967915029,2376435,150431634,1344567000,1,0,capital_exhausted
GOOGL,250000000,double_gas_half_fees,fixed_40,1785842666000,1789154999000,645866000,-101582555,-92780465,148734533,148417445,241197910,True,91162030,98173766,236176,98409942,1,221,0,85529000,3274603000,3958199000,415757,606631,1652006,1247735,82118860,375843000,1,0,
GOOGL,250000000,double_gas_half_fees,fixed_80,1785842666000,1789154999000,645866000,-34450871,-25648781,215855781,215549129,241197910,True,51096342,27797186,236176,28033362,1,62,0,22642000,3274603000,3958199000,176206,527609,1118136,1045490,42166680,375843000,1,0,
GOOGL,250000000,double_gas_half_fees,fixed_160,1785842666000,1789154999000,645866000,-14082317,-5280227,236219682,235917683,241197910,True,27196102,7436666,236176,7672842,1,16,0,8472000,3274756000,3958199000,95733,544776,1025419,999191,21666163,375843000,1,0,
GOOGL,250000000,double_gas_half_fees,adaptive_width,1785842666000,1789154999000,645866000,-20623453,-11821363,229660833,229376547,241197910,True,40319150,21157886,236176,21394062,1,47,0,291234000,3252515000,3958199000,100621,640997,1090272,1001017,1766439,375843000,1,0,
GOOGL,250000000,double_gas_half_fees,adaptive_economic,1785842666000,1789154999000,645866000,-26127975,-17325885,224221326,223872025,241197910,True,285351,354746,236176,590922,1,0,0,3209355000,3252515000,3958199000,134503,975091,1000999,982236,1766439,375843000,1,0,
GOOGL,250000000,partial_mint_failure,fixed_20,1785842666000,1789154999000,645866000,-606373,8093270,249665022,249393627,241300357,True,274178730,127949680,118088,128067768,100,399,99,226583000,2650503000,3958199000,312887,626319,1532380,1008603,166581037,375843000,1,0,
GOOGL,250000000,partial_mint_failure,fixed_40,1785842666000,1789154999000,645866000,50518690,59218333,300752222,300518690,241300357,True,196197336,50692990,118088,50811078,40,158,39,93074000,2938849000,3958199000,181254,532105,1170252,967534,7077373,375843000,1,0,
GOOGL,250000000,partial_mint_failure,fixed_80,1785842666000,1789154999000,645866000,39459795,48159438,289666148,289459795,241300357,True,111840230,15185766,118088,15303854,12,48,11,42744000,3224337000,3958199000,109599,535063,1048126,992664,43315310,375843000,1,0,
GOOGL,250000000,partial_mint_failure,fixed_160,1785842666000,1789154999000,645866000,18714142,27413785,268906059,268714142,241300357,True,57179987,4250452,118088,4368540,4,13,3,14387000,3270717000,3958199000,82357,535864,1011461,986093,21898567,375843000,1,0,
GOOGL,250000000,partial_mint_failure,adaptive_width,1785842666000,1789154999000,645866000,22136878,30836521,272374992,272136878,241300357,True,99735558,23951917,118088,24070005,19,75,18,406865000,3218076000,3958199000,92345,597563,1086999,981346,1144189,375843000,1,0,
GOOGL,250000000,partial_mint_failure,adaptive_economic,1785842666000,1789154999000,645866000,21972122,30671765,272090273,271972122,241300357,True,60770731,4914382,118088,5032470,4,16,3,2960360000,3244616000,3958199000,91006,659003,1016546,973780,1130054,375843000,1,0,
LLY,5000000000,pinned_fork_costs,fixed_20,1788444477000,1789154992000,3247677000,465268089,549693359,5466201745,5465268089,4915574730,True,2030429709,61494687,117634,61612321,1,271,0,22218000,708867000,3958192000,47403,477279,1011090,1001805,2085369,0,1,1,
LLY,5000000000,pinned_fork_costs,fixed_40,1788444477000,1789154992000,3247677000,565120370,649545640,5565594082,5565120370,4915574730,True,1260439326,16243287,117634,16360921,1,71,0,5922000,710010000,3958192000,21372,516635,1002463,997942,1667038,0,1,1,
LLY,5000000000,pinned_fork_costs,fixed_80,1788444477000,1789154992000,3247677000,338394951,422820221,5340947147,5338394951,4915574730,True,684186573,4251666,117634,4369300,1,18,0,1668000,710286000,3958192000,16633,533087,1000456,992601,1755667,0,1,1,
LLY,5000000000,pinned_fork_costs,fixed_160,1788444477000,1789154992000,3247677000,173597349,258022619,5176975157,5173597349,4915574730,True,361286805,1084068,117634,1201702,1,4,0,129000,710286000,3958192000,15431,411881,998409,988316,879587,0,1,1,
LLY,5000000000,pinned_fork_costs,adaptive_width,1788444477000,1789154992000,3247677000,427450062,511875332,5429619540,5427450062,4915574730,True,776956527,7645521,117634,7763155,1,33,0,2464000,700489000,3958192000,19931,607852,1000967,977308,909942,0,1,1,
LLY,5000000000,pinned_fork_costs,adaptive_economic,1788444477000,1789154992000,3247677000,572721733,657147003,5574968385,5572721733,4915574730,True,788276635,4025409,117634,4143043,1,17,0,34924000,700489000,3958192000,15920,382782,1000670,961875,829764,0,1,1,
LLY,5000000000,double_gas_half_fees,fixed_20,1788444477000,1789154992000,3247677000,-518863382,-434334377,4482020171,4481136618,4915470995,True,949336374,122989374,235268,123224642,1,271,0,22218000,708867000,3958192000,124792,480774,1027216,1009974,2054958,0,1,1,
LLY,5000000000,double_gas_half_fees,fixed_40,1788444477000,1789154992000,3247677000,-69416462,15112543,4931129590,4930583538,4915470995,True,601303996,32486574,235268,32721842,1,71,0,5922000,710010000,3958192000,37159,517678,1006289,1001230,1614662,0,1,1,
LLY,5000000000,double_gas_half_fees,fixed_80,1788444477000,1789154992000,3247677000,-9467689,75061316,4992977950,4990532311,4915470995,True,333013338,8503332,235268,8738600,1,18,0,1668000,710286000,3958192000,26858,533578,1001159,996970,1755667,0,1,1,
LLY,5000000000,double_gas_half_fees,fixed_160,1788444477000,1789154992000,3247677000,-9355978,75173027,4993980390,4990644022,4915470995,True,178447222,2168136,235268,2403404,1,4,0,129000,710286000,3958192000,23396,411504,999395,994214,879587,0,1,1,
LLY,5000000000,double_gas_half_fees,adaptive_width,1788444477000,1789154992000,3247677000,-21700438,62828567,4981624420,4978299562,4915470995,True,173338952,2168136,235268,2403404,1,4,0,247000,703244000,3958192000,24393,412242,999395,984373,491926,0,1,1,
LLY,5000000000,double_gas_half_fees,adaptive_economic,1788444477000,1789154992000,3247677000,8095732,92624737,5012181800,5008095732,4915470995,True,156575386,2168136,235268,2403404,1,4,0,302780000,703244000,3958192000,22594,335023,1000345,985493,845977,0,1,1,
LLY,5000000000,partial_mint_failure,fixed_20,1788444477000,1789154992000,3247677000,432745401,517170671,5437508140,5432745401,4915574730,True,1538106193,49792350,117634,49909984,38,152,38,17452000,623372000,3958192000,31475,485781,1008920,879748,2085369,0,1,1,
LLY,5000000000,partial_mint_failure,fixed_40,1788444477000,1789154992000,3247677000,549664471,634089741,5550136981,5549664471,4915574730,True,1138770122,15497643,117634,15615277,12,48,11,4602000,691417000,3958192000,15676,510771,1002393,970982,1663867,0,1,1,
LLY,5000000000,partial_mint_failure,fixed_80,1788444477000,1789154992000,3247677000,346383842,430809112,5347744790,5346383842,4915574730,True,673371433,4336272,117634,4453906,4,13,3,1248000,700018000,3958192000,18205,530761,1000257,977893,1755667,0,1,1,
LLY,5000000000,partial_mint_failure,fixed_160,1788444477000,1789154992000,3247677000,173597349,258022619,5176975157,5173597349,4915574730,True,361286805,1084068,117634,1201702,1,4,0,129000,710286000,3958192000,15431,411881,998409,988316,879587,0,1,1,
LLY,5000000000,partial_mint_failure,adaptive_width,1788444477000,1789154992000,3247677000,450148008,534573278,5453821184,5450148008,4915574730,True,971952111,18118293,117634,18235927,14,56,13,4375000,682434000,3958192000,18050,525198,1003273,958897,1050152,0,1,1,
LLY,5000000000,partial_mint_failure,adaptive_economic,1788444477000,1789154992000,3247677000,419266585,503691855,5423711034,5419266585,4915574730,True,633422870,4110015,117634,4227649,4,12,3,28437000,694083000,3958192000,16863,377857,1000699,956279,824659,0,1,1,
LLY,1000000000,pinned_fork_costs,fixed_20,1788444477000,1789154992000,3247677000,176627434,193417245,1176888510,1176627434,983210189,True,535959929,61720944,117634,61838578,1,272,0,22273000,708431000,3958192000,26465,487323,1052008,1022635,417952,0,1,1,
LLY,1000000000,pinned_fork_costs,fixed_40,1788444477000,1789154992000,3247677000,151611293,168401104,1151793853,1151611293,983210189,True,296978847,16243287,117634,16360921,1,71,0,5922000,710010000,3958192000,20082,519789,1013424,1003669,335362,0,1,1,
LLY,1000000000,pinned_fork_costs,fixed_80,1788444477000,1789154992000,3247677000,81054857,97844668,1081485293,1081054857,983210189,True,149405048,4251666,117634,4369300,1,18,0,1668000,710286000,3958192000,15950,534189,1002736,994214,351330,0,1,1,
LLY,1000000000,pinned_fork_costs,fixed_160,1788444477000,1789154992000,3247677000,39051642,55841453,1039557220,1039051642,983210189,True,75680632,1084068,117634,1201702,1,4,0,129000,710286000,3958192000,15067,412182,998875,988487,176016,0,1,1,
LLY,1000000000,pinned_fork_costs,adaptive_width,1788444477000,1789154992000,3247677000,115577154,132366965,1116178132,1115577154,983210189,True,273339768,24614796,117634,24732430,1,108,0,6316000,700489000,3958192000,19742,510081,1021577,997802,265155,0,1,1,
LLY,1000000000,pinned_fork_costs,adaptive_economic,1788444477000,1789154992000,3247677000,77571461,94361272,1078044685,1077571461,983210189,True,127256655,3572895,117634,3690529,1,15,0,385898000,700489000,3958192000,18119,159421,1002939,977422,664443,0,1,1,
LLY,1000000000,double_gas_half_fees,fixed_20,1788444477000,1789154992000,3247677000,-144240455,-127346909,856106368,855759545,983106454,True,240593225,123441888,235268,123677156,1,272,0,22273000,708431000,3958192000,161845,506497,1143129,1064049,411134,0,1,1,
LLY,1000000000,double_gas_half_fees,fixed_40,1788444477000,1789154992000,3247677000,-14266874,2626672,986024697,985733126,983106454,True,139267005,32486574,235268,32721842,1,71,0,5922000,710010000,3958192000,39297,524757,1032265,1014749,324021,0,1,1,
LLY,1000000000,double_gas_half_fees,fixed_80,1788444477000,1789154992000,3247677000,1039783,17933329,1001563035,1001039783,983106454,True,72341086,8503332,235268,8738600,1,18,0,1668000,710286000,3958192000,26949,535999,1006499,1001244,351330,0,1,1,
LLY,1000000000,double_gas_half_fees,fixed_160,1788444477000,1789154992000,3247677000,-304497,16589049,1000303301,999695503,983106454,True,37335032,2168136,235268,2403404,1,4,0,129000,710286000,3958192000,23274,412094,1000395,995359,176016,0,1,1,
LLY,1000000000,double_gas_half_fees,adaptive_width,1788444477000,1789154992000,3247677000,6364485,23258031,1007018908,1006364485,983106454,True,36376580,1263108,235268,1498376,1,2,0,82000,702548000,3958192000,18398,454900,996671,980904,98379,0,1,1,
LLY,1000000000,double_gas_half_fees,adaptive_economic,1788444477000,1789154992000,3247677000,-17060870,-167324,983817291,982939130,983106454,True,17455335,358080,235268,593348,1,0,0,317592000,702548000,3958192000,31096,891096,996671,974046,61874,0,1,1,
LLY,1000000000,partial_mint_failure,fixed_20,1788444477000,1789154992000,3247677000,131064321,147854132,1131657978,1131064321,983210189,True,380179849,47171700,117634,47289334,36,144,36,16192000,618023000,3958192000,29360,500691,1041228,886485,376175,0,1,1,
LLY,1000000000,partial_mint_failure,fixed_40,1788444477000,1789154992000,3247677000,144142316,160932127,1144324402,1144142316,983210189,True,267842746,15497643,117634,15615277,12,48,11,4602000,691417000,3958192000,14313,513592,1012863,976293,334505,0,1,1,
LLY,1000000000,partial_mint_failure,fixed_80,1788444477000,1789154992000,3247677000,81466936,98256747,1081767200,1081466936,983210189,True,146816741,4336272,117634,4453906,4,13,3,1248000,700018000,3958192000,18006,531155,1002732,979498,351330,0,1,1,
LLY,1000000000,partial_mint_failure,fixed_160,1788444477000,1789154992000,3247677000,39051642,55841453,1039557220,1039051642,983210189,True,75680632,1084068,117634,1201702,1,4,0,129000,710286000,3958192000,15067,412182,998875,988487,176016,0,1,1,
LLY,1000000000,partial_mint_failure,adaptive_width,1788444477000,1789154992000,3247677000,81611572,98401383,1082218144,1081611572,983210189,True,203341316,20286429,117634,20404063,16,62,15,5782000,671554000,3958192000,19153,535520,1018698,952436,259703,0,1,1,
LLY,1000000000,partial_mint_failure,adaptive_economic,1788444477000,1789154992000,3247677000,67027112,83816923,1067496272,1067027112,983210189,True,116028898,3478461,117634,3596095,3,11,2,386126000,698295000,3958192000,21180,162366,1002876,974291,657887,0,1,1,
LLY,250000000,pinned_fork_costs,fixed_20,1788444477000,1789154992000,3247677000,9612409,13879014,259765087,259612409,245733395,True,145253104,61720944,117634,61838578,1,272,0,22273000,708431000,3958192000,69385,530798,1235821,1114164,104584,0,1,1,
LLY,250000000,pinned_fork_costs,fixed_40,1788444477000,1789154992000,3247677000,29061809,33328414,279195386,279061809,245733395,True,77223201,16243287,117634,16360921,1,71,0,5922000,710010000,3958192000,24214,532071,1056883,1027302,83951,0,1,1,
LLY,250000000,pinned_fork_costs,fixed_80,1788444477000,1789154992000,3247677000,17629017,21895622,267816332,267629017,245733395,True,37994618,4251666,117634,4369300,1,18,0,1668000,710074000,3958192000,17130,538426,1012339,1001929,40847,0,1,1,
LLY,250000000,pinned_fork_costs,fixed_160,1788444477000,1789154992000,3247677000,8902776,13169381,259104807,258902776,245733395,True,19071071,1084068,117634,1201702,1,4,0,129000,710211000,3958192000,15683,413195,1000754,990829,24923,0,1,1,
LLY,250000000,pinned_fork_costs,adaptive_width,1788444477000,1789154992000,3247677000,12991397,17258002,263212617,262991397,245733395,True,70728477,24614796,117634,24732430,1,108,0,6316000,700489000,3958192000,24144,541659,1093670,1059083,66563,0,1,1,
LLY,250000000,pinned_fork_costs,adaptive_economic,1788444477000,1789154992000,3247677000,-576236,3690369,249676070,249423764,245733395,True,10277158,857811,117634,975445,1,3,0,665140000,700489000,3958192000,37434,960424,1002666,978787,14004,0,1,1,
LLY,250000000,double_gas_half_fees,fixed_20,1788444477000,1789154992000,3247677000,-124073439,-119703099,126188907,125926561,245629660,True,64116020,123441888,235268,123677156,1,272,0,22273000,708431000,3958192000,500206,648618,1966627,1363889,102832,0,1,1,
LLY,250000000,double_gas_half_fees,fixed_40,1788444477000,1789154992000,3247677000,-26470478,-22100138,223778593,223529522,245629660,True,36026301,32486574,235268,32721842,1,71,0,5922000,710010000,3958192000,120524,553546,1142816,1070400,81067,0,1,1,
LLY,250000000,double_gas_half_fees,fixed_80,1788444477000,1789154992000,3247677000,-6016345,-1646005,244283472,243983655,245629660,True,18373877,8503332,235268,8738600,1,18,0,1668000,710074000,3958192000,42294,545263,1028452,1018319,40124,0,1,1,
LLY,250000000,double_gas_half_fees,fixed_160,1788444477000,1789154992000,3247677000,-1917719,2452621,248398911,248082281,245629660,True,9405826,2168136,235268,2403404,1,4,0,129000,710211000,3958192000,28401,414234,1004233,1000487,24697,0,1,1,
LLY,250000000,double_gas_half_fees,adaptive_width,1788444477000,1789154992000,3247677000,593784,4964124,250919517,250593784,245629660,True,9178102,1263108,235268,1498376,1,2,0,82000,702548000,3958192000,19674,456234,997732,983638,24597,0,1,1,
LLY,250000000,double_gas_half_fees,adaptive_economic,1788444477000,1789154992000,3247677000,-4661079,-290739,245705817,245338921,245629660,True,4380391,358080,235268,593348,1,0,0,317592000,702548000,3958192000,31126,892031,997732,975036,15468,0,1,1,
LLY,250000000,partial_mint_failure,fixed_20,1788444477000,1789154992000,3247677000,-122536,4144069,250093107,249877464,245733395,True,96867127,47171700,117634,47289334,36,144,36,16784000,608365000,3958192000,61585,540571,1187345,931646,94250,0,1,1,
LLY,250000000,partial_mint_failure,fixed_40,1788444477000,1789154992000,3247677000,27444706,31711311,277578154,277444706,245733395,True,69626104,15497643,117634,15615277,12,48,11,4602000,691417000,3958192000,16420,525163,1054529,998122,83722,0,1,1,
LLY,250000000,partial_mint_failure,fixed_80,1788444477000,1789154992000,3247677000,17606147,21872752,267766204,267606147,245733395,True,37322789,4336272,117634,4453906,4,13,3,1248000,699806000,3958192000,19086,535505,1013245,987766,40847,0,1,1,
LLY,250000000,partial_mint_failure,fixed_160,1788444477000,1789154992000,3247677000,8902776,13169381,259104807,258902776,245733395,True,19071071,1084068,117634,1201702,1,4,0,129000,710211000,3958192000,15683,413195,1000754,990829,24923,0,1,1,
LLY,250000000,partial_mint_failure,adaptive_width,1788444477000,1789154992000,3247677000,8474773,12741378,258696419,258474773,245733395,True,49614754,17892036,117634,18009670,14,55,13,4582000,674658000,3958192000,20264,563100,1069817,998736,65053,0,1,1,
LLY,250000000,partial_mint_failure,adaptive_economic,1788444477000,1789154992000,3247677000,-576236,3690369,249676070,249423764,245733395,True,10277158,857811,117634,975445,1,3,0,665140000,700489000,3958192000,37434,960424,1002666,978787,14004,0,1,1,
NVDA,5000000000,pinned_fork_costs,fixed_20,1785196801000,1789154999000,1000,1551494424,1265648687,6555327328,6551494424,5285845737,True,11220350620,407704878,117376,407822254,1,1848,0,112591000,3957459000,3958199000,270152,498927,1063976,1044310,1074485,0,0,0,
NVDA,5000000000,pinned_fork_costs,fixed_40,1785196801000,1789154999000,1000,1588621145,1302775408,6592046417,6588621145,5285845737,True,7154677940,145060794,117376,145178170,1,657,0,36216000,3957690000,3958199000,78140,473551,1021566,1011351,557737,0,0,0,
NVDA,5000000000,pinned_fork_costs,fixed_80,1785196801000,1789154999000,1000,1197357981,911512244,6200777819,6197357981,5285845737,True,3902417070,43840278,117376,43957654,1,198,0,10819000,3957690000,3958199000,45989,467866,1006573,999130,278817,0,0,0,
NVDA,5000000000,pinned_fork_costs,fixed_160,1785196801000,1789154999000,1000,932003411,646157674,5934995067,5932003411,5285845737,True,2024021910,11423250,117376,11540626,1,51,0,2627000,3957781000,3958199000,43533,497553,1001485,992825,139988,0,0,0,
NVDA,5000000000,pinned_fork_costs,adaptive_width,1785196801000,1789154999000,1000,3411127215,3125281478,8415033053,8411127215,5285845737,True,9956434066,188062974,117376,188180350,1,852,0,45574000,3957459000,3958199000,38286,499020,1022189,1005351,942902,0,0,0,
NVDA,5000000000,pinned_fork_costs,adaptive_economic,1785196801000,1789154999000,1000,1027255749,741410012,6027385614,6027255749,5285845737,True,2439012989,28624122,117376,28741498,1,129,0,3261150000,3957459000,3958199000,26325,81993,1004675,996631,942639,0,0,0,
NVDA,5000000000,double_gas_half_fees,fixed_20,1785196801000,1789154999000,1000,-3331790812,-3617534653,1669716277,1668209188,5285743841,True,3487315485,815409756,234752,815644508,1,1848,0,112591000,3957459000,3958199000,666171,580664,1488180,1217408,1072096,0,0,0,
NVDA,5000000000,double_gas_half_fees,fixed_40,1785196801000,1789154999000,1000,-1674659241,-1960403082,3327305442,3325340759,5285743841,True,2659913059,290121588,234752,290356340,1,657,0,36216000,3957690000,3958199000,336026,487664,1086148,1043503,557001,0,0,0,
NVDA,5000000000,double_gas_half_fees,fixed_80,1785196801000,1789154999000,1000,-668895670,-954639511,4333641434,4331104330,5285743841,True,1651581077,87680556,234752,87915308,1,198,0,10819000,3957690000,3958199000,138105,470986,1019825,1008494,278614,0,0,0,
NVDA,5000000000,double_gas_half_fees,fixed_160,1785196801000,1789154999000,1000,-60456989,-346200830,4942158517,4939543011,5285743841,True,929586276,22846500,234752,23081252,1,51,0,2627000,3957781000,3958199000,49174,498278,1004249,998222,139988,0,0,0,
NVDA,5000000000,double_gas_half_fees,adaptive_width,1785196801000,1789154999000,1000,-172289414,-458033255,4829405198,4827710586,5285743841,True,1940043648,113261340,234752,113496092,1,256,0,13530000,3957781000,3958199000,92976,518631,1023090,1008350,868477,0,0,0,
NVDA,5000000000,double_gas_half_fees,adaptive_economic,1785196801000,1789154999000,1000,126974817,-158769024,5127210205,5126974817,5285743841,True,603516926,13584492,234752,13819244,1,30,0,3627372000,3957781000,3958199000,36749,76713,1002440,998618,437578,0,0,0,
NVDA,5000000000,partial_mint_failure,fixed_20,1785196801000,1789154999000,1000,2427003381,2141157644,7430640054,7427003381,5285845737,True,9512973473,318683880,117376,318801256,250,996,249,78008000,3606759000,3958199000,123584,489459,1042557,937567,1074485,0,0,0,
NVDA,5000000000,partial_mint_failure,fixed_40,1785196801000,1789154999000,1000,1970817936,1684972199,6974434539,6970817936,5285845737,True,6493723589,130252368,117376,130369744,102,408,101,27818000,3814780000,3958199000,67827,486201,1018336,972748,557737,0,0,0,
NVDA,5000000000,partial_mint_failure,fixed_80,1785196801000,1789154999000,1000,1398486676,1112640939,6402019593,6398486676,5285845737,True,3729434754,44549586,117376,44666962,35,140,34,9275000,3915148000,3958199000,43122,483806,1006463,987173,278817,0,0,0,
NVDA,5000000000,partial_mint_failure,fixed_160,1785196801000,1789154999000,1000,960402018,674556281,5961901878,5960402018,5285845737,True,2006925090,12967986,117376,13085362,11,40,10,2386000,3947968000,3958199000,36293,453179,1001475,990609,139988,0,0,0,
NVDA,5000000000,partial_mint_failure,adaptive_width,1785196801000,1789154999000,1000,2948572593,2662726856,7952390104,7948572593,5285845737,True,7368731792,153674046,117376,153791422,121,480,120,31955000,3785587000,3958199000,41528,511894,1019135,960304,942077,0,0,0,
NVDA,5000000000,partial_mint_failure,adaptive_economic,1785196801000,1789154999000,1000,841252234,555406497,5841381722,5841252234,5285845737,True,1994926412,27920688,117376,28038064,22,88,21,3183987000,3931991000,3958199000,34538,101959,1004705,991523,942639,0,0,0,
NVDA,1000000000,pinned_fork_costs,fixed_20,1785196801000,1789154999000,1000,438318237,381190597,1439375463,1438318237,1057127640,True,3037457786,407704878,117376,407822254,1,1848,0,112591000,3957459000,3958199000,313397,582336,1297377,1218796,215176,0,0,0,
NVDA,1000000000,pinned_fork_costs,fixed_40,1785196801000,1789154999000,1000,372166693,315039053,1372996509,1372166693,1057127640,True,1662741822,145060794,117376,145178170,1,657,0,36216000,3957690000,3958199000,85337,499302,1105178,1066307,111604,0,0,0,
NVDA,1000000000,pinned_fork_costs,fixed_80,1785196801000,1789154999000,1000,253897269,196769629,1254670391,1253897269,1057127640,True,832967152,43840278,117376,43957654,1,198,0,10819000,3957690000,3958199000,47772,476098,1034419,1016349,55780,0,0,0,
NVDA,1000000000,pinned_fork_costs,fixed_160,1785196801000,1789154999000,1000,190356306,133228666,1191031604,1190356306,1057127640,True,416174757,11423250,117376,11540626,1,51,0,2627000,3957781000,3958199000,44345,499821,1008860,996913,27998,0,0,0,
NVDA,1000000000,pinned_fork_costs,adaptive_width,1785196801000,1789154999000,1000,760208730,703081090,1761158375,1760208730,1057127640,True,2553016324,227095722,117376,227213098,1,1029,0,57877000,3957459000,3958199000,69511,519778,1128110,1071427,215176,0,0,0,
NVDA,1000000000,pinned_fork_costs,adaptive_economic,1785196801000,1789154999000,1000,320085533,262957893,1320204044,1320085533,1057127640,True,627958605,23772594,117376,23889970,1,107,0,3506500000,3957459000,3958199000,48668,148321,1017747,996153,223763,0,0,0,
NVDA,1000000000,double_gas_half_fees,fixed_20,1785196801000,1789154999000,1000,-1008349446,-1065375190,-7803151,-8349446,1057025744,True,653047033,627523308,234752,627758060,1,1422,0,1410097000,3957459000,3958199000,1007802,1015554,12674485218,2114530,214567,1317284000,0,0,capital_exhausted
NVDA,1000000000,double_gas_half_fees,fixed_40,1785196801000,1789154999000,1000,-519763396,-576789140,480830917,480236604,1057025744,True,591696664,290121588,234752,290356340,1,657,0,36216000,3957690000,3958199000,519332,594324,1599008,1273825,111433,0,0,0,
NVDA,1000000000,double_gas_half_fees,fixed_80,1785196801000,1789154999000,1000,-183534064,-240559808,817156492,816465936,1057025744,True,348161662,87680556,234752,87915308,1,198,0,10819000,3957690000,3958199000,187460,493268,1106129,1055437,55737,0,0,0,
NVDA,1000000000,double_gas_half_fees,fixed_160,1785196801000,1789154999000,1000,-23589810,-80615554,977108222,976410190,1057025744,True,190573245,22846500,234752,23081252,1,51,0,2627000,3957781000,3958199000,55662,503493,1022224,1007984,27998,0,0,0,
NVDA,1000000000,double_gas_half_fees,adaptive_width,1785196801000,1789154999000,1000,-134317518,-191343262,866202746,865682482,1057025744,True,387152573,121641252,234752,121876004,1,275,0,14193000,3957781000,3958199000,164684,575030,1139460,1059460,140250,0,0,0,
NVDA,1000000000,double_gas_half_fees,adaptive_economic,1785196801000,1789154999000,1000,73649218,16623474,1074145068,1073649218,1057025744,True,108209049,3440388,234752,3675140,1,7,0,2905999000,3957781000,3958199000,59102,306703,1001277,983615,99791,0,0,0,
NVDA,1000000000,partial_mint_failure,fixed_20,1785196801000,1789154999000,1000,653419083,596291443,1654388900,1653419083,1057127640,True,2493641758,311009004,117376,311126380,244,972,243,75763000,3591725000,3958199000,115924,536997,1187159,1031166,215176,0,0,0,
NVDA,1000000000,partial_mint_failure,fixed_40,1785196801000,1789154999000,1000,451684773,394557133,1452545398,1451684773,1057127640,True,1496954454,130252368,117376,130369744,102,408,101,27410000,3810666000,3958199000,64995,506346,1088896,1017188,111604,0,0,0,
NVDA,1000000000,partial_mint_failure,fixed_80,1785196801000,1789154999000,1000,299924921,242797281,1300721307,1299924921,1057127640,True,795457174,43270440,117376,43387816,34,136,33,8778000,3914932000,3958199000,44850,496058,1032741,1003761,55780,0,0,0,
NVDA,1000000000,partial_mint_failure,fixed_160,1785196801000,1789154999000,1000,195430701,138303061,1195822094,1195430701,1057127640,True,412632314,12967986,117376,13085362,11,40,10,2386000,3947726000,3958199000,37082,456049,1009739,995252,27998,0,0,0,
NVDA,1000000000,partial_mint_failure,adaptive_width,1785196801000,1789154999000,1000,719261077,662133437,1719927919,1719261077,1057127640,True,1877741468,171582090,117376,171699466,135,536,134,37260000,3758278000,3958199000,69132,509479,1099277,1000148,215176,0,0,0,
NVDA,1000000000,partial_mint_failure,adaptive_economic,1785196801000,1789154999000,1000,198278162,141150522,1198397318,1198278162,1057127640,True,455528813,21922008,117376,22039384,18,68,17,3409985000,3935125000,3958199000,48679,150214,1017617,994362,223763,0,0,0,
NVDA,250000000,pinned_fork_costs,fixed_20,1785196801000,1789154999000,1000,-157710023,-171917386,92658689,92289977,264207363,True,825838910,407704878,117376,407822254,1,1848,0,112591000,3957459000,3958199000,850913,1815484,6652836,3789850,53815,0,0,0,
NVDA,250000000,pinned_fork_costs,fixed_40,1785196801000,1789154999000,1000,-5039839,-19247202,245258889,244960161,264207363,True,430342649,145060794,117376,145178170,1,657,0,36216000,3957690000,3958199000,239636,632908,1591039,1352862,27904,0,0,0,
NVDA,250000000,pinned_fork_costs,fixed_80,1785196801000,1789154999000,1000,33164714,18957351,283445836,283164714,264207363,True,211062201,43840278,117376,43957654,1,198,0,10819000,3957690000,3958199000,68965,510209,1154043,1088470,13946,0,0,0,
NVDA,250000000,pinned_fork_costs,fixed_160,1785196801000,1789154999000,1000,39588861,25381498,289844912,289588861,264207363,True,104610086,11423250,117376,11540626,1,51,0,2627000,3957781000,3958199000,47641,508510,1037512,1013356,6999,0,0,0,
NVDA,250000000,pinned_fork_costs,adaptive_width,1785196801000,1789154999000,1000,37971832,23764469,288302910,287971832,264207363,True,666805514,228198342,117376,228315718,1,1034,0,57691000,3957459000,3958199000,231292,676663,1783578,1401600,53815,0,0,0,
NVDA,250000000,pinned_fork_costs,adaptive_economic,1785196801000,1789154999000,1000,71073893,56866530,321353661,321073893,264207363,True,95172736,6792246,117376,6909622,1,30,0,3700873000,3957459000,3958199000,50894,324601,1020207,983806,34528,0,0,0,
NVDA,250000000,double_gas_half_fees,fixed_20,1785196801000,1789154999000,1000,-250167280,-264272747,67472,-167280,264105467,True,41602523,193532076,234752,193766828,1,438,0,30448000,3957459000,3958199000,1000035,465527,3106300268,975747,53653,3391252000,0,0,capital_exhausted
NVDA,250000000,double_gas_half_fees,fixed_40,1785196801000,1789154999000,1000,-250150631,-264256098,102672,-150631,264105467,True,110248159,209409804,234752,209644556,1,474,0,27811000,3957690000,3958199000,1000165,963192,29302657798,2051197,27860,1375602000,0,0,capital_exhausted
NVDA,250000000,double_gas_half_fees,fixed_80,1785196801000,1789154999000,1000,-110744387,-124849854,139604113,139255613,264105467,True,87977807,87680556,234752,87915308,1,198,0,10819000,3957690000,3958199000,444905,608728,1626005,1297571,13935,0,0,0,
NVDA,250000000,double_gas_half_fees,fixed_160,1785196801000,1789154999000,1000,-22864684,-36970151,227485280,227135316,264105467,True,47873994,22846500,234752,23081252,1,51,0,2627000,3957781000,3958199000,97576,524285,1095768,1047214,6999,0,0,0,
NVDA,250000000,double_gas_half_fees,adaptive_width,1785196801000,1789154999000,1000,-119937029,-134042496,130369500,130062971,264105467,True,97882857,118994964,234752,119229716,1,269,0,13542000,3957781000,3958199000,484968,721650,1909359,1330028,35106,0,0,0,
NVDA,250000000,double_gas_half_fees,adaptive_economic,1785196801000,1789154999000,1000,5350406,-8755061,255586455,255350406,264105467,True,4940374,353052,234752,587804,1,0,0,3621164000,3957781000,3958199000,36363,63992,1000047,982815,6999,0,0,0,
NVDA,250000000,partial_mint_failure,fixed_20,1785196801000,1789154999000,1000,-25974673,-40182036,224370005,224025327,264207363,True,668590545,305892420,117376,306009796,240,956,239,74439000,3582465000,3958199000,465498,890210,2354411,1707075,53815,0,0,0,
NVDA,250000000,partial_mint_failure,fixed_40,1785196801000,1789154999000,1000,29930294,15722931,280237832,279930294,264207363,True,387558514,128973222,117376,129090598,101,404,100,27249000,3812057000,3958199000,165179,615032,1456521,1236971,27904,0,0,0,
NVDA,250000000,partial_mint_failure,fixed_80,1785196801000,1789154999000,1000,45005621,30798258,295292403,295005621,264207363,True,201440810,43270440,117376,43387816,34,136,33,8778000,3914788000,3958199000,62055,530581,1145893,1073381,13946,0,0,0,
NVDA,250000000,partial_mint_failure,fixed_160,1785196801000,1789154999000,1000,39705554,25498191,289891314,289705554,264207363,True,103720535,12967986,117376,13085362,11,40,10,2386000,3947665000,3958199000,40303,464860,1042745,1014126,6999,0,0,0,
NVDA,250000000,partial_mint_failure,adaptive_width,1785196801000,1789154999000,1000,61482265,47274902,311742650,311482265,264207363,True,503825233,184373550,117376,184490926,145,576,144,39697000,3738865000,3958199000,168237,663442,1590405,1256947,53815,0,0,0,
NVDA,250000000,partial_mint_failure,adaptive_economic,1785196801000,1789154999000,1000,57578307,43370944,307851176,307578307,264207363,True,78539155,6175206,117376,6292582,5,20,4,3725075000,3950270000,3958199000,55561,346116,1019849,982086,34528,0,0,0,
QQQ,5000000000,pinned_fork_costs,fixed_20,1788018541000,1789154987000,2821741000,2346254624,2363832148,7349718421,7346254624,4982422476,True,2969037781,24126305,132311,24258616,1,103,0,9139000,1133556000,3958187000,13424,463298,1002873,994973,8415476,0,0,0,
QQQ,5000000000,pinned_fork_costs,fixed_40,1788018541000,1789154987000,2821741000,1445037784,1462615308,6446554974,6445037784,4982422476,True,1712417544,6693830,132311,6826141,1,28,0,2706000,1133556000,3958187000,11109,395028,1000897,988918,4233415,0,0,0,
QQQ,5000000000,pinned_fork_costs,fixed_80,1788018541000,1789154987000,2821741000,870632896,888210420,5871575121,5870632896,4982422476,True,1010598188,2277603,132311,2409914,1,9,0,556000,1133556000,3958187000,12112,470197,1000227,983674,2118138,0,0,0,
QQQ,5000000000,pinned_fork_costs,fixed_160,1788018541000,1789154987000,2821741000,495462315,513039839,5497244365,5495462315,4982422476,True,556588052,650572,132311,782883,1,2,0,66000,1128863000,3958187000,11937,486686,985016,979606,1061489,0,0,0,
QQQ,5000000000,pinned_fork_costs,adaptive_width,1788018541000,1789154987000,2821741000,830655931,848233455,5832247682,5830655931,4982422476,True,919377956,2045170,132311,2177481,1,8,0,767000,1092910000,3958187000,9728,408874,999595,949227,3160062,0,0,0,
QQQ,5000000000,pinned_fork_costs,adaptive_economic,1788018541000,1789154987000,2821741000,769269910,786847434,5769521662,5769269910,4982422476,True,837634520,1347871,132311,1480182,1,5,0,705460000,1092910000,3958187000,8735,152884,1000122,907090,2898726,0,0,0,
QQQ,5000000000,double_gas_half_fees,fixed_20,1788018541000,1789154987000,2821741000,790759469,808455675,5793613256,5790759469,4982303794,True,1355319407,47322878,264622,47587500,1,101,0,8961000,1133556000,3958187000,20608,465034,1007607,1000032,8267628,0,0,0,
QQQ,5000000000,double_gas_half_fees,fixed_40,1788018541000,1789154987000,2821741000,614908926,632605132,5616374508,5614908926,4982303794,True,854906155,12922794,264622,13187416,1,27,0,2148000,1133556000,3958187000,14084,393116,1002054,993880,4233415,0,0,0,
QQQ,5000000000,double_gas_half_fees,fixed_80,1788018541000,1789154987000,2821741000,354354381,372050587,5355355619,5354354381,4982303794,True,489836011,4555206,264622,4819828,1,9,0,556000,1133556000,3958187000,13420,469791,1000640,990765,2118138,0,0,0,
QQQ,5000000000,double_gas_half_fees,fixed_160,1788018541000,1789154987000,2821741000,213128166,230824372,5214955244,5213128166,4982303794,True,274242421,1301144,264622,1565766,1,2,0,66000,1128863000,3958187000,14425,486921,987765,986492,1061489,0,0,0,
QQQ,5000000000,double_gas_half_fees,adaptive_width,1788018541000,1789154987000,2821741000,182448850,200145056,5183490291,5182448850,4982303794,True,392500804,12922794,264622,13187416,1,27,0,3801000,1092910000,3958187000,19386,430574,1002171,958602,3077599,0,0,0,
QQQ,5000000000,double_gas_half_fees,adaptive_economic,1788018541000,1789154987000,2821741000,241096214,258792420,5241741936,5241096214,4982303794,True,299887201,2230876,264622,2495498,1,4,0,412606000,1092910000,3958187000,9635,175427,1000010,946026,2827237,0,0,0,
QQQ,5000000000,partial_mint_failure,fixed_20,1788018541000,1789154987000,2821741000,2281316979,2298894503,7283680780,7281316979,4982422476,True,2855536725,24912250,132311,25044561,19,74,18,8575000,1113178000,3958187000,13990,450975,1003371,977242,8415673,0,0,0,
QQQ,5000000000,partial_mint_failure,fixed_40,1788018541000,1789154987000,2821741000,1398888492,1416466016,6400834777,6398888492,4982422476,True,1678771229,8272932,132311,8405243,7,24,6,2599000,1128646000,3958187000,11659,470767,1000965,985002,4233415,0,0,0,
QQQ,5000000000,partial_mint_failure,fixed_80,1788018541000,1789154987000,2821741000,870433010,888010534,5871764743,5870433010,4982422476,True,1010324243,2463309,132311,2595620,2,8,1,549000,1132904000,3958187000,13039,389429,999795,983876,2118138,0,0,0,
QQQ,5000000000,partial_mint_failure,fixed_160,1788018541000,1789154987000,2821741000,495462315,513039839,5497244365,5495462315,4982422476,True,556588052,650572,132311,782883,1,2,0,66000,1128863000,3958187000,11937,486686,985016,979606,1061489,0,0,0,
QQQ,5000000000,partial_mint_failure,adaptive_width,1788018541000,1789154987000,2821741000,679155488,696733012,5680999495,5679155488,4982422476,True,905065416,7389927,132311,7522238,6,22,5,3696000,1087872000,3958187000,15461,442451,1001217,947638,3160062,0,0,0,
QQQ,5000000000,partial_mint_failure,adaptive_economic,1788018541000,1789154987000,2821741000,569573867,587151391,5570135789,5569573867,4982422476,True,629272753,1533577,132311,1665888,2,4,1,412627000,1092260000,3958187000,8735,178287,1000122,929964,2898726,0,0,0,
QQQ,1000000000,pinned_fork_costs,fixed_20,1788018541000,1789154987000,2821741000,748295547,750352856,1749174524,1748295547,997942691,True,920194689,27380367,132311,27512678,1,117,0,9249000,1133556000,3958187000,13640,468238,1014608,1003266,1745097,0,0,0,
QQQ,1000000000,pinned_fork_costs,fixed_40,1788018541000,1789154987000,2821741000,443669393,445726702,1444103054,1443669393,997942691,True,509022398,7855995,132311,7988306,1,33,0,2202000,1133556000,3958187000,11348,399446,1005053,991470,858319,0,0,0,
QQQ,1000000000,pinned_fork_costs,fixed_80,1788018541000,1789154987000,2821741000,229610365,231667674,1229834573,1229610365,997942691,True,254275790,1812737,132311,1945048,1,7,0,253000,1133556000,3958187000,11887,441307,999871,984323,423850,0,0,0,
QQQ,1000000000,pinned_fork_costs,fixed_160,1788018541000,1789154987000,2821741000,119008783,121066092,1119463867,1119008783,997942691,True,131495781,650572,132311,782883,1,2,0,86000,1133556000,3958187000,12061,495026,985394,981320,212342,0,0,0,
QQQ,1000000000,pinned_fork_costs,adaptive_width,1788018541000,1789154987000,2821741000,361948504,364005813,1362413155,1361948504,997942691,True,433663356,12969521,132311,13101832,1,55,0,2734000,1120672000,3958187000,10896,422572,1009594,982637,1718396,0,0,0,
QQQ,1000000000,pinned_fork_costs,adaptive_economic,1788018541000,1789154987000,2821741000,508765259,510822568,1508907592,1508765259,997942691,True,554002545,4834366,132311,4966677,1,20,0,793570000,1120672000,3958187000,8991,151786,1002662,970558,1435324,0,0,0,
QQQ,1000000000,double_gas_half_fees,fixed_20,1788018541000,1789154987000,2821741000,219892599,222068590,1220689808,1219892599,997824009,True,393352366,54760734,264622,55025356,1,117,0,9249000,1133556000,3958187000,24244,476509,1043432,1024066,1684698,0,0,0,
QQQ,1000000000,double_gas_half_fees,fixed_40,1788018541000,1789154987000,2821741000,165921913,168097904,1166431323,1165921913,997824009,True,232559391,15711990,264622,15976612,1,33,0,2202000,1133556000,3958187000,15255,401181,1012441,1001606,846897,0,0,0,
QQQ,1000000000,double_gas_half_fees,fixed_80,1788018541000,1789154987000,2821741000,96492692,98668683,1096837846,1096492692,997824009,True,121829521,3625474,264622,3890096,1,7,0,253000,1133556000,3958187000,14552,441065,1000891,992570,423850,0,0,0,
QQQ,1000000000,double_gas_half_fees,fixed_160,1788018541000,1789154987000,2821741000,51613572,53789563,1052181808,1051613572,997824009,True,64681434,1301144,264622,1565766,1,2,0,86000,1133556000,3958187000,14715,495690,988711,989934,212342,0,0,0,
QQQ,1000000000,double_gas_half_fees,adaptive_width,1788018541000,1789154987000,2821741000,44488010,46664001,1044908420,1044488010,997824009,True,112844121,18036320,264622,18300942,1,38,0,4081000,1120672000,3958187000,24073,446157,1015953,990440,1310107,0,0,0,
QQQ,1000000000,double_gas_half_fees,adaptive_economic,1788018541000,1789154987000,2821741000,114080869,116256860,1114353471,1114080869,997824009,True,139872730,4090340,264622,4354962,1,8,0,928842000,1120672000,3958187000,14601,127579,1002725,971096,1310107,0,0,0,
QQQ,1000000000,partial_mint_failure,fixed_20,1788018541000,1789154987000,2821741000,695515033,697572342,1696147423,1695515033,997942691,True,850810908,27607992,132311,27740303,21,82,20,8578000,1109065000,3958187000,14873,454094,1016122,982014,1744780,0,0,0,
QQQ,1000000000,partial_mint_failure,fixed_40,1788018541000,1789154987000,2821741000,414376537,416433846,1414895015,1414376537,997942691,True,486133824,9620803,132311,9753114,8,28,7,2190000,1127894000,3958187000,11950,473286,1005620,988417,858615,0,0,0,
QQQ,1000000000,partial_mint_failure,fixed_80,1788018541000,1789154987000,2821741000,227078279,229135588,1227532299,1227078279,997942691,True,254267900,2230876,132311,2363187,2,7,1,355000,1132818000,3958187000,11887,409064,999871,983973,423850,0,0,0,
QQQ,1000000000,partial_mint_failure,fixed_160,1788018541000,1789154987000,2821741000,119008783,121066092,1119463867,1119008783,997942691,True,131495781,650572,132311,782883,1,2,0,86000,1133556000,3958187000,12061,495026,985394,981320,212342,0,0,0,
QQQ,1000000000,partial_mint_failure,adaptive_width,1788018541000,1789154987000,2821741000,345312625,347369934,1345795160,1345312625,997942691,True,430936604,15012287,132311,15144598,12,44,11,4928000,1102796000,3958187000,13969,501705,1010182,968646,1711070,0,0,0,
QQQ,1000000000,partial_mint_failure,adaptive_economic,1788018541000,1789154987000,2821741000,529090849,531148158,1529233308,1529090849,997942691,True,570383975,4694185,132311,4826496,4,14,3,786118000,1117715000,3958187000,8087,146995,1002345,967093,1435324,0,0,0,
QQQ,250000000,pinned_fork_costs,fixed_20,1788018541000,1789154987000,2821741000,215167196,215722629,465503099,465167196,249444567,True,280514475,27380367,132311,27512678,1,117,0,9249000,1133556000,3958187000,19086,481969,1056850,1032800,446565,0,0,0,
QQQ,250000000,pinned_fork_costs,fixed_40,1788018541000,1789154987000,2821741000,123584387,124139820,373795332,373584387,249444567,True,146033959,7855995,132311,7988306,1,33,0,2202000,1133556000,3958187000,13294,403705,1019707,1001631,217321,0,0,0,
QQQ,250000000,pinned_fork_costs,fixed_80,1788018541000,1789154987000,2821741000,60759361,61314794,310914961,310759361,249444567,True,68351582,1812737,132311,1945048,1,7,0,253000,1133556000,3958187000,12178,442729,1001550,986825,105977,0,0,0,
QQQ,250000000,pinned_fork_costs,fixed_160,1788018541000,1789154987000,2821741000,30572733,31128166,280785501,280572733,249444567,True,34237361,650572,132311,782883,1,2,0,86000,1133556000,3958187000,11993,495620,987108,981944,53094,0,0,0,
QQQ,250000000,pinned_fork_costs,adaptive_width,1788018541000,1789154987000,2821741000,192145122,192700555,442388118,442145122,249444567,True,234056396,19012779,132311,19145090,1,81,0,4248000,1120672000,3958187000,11796,453569,1041771,1018370,441004,0,0,0,
QQQ,250000000,pinned_fork_costs,adaptive_economic,1788018541000,1789154987000,2821741000,113999740,114555173,364137252,363999740,249444567,True,122957557,2277603,132311,2409914,1,9,0,943482000,1120672000,3958187000,14185,135751,1005027,951843,380340,0,0,0,
QQQ,250000000,double_gas_half_fees,fixed_20,1788018541000,1789154987000,2821741000,30922959,31597074,281326142,280922959,249325885,True,115638921,54760734,264622,55025356,1,117,0,9249000,1133556000,3958187000,61190,519125,1189062,1117147,425820,0,0,0,
QQQ,250000000,double_gas_half_fees,fixed_40,1788018541000,1789154987000,2821741000,37274622,37948737,287601676,287274622,249325885,True,65760418,15711990,264622,15976612,1,33,0,2202000,1133556000,3958187000,22031,411896,1050426,1028923,211746,0,0,0,
QQQ,250000000,double_gas_half_fees,fixed_80,1788018541000,1789154987000,2821741000,23457745,24131860,273742628,273457745,249325885,True,32648170,3625474,264622,3890096,1,7,0,253000,1133556000,3958187000,15691,444141,1009333,999288,105977,0,0,0,
QQQ,250000000,double_gas_half_fees,fixed_160,1788018541000,1789154987000,2821741000,12440619,13114734,262780782,262440619,249325885,True,16834724,1301144,264622,1565766,1,2,0,86000,1133556000,3958187000,14686,497071,992413,992435,53094,0,0,0,
QQQ,250000000,double_gas_half_fees,adaptive_width,1788018541000,1789154987000,2821741000,-731712,-57597,249572524,249268288,249325885,True,32900669,21755248,264622,22019870,1,46,0,4057000,1120672000,3958187000,50302,537768,1081769,1030706,420840,0,0,0,
QQQ,250000000,double_gas_half_fees,adaptive_economic,1788018541000,1789154987000,2821741000,14562843,15236958,264959123,264562843,249325885,True,17808570,836278,264622,1100900,1,1,0,996875000,1120672000,3958187000,24970,916344,1001271,963109,127272,0,0,0,
QQQ,250000000,partial_mint_failure,fixed_20,1788018541000,1789154987000,2821741000,164578519,165133952,414837255,414578519,249444567,True,221239273,26260121,132311,26392432,20,78,19,8576000,1106260000,3958187000,21720,472327,1063268,1008905,449758,0,0,0,
QQQ,250000000,partial_mint_failure,fixed_40,1788018541000,1789154987000,2821741000,112404922,112960355,362637208,362404922,249444567,True,137662603,9620803,132311,9753114,8,28,7,2190000,1127894000,3958187000,14817,479450,1022119,1000691,217318,0,0,0,
QQQ,250000000,partial_mint_failure,fixed_80,1788018541000,1789154987000,2821741000,59806116,60361549,310019471,309806116,249444567,True,68349666,2230876,132311,2363187,2,7,1,355000,1132818000,3958187000,12178,410476,1001550,986783,105977,0,0,0,
QQQ,250000000,partial_mint_failure,fixed_160,1788018541000,1789154987000,2821741000,30572733,31128166,280785501,280572733,249444567,True,34237361,650572,132311,782883,1,2,0,86000,1133556000,3958187000,11993,495620,987108,981944,53094,0,0,0,
QQQ,250000000,partial_mint_failure,adaptive_width,1788018541000,1789154987000,2821741000,88967388,89522821,339184438,338967388,249444567,True,118052438,14361715,132311,14494026,11,43,10,3019000,1101769000,3958187000,16458,469118,1039543,998914,444163,0,0,0,
QQQ,250000000,partial_mint_failure,adaptive_economic,1788018541000,1789154987000,2821741000,114264256,114819689,364401771,364264256,249444567,True,122725912,2230876,132311,2363187,2,7,1,943403000,1119935000,3958187000,14190,135775,1005466,951266,380340,0,0,0,
SGOV,5000000000,pinned_fork_costs,fixed_20,1788312309000,1789154908000,3115509000,375979213,380385873,5377938419,5375979213,4995593340,True,466950195,3773612,115573,3889185,1,16,0,2113000,841157000,3958108000,999999,379408,1000606,988704,1344492,51850000,4,3,
SGOV,5000000000,pinned_fork_costs,fixed_40,1788312309000,1789154908000,3115509000,238369943,242776603,5240442878,5238369943,4995593340,True,273990543,1077320,115573,1192893,1,4,0,175000,841036000,3958108000,999999,527139,999999,977873,88571232,51850000,4,3,
SGOV,5000000000,pinned_fork_costs,fixed_80,1788312309000,1789154908000,3115509000,139112452,143519112,5140852478,5139112452,4995593340,True,147119335,178556,115573,294129,1,0,0,12000,841036000,3958108000,999999,515677,999999,975907,44329041,51850000,4,3,
SGOV,5000000000,pinned_fork_costs,fixed_160,1788312309000,1789154908000,3115509000,68679608,73086268,5070263505,5068679608,4995593340,True,76389648,178556,115573,294129,1,0,0,12000,841005000,3958108000,999999,507395,999999,986433,22208629,51850000,4,3,
SGOV,5000000000,pinned_fork_costs,adaptive_width,1788312309000,1789154908000,3115509000,49262734,53669394,5050583307,5049262734,4995593340,True,61976429,403247,115573,518820,1,1,0,3002000,828348000,3958108000,999999,412667,999999,977863,22268018,51850000,4,3,
SGOV,5000000000,pinned_fork_costs,adaptive_economic,1788312309000,1789154908000,3115509000,185869000,190275660,5187048721,5185869000,4995593340,True,197076727,403247,115573,518820,1,1,0,438457000,828348000,3958108000,999999,183287,999999,958548,445622,51850000,4,3,
SGOV,5000000000,double_gas_half_fees,fixed_20,1788312309000,1789154908000,3115509000,137664931,142173599,5139654402,5137664931,4995491332,True,230217008,7547224,231146,7778370,1,16,0,2113000,841157000,3958108000,999999,378536,1001287,993971,1339604,51850000,4,3,
SGOV,5000000000,double_gas_half_fees,fixed_40,1788312309000,1789154908000,3115509000,100387452,104896120,5102521446,5100387452,4995491332,True,136645952,2154640,231146,2385786,1,4,0,175000,841036000,3958108000,999999,527546,999999,987930,88571232,51850000,4,3,
SGOV,5000000000,double_gas_half_fees,fixed_80,1788312309000,1789154908000,3115509000,65279369,69788037,5067114253,5065279369,4995491332,True,73559667,357112,231146,588258,1,0,0,12000,841036000,3958108000,999999,515776,999999,986939,44329041,51850000,4,3,
SGOV,5000000000,double_gas_half_fees,fixed_160,1788312309000,1789154908000,3115509000,30201303,34709971,5031890124,5030201303,4995491332,True,38194823,357112,231146,588258,1,0,0,12000,841005000,3958108000,999999,507432,999999,992280,22208629,51850000,4,3,
SGOV,5000000000,double_gas_half_fees,adaptive_width,1788312309000,1789154908000,3115509000,17726011,22234679,5019153911,5017726011,4995491332,True,30949525,806494,231146,1037640,1,1,0,3002000,828348000,3958108000,999999,412464,1000000,980576,22227053,51850000,4,3,
SGOV,5000000000,double_gas_half_fees,adaptive_economic,1788312309000,1789154908000,3115509000,54361339,58870007,5055771436,5054361339,4995491332,True,66357181,806494,231146,1037640,1,1,0,45887000,828348000,3958108000,999999,296209,1000000,975651,88661793,51850000,4,3,
SGOV,5000000000,partial_mint_failure,fixed_20,1788312309000,1789154908000,3115509000,357821098,362227758,5359774030,5357821098,4995593340,True,457351536,4758662,115573,4874235,4,15,3,2444000,837592000,3958108000,999999,386288,1000673,985103,1344492,51850000,4,3,
SGOV,5000000000,partial_mint_failure,fixed_40,1788312309000,1789154908000,3115509000,238369943,242776603,5240442878,5238369943,4995593340,True,273990543,1077320,115573,1192893,1,4,0,175000,841036000,3958108000,999999,527139,999999,977873,88571232,51850000,4,3,
SGOV,5000000000,partial_mint_failure,fixed_80,1788312309000,1789154908000,3115509000,139112452,143519112,5140852478,5139112452,4995593340,True,147119335,178556,115573,294129,1,0,0,12000,841036000,3958108000,999999,515677,999999,975907,44329041,51850000,4,3,
SGOV,5000000000,partial_mint_failure,fixed_160,1788312309000,1789154908000,3115509000,68679608,73086268,5070263505,5068679608,4995593340,True,76389648,178556,115573,294129,1,0,0,12000,841005000,3958108000,999999,507395,999999,986433,22208629,51850000,4,3,
SGOV,5000000000,partial_mint_failure,adaptive_width,1788312309000,1789154908000,3115509000,49262734,53669394,5050583307,5049262734,4995593340,True,61976429,403247,115573,518820,1,1,0,3002000,828348000,3958108000,999999,412667,999999,977863,22268018,51850000,4,3,
SGOV,5000000000,partial_mint_failure,adaptive_economic,1788312309000,1789154908000,3115509000,185869000,190275660,5187048721,5185869000,4995593340,True,197076727,403247,115573,518820,1,1,0,438457000,828348000,3958108000,999999,183287,999999,958548,445622,51850000,4,3,
SGOV,1000000000,pinned_fork_costs,fixed_20,1788312309000,1789154908000,3115509000,92904482,93307932,1093376239,1092904482,999596550,True,114783845,4222994,115573,4338567,1,18,0,1852000,841036000,3958108000,999999,374838,1003444,993666,270643,51850000,4,3,
SGOV,1000000000,pinned_fork_costs,fixed_40,1788312309000,1789154908000,3115509000,51617588,52021038,1052104686,1051617588,999596550,True,61392987,1526702,115573,1642275,1,6,0,282000,841036000,3958108000,999999,353641,1000164,992604,168850,51850000,4,3,
SGOV,1000000000,pinned_fork_costs,fixed_80,1788312309000,1789154908000,3115509000,29592791,29996241,1030018373,1029592791,999596550,True,31343637,178556,115573,294129,1,0,0,12000,841036000,3958108000,999999,515739,999999,974587,8866438,51850000,4,3,
SGOV,1000000000,pinned_fork_costs,fixed_160,1788312309000,1789154908000,3115509000,15708308,16111758,1016105396,1015708308,999596550,True,17183493,178556,115573,294129,1,0,0,12000,841524000,3958108000,999999,507757,999999,985449,4443015,51850000,4,3,
SGOV,1000000000,pinned_fork_costs,adaptive_width,1788312309000,1789154908000,3115509000,59710231,60113681,1060034725,1059710231,999596550,True,71754758,2425466,115573,2541039,1,10,0,38926000,831841000,3958108000,999999,508232,1001627,982346,35978304,51850000,4,3,
SGOV,1000000000,pinned_fork_costs,adaptive_economic,1788312309000,1789154908000,3115509000,25174613,25578063,1025365826,1025174613,999596550,True,27427103,403247,115573,518820,1,1,0,541716000,831841000,3958108000,999999,85495,999999,974418,125618,51850000,4,3,
SGOV,1000000000,double_gas_half_fees,fixed_20,1788312309000,1789154908000,3115509000,30467435,30972893,1031035673,1030467435,999494542,True,56125653,8445988,231146,8677134,1,18,0,1852000,841036000,3958108000,999999,374952,1007314,999298,268598,51850000,4,3,
SGOV,1000000000,double_gas_half_fees,fixed_40,1788312309000,1789154908000,3115509000,19131003,19636461,1019722648,1019131003,999494542,True,30389140,3053404,231146,3284550,1,6,0,282000,841036000,3958108000,999999,352919,1001681,996437,167292,51850000,4,3,
SGOV,1000000000,double_gas_half_fees,fixed_80,1788312309000,1789154908000,3115509000,13630863,14136321,1014167998,1013630863,999494542,True,15671818,357112,231146,588258,1,0,0,12000,841036000,3958108000,999999,515917,999999,986471,8866438,51850000,4,3,
SGOV,1000000000,double_gas_half_fees,fixed_160,1788312309000,1789154908000,3115509000,6824629,7330087,1007335093,1006824629,999494542,True,8591746,357112,231146,588258,1,0,0,12000,841524000,3958108000,999999,507875,999999,992297,4443015,51850000,4,3,
SGOV,1000000000,double_gas_half_fees,adaptive_width,1788312309000,1789154908000,3115509000,20988682,21494140,1021421580,1020988682,999494542,True,35412419,4850932,231146,5082078,1,10,0,38926000,831841000,3958108000,999999,508545,1003955,986985,35647318,51850000,4,3,
SGOV,1000000000,double_gas_half_fees,adaptive_economic,1788312309000,1789154908000,3115509000,24294189,24799647,1024855919,1024294189,999494542,True,25687036,357112,231146,588258,1,0,0,84159000,831841000,3958108000,999999,352211,999999,969079,35435166,51850000,4,3,
SGOV,1000000000,partial_mint_failure,fixed_20,1788312309000,1789154908000,3115509000,90208460,90611910,1090679506,1090208460,999596550,True,112379725,4758662,115573,4874235,4,15,3,1274000,838424000,3958108000,999999,382904,1003315,990829,270643,51850000,4,3,
SGOV,1000000000,partial_mint_failure,fixed_40,1788312309000,1789154908000,3115509000,53031641,53435091,1053384232,1053031641,999596550,True,61306627,1480567,115573,1596140,2,4,1,227000,839897000,3958108000,999999,360867,1000164,991242,168850,51850000,4,3,
SGOV,1000000000,partial_mint_failure,fixed_80,1788312309000,1789154908000,3115509000,29592791,29996241,1030018373,1029592791,999596550,True,31343637,178556,115573,294129,1,0,0,12000,841036000,3958108000,999999,515739,999999,974587,8866438,51850000,4,3,
SGOV,1000000000,partial_mint_failure,fixed_160,1788312309000,1789154908000,3115509000,15708308,16111758,1016105396,1015708308,999596550,True,17183493,178556,115573,294129,1,0,0,12000,841524000,3958108000,999999,507757,999999,985449,4443015,51850000,4,3,
SGOV,1000000000,partial_mint_failure,adaptive_width,1788312309000,1789154908000,3115509000,59273422,59676872,1059597902,1059273422,999596550,True,71699333,2782578,115573,2898151,3,8,2,38926000,830004000,3958108000,999999,508301,1001796,980253,35978304,51850000,4,3,
SGOV,1000000000,partial_mint_failure,adaptive_economic,1788312309000,1789154908000,3115509000,25174613,25578063,1025365826,1025174613,999596550,True,27427103,403247,115573,518820,1,1,0,541716000,831841000,3958108000,999999,85495,999999,974418,125618,51850000,4,3,
SGOV,250000000,pinned_fork_costs,fixed_20,1788312309000,1789154908000,3115509000,21344154,21495262,271548263,271344154,249848892,True,30028447,4222994,115573,4338567,1,18,0,1852000,841036000,3958108000,999999,377409,1013891,999973,67732,51850000,4,3,
SGOV,250000000,pinned_fork_costs,fixed_40,1788312309000,1789154908000,3115509000,12313820,12464928,262521464,262313820,249848892,True,15820239,1526702,115573,1642275,1,6,0,276000,841036000,3958108000,999999,510095,1003197,993815,4581042,51850000,4,3,
SGOV,250000000,pinned_fork_costs,fixed_80,1788312309000,1789154908000,3115509000,7326685,7477793,257519074,257326685,249848892,True,7980809,178556,115573,294129,1,0,0,12000,841036000,3958108000,999999,516008,999999,974668,2216640,51850000,4,3,
SGOV,250000000,pinned_fork_costs,fixed_160,1788312309000,1789154908000,3115509000,3788790,3939898,253974164,253788790,249848892,True,4359265,178556,115573,294129,1,0,0,12000,841524000,3958108000,999999,508026,999999,985777,1110835,51850000,4,3,
SGOV,250000000,pinned_fork_costs,adaptive_width,1788312309000,1789154908000,3115509000,14721682,14872790,264889487,264721682,249848892,True,19578473,2425466,115573,2541039,1,10,0,38868000,834832000,3958108000,999999,510787,1007597,989852,9029615,51850000,4,3,
SGOV,250000000,pinned_fork_costs,adaptive_economic,1788312309000,1789154908000,3115509000,7017213,7168321,257151793,257017213,249848892,True,7915525,403247,115573,518820,1,1,0,541658000,834832000,3958108000,999999,86235,999999,978197,40490,51850000,4,3,
SGOV,250000000,double_gas_half_fees,fixed_20,1788312309000,1789154908000,3115509000,1776467,2029583,252091246,251776467,249746884,True,14655468,8445988,231146,8677134,1,18,0,1852000,841036000,3958108000,999999,380329,1029857,1012981,67188,51850000,4,3,
SGOV,250000000,double_gas_half_fees,fixed_40,1788312309000,1789154908000,3115509000,2716640,2969756,253037074,252716640,249746884,True,7825507,3053404,231146,3284550,1,6,0,276000,841036000,3958108000,999999,511511,1008036,1000555,4504112,51850000,4,3,
SGOV,250000000,double_gas_half_fees,fixed_80,1788312309000,1789154908000,3115509000,3043156,3296272,253350113,253043156,249746884,True,3990404,357112,231146,588258,1,0,0,12000,841036000,3958108000,999999,516463,999999,987297,2216640,51850000,4,3,
SGOV,250000000,double_gas_half_fees,fixed_160,1788312309000,1789154908000,3115509000,1315576,1568692,251615976,251315576,249746884,True,2179632,357112,231146,588258,1,0,0,12000,841524000,3958108000,999999,508417,999999,993256,1110835,51850000,4,3,
SGOV,250000000,double_gas_half_fees,adaptive_width,1788312309000,1789154908000,3115509000,2292579,2545695,252574022,252292579,249746884,True,9645491,4850932,231146,5082078,1,10,0,38868000,834832000,3958108000,999999,513513,1017060,999320,8930235,51850000,4,3,
SGOV,250000000,double_gas_half_fees,adaptive_economic,1788312309000,1789154908000,3115509000,2528416,2781532,252777806,252528416,249746884,True,3944469,806494,231146,1037640,1,1,0,541658000,834832000,3958108000,999999,83379,999999,986784,40289,51850000,4,3,
SGOV,250000000,partial_mint_failure,fixed_20,1788312309000,1789154908000,3115509000,20234241,20385349,270438164,270234241,249848892,True,29402222,4758662,115573,4874235,4,15,3,1274000,838424000,3958108000,999999,385790,1014639,997823,67732,51850000,4,3,
SGOV,250000000,partial_mint_failure,fixed_40,1788312309000,1789154908000,3115509000,12693736,12844844,262868280,262693736,249848892,True,15797890,1480567,115573,1596140,2,4,1,221000,839897000,3958108000,999999,517335,1003197,992471,4581042,51850000,4,3,
SGOV,250000000,partial_mint_failure,fixed_80,1788312309000,1789154908000,3115509000,7326685,7477793,257519074,257326685,249848892,True,7980809,178556,115573,294129,1,0,0,12000,841036000,3958108000,999999,516008,999999,974668,2216640,51850000,4,3,
SGOV,250000000,partial_mint_failure,fixed_160,1788312309000,1789154908000,3115509000,3788790,3939898,253974164,253788790,249848892,True,4359265,178556,115573,294129,1,0,0,12000,841524000,3958108000,999999,508026,999999,985777,1110835,51850000,4,3,
SGOV,250000000,partial_mint_failure,adaptive_width,1788312309000,1789154908000,3115509000,14344870,14495978,264512671,264344870,249848892,True,19564472,2782578,115573,2898151,3,8,2,38868000,832995000,3958108000,999999,511008,1008279,988024,9029615,51850000,4,3,
SGOV,250000000,partial_mint_failure,adaptive_economic,1788312309000,1789154908000,3115509000,7017213,7168321,257151793,257017213,249848892,True,7915525,403247,115573,518820,1,1,0,541658000,834832000,3958108000,999999,86235,999999,978197,40490,51850000,4,3,
SLV,5000000000,pinned_fork_costs,fixed_20,1788551523000,1789154953000,3354723000,,,3923895973,,,False,576827186,62046633,121273,62167906,1,265,0,66491000,601590000,3958153000,216508,507689,1015810,1003461,17639740,9095000,0,0,
SLV,5000000000,pinned_fork_costs,fixed_40,1788551523000,1789154953000,3354723000,,,4532752120,,,False,415077269,19800871,121273,19922144,1,84,0,20139000,601590000,3958153000,128505,525325,1004297,996624,97320273,9095000,0,0,
SLV,5000000000,pinned_fork_costs,fixed_80,1788551523000,1789154953000,3354723000,,,4826285717,,,False,230788350,4396339,121273,4517612,1,18,0,50126000,601704000,3958153000,80949,565784,1000741,993535,48704965,9095000,0,0,
SLV,5000000000,pinned_fork_costs,fixed_160,1788551523000,1789154953000,3354723000,,,4939757857,,,False,115525851,428505,121273,549778,1,1,0,118384000,601704000,3958153000,62310,504304,998568,987718,24400575,9095000,0,0,
SLV,5000000000,pinned_fork_costs,adaptive_width,1788551523000,1789154953000,3354723000,,,4786407531,,,False,97695720,2529123,121273,2650396,1,10,0,120053000,581654000,3958153000,83931,594581,1000346,958120,2294520,9095000,0,0,
SLV,5000000000,pinned_fork_costs,adaptive_economic,1788551523000,1789154953000,3354723000,,,4958333138,,,False,84012207,195103,121273,316376,1,0,0,152126000,581654000,3958153000,50481,523072,991576,952960,885910,9095000,0,0,
SLV,5000000000,double_gas_half_fees,fixed_20,1788551523000,1789154953000,3354723000,,,3631781457,,,False,282758294,124093266,242546,124335812,1,265,0,66491000,601590000,3958153000,274535,511788,1034189,1011444,16672799,9095000,0,0,
SLV,5000000000,double_gas_half_fees,fixed_40,1788551523000,1789154953000,3354723000,,,4328982329,,,False,204768234,39601742,242546,39844288,1,84,0,20139000,601590000,3958153000,143582,526339,1009131,999451,97320273,9095000,0,0,
SLV,5000000000,double_gas_half_fees,fixed_80,1788551523000,1789154953000,3354723000,,,4711955987,,,False,114508718,8792678,242546,9035224,1,18,0,50126000,601704000,3958153000,87794,566241,1001791,995895,48704965,9095000,0,0,
SLV,5000000000,double_gas_half_fees,fixed_160,1788551523000,1789154953000,3354723000,,,4882354825,,,False,57696350,857010,242546,1099556,1,1,0,118384000,601704000,3958153000,62701,503992,999410,992477,24400575,9095000,0,0,
SLV,5000000000,double_gas_half_fees,adaptive_width,1788551523000,1789154953000,3354723000,,,4790758496,,,False,48230682,3657834,242546,3900380,1,7,0,119691000,581654000,3958153000,75477,583231,1000633,961041,2275626,9095000,0,0,
SLV,5000000000,double_gas_half_fees,adaptive_economic,1788551523000,1789154953000,3354723000,,,4916131932,,,False,42006103,390206,242546,632752,1,0,0,152126000,581654000,3958153000,50859,523482,995811,958455,885910,9095000,0,0,
SLV,5000000000,partial_mint_failure,fixed_20,1788551523000,1789154953000,3354723000,,,4204782739,,,False,473989477,52188799,121273,52310072,39,153,38,49806000,514564000,3958153000,162367,504931,1012410,856926,18395288,9095000,0,0,
SLV,5000000000,partial_mint_failure,fixed_40,1788551523000,1789154953000,3354723000,,,4642392527,,,False,392353093,19731489,121273,19852762,15,58,14,17905000,560756000,3958153000,111604,529078,1004180,928809,97320273,9095000,0,0,
SLV,5000000000,partial_mint_failure,fixed_80,1788551523000,1789154953000,3354723000,-164257333,,4835930604,4835742667,,True,231752095,4514844,121273,4636117,4,13,3,44103000,597605000,3958153000,75945,547191,1000702,986617,48704965,9095000,0,0,
SLV,5000000000,partial_mint_failure,fixed_160,1788551523000,1789154953000,3354723000,,,4939757857,,,False,115525851,428505,121273,549778,1,1,0,118384000,601704000,3958153000,62310,504304,998568,987718,24400575,9095000,0,0,
SLV,5000000000,partial_mint_failure,adaptive_width,1788551523000,1789154953000,3354723000,,,4786664466,,,False,96233811,2490824,121273,2612097,2,8,1,120022000,580967000,3958153000,83881,593996,1000339,956980,2243524,9095000,0,0,
SLV,5000000000,partial_mint_failure,adaptive_economic,1788551523000,1789154953000,3354723000,,,4958333138,,,False,84012207,195103,121273,316376,1,0,0,152126000,581654000,3958153000,50481,523072,991576,952960,885910,9095000,0,0,
SLV,1000000000,pinned_fork_costs,fixed_20,1788551523000,1789154953000,3354723000,,,789607898,,984761363,False,164252066,62046633,121273,62167906,1,265,0,66453000,600250000,3958153000,211398,522097,1078597,1028682,38889746,9095000,0,0,
SLV,1000000000,pinned_fork_costs,fixed_40,1788551523000,1789154953000,3354723000,,,919560448,,984761363,False,110743364,20734479,121273,20855752,1,88,0,20177000,602722000,3958153000,117667,528262,1022333,1005678,19453261,9095000,0,0,
SLV,1000000000,pinned_fork_costs,fixed_80,1788551523000,1789154953000,3354723000,,,970079525,,984761363,False,63198699,5329947,121273,5451220,1,22,0,6119000,602722000,3958153000,67491,482374,1004050,995984,9736059,9095000,0,0,
SLV,1000000000,pinned_fork_costs,fixed_160,1788551523000,1789154953000,3354723000,,,986536487,,984761363,False,34243201,1362113,121273,1483386,1,5,0,1336000,603006000,3958153000,50647,461076,1000620,989925,4877179,9095000,0,0,
SLV,1000000000,pinned_fork_costs,adaptive_width,1788551523000,1789154953000,3354723000,-32910734,-17672097,967500613,967089266,984761363,True,33699718,3696133,121273,3817406,1,15,0,35474000,582411000,3958153000,64294,559493,1003062,962715,512866,9095000,0,0,
SLV,1000000000,pinned_fork_costs,adaptive_economic,1788551523000,1789154953000,3354723000,412856,15651493,1000534424,1000412856,984761363,True,44462654,895309,121273,1016582,1,3,0,400917000,582411000,3958153000,42406,209906,1000379,958452,1457035,9095000,0,0,
SLV,1000000000,double_gas_half_fees,fixed_20,1788551523000,1789154953000,3354723000,,,659150218,,984658103,False,79518255,124093266,242546,124335812,1,265,0,66453000,600250000,3958153000,341560,545058,1188427,1072401,38889746,9095000,0,0,
SLV,1000000000,double_gas_half_fees,fixed_40,1788551523000,1789154953000,3354723000,,,848367482,,984658103,False,54226004,41468958,242546,41711504,1,88,0,20177000,602722000,3958153000,157081,533647,1048891,1016994,19453261,9095000,0,0,
SLV,1000000000,double_gas_half_fees,fixed_80,1788551523000,1789154953000,3354723000,,,934482636,,984658103,False,31249644,10659894,242546,10902440,1,22,0,6119000,602722000,3958153000,81353,483200,1009516,1000125,9736059,9095000,0,0,
SLV,1000000000,double_gas_half_fees,fixed_160,1788551523000,1789154953000,3354723000,,,968349525,,984658103,False,17050353,2724226,242546,2966772,1,5,0,1336000,603006000,3958153000,54849,461015,1001323,995176,4877179,9095000,0,0,
SLV,1000000000,double_gas_half_fees,adaptive_width,1788551523000,1789154953000,3354723000,-40186647,-24844750,960340287,959813353,984658103,True,12197315,2257422,242546,2499968,1,4,0,34527000,582513000,3958153000,61539,458268,1001236,962831,509603,9095000,0,0,
SLV,1000000000,double_gas_half_fees,adaptive_economic,1788551523000,1789154953000,3354723000,-30685342,-15343445,969557348,969314658,984658103,True,9991973,1323814,242546,1566360,1,2,0,132277000,582513000,3958153000,46019,381404,1000739,961541,515928,9095000,0,0,
SLV,1000000000,partial_mint_failure,fixed_20,1788551523000,1789154953000,3354723000,,,834040648,,984761363,False,117985481,49464573,121273,49585846,37,145,36,48695000,492118000,3958153000,167001,508829,1059319,835456,38889746,9095000,0,0,
SLV,1000000000,partial_mint_failure,fixed_40,1788551523000,1789154953000,3354723000,,,934989409,,984761363,False,102660248,19731489,121273,19852762,15,58,14,16170000,571117000,3958153000,99496,533064,1020885,952191,19453261,9095000,0,0,
SLV,1000000000,partial_mint_failure,fixed_80,1788551523000,1789154953000,3354723000,,,968829014,,984761363,False,62672688,6343761,121273,6465034,5,19,4,8182000,598164000,3958153000,64717,495277,1005156,988683,9736059,9095000,0,0,
SLV,1000000000,partial_mint_failure,fixed_160,1788551523000,1789154953000,3354723000,,,985141337,,984761363,False,34148498,1557216,121273,1678489,2,4,1,1336000,602342000,3958153000,50647,465831,1000620,988835,4877179,9095000,0,0,
SLV,1000000000,partial_mint_failure,adaptive_width,1788551523000,1789154953000,3354723000,-28226525,-12987888,972186837,971773475,984761363,True,28072816,2919329,121273,3040602,3,8,2,34730000,576305000,3958153000,64247,582179,1002297,951338,512583,9095000,0,0,
SLV,1000000000,partial_mint_failure,adaptive_economic,1788551523000,1789154953000,3354723000,412856,15651493,1000534424,1000412856,984761363,True,44462654,895309,121273,1016582,1,3,0,400917000,582411000,3958153000,42406,209906,1000379,958452,1457035,9095000,0,0,
SLV,250000000,pinned_fork_costs,fixed_20,1788551523000,1789154953000,3354723000,-90527566,-87015796,159942722,159472434,246488230,True,48743644,62046633,121273,62167906,1,265,0,66491000,601590000,3958153000,361364,587574,1388390,1154467,942472,9095000,0,0,
SLV,250000000,pinned_fork_costs,fixed_40,1788551523000,1789154953000,3354723000,-30542353,-27030583,219859241,219457647,246488230,True,31689150,20734479,121273,20855752,1,88,0,20177000,602722000,3958153000,146653,543246,1094182,1034137,4863382,9095000,0,0,
SLV,250000000,pinned_fork_costs,fixed_80,1788551523000,1789154953000,3354723000,-9578300,-6066530,240928500,240421700,246488230,True,17339831,5329947,121273,5451220,1,22,0,6119000,602722000,3958153000,71078,485271,1018270,1001150,2434062,9095000,0,0,
SLV,250000000,pinned_fork_costs,fixed_160,1788551523000,1789154953000,3354723000,-3782384,-270614,246620349,246217616,246488230,True,9067576,1362113,121273,1483386,1,5,0,1336000,603006000,3958153000,50407,461652,1002608,990920,1219325,9095000,0,0,
SLV,250000000,pinned_fork_costs,adaptive_width,1788551523000,1789154953000,3354723000,-9707926,-6196156,240446755,240292074,246488230,True,9910642,3929535,121273,4050808,1,16,0,35647000,582411000,3958153000,60737,525880,1014119,972164,128821,9095000,0,0,
SLV,250000000,pinned_fork_costs,adaptive_economic,1788551523000,1789154953000,3354723000,4452273,7964043,255215307,254452273,246488230,True,12073449,195103,121273,316376,1,0,0,406663000,582411000,3958153000,48635,366310,994081,934770,353449,9095000,0,0,
SLV,250000000,double_gas_half_fees,fixed_20,1788551523000,1789154953000,3354723000,-173706777,-170091747,76829375,76293223,246384970,True,23358416,124093266,242546,124335812,1,265,0,66491000,601590000,3958153000,693508,760885,2619336,1479403,869430,9095000,0,0,
SLV,250000000,double_gas_half_fees,fixed_40,1788551523000,1789154953000,3354723000,-66136318,-62521288,184357865,183863682,246384970,True,15420111,41468958,242546,41711504,1,88,0,20177000,602722000,3958153000,266104,567695,1225652,1081882,4863382,9095000,0,0,
SLV,250000000,double_gas_half_fees,fixed_80,1788551523000,1789154953000,3354723000,-23397954,-19782924,227207812,226602046,246384970,True,8549886,10659894,242546,10902440,1,22,0,6119000,602722000,3958153000,102577,489246,1040111,1011141,2434062,9095000,0,0,
SLV,250000000,double_gas_half_fees,fixed_160,1788551523000,1789154953000,3354723000,-9731437,-6116407,240783991,240268563,246384970,True,4510148,2724226,242546,2966772,1,5,0,1336000,603006000,3958153000,57221,462169,1006845,997483,1219325,9095000,0,0,
SLV,250000000,double_gas_half_fees,adaptive_width,1788551523000,1789154953000,3354723000,-11533197,-7918167,238709409,238466803,246384970,True,2948562,1790618,242546,2033164,1,3,0,54552000,582513000,3958153000,63352,444433,1005374,964725,127455,9095000,0,0,
SLV,250000000,double_gas_half_fees,adaptive_economic,1788551523000,1789154953000,3354723000,-4917120,-1302090,245948497,245082880,246384970,True,2165407,390206,242546,632752,1,0,0,172393000,582513000,3958153000,48915,481665,997194,961117,46066,9095000,0,0,
SLV,250000000,partial_mint_failure,fixed_20,1788551523000,1789154953000,3354723000,-68971959,-65460189,181523469,181028041,246488230,True,36723652,49464573,121273,49585846,37,145,36,43312000,502831000,3958153000,275085,578663,1272775,926477,967620,9095000,0,0,
SLV,250000000,partial_mint_failure,fixed_40,1788551523000,1789154953000,3354723000,-30162563,-26650793,220240518,219837437,246488230,True,29403993,21093602,121273,21214875,16,62,15,15485000,577519000,3958153000,141758,550366,1095657,989705,4863382,9095000,0,0,
SLV,250000000,partial_mint_failure,fixed_80,1788551523000,1789154953000,3354723000,-9968582,-6456812,240539939,240031418,246488230,True,17212558,6343761,121273,6465034,5,19,4,7795000,595602000,3958153000,70026,496731,1022610,990266,2434062,9095000,0,0,
SLV,250000000,partial_mint_failure,fixed_160,1788551523000,1789154953000,3354723000,-4352860,-841090,246152772,245647140,246488230,True,9040281,1557216,121273,1678489,2,4,1,1336000,602342000,3958153000,50407,466508,1002608,989848,1219325,9095000,0,0,
SLV,250000000,partial_mint_failure,adaptive_width,1788551523000,1789154953000,3354723000,-10863334,-7351564,239291022,239136666,246488230,True,8032702,3386133,121273,3507406,3,10,2,27418000,579281000,3958153000,69692,600505,1011308,962071,127426,9095000,0,0,
SLV,250000000,partial_mint_failure,adaptive_economic,1788551523000,1789154953000,3354723000,4452273,7964043,255215307,254452273,246488230,True,12073449,195103,121273,316376,1,0,0,406663000,582411000,3958153000,48635,366310,994081,934770,353449,9095000,0,0,
SPCX,5000000000,pinned_fork_costs,fixed_20,1785196817000,1789154999000,17000,-4997787642,-5831243477,2328778,2212358,5833455835,True,3277156387,653245449,116393,653361842,1,2925,0,2177443000,3957584000,3958199000,1000018,894680,28606227272,1719408,4661936,1923278000,0,0,capital_exhausted
SPCX,5000000000,pinned_fork_costs,fixed_40,1785196817000,1789154999000,17000,-3333193244,-4166649079,1667248295,1666806756,5833455835,True,5760204032,423276319,116393,423392712,1,1895,0,122622000,3957584000,3958199000,824754,612654,1374961,1196647,3248996,2964000,0,0,
SPCX,5000000000,pinned_fork_costs,fixed_80,1785196817000,1789154999000,17000,-1657765206,-2491221041,3342959464,3342234794,5833455835,True,5466930867,142624672,116393,142741065,1,638,0,43169000,3957774000,3958199000,523109,507844,1047023,1026456,2095668,2964000,0,0,
SPCX,5000000000,pinned_fork_costs,fixed_160,1785196817000,1789154999000,17000,-266319532,-1099775367,4734522951,4733680468,5833455835,True,4011043288,41706180,116393,41822573,1,186,0,43980000,3957774000,3958199000,228572,501101,1008482,998582,1207191,2964000,0,0,
SPCX,5000000000,pinned_fork_costs,adaptive_width,1785196817000,1789154999000,17000,-1463131506,-2296587341,3537871523,3536868494,5833455835,True,5940880727,265646993,116393,265763386,1,1189,0,112782000,3957774000,3958199000,581589,524636,1085928,1042580,5671534,2964000,0,0,
SPCX,5000000000,pinned_fork_costs,adaptive_economic,1785196817000,1789154999000,17000,2692668682,1859212847,7692820665,7692668682,5833455835,True,4797891224,37910573,116393,38026966,1,169,0,3018957000,3957774000,3958199000,39362,94441,1005009,995469,1201189,2964000,0,0,
SPCX,5000000000,double_gas_half_fees,fixed_20,1785196817000,1789154999000,17000,-4999055733,-5832408905,1177053,944267,5833353172,True,1052253338,726432840,232786,726665626,1,1626,0,145931000,3957584000,3958199000,1000006,275033,1673554749,566579,3855215,3025763000,0,0,capital_exhausted
SPCX,5000000000,double_gas_half_fees,fixed_40,1785196817000,1789154999000,17000,-4999032133,-5832385305,1200669,967867,5833353172,True,1491186504,639357150,232786,639589936,1,1431,0,98539000,3957584000,3958199000,1000003,823669,2600370756,1508238,2791996,1916302000,0,0,capital_exhausted
SPCX,5000000000,double_gas_half_fees,fixed_80,1785196817000,1789154999000,17000,-3671020517,-4504373689,1329491274,1328979483,5833353172,True,2027877101,288375138,232786,288607924,1,645,0,42978000,3957774000,3958199000,737324,551638,1217440,1117478,1877253,2964000,0,0,
SPCX,5000000000,double_gas_half_fees,fixed_160,1785196817000,1789154999000,17000,-2027818817,-2861171989,2972874646,2972181183,5833353172,True,1665904433,86091612,232786,86324398,1,192,0,31099000,3957774000,3958199000,427218,506893,1027991,1013754,1133124,2964000,0,0,
SPCX,5000000000,double_gas_half_fees,adaptive_width,1785196817000,1789154999000,17000,-2376309810,-3209662982,2624347304,2623690190,5833353172,True,2107647820,196834028,232786,197066814,1,440,0,50670000,3957774000,3958199000,511135,495126,1073481,1039044,5094911,2964000,0,0,
SPCX,5000000000,double_gas_half_fees,adaptive_economic,1785196817000,1789154999000,17000,232078365,-601274807,5232325095,5232078365,5833353172,True,843439409,28041152,232786,28273938,1,62,0,3382723000,3957774000,3958199000,38525,61508,1005045,997486,588171,2964000,0,0,
SPCX,5000000000,partial_mint_failure,fixed_20,1785196817000,1789154999000,17000,-1892292611,-2725748446,3108497425,3107707389,5833455835,True,6215151775,503593955,116393,503710348,390,1556,389,163127000,3125149000,3958199000,671578,555766,1215199,890769,7235016,2964000,0,0,
SPCX,5000000000,partial_mint_failure,fixed_40,1785196817000,1789154999000,17000,-1062281869,-1895737704,3939056570,3937718131,5833455835,True,5977408364,268509019,116393,268625412,208,830,207,67647000,3520791000,3958199000,533744,522469,1085671,936210,4140552,2964000,0,0,
SPCX,5000000000,partial_mint_failure,fixed_80,1785196817000,1789154999000,17000,-773870973,-1607326808,4227008899,4226129027,5833455835,True,5212052711,124860700,116393,124977093,97,386,96,35418000,3780180000,3958199000,367149,508900,1029473,970484,2244803,2964000,0,0,
SPCX,5000000000,partial_mint_failure,fixed_160,1785196817000,1789154999000,17000,-113191523,-946647358,4887919494,4886808477,5833455835,True,3720969431,42259715,116393,42376108,33,131,32,46529000,3899823000,3958199000,215546,493721,1008260,984344,1182174,2964000,0,0,
SPCX,5000000000,partial_mint_failure,adaptive_width,1785196817000,1789154999000,17000,1084109563,250653728,6085709774,6084109563,5833455835,True,6906929786,157437196,116393,157553589,122,487,121,72161000,3721681000,3958199000,250723,501613,1026947,951538,6426874,2964000,0,0,
SPCX,5000000000,partial_mint_failure,adaptive_economic,1785196817000,1789154999000,17000,2346919648,1513463813,7347070006,7346919648,5833455835,True,3893655792,27801025,116393,27917418,22,86,21,2998630000,3919731000,3958199000,40935,96480,1003794,985218,1201151,2964000,0,0,
SPCX,1000000000,pinned_fork_costs,fixed_20,1785196817000,1789154999000,17000,-999463592,-1166444312,652807,536408,1166980720,True,799088081,339996236,116393,340112629,1,1522,0,136012000,3954820000,3958199000,1000001,341948,11141428984,724671,1238281,3049067000,0,0,capital_exhausted
SPCX,1000000000,pinned_fork_costs,fixed_40,1785196817000,1789154999000,17000,-703239426,-870220146,296988174,296760574,1166980720,True,1928665302,423499590,116393,423615983,1,1896,0,122525000,3957584000,3958199000,925294,1222987,5399475,2356830,780559,2964000,0,0,
SPCX,1000000000,pinned_fork_costs,fixed_80,1785196817000,1789154999000,17000,-222437310,-389418030,777838197,777562690,1166980720,True,1508638567,148429718,116393,148546111,1,664,0,40364000,3957774000,3958199000,466773,563996,1222168,1139456,447252,2964000,0,0,
SPCX,1000000000,pinned_fork_costs,fixed_160,1785196817000,1789154999000,17000,-38563221,-205543941,961703404,961436779,1166980720,True,940488360,46618142,116393,46734535,1,208,0,12466000,3957774000,3958199000,228354,506157,1047279,1027111,249816,2964000,0,0,
SPCX,1000000000,pinned_fork_costs,adaptive_width,1785196817000,1789154999000,17000,-999713039,-1166693759,403354,286961,1166980720,True,789650937,358751000,116393,358867393,1,1606,0,132855000,3957774000,3958199000,1000119,800731,39530044471,1640221,1477660,2442485000,0,0,capital_exhausted
SPCX,1000000000,pinned_fork_costs,adaptive_economic,1785196817000,1789154999000,17000,589214402,422233682,1589332378,1589214402,1166980720,True,1393758238,71401223,116393,71517616,1,319,0,3183924000,3957774000,3958199000,156802,128397,1046461,1024503,431945,2964000,0,0,
SPCX,1000000000,double_gas_half_fees,fixed_20,1785196817000,1789154999000,17000,-993610182,-1160488239,6622667,6389818,1166878057,True,265773631,416086150,232786,416318936,1,931,0,3370010000,3954820000,3958199000,1000049,178035,4485667450,369531,919052,3282807000,0,0,capital_exhausted
SPCX,1000000000,double_gas_half_fees,fixed_40,1785196817000,1789154999000,17000,-998835115,-1165713172,1397790,1164885,1166878057,True,297360612,337941300,232786,338174086,1,756,0,3112256000,3957584000,3958199000,1000064,949883,30911492964,1865670,630778,3059625000,0,0,capital_exhausted
SPCX,1000000000,double_gas_half_fees,fixed_80,1785196817000,1789154999000,17000,-911257498,-1078135555,89041330,88742502,1166878057,True,518831565,296859436,232786,297092222,1,664,0,40364000,3957774000,3958199000,914129,1089714,4385608,2201862,392763,2964000,0,0,
SPCX,1000000000,double_gas_half_fees,fixed_160,1785196817000,1789154999000,17000,-470173620,-637051677,530151827,529826380,1166878057,True,378266601,93236284,232786,93469070,1,208,0,12466000,3957774000,3958199000,479922,540630,1172818,1101773,232469,2964000,0,0,
SPCX,1000000000,double_gas_half_fees,adaptive_width,1785196817000,1789154999000,17000,-797178623,-964056680,203128632,202821377,1166878057,True,473169388,298199062,232786,298431848,1,667,0,43701000,3957774000,3958199000,800674,775905,2482368,1762920,1711587,2964000,0,0,
SPCX,1000000000,double_gas_half_fees,adaptive_economic,1785196817000,1789154999000,17000,97611456,-69266601,1097846104,1097611456,1166878057,True,200870590,24915358,232786,25148144,1,55,0,3650509000,3957774000,3958199000,65221,138358,1021917,986571,124649,2964000,0,0,
SPCX,1000000000,partial_mint_failure,fixed_20,1785196817000,1789154999000,17000,-236106111,-403086831,764240244,763893889,1166980720,True,2176676275,488064407,116393,488180800,378,1508,377,159603000,3088921000,3958199000,688525,768157,2073720,1219353,1733854,2964000,0,0,
SPCX,1000000000,partial_mint_failure,fixed_40,1785196817000,1789154999000,17000,133011641,-33969079,1133520734,1133011641,1166980720,True,1995389042,256861858,116393,256978251,199,794,198,65999000,3482135000,3958199000,390862,592209,1304034,1049133,929738,2964000,0,0,
SPCX,1000000000,partial_mint_failure,fixed_80,1785196817000,1789154999000,17000,13354843,-153625877,1013667518,1013354843,1166980720,True,1395359042,127448958,116393,127565351,99,394,98,29236000,3779663000,3958199000,262684,543483,1128316,1037029,475868,2964000,0,0,
SPCX,1000000000,partial_mint_failure,fixed_160,1785196817000,1789154999000,17000,90632941,-76347779,1090972740,1090632941,1166980720,True,952841541,46142102,116393,46258495,36,143,35,10623000,3898340000,3958199000,162430,495257,1041939,1007372,248083,2964000,0,0,
SPCX,1000000000,partial_mint_failure,adaptive_width,1785196817000,1789154999000,17000,-35731223,-202711943,964690071,964268777,1166980720,True,1631829538,283815296,116393,283931689,220,877,219,82528000,3447288000,3958199000,500602,613465,1385299,1057963,1823142,2964000,0,0,
SPCX,1000000000,partial_mint_failure,adaptive_economic,1785196817000,1789154999000,17000,497894829,330914109,1498011685,1497894829,1166980720,True,1073709792,55424276,116393,55540669,43,172,42,3064227000,3857681000,3958199000,99853,142732,1037365,992039,375463,2964000,0,0,
SPCX,250000000,pinned_fork_costs,fixed_20,1785196817000,1789154999000,17000,-249723572,-291409188,392860,276428,291685616,True,156734281,177008406,116393,177124799,1,792,0,3413056000,3954820000,3958199000,1000104,610476,10197889836,1111815,143131,3340275000,0,0,capital_exhausted
SPCX,250000000,pinned_fork_costs,fixed_40,1785196817000,1789154999000,17000,-249622834,-291308450,493559,377166,291685616,True,180995877,145527195,116393,145643588,1,651,0,48099000,3957584000,3958199000,1000117,263033,736324775,512105,207133,3134688000,0,0,capital_exhausted
SPCX,250000000,pinned_fork_costs,fixed_80,1785196817000,1789154999000,17000,-142220030,-183905646,107940410,107779970,291685616,True,420270696,149546073,116393,149662466,1,669,0,40565000,3957774000,3958199000,759791,1003649,3000729,2013669,114249,2964000,0,0,
SPCX,250000000,pinned_fork_costs,fixed_160,1785196817000,1789154999000,17000,-31394324,-73079940,218761417,218605676,291685616,True,249085716,46394871,116393,46511264,1,207,0,12293000,3957774000,3958199000,293481,560765,1207716,1140272,62945,2964000,0,0,
SPCX,250000000,pinned_fork_costs,adaptive_width,1785196817000,1789154999000,17000,-250195127,-291880743,-78734,-195127,291685616,True,129527647,152225325,116393,152341718,1,681,0,60802000,3955765000,3958199000,1000486,274205,1605629569,497734,381953,3221337000,0,0,capital_exhausted
SPCX,250000000,pinned_fork_costs,adaptive_economic,1785196817000,1789154999000,17000,60614710,18929094,310738811,310614710,291685616,True,273093692,68052158,116393,68168551,1,304,0,3578137000,3955765000,3958199000,300659,278006,1252095,1169168,129892,2964000,0,0,
SPCX,250000000,double_gas_half_fees,fixed_20,1785196817000,1789154999000,17000,-250283230,-291866183,-50444,-283230,291582953,True,41625448,180758516,232786,180991302,1,404,0,33341000,3954820000,3958199000,1000711,325038,588457525,652106,131681,3740987000,0,0,capital_exhausted
SPCX,250000000,double_gas_half_fees,fixed_40,1785196817000,1789154999000,17000,-249455592,-291038545,777219,544408,291582953,True,51879216,165129546,232786,165362332,1,369,0,3338497000,3957584000,3958199000,1000049,447219,10965558639,899776,71770,3310577000,0,0,capital_exhausted
SPCX,250000000,double_gas_half_fees,fixed_80,1785196817000,1789154999000,17000,-249027743,-290610696,1205092,972257,291582953,True,64294192,137890484,232786,138123270,1,308,0,3060242000,3957774000,3958199000,1000034,317873,39571058283,618520,99479,3041933000,0,0,capital_exhausted
SPCX,250000000,double_gas_half_fees,fixed_160,1785196817000,1789154999000,17000,-181570770,-223153723,68685958,68429230,291582953,True,98968850,92789742,232786,93022528,1,207,0,12293000,3957774000,3958199000,728946,811002,2341728,1657241,58454,2964000,0,0,
SPCX,250000000,double_gas_half_fees,adaptive_width,1785196817000,1789154999000,17000,-250245143,-291828096,-12357,-245143,291582953,True,49622934,144588614,232786,144821400,1,323,0,24914000,3957774000,3958199000,1000635,166218,199799409,325126,94515,3122694000,0,0,capital_exhausted
SPCX,250000000,double_gas_half_fees,adaptive_economic,1785196817000,1789154999000,17000,12812103,-28770850,263048432,262812103,291582953,True,12407592,355548,232786,588334,1,0,0,3719087000,3957774000,3958199000,65262,138022,1001338,961751,13483,2964000,0,0,
SPCX,250000000,partial_mint_failure,fixed_20,1785196817000,1789154999000,17000,-250195939,-291881555,-79546,-195939,291685616,True,185193321,213308014,116393,213424407,165,660,164,81447000,3515788000,3958199000,1000493,1467924,729482457,2381098,475368,2650434000,0,0,capital_exhausted
SPCX,250000000,partial_mint_failure,fixed_40,1785196817000,1789154999000,17000,-95894833,-137580449,154336192,154105167,291685616,True,593052458,255567729,116393,255684122,198,790,197,65163000,3479754000,3958199000,802605,1262764,4820937,2265048,247194,2964000,0,0,
SPCX,250000000,partial_mint_failure,fixed_80,1785196817000,1789154999000,17000,-53436456,-95122072,196734751,196563544,291685616,True,390812952,123566571,116393,123682964,96,382,95,29065000,3764783000,3958199000,430400,717180,1648978,1355930,123337,2964000,0,0,
SPCX,250000000,partial_mint_failure,fixed_160,1785196817000,1789154999000,17000,-6837810,-48523426,243335114,243162190,291685616,True,241583819,46142102,116393,46258495,36,143,35,10522000,3881024000,3958199000,214025,579127,1189398,1101555,62529,2964000,0,0,
SPCX,250000000,partial_mint_failure,adaptive_width,1785196817000,1789154999000,17000,-248885696,-290571312,1230801,1114304,291685616,True,189846341,207461685,116393,207578078,161,641,160,2167404000,3504499000,3958199000,1000013,1105768,4847757054,1531884,469714,2097346000,0,0,capital_exhausted
SPCX,250000000,partial_mint_failure,adaptive_economic,1785196817000,1789154999000,17000,74587714,32902098,324710386,324587714,291685616,True,165077909,27577754,116393,27694147,22,85,21,3585772000,3878877000,3958199000,126586,242329,1091221,1022538,112020,2964000,0,0,
SPY,5000000000,pinned_fork_costs,fixed_20,1786568868000,1789154978000,1372068000,496205315,525831361,5498674576,5496205315,4970373954,True,1177678024,31852867,118277,31971144,1,134,0,44084000,2044143000,3958178000,28422,375029,1005399,791159,24758647542,577853000,2,0,
SPY,5000000000,pinned_fork_costs,fixed_40,1786568868000,1789154978000,1372068000,422672160,452298206,5424272968,5422672160,4970373954,True,723687013,8225567,118277,8343844,1,34,0,12981000,2044143000,3958178000,13507,382070,1000802,787752,12379358064,577853000,2,0,
SPY,5000000000,pinned_fork_costs,fixed_80,1786568868000,1789154978000,1372068000,229545844,259171890,5230957697,5229545844,4970373954,True,397963767,2791288,118277,2909565,1,11,0,2568000,1991209000,3958178000,8757,327641,999426,765757,1456199,577853000,2,0,
SPY,5000000000,pinned_fork_costs,fixed_160,1786568868000,1789154978000,1372068000,157880105,187506151,5159443478,5157880105,4970373954,True,207747223,664831,118277,783108,1,2,0,154000,1882272000,3958178000,10852,265608,996806,721439,380709,577853000,2,0,
SPY,5000000000,pinned_fork_costs,adaptive_width,1786568868000,1789154978000,1372068000,546513979,576140025,5549001927,5546513979,4970373954,True,932064909,16495122,118277,16613399,1,69,0,36548000,1846504000,3958178000,14007,323006,1002553,712245,1730699,577853000,2,0,
SPY,5000000000,pinned_fork_costs,adaptive_economic,1786568868000,1789154978000,1372068000,198502406,228128452,5198626403,5198502406,4970373954,True,245789761,1137377,118277,1255654,1,4,0,1181942000,1846504000,3958178000,6038,106159,999267,708834,1455634,577853000,2,0,
SPY,5000000000,double_gas_half_fees,fixed_20,1786568868000,1789154978000,1372068000,-124849454,-95112197,4877430839,4875150546,4970262743,True,563292693,63705734,236554,63942288,1,134,0,44084000,2044143000,3958178000,48616,376393,1012570,794918,24758647542,577853000,2,0,
SPY,5000000000,double_gas_half_fees,fixed_40,1786568868000,1789154978000,1372068000,49140544,78877801,5050741979,5049140544,4970262743,True,351563221,16451134,236554,16687688,1,34,0,12981000,2044143000,3958178000,19381,382317,1002502,790107,12379358064,577853000,2,0,
SPY,5000000000,double_gas_half_fees,fixed_80,1786568868000,1789154978000,1372068000,26686512,56423769,5028158722,5026686512,4970262743,True,195899751,5582576,236554,5819130,1,11,0,2568000,1991209000,3958178000,12068,327564,1000201,768178,1456199,577853000,2,0,
SPY,5000000000,double_gas_half_fees,fixed_160,1786568868000,1789154978000,1372068000,52800736,82537993,5054446166,5052800736,4970262743,True,103248591,1329662,236554,1566216,1,2,0,154000,1882272000,3958178000,14058,265135,998525,724713,380709,577853000,2,0,
SPY,5000000000,double_gas_half_fees,adaptive_width,1786568868000,1789154978000,1372068000,30674355,60411612,5032430024,5030674355,4970262743,True,212606653,12670766,236554,12907320,1,26,0,20028000,1846504000,3958178000,16306,297103,1001832,713058,1723854,577853000,2,0,
SPY,5000000000,double_gas_half_fees,adaptive_economic,1786568868000,1789154978000,1372068000,74330218,104067475,5074569578,5074330218,4970262743,True,122186890,2274754,236554,2511308,1,4,0,1181942000,1846504000,3958178000,6188,105375,999900,711513,1455634,577853000,2,0,
SPY,5000000000,partial_mint_failure,fixed_20,1786568868000,1789154978000,1372068000,491144671,520770717,5492543596,5491144671,4970373954,True,1133393532,34533535,118277,34651812,26,100,25,42045000,2002983000,3958178000,24208,351706,1005944,775547,24758647542,577853000,2,0,
SPY,5000000000,partial_mint_failure,fixed_40,1786568868000,1789154978000,1372068000,410609418,440235464,5411733091,5410609418,4970373954,True,722748423,9807835,118277,9926112,8,28,7,12555000,2037217000,3958178000,13507,406207,1001303,786041,12379358064,577853000,2,0,
SPY,5000000000,partial_mint_failure,fixed_80,1786568868000,1789154978000,1372068000,228520904,258146950,5230416372,5228520904,4970373954,True,397156288,3175858,118277,3294135,3,9,2,2607000,1989617000,3958178000,8752,331010,999426,765160,1456199,577853000,2,0,
SPY,5000000000,partial_mint_failure,fixed_160,1786568868000,1789154978000,1372068000,157880105,187506151,5159443478,5157880105,4970373954,True,207747223,664831,118277,783108,1,2,0,154000,1882272000,3958178000,10852,265608,996806,721439,380709,577853000,2,0,
SPY,5000000000,partial_mint_failure,adaptive_width,1786568868000,1789154978000,1372068000,188193114,217819160,5190369756,5188193114,4970373954,True,232334946,1565935,118277,1684212,2,4,1,4237000,1844856000,3958178000,11315,329577,1000048,701618,1730699,577853000,2,0,
SPY,5000000000,partial_mint_failure,adaptive_economic,1786568868000,1789154978000,1372068000,198502406,228128452,5198626403,5198502406,4970373954,True,245789761,1137377,118277,1255654,1,4,0,1181942000,1846504000,3958178000,6038,106159,999267,708834,1455634,577853000,2,0,
SPY,1000000000,pinned_fork_costs,fixed_20,1786568868000,1789154978000,1372068000,180759549,186479810,1181290644,1180759549,994279739,True,340534027,31852867,118277,31971144,1,134,0,44084000,2044143000,3958178000,12906,379493,1025963,799986,4951729254,577853000,2,0,
SPY,1000000000,pinned_fork_costs,fixed_40,1786568868000,1789154978000,1372068000,120552675,126272936,1120932602,1120552675,994279739,True,183590616,8225567,118277,8343844,1,34,0,12981000,2044143000,3958178000,10462,383287,1005726,789553,2475867379,577853000,2,0,
SPY,1000000000,pinned_fork_costs,fixed_80,1786568868000,1789154978000,1372068000,74122159,79842420,1074328088,1074122159,994279739,True,95366077,1846196,118277,1964473,1,7,0,313000,2038192000,3958178000,10352,427034,999988,781035,660011,577853000,2,0,
SPY,1000000000,pinned_fork_costs,fixed_160,1786568868000,1789154978000,1372068000,45013808,50734069,1045450542,1045013808,994279739,True,48006904,192285,118277,310562,1,0,0,1000,2038192000,3958178000,9223,363402,899115,769859,330600,577853000,2,0,
SPY,1000000000,pinned_fork_costs,adaptive_width,1786568868000,1789154978000,1372068000,38812722,44532983,1039160769,1038812722,994279739,True,52772393,1609923,118277,1728200,1,6,0,881000,1986531000,3958178000,11697,429512,999786,753527,145952,577853000,2,0,
SPY,1000000000,pinned_fork_costs,adaptive_economic,1786568868000,1789154978000,1372068000,40011969,45732230,1040517320,1040011969,994279739,True,45171490,192285,118277,310562,1,0,0,18579000,1986531000,3958178000,12077,448237,979219,751802,145952,577853000,2,0,
SPY,1000000000,double_gas_half_fees,fixed_20,1786568868000,1789154978000,1372068000,-25716777,-19885305,974869711,974283223,994168528,True,158271907,63705734,236554,63942288,1,134,0,44084000,2044143000,3958178000,45858,386629,1063635,816125,4951729254,577853000,2,0,
SPY,1000000000,double_gas_half_fees,fixed_40,1786568868000,1789154978000,1372068000,18534134,24365606,1019009659,1018534134,994168528,True,88181185,16451134,236554,16687688,1,34,0,12981000,2044143000,3958178000,13781,384878,1013985,795117,2475867379,577853000,2,0,
SPY,1000000000,double_gas_half_fees,fixed_80,1786568868000,1789154978000,1372068000,24061530,29893002,1024381357,1024061530,994168528,True,46815933,3692392,236554,3928946,1,7,0,313000,2038192000,3958178000,14278,427455,1002392,785443,660011,577853000,2,0,
SPY,1000000000,double_gas_half_fees,fixed_160,1786568868000,1789154978000,1372068000,20706484,26537956,1021254805,1020706484,994168528,True,24003452,384570,236554,621124,1,0,0,1000,2038192000,3958178000,10975,363115,908461,779068,330600,577853000,2,0,
SPY,1000000000,double_gas_half_fees,adaptive_width,1786568868000,1789154978000,1372068000,19732405,25563877,1020181087,1019732405,994168528,True,88213153,20231502,236554,20468056,1,42,0,37069000,1991209000,3958178000,13207,413267,1019144,773175,291413,577853000,2,0,
SPY,1000000000,double_gas_half_fees,adaptive_economic,1786568868000,1789154978000,1372068000,30104816,35936288,1030807336,1030104816,994168528,True,35636342,384570,236554,621124,1,0,0,288134000,1991209000,3958178000,14158,454064,999822,756695,291413,577853000,2,0,
SPY,1000000000,partial_mint_failure,fixed_20,1786568868000,1789154978000,1372068000,170506407,176226668,1170866414,1170506407,994279739,True,325689459,34533535,118277,34651812,26,100,25,42045000,2000740000,3958178000,12906,357007,1028764,784421,4951729254,577853000,2,0,
SPY,1000000000,partial_mint_failure,fixed_40,1786568868000,1789154978000,1372068000,115707990,121428251,1116011186,1115707990,994279739,True,183224182,9807835,118277,9926112,8,28,7,12555000,2037217000,3958178000,10462,407646,1007650,788225,2475867379,577853000,2,0,
SPY,1000000000,partial_mint_failure,fixed_80,1786568868000,1789154978000,1372068000,73858090,79578351,1074064013,1073858090,994279739,True,95300543,2038481,118277,2156758,2,6,1,313000,2037181000,3958178000,10353,427050,1000168,780703,660011,577853000,2,0,
SPY,1000000000,partial_mint_failure,fixed_160,1786568868000,1789154978000,1372068000,45013808,50734069,1045450542,1045013808,994279739,True,48006904,192285,118277,310562,1,0,0,1000,2038192000,3958178000,9223,363402,899115,769859,330600,577853000,2,0,
SPY,1000000000,partial_mint_failure,adaptive_width,1786568868000,1789154978000,1372068000,38532849,44253110,1038880876,1038532849,994279739,True,52712773,1802208,118277,1920485,2,5,1,881000,1984309000,3958178000,11697,429488,999786,752670,145952,577853000,2,0,
SPY,1000000000,partial_mint_failure,adaptive_economic,1786568868000,1789154978000,1372068000,40011969,45732230,1040517320,1040011969,994279739,True,45171490,192285,118277,310562,1,0,0,18579000,1986531000,3958178000,12077,448237,979219,751802,145952,577853000,2,0,
SPY,250000000,pinned_fork_costs,fixed_20,1786568868000,1789154978000,1372068000,33659050,35158737,283879200,283659050,248500313,True,97514558,31852867,118277,31971144,1,134,0,44084000,2044143000,3958178000,16472,396959,1109297,836430,1237933838,577853000,2,0,
SPY,250000000,pinned_fork_costs,fixed_40,1786568868000,1789154978000,1372068000,27948554,29448241,278130876,277948554,248500313,True,49630865,8225567,118277,8343844,1,34,0,12981000,2044143000,3958178000,11482,387806,1025533,798758,618967225,577853000,2,0,
SPY,250000000,pinned_fork_costs,fixed_80,1786568868000,1789154978000,1372068000,18280733,19780420,268420750,268280733,248500313,True,24891336,1846196,118277,1964473,1,7,0,313000,2038192000,3958178000,11630,428022,1004493,782001,165086,577853000,2,0,
SPY,250000000,pinned_fork_costs,fixed_160,1786568868000,1789154978000,1372068000,11478079,12977766,261672768,261478079,248500313,True,12285277,192285,118277,310562,1,0,0,1000,2038192000,3958178000,9219,363636,899191,769620,82706,577853000,2,0,
SPY,250000000,pinned_fork_costs,adaptive_width,1786568868000,1789154978000,1372068000,8737447,10237134,258911454,258737447,248500313,True,13424164,1609923,118277,1728200,1,6,0,881000,1986531000,3958178000,12977,429784,1001700,753732,36501,577853000,2,0,
SPY,250000000,pinned_fork_costs,adaptive_economic,1786568868000,1789154978000,1372068000,10035426,11535113,260245745,260035426,248500313,True,11465447,192285,118277,310562,1,0,0,18579000,1986531000,3958178000,12072,448465,979458,751868,36501,577853000,2,0,
SPY,250000000,double_gas_half_fees,fixed_20,1786568868000,1789154978000,1372068000,-48798390,-47187492,201523498,201201610,248389102,True,44726611,63705734,236554,63942288,1,134,0,44084000,2044143000,3958178000,195326,431998,1307308,910981,1237933838,577853000,2,0,
SPY,250000000,double_gas_half_fees,fixed_40,1786568868000,1789154978000,1372068000,-5817285,-4206387,244477554,244182715,248389102,True,23737813,16451134,236554,16687688,1,34,0,12981000,2044143000,3958178000,25936,394797,1060683,815842,618967225,577853000,2,0,
SPY,250000000,double_gas_half_fees,fixed_80,1786568868000,1789154978000,1372068000,3752588,5363486,254009769,253752588,248389102,True,12209433,3692392,236554,3928946,1,7,0,313000,2038192000,3958178000,17096,429514,1011931,788617,165086,577853000,2,0,
SPY,250000000,double_gas_half_fees,fixed_160,1786568868000,1789154978000,1372068000,5026456,6637354,255337845,255026456,248389102,True,6142638,384570,236554,621124,1,0,0,1000,2038192000,3958178000,10981,363545,909274,779611,82706,577853000,2,0,
SPY,250000000,double_gas_half_fees,adaptive_width,1786568868000,1789154978000,1372068000,-620931,989967,249665776,249379069,248389102,True,6519831,3692392,236554,3928946,1,7,0,3157000,1991209000,3958178000,23723,415402,1012647,763349,36507,577853000,2,0,
SPY,250000000,double_gas_half_fees,adaptive_economic,1786568868000,1789154978000,1372068000,4119910,5730808,254443049,254119910,248389102,True,5762484,384570,236554,621124,1,0,0,422000,1991209000,3958178000,13078,426720,990479,762544,36507,577853000,2,0,
SPY,250000000,partial_mint_failure,fixed_20,1786568868000,1789154978000,1372068000,28231292,29730979,278410312,278231292,248500313,True,93005086,34533535,118277,34651812,26,100,25,42045000,2000740000,3958178000,15932,375575,1122324,824757,1237933838,577853000,2,0,
SPY,250000000,partial_mint_failure,fixed_40,1786568868000,1789154978000,1372068000,25469563,26969250,275633541,275469563,248500313,True,49524081,9807835,118277,9926112,8,28,7,12555000,2037217000,3958178000,11482,413172,1032118,798631,618967225,577853000,2,0,
SPY,250000000,partial_mint_failure,fixed_80,1786568868000,1789154978000,1372068000,18069844,19569531,268209859,268069844,248500313,True,24874621,2038481,118277,2156758,2,6,1,313000,2037181000,3958178000,11639,428131,1005218,781813,165086,577853000,2,0,
SPY,250000000,partial_mint_failure,fixed_160,1786568868000,1789154978000,1372068000,11478079,12977766,261672768,261478079,248500313,True,12285277,192285,118277,310562,1,0,0,1000,2038192000,3958178000,9219,363636,899191,769620,82706,577853000,2,0,
SPY,250000000,partial_mint_failure,adaptive_width,1786568868000,1789154978000,1372068000,8523261,10022948,258697263,258523261,248500313,True,13408850,1802208,118277,1920485,2,5,1,881000,1984309000,3958178000,12977,429775,1001700,752880,36501,577853000,2,0,
SPY,250000000,partial_mint_failure,adaptive_economic,1786568868000,1789154978000,1372068000,10035426,11535113,260245745,260035426,248500313,True,11465447,192285,118277,310562,1,0,0,18579000,1986531000,3958178000,12072,448465,979458,751868,36501,577853000,2,0,
TSLA,5000000000,pinned_fork_costs,fixed_20,1788544653000,1789154999000,3347853000,,,4611733391,,5065651518,False,1088596604,61708006,129961,61837967,1,246,0,35221000,610089000,3958199000,999870,525989,1013274,1002149,6536923,0,1,1,
TSLA,5000000000,pinned_fork_costs,fixed_40,1788544653000,1789154999000,3347853000,,,5073962664,,5065651518,False,815155896,19457499,129961,19587460,1,77,0,8064000,610089000,3958199000,999904,507116,1003724,992640,38669393,0,1,1,
TSLA,5000000000,pinned_fork_costs,fixed_80,1788544653000,1789154999000,3347853000,185582206,119930688,5194271492,5185582206,5065651518,True,511723894,5707334,129961,5837295,1,22,0,2832000,610089000,3958199000,999946,498717,1000998,993906,43671357,0,1,1,
TSLA,5000000000,pinned_fork_costs,fixed_160,1788544653000,1789154999000,3347853000,266721715,201070197,5277775677,5266721715,5065651518,True,287432479,1207280,129961,1337241,1,4,0,7027000,610161000,3958199000,999979,491623,994176,989053,21873774,0,1,1,
TSLA,5000000000,pinned_fork_costs,adaptive_width,1788544653000,1789154999000,3347853000,100871738,35220220,5109298792,5100871738,5065651518,True,265999893,3207304,129961,3337265,1,12,0,7312000,586639000,3958199000,22451,366593,1000093,951263,2098543,0,1,1,
TSLA,5000000000,pinned_fork_costs,adaptive_economic,1788544653000,1789154999000,3347853000,153321755,87670237,5153492156,5153321755,5065651518,True,135868134,207268,129961,337229,1,0,0,279675000,586639000,3958199000,4265,155860,586329,940661,389176,0,1,1,
TSLA,5000000000,double_gas_half_fees,fixed_20,1788544653000,1789154999000,3347853000,,,4108749495,,5065528608,False,530401896,123416012,259922,123675934,1,246,0,35221000,610089000,3958199000,999997,528729,1029866,1008079,6015740,0,1,1,
TSLA,5000000000,double_gas_half_fees,fixed_40,1788544653000,1789154999000,3347853000,1658543,-63870065,5001918644,5001658543,5065528608,True,697580,414536,259922,674458,1,0,0,609937000,610089000,3958199000,1000014,119,499039,249,1259282,609937000,1,1,capital_exhausted
TSLA,5000000000,double_gas_half_fees,fixed_80,1788544653000,1789154999000,3347853000,5152351,-60376257,5005412397,5005152351,5065528608,True,484176,414536,259922,674458,1,0,0,609937000,610089000,3958199000,1000035,121,499540,249,630106,609937000,1,1,capital_exhausted
TSLA,5000000000,double_gas_half_fees,fixed_160,1788544653000,1789154999000,3347853000,13762140,-51766468,5014022144,5013762140,5065528608,True,321334,414536,259922,674458,1,0,0,609937000,610161000,3958199000,1000051,181,499791,367,315602,609937000,1,1,capital_exhausted
TSLA,5000000000,double_gas_half_fees,adaptive_width,1788544653000,1789154999000,3347853000,32989756,-32538852,5049905284,5032989756,5065528608,True,125652688,4414584,259922,4674506,1,8,0,4664000,586639000,3958199000,22738,371732,1000257,956098,2071191,0,1,1,
TSLA,5000000000,double_gas_half_fees,adaptive_economic,1788544653000,1789154999000,3347853000,85072248,19543640,5085350821,5085072248,5065528608,True,67934067,414536,259922,674458,1,0,0,279675000,586639000,3958199000,4430,151993,587465,950845,389176,0,1,1,
TSLA,5000000000,partial_mint_failure,fixed_20,1788544653000,1789154999000,3347853000,,,4899272041,,5065651518,False,966633632,55834025,129961,55963986,39,153,38,30199000,558813000,3958199000,999870,528375,1011160,917313,6604939,0,1,1,
TSLA,5000000000,partial_mint_failure,fixed_40,1788544653000,1789154999000,3347853000,,,5158042210,,5065651518,False,789696365,19401950,129961,19531911,14,53,13,6960000,590188000,3958199000,999904,499109,1003611,959866,38669393,0,1,1,
TSLA,5000000000,partial_mint_failure,fixed_80,1788544653000,1789154999000,3347853000,220105256,154453738,5236888329,5220105256,5065651518,True,503080193,6036400,129961,6166361,5,16,4,2973000,604074000,3958199000,999946,509062,1001013,984077,43671357,0,1,1,
TSLA,5000000000,partial_mint_failure,fixed_160,1788544653000,1789154999000,3347853000,266721715,201070197,5277775677,5266721715,5065651518,True,287432479,1207280,129961,1337241,1,4,0,7027000,610161000,3958199000,999979,491623,994176,989053,21873774,0,1,1,
TSLA,5000000000,partial_mint_failure,adaptive_width,1788544653000,1789154999000,3347853000,185866367,120214849,5195435875,5185866367,5065651518,True,269873690,3121834,129961,3251795,3,8,2,6458000,585123000,3958199000,22222,368458,1000206,949091,2098543,0,1,1,
TSLA,5000000000,partial_mint_failure,adaptive_economic,1788544653000,1789154999000,3347853000,153321755,87670237,5153492156,5153321755,5065651518,True,135868134,207268,129961,337229,1,0,0,279675000,586639000,3958199000,4265,155860,586329,940661,389176,0,1,1,
TSLA,1000000000,pinned_fork_costs,fixed_20,1788544653000,1789154999000,3347853000,26496695,11008874,1028100850,1026496695,1015487821,True,388579924,63458027,129961,63587988,1,253,0,29094000,610089000,3958199000,999806,529113,1061431,1018940,15846893,0,1,1,
TSLA,1000000000,pinned_fork_costs,fixed_40,1788544653000,1789154999000,3347853000,89967048,74479227,1091938365,1089967048,1015487821,True,243210779,19457499,129961,19587460,1,77,0,8064000,610089000,3958199000,999960,509460,1017431,994915,7741362,0,1,1,
TSLA,1000000000,pinned_fork_costs,fixed_80,1788544653000,1789154999000,3347853000,1490768,-13997053,1001620801,1001490768,1015487821,True,282197,207268,129961,337229,1,0,0,609937000,610089000,3958199000,1000069,121,499603,249,126081,609937000,1,1,capital_exhausted
TSLA,1000000000,pinned_fork_costs,fixed_160,1788544653000,1789154999000,3347853000,3314210,-12173611,1003444213,1003314210,1015487821,True,160764,207268,129961,337229,1,0,0,609937000,610161000,3958199000,1000129,181,499854,367,63162,609937000,1,1,capital_exhausted
TSLA,1000000000,pinned_fork_costs,adaptive_width,1788544653000,1789154999000,3347853000,117785388,102297567,1118800252,1117785388,1015487821,True,230426778,17957481,129961,18087442,1,71,0,5879000,585876000,3958199000,31035,491923,1015715,965956,770613,0,1,1,
TSLA,1000000000,pinned_fork_costs,adaptive_economic,1788544653000,1789154999000,3347853000,21898298,6410477,1022033942,1021898298,1015487821,True,21952853,207268,129961,337229,1,0,0,558155000,585876000,3958199000,2655,28516,997201,941938,393102,0,1,1,
TSLA,1000000000,double_gas_half_fees,fixed_20,1788544653000,1789154999000,3347853000,-105323,-15470234,1000154704,999894677,1015364911,True,409766,414536,259922,674458,1,0,0,609937000,610089000,3958199000,1000214,114,498201,249,503628,609937000,1,1,capital_exhausted
TSLA,1000000000,double_gas_half_fees,fixed_40,1788544653000,1789154999000,3347853000,168212,-15196699,1000428199,1000168212,1015364911,True,252662,414536,259922,674458,1,0,0,609937000,610089000,3958199000,1000291,119,499205,249,251922,609937000,1,1,capital_exhausted
TSLA,1000000000,double_gas_half_fees,fixed_80,1788544653000,1789154999000,3347853000,1012476,-14352435,1001272435,1001012476,1015364911,True,141098,414536,259922,674458,1,0,0,609937000,610089000,3958199000,1000345,121,499706,249,126081,609937000,1,1,capital_exhausted
TSLA,1000000000,double_gas_half_fees,fixed_160,1788544653000,1789154999000,3347853000,2896619,-12468292,1003156562,1002896619,1015364911,True,80381,414536,259922,674458,1,0,0,609937000,610161000,3958199000,1000375,181,499957,367,63162,609937000,1,1,capital_exhausted
TSLA,1000000000,double_gas_half_fees,adaptive_width,1788544653000,1789154999000,3347853000,-2125984,-17490895,998795863,997874016,1015364911,True,29647057,5414596,259922,5674518,1,10,0,1002000,587411000,3958199000,38177,368444,1004821,958751,309374,0,1,1,
TSLA,1000000000,double_gas_half_fees,adaptive_economic,1788544653000,1789154999000,3347853000,17550309,2185398,1017813912,1017550309,1015364911,True,14364386,414536,259922,674458,1,0,0,279769000,587411000,3958199000,4074,137328,594362,951808,77897,0,1,1,
TSLA,1000000000,partial_mint_failure,fixed_20,1788544653000,1789154999000,3347853000,100546417,85058596,1102291663,1100546417,1015487821,True,333558303,49297619,129961,49427580,34,136,33,19629000,555141000,3958199000,999806,521861,1044427,924390,15868142,0,1,1,
TSLA,1000000000,partial_mint_failure,fixed_40,1788544653000,1789154999000,3347853000,103203388,87715567,1104786051,1103203388,1015487821,True,227230202,17944667,129961,18074628,13,49,12,6740000,583874000,3958199000,999960,494651,1015748,951545,7741362,0,1,1,
TSLA,1000000000,partial_mint_failure,fixed_80,1788544653000,1789154999000,3347853000,1490768,-13997053,1001620801,1001490768,1015487821,True,282197,207268,129961,337229,1,0,0,609937000,610089000,3958199000,1000069,121,499603,249,126081,609937000,1,1,capital_exhausted
TSLA,1000000000,partial_mint_failure,fixed_160,1788544653000,1789154999000,3347853000,3314210,-12173611,1003444213,1003314210,1015487821,True,160764,207268,129961,337229,1,0,0,609937000,610161000,3958199000,1000129,181,499854,367,63162,609937000,1,1,capital_exhausted
TSLA,1000000000,partial_mint_failure,adaptive_width,1788544653000,1789154999000,3347853000,103136456,87648635,1103911859,1103136456,1015487821,True,181913344,13322815,129961,13452776,10,36,9,3768000,573491000,3958199000,27603,493861,1011504,943110,748568,0,1,1,
TSLA,1000000000,partial_mint_failure,adaptive_economic,1788544653000,1789154999000,3347853000,21898298,6410477,1022033942,1021898298,1015487821,True,21952853,207268,129961,337229,1,0,0,558155000,585876000,3958199000,2655,28516,997201,941938,393102,0,1,1,
TSLA,250000000,pinned_fork_costs,fixed_20,1788544653000,1789154999000,3347853000,-8843,-3904388,250121188,249991157,253895545,True,275222,207268,129961,337229,1,0,0,609937000,610089000,3958199000,1000293,114,498408,249,125913,609937000,1,1,capital_exhausted
TSLA,250000000,pinned_fork_costs,fixed_40,1788544653000,1789154999000,3347853000,-13273,-3908818,250116727,249986727,253895545,True,150288,207268,129961,337229,1,0,0,609937000,610089000,3958199000,1000538,119,499412,249,62987,609937000,1,1,capital_exhausted
TSLA,250000000,pinned_fork_costs,fixed_80,1788544653000,1789154999000,3347853000,162820,-3732725,250292801,250162820,253895545,True,78253,207268,129961,337229,1,0,0,609937000,610089000,3958199000,1000679,121,499914,249,31524,609937000,1,1,capital_exhausted
TSLA,250000000,pinned_fork_costs,fixed_160,1788544653000,1789154999000,3347853000,618897,-3276648,250748869,250618897,253895545,True,42932,207268,129961,337229,1,0,0,609937000,610161000,3958199000,1000748,181,500165,367,15793,609937000,1,1,capital_exhausted
TSLA,250000000,pinned_fork_costs,adaptive_width,1788544653000,1789154999000,3347853000,21116950,17221405,271365591,271116950,253895545,True,62788287,17957481,129961,18087442,1,71,0,6286000,585989000,3958199000,43304,522922,1064775,994672,534176,0,1,1,
TSLA,250000000,pinned_fork_costs,adaptive_economic,1788544653000,1789154999000,3347853000,5768674,1873129,255900164,255768674,253895545,True,6030749,207268,129961,337229,1,0,0,558155000,585989000,3958199000,2630,29482,997481,940962,98277,0,1,1,
TSLA,250000000,double_gas_half_fees,fixed_20,1788544653000,1789154999000,3347853000,-483649,-4256284,249776308,249516351,253772635,True,137610,414536,259922,674458,1,0,0,609937000,610089000,3958199000,1001390,114,498822,249,125913,609937000,1,1,capital_exhausted
TSLA,250000000,double_gas_half_fees,fixed_40,1788544653000,1789154999000,3347853000,-425627,-4198262,249834314,249574373,253772635,True,75143,414536,259922,674458,1,0,0,609937000,610089000,3958199000,1001512,119,499827,249,62987,609937000,1,1,capital_exhausted
TSLA,250000000,double_gas_half_fees,fixed_80,1788544653000,1789154999000,3347853000,-213526,-3986161,250046407,249786474,253772635,True,39126,414536,259922,674458,1,0,0,609937000,610089000,3958199000,1001583,122,500329,249,31524,609937000,1,1,capital_exhausted
TSLA,250000000,double_gas_half_fees,fixed_160,1788544653000,1789154999000,3347853000,260207,-3512428,250520135,250260207,253772635,True,21465,414536,259922,674458,1,0,0,609937000,610161000,3958199000,1001617,181,500580,367,15793,609937000,1,1,capital_exhausted
TSLA,250000000,double_gas_half_fees,adaptive_width,1788544653000,1789154999000,3347853000,116498,-3656137,250450216,250116498,253772635,True,7864672,3914578,259922,4174500,1,7,0,1010000,586380000,3958199000,32274,390315,1011618,960922,261432,0,1,1,
TSLA,250000000,double_gas_half_fees,adaptive_economic,1788544653000,1789154999000,3347853000,3943049,170414,254203890,253943049,253772635,True,3635459,414536,259922,674458,1,0,0,279094000,586380000,3958199000,4770,167858,619091,951214,19456,0,1,1,
TSLA,250000000,partial_mint_failure,fixed_20,1788544653000,1789154999000,3347853000,-8843,-3904388,250121188,249991157,253895545,True,275222,207268,129961,337229,1,0,0,609937000,610089000,3958199000,1000293,114,498408,249,125913,609937000,1,1,capital_exhausted
TSLA,250000000,partial_mint_failure,fixed_40,1788544653000,1789154999000,3347853000,-13273,-3908818,250116727,249986727,253895545,True,150288,207268,129961,337229,1,0,0,609937000,610089000,3958199000,1000538,119,499412,249,62987,609937000,1,1,capital_exhausted
TSLA,250000000,partial_mint_failure,fixed_80,1788544653000,1789154999000,3347853000,162820,-3732725,250292801,250162820,253895545,True,78253,207268,129961,337229,1,0,0,609937000,610089000,3958199000,1000679,121,499914,249,31524,609937000,1,1,capital_exhausted
TSLA,250000000,partial_mint_failure,fixed_160,1788544653000,1789154999000,3347853000,618897,-3276648,250748869,250618897,253895545,True,42932,207268,129961,337229,1,0,0,609937000,610161000,3958199000,1000748,181,500165,367,15793,609937000,1,1,capital_exhausted
TSLA,250000000,partial_mint_failure,adaptive_width,1788544653000,1789154999000,3347853000,23965875,20070330,274198553,273965875,253895545,True,57704660,16237381,129961,16367342,12,44,11,6310000,571539000,3958199000,41874,542435,1052503,965186,532978,0,1,1,
TSLA,250000000,partial_mint_failure,adaptive_economic,1788544653000,1789154999000,3347853000,5768674,1873129,255900164,255768674,253895545,True,6030749,207268,129961,337229,1,0,0,558155000,585989000,3958199000,2630,29482,997481,940962,98277,0,1,1,
