symbol,budgetQuote,scenario,name,key,fromAt,toAt,navChangeQuote,holdChangeQuote,alphaQuote,feesQuote,gasQuote,actions,marks,holdingMs,outsideMs
AAPL,5000000000,pinned_fork_costs,fixed_20,2026-07-27,1785196800000,1785196800000,0,0,0,0,0,0,0,0,0
AAPL,5000000000,pinned_fork_costs,fixed_20,2026-08-03,1785715200000,1786319868000,-579734122,2891775,-582625897,129776235,27871117,124,7242,403658000,21588000
AAPL,5000000000,pinned_fork_costs,fixed_20,2026-08-10,1786320003000,1786924791000,-316494804,-52884367,-263610437,208090230,20487740,91,13787,604923000,16885000
AAPL,5000000000,pinned_fork_costs,fixed_20,2026-08-17,1786924842000,1787529440000,-423904587,35578747,-459483334,176481437,31294460,139,12875,604649000,27920000
AAPL,5000000000,pinned_fork_costs,fixed_20,2026-08-24,1787529654000,1788134317000,321757327,86096092,235661235,992809850,41425760,184,42448,604877000,19797000
AAPL,5000000000,pinned_fork_costs,fixed_20,2026-08-31,1788134406000,1788739197000,721096714,2999133,718097581,1412824112,35572120,158,88790,604880000,8622000
AAPL,5000000000,pinned_fork_costs,fixed_20,2026-09-07,1788739208000,1789154997000,481429053,88152624,393276429,1240844745,35914894,159,78719,415800000,8879000
AAPL,5000000000,pinned_fork_costs,fixed_40,2026-07-27,1785196800000,1785196800000,0,0,0,0,0,0,0,0,0
AAPL,5000000000,pinned_fork_costs,fixed_40,2026-08-03,1785715200000,1786319868000,-136321719,2891775,-139213494,136759134,6032537,27,7242,403658000,4491000
AAPL,5000000000,pinned_fork_costs,fixed_40,2026-08-10,1786320003000,1786924791000,-65492280,-52884367,-12607913,190194119,4277660,19,13787,604923000,4796000
AAPL,5000000000,pinned_fork_costs,fixed_40,2026-08-17,1786924842000,1787529440000,-173093926,35578747,-208672673,172810596,9230740,41,12875,604649000,5649000
AAPL,5000000000,pinned_fork_costs,fixed_40,2026-08-24,1787529654000,1788134317000,453737379,86096092,367641287,821447545,12832980,57,42448,604877000,5547000
AAPL,5000000000,pinned_fork_costs,fixed_40,2026-08-31,1788134406000,1788739197000,678049218,2999133,675050085,1074074654,10356440,46,88790,604880000,2150000
AAPL,5000000000,pinned_fork_costs,fixed_40,2026-09-07,1788739208000,1789154997000,463861477,88152624,375708853,902820251,12275194,54,78719,415800000,2896000
AAPL,5000000000,pinned_fork_costs,fixed_80,2026-07-27,1785196800000,1785196800000,0,0,0,0,0,0,0,0,0
AAPL,5000000000,pinned_fork_costs,fixed_80,2026-08-03,1785715200000,1786319868000,-86969015,2891775,-89860790,102965444,2655437,12,7242,403658000,2616000
AAPL,5000000000,pinned_fork_costs,fixed_80,2026-08-10,1786320003000,1786924791000,-27603103,-52884367,25281264,146553138,1801120,8,13787,604923000,2233000
AAPL,5000000000,pinned_fork_costs,fixed_80,2026-08-17,1786924842000,1787529440000,-61386287,35578747,-96965034,133849356,3151960,14,12875,604649000,1913000
AAPL,5000000000,pinned_fork_costs,fixed_80,2026-08-24,1787529654000,1788134317000,478403316,86096092,392307224,542377885,2701680,12,42448,604877000,841000
AAPL,5000000000,pinned_fork_costs,fixed_80,2026-08-31,1788134406000,1788739197000,436117749,2999133,433118616,635407922,2926820,13,88790,604880000,489000
AAPL,5000000000,pinned_fork_costs,fixed_80,2026-09-07,1788739208000,1789154997000,400134107,88152624,311981483,501719062,3044454,13,78719,415800000,691000
AAPL,5000000000,pinned_fork_costs,fixed_160,2026-07-27,1785196800000,1785196800000,0,0,0,0,0,0,0,0,0
AAPL,5000000000,pinned_fork_costs,fixed_160,2026-08-03,1785715200000,1786319868000,0,2891775,-2891775,0,0,0,7242,0,0
AAPL,5000000000,pinned_fork_costs,fixed_160,2026-08-10,1786320003000,1786924791000,30774124,-52884367,83658491,35390449,178897,1,13787,236154000,0
AAPL,5000000000,pinned_fork_costs,fixed_160,2026-08-17,1786924842000,1787529440000,87691812,35578747,52113065,78424654,225140,1,12875,604649000,84025000
AAPL,5000000000,pinned_fork_costs,fixed_160,2026-08-24,1787529654000,1788134317000,360802611,86096092,274706519,320449244,450280,2,42448,604877000,6129000
AAPL,5000000000,pinned_fork_costs,fixed_160,2026-08-31,1788134406000,1788739197000,241319233,2999133,238320100,352793170,900560,4,88790,604880000,206000
AAPL,5000000000,pinned_fork_costs,fixed_160,2026-09-07,1788739208000,1789154997000,185733308,88152624,97580684,259155270,1468474,6,78719,415800000,331000
AAPL,5000000000,pinned_fork_costs,adaptive_width,2026-07-27,1785196800000,1785196800000,0,0,0,0,0,0,0,0,0
AAPL,5000000000,pinned_fork_costs,adaptive_width,2026-08-03,1785715200000,1786319868000,4600867,2891775,1709092,8402166,178897,1,7242,48545000,0
AAPL,5000000000,pinned_fork_costs,adaptive_width,2026-08-10,1786320003000,1786924791000,-18335059,-52884367,34549308,79929401,225140,1,13787,604923000,329073000
AAPL,5000000000,pinned_fork_costs,adaptive_width,2026-08-17,1786924842000,1787529440000,12087955,35578747,-23490792,97135200,675420,3,12875,604649000,158393000
AAPL,5000000000,pinned_fork_costs,adaptive_width,2026-08-24,1787529654000,1788134317000,401924924,86096092,315828832,483495928,4052520,18,42448,604877000,3790000
AAPL,5000000000,pinned_fork_costs,adaptive_width,2026-08-31,1788134406000,1788739197000,424092800,2999133,421093667,628717387,4953080,22,88790,604880000,1151000
AAPL,5000000000,pinned_fork_costs,adaptive_width,2026-09-07,1788739208000,1789154997000,513147636,88152624,424995012,1034364804,19254534,85,78719,415800000,4997000
AAPL,5000000000,pinned_fork_costs,adaptive_economic,2026-07-27,1785196800000,1785196800000,0,0,0,0,0,0,0,0,0
AAPL,5000000000,pinned_fork_costs,adaptive_economic,2026-08-03,1785715200000,1786319868000,4600867,2891775,1709092,8402166,178897,1,7242,48545000,0
AAPL,5000000000,pinned_fork_costs,adaptive_economic,2026-08-10,1786320003000,1786924791000,-87075725,-52884367,-34191358,6038557,0,0,13787,604923000,566021000
AAPL,5000000000,pinned_fork_costs,adaptive_economic,2026-08-17,1786924842000,1787529440000,122407586,35578747,86828839,51845127,0,0,12875,604649000,382496000
AAPL,5000000000,pinned_fork_costs,adaptive_economic,2026-08-24,1787529654000,1788134317000,170609058,86096092,84512966,175724448,225140,1,42448,604877000,384977000
AAPL,5000000000,pinned_fork_costs,adaptive_economic,2026-08-31,1788134406000,1788739197000,103697,2999133,-2895436,0,0,0,88790,604880000,604880000
AAPL,5000000000,pinned_fork_costs,adaptive_economic,2026-09-07,1788739208000,1789154997000,96224315,88152624,8071691,174568844,3044454,13,78719,415800000,364086000
AAPL,5000000000,double_gas_half_fees,fixed_20,2026-07-27,1785196800000,1785196800000,0,0,0,0,0,0,0,0,0
AAPL,5000000000,double_gas_half_fees,fixed_20,2026-08-03,1785715200000,1786319868000,-669302288,2839014,-672141302,64797612,55742234,124,7242,403658000,21588000
AAPL,5000000000,double_gas_half_fees,fixed_20,2026-08-10,1786320003000,1786924791000,-430802820,-52884367,-377918453,103417077,40975480,91,13787,604923000,16885000
AAPL,5000000000,double_gas_half_fees,fixed_20,2026-08-17,1786924842000,1787529440000,-517310650,35578747,-552889397,87153222,62588920,139,12875,604649000,27920000
AAPL,5000000000,double_gas_half_fees,fixed_20,2026-08-24,1787529654000,1788134317000,-178912372,86096092,-265008464,464656218,82851520,184,42448,604877000,19797000
AAPL,5000000000,double_gas_half_fees,fixed_20,2026-08-31,1788134406000,1788739197000,15625429,2999133,12626296,591467756,71144240,158,88790,604880000,8622000
AAPL,5000000000,double_gas_half_fees,fixed_20,2026-09-07,1788739208000,1789154997000,-100724585,88101789,-188826374,460027793,71829788,159,78719,415800000,8879000
AAPL,5000000000,double_gas_half_fees,fixed_40,2026-07-27,1785196800000,1785196800000,0,0,0,0,0,0,0,0,0
AAPL,5000000000,double_gas_half_fees,fixed_40,2026-08-03,1785715200000,1786319868000,-210186797,2839014,-213025811,68242133,12065074,27,7242,403658000,4491000
AAPL,5000000000,double_gas_half_fees,fixed_40,2026-08-10,1786320003000,1786924791000,-161290328,-52884367,-108405961,94366922,8555320,19,13787,604923000,4796000
AAPL,5000000000,double_gas_half_fees,fixed_40,2026-08-17,1786924842000,1787529440000,-255134496,35578747,-290713243,85143523,18461480,41,12875,604649000,5649000
AAPL,5000000000,double_gas_half_fees,fixed_40,2026-08-24,1787529654000,1788134317000,37283175,86096092,-48812917,387453533,25665960,57,42448,604877000,5547000
AAPL,5000000000,double_gas_half_fees,fixed_40,2026-08-31,1788134406000,1788739197000,130925325,2999133,127926192,468720194,20712880,46,88790,604880000,2150000
AAPL,5000000000,double_gas_half_fees,fixed_40,2026-09-07,1788739208000,1789154997000,11848210,88101789,-76253579,361525764,24550388,54,78719,415800000,2896000
AAPL,5000000000,double_gas_half_fees,fixed_80,2026-07-27,1785196800000,1785196800000,0,0,0,0,0,0,0,0,0
AAPL,5000000000,double_gas_half_fees,fixed_80,2026-08-03,1785715200000,1786319868000,-140732911,2839014,-143571925,51366382,5310874,12,7242,403658000,2616000
AAPL,5000000000,double_gas_half_fees,fixed_80,2026-08-10,1786320003000,1786924791000,-101204715,-52884367,-48320348,72674839,3602240,8,13787,604923000,2233000
AAPL,5000000000,double_gas_half_fees,fixed_80,2026-08-17,1786924842000,1787529440000,-97839736,35578747,-133418483,66428668,5403360,12,12875,604649000,1580000
AAPL,5000000000,double_gas_half_fees,fixed_80,2026-08-24,1787529654000,1788134317000,196163568,86096092,110067476,260056477,5403360,12,42448,604877000,841000
AAPL,5000000000,double_gas_half_fees,fixed_80,2026-08-31,1788134406000,1788739197000,110412285,2999133,107413152,290183562,5853640,13,88790,604880000,489000
AAPL,5000000000,double_gas_half_fees,fixed_80,2026-09-07,1788739208000,1789154997000,126582619,88101789,38480830,216693390,6088908,13,78719,415800000,691000
AAPL,5000000000,double_gas_half_fees,fixed_160,2026-07-27,1785196800000,1785196800000,0,0,0,0,0,0,0,0,0
AAPL,5000000000,double_gas_half_fees,fixed_160,2026-08-03,1785715200000,1786319868000,0,2839014,-2839014,0,0,0,7242,0,0
AAPL,5000000000,double_gas_half_fees,fixed_160,2026-08-10,1786320003000,1786924791000,12886367,-52884367,65770734,17694606,357794,1,13787,236154000,0
AAPL,5000000000,double_gas_half_fees,fixed_160,2026-08-17,1786924842000,1787529440000,47933773,35578747,12355026,39102974,450280,1,12875,604649000,84025000
AAPL,5000000000,double_gas_half_fees,fixed_160,2026-08-24,1787529654000,1788134317000,196217598,86096092,110121506,157790057,900560,2,42448,604877000,6129000
AAPL,5000000000,double_gas_half_fees,fixed_160,2026-08-31,1788134406000,1788739197000,61624955,2999133,58625822,168446321,1801120,4,88790,604880000,206000
AAPL,5000000000,double_gas_half_fees,fixed_160,2026-09-07,1788739208000,1789154997000,49860036,88101789,-38241753,119938859,2936948,6,78719,415800000,331000
AAPL,5000000000,double_gas_half_fees,adaptive_width,2026-07-27,1785196800000,1785196800000,0,0,0,0,0,0,0,0,0
AAPL,5000000000,double_gas_half_fees,adaptive_width,2026-08-03,1785715200000,1786319868000,219921,2839014,-2619093,4201014,357794,1,7242,48545000,0
AAPL,5000000000,double_gas_half_fees,adaptive_width,2026-08-10,1786320003000,1786924791000,-58497120,-52884367,-5612753,39943316,450280,1,13787,604923000,329073000
AAPL,5000000000,double_gas_half_fees,adaptive_width,2026-08-17,1786924842000,1787529440000,-36659729,35578747,-72238476,48275403,1350840,3,12875,604649000,158393000
AAPL,5000000000,double_gas_half_fees,adaptive_width,2026-08-24,1787529654000,1788134317000,156872788,86096092,70776696,220655564,6303920,14,42448,604877000,2634000
AAPL,5000000000,double_gas_half_fees,adaptive_width,2026-08-31,1788134406000,1788739197000,37468695,2999133,34469562,248590522,9005600,20,88790,604880000,968000
AAPL,5000000000,double_gas_half_fees,adaptive_width,2026-09-07,1788739208000,1789154997000,-36784331,88101789,-124886120,328319009,25901228,57,78719,415800000,3175000
AAPL,5000000000,double_gas_half_fees,adaptive_economic,2026-07-27,1785196800000,1785196800000,0,0,0,0,0,0,0,0,0
AAPL,5000000000,double_gas_half_fees,adaptive_economic,2026-08-03,1785715200000,1786319868000,219921,2839014,-2619093,4201014,357794,1,7242,48545000,0
AAPL,5000000000,double_gas_half_fees,adaptive_economic,2026-08-10,1786320003000,1786924791000,-90018551,-52884367,-37134184,3019227,0,0,13787,604923000,566021000
AAPL,5000000000,double_gas_half_fees,adaptive_economic,2026-08-17,1786924842000,1787529440000,96451306,35578747,60872559,25922118,0,0,12875,604649000,382496000
AAPL,5000000000,double_gas_half_fees,adaptive_economic,2026-08-24,1787529654000,1788134317000,80602740,86096092,-5493352,87536553,450280,1,42448,604877000,384977000
AAPL,5000000000,double_gas_half_fees,adaptive_economic,2026-08-31,1788134406000,1788739197000,51653,2999133,-2947480,0,0,0,88790,604880000,604880000
AAPL,5000000000,double_gas_half_fees,adaptive_economic,2026-09-07,1788739208000,1789154997000,2263190,88101789,-85838599,937662,235268,0,78719,415800000,415696000
AAPL,5000000000,partial_mint_failure,fixed_20,2026-07-27,1785196800000,1785196800000,0,0,0,0,0,0,0,0,0
AAPL,5000000000,partial_mint_failure,fixed_20,2026-08-03,1785715200000,1786319868000,-462417206,2891775,-465308981,114342509,26270837,121,7242,358227000,14710000
AAPL,5000000000,partial_mint_failure,fixed_20,2026-08-10,1786320003000,1786924791000,-272777456,-52884367,-219893089,197780093,21323832,98,13787,574584000,17637000
AAPL,5000000000,partial_mint_failure,fixed_20,2026-08-17,1786924842000,1787529440000,-271684330,35578747,-307263077,155679115,24787343,114,12875,553133000,23022000
AAPL,5000000000,partial_mint_failure,fixed_20,2026-08-24,1787529654000,1788134317000,285058490,86096092,198962398,908913614,40442507,186,42448,553998000,15209000
AAPL,5000000000,partial_mint_failure,fixed_20,2026-08-31,1788134406000,1788739197000,643472346,2999133,640473213,1192186197,30860048,142,88790,570200000,6252000
AAPL,5000000000,partial_mint_failure,fixed_20,2026-09-07,1788739208000,1789154997000,453914506,88152624,365761882,926960701,28189591,129,78719,389832000,6438000
AAPL,5000000000,partial_mint_failure,fixed_40,2026-07-27,1785196800000,1785196800000,0,0,0,0,0,0,0,0,0
AAPL,5000000000,partial_mint_failure,fixed_40,2026-08-03,1785715200000,1786319868000,-160241136,2891775,-163132911,127847189,7377302,34,7242,393080000,4443000
AAPL,5000000000,partial_mint_failure,fixed_40,2026-08-10,1786320003000,1786924791000,-155185430,-52884367,-102301063,183551217,7602442,35,13787,595960000,6273000
AAPL,5000000000,partial_mint_failure,fixed_40,2026-08-17,1786924842000,1787529440000,-209417821,35578747,-244996568,158114425,10661916,49,12875,588534000,6818000
AAPL,5000000000,partial_mint_failure,fixed_40,2026-08-24,1787529654000,1788134317000,435643028,86096092,349546936,772808584,14350567,66,42448,589656000,6720000
AAPL,5000000000,partial_mint_failure,fixed_40,2026-08-31,1788134406000,1788739197000,607795988,2999133,604796855,927007817,9357319,43,88790,590971000,1737000
AAPL,5000000000,partial_mint_failure,fixed_40,2026-09-07,1788739208000,1789154997000,417257494,88152624,329104870,704307262,10958447,50,78719,402085000,2353000
AAPL,5000000000,partial_mint_failure,fixed_80,2026-07-27,1785196800000,1785196800000,0,0,0,0,0,0,0,0,0
AAPL,5000000000,partial_mint_failure,fixed_80,2026-08-03,1785715200000,1786319868000,-49327225,2891775,-52219000,107376005,2384054,11,7242,402961000,3129000
AAPL,5000000000,partial_mint_failure,fixed_80,2026-08-10,1786320003000,1786924791000,-29951184,-52884367,22933183,146527612,2158914,10,13787,601231000,2299000
AAPL,5000000000,partial_mint_failure,fixed_80,2026-08-17,1786924842000,1787529440000,-68724005,35578747,-104302752,129847224,3059474,14,12875,599190000,4164000
AAPL,5000000000,partial_mint_failure,fixed_80,2026-08-24,1787529654000,1788134317000,496408806,86096092,410312714,545365539,2609194,12,42448,601537000,783000
AAPL,5000000000,partial_mint_failure,fixed_80,2026-08-31,1788134406000,1788739197000,407483393,2999133,404484260,619524436,3688651,17,88790,601555000,622000
AAPL,5000000000,partial_mint_failure,fixed_80,2026-09-07,1788739208000,1789154997000,377869362,88152624,289716738,467671385,3356005,15,78719,411337000,540000
AAPL,5000000000,partial_mint_failure,fixed_160,2026-07-27,1785196800000,1785196800000,0,0,0,0,0,0,0,0,0
AAPL,5000000000,partial_mint_failure,fixed_160,2026-08-03,1785715200000,1786319868000,0,2891775,-2891775,0,0,0,7242,0,0
AAPL,5000000000,partial_mint_failure,fixed_160,2026-08-10,1786320003000,1786924791000,30774124,-52884367,83658491,35390449,178897,1,13787,236154000,0
AAPL,5000000000,partial_mint_failure,fixed_160,2026-08-17,1786924842000,1787529440000,87691812,35578747,52113065,78424654,225140,1,12875,604649000,84025000
AAPL,5000000000,partial_mint_failure,fixed_160,2026-08-24,1787529654000,1788134317000,360802611,86096092,274706519,320449244,450280,2,42448,604877000,6129000
AAPL,5000000000,partial_mint_failure,fixed_160,2026-08-31,1788134406000,1788739197000,206070765,2999133,203071632,345241488,1304597,6,88790,602973000,258000
AAPL,5000000000,partial_mint_failure,fixed_160,2026-09-07,1788739208000,1789154997000,209677892,88152624,121525268,249981026,1422231,6,78719,415148000,271000
AAPL,5000000000,partial_mint_failure,adaptive_width,2026-07-27,1785196800000,1785196800000,0,0,0,0,0,0,0,0,0
AAPL,5000000000,partial_mint_failure,adaptive_width,2026-08-03,1785715200000,1786319868000,4600867,2891775,1709092,8402166,178897,1,7242,48545000,0
AAPL,5000000000,partial_mint_failure,adaptive_width,2026-08-10,1786320003000,1786924791000,-18335059,-52884367,34549308,79929401,225140,1,13787,604923000,329073000
AAPL,5000000000,partial_mint_failure,adaptive_width,2026-08-17,1786924842000,1787529440000,12087955,35578747,-23490792,97135200,675420,3,12875,604649000,158393000
AAPL,5000000000,partial_mint_failure,adaptive_width,2026-08-24,1787529654000,1788134317000,348608994,86096092,262512902,398942968,3013231,14,42448,597233000,1960000
AAPL,5000000000,partial_mint_failure,adaptive_width,2026-08-31,1788134406000,1788739197000,321695924,2999133,318696791,461063854,2609194,12,88790,603114000,439000
AAPL,5000000000,partial_mint_failure,adaptive_width,2026-09-07,1788739208000,1789154997000,269879304,88152624,181726680,496028645,11859007,54,78719,404320000,2578000
AAPL,5000000000,partial_mint_failure,adaptive_economic,2026-07-27,1785196800000,1785196800000,0,0,0,0,0,0,0,0,0
AAPL,5000000000,partial_mint_failure,adaptive_economic,2026-08-03,1785715200000,1786319868000,4600867,2891775,1709092,8402166,178897,1,7242,48545000,0
AAPL,5000000000,partial_mint_failure,adaptive_economic,2026-08-10,1786320003000,1786924791000,-87075725,-52884367,-34191358,6038557,0,0,13787,604923000,566021000
AAPL,5000000000,partial_mint_failure,adaptive_economic,2026-08-17,1786924842000,1787529440000,122407586,35578747,86828839,51845127,0,0,12875,604649000,382496000
AAPL,5000000000,partial_mint_failure,adaptive_economic,2026-08-24,1787529654000,1788134317000,170609058,86096092,84512966,175724448,225140,1,42448,604877000,384977000
AAPL,5000000000,partial_mint_failure,adaptive_economic,2026-08-31,1788134406000,1788739197000,103697,2999133,-2895436,0,0,0,88790,604880000,604880000
AAPL,5000000000,partial_mint_failure,adaptive_economic,2026-09-07,1788739208000,1789154997000,98519290,88152624,10366666,155790523,2726828,12,78719,412213000,362959000
AAPL,1000000000,pinned_fork_costs,fixed_20,2026-07-27,1785196800000,1785196800000,0,0,0,0,0,0,0,0,0
AAPL,1000000000,pinned_fork_costs,fixed_20,2026-08-03,1785715200000,1786319868000,-83771567,2255053,-86026620,72889265,27871117,124,7242,403658000,21588000
AAPL,1000000000,pinned_fork_costs,fixed_20,2026-08-10,1786320003000,1786924791000,-6625311,-10613192,3987881,116251318,20487740,91,13787,604923000,16885000
AAPL,1000000000,pinned_fork_costs,fixed_20,2026-08-17,1786924842000,1787529440000,-57395833,7140183,-64536016,100635653,31294460,139,12875,604649000,27920000
AAPL,1000000000,pinned_fork_costs,fixed_20,2026-08-24,1787529654000,1788134317000,229333256,17278345,212054911,424366767,41425760,184,42448,604877000,19797000
AAPL,1000000000,pinned_fork_costs,fixed_20,2026-08-31,1788134406000,1788739197000,350904266,601886,350302380,580124065,35572120,158,88790,604880000,8622000
AAPL,1000000000,pinned_fork_costs,fixed_20,2026-09-07,1788739208000,1789154997000,225034236,17742139,207292097,494326958,35914894,159,78719,415800000,8879000
AAPL,1000000000,pinned_fork_costs,fixed_40,2026-07-27,1785196800000,1785196800000,0,0,0,0,0,0,0,0,0
AAPL,1000000000,pinned_fork_costs,fixed_40,2026-08-03,1785715200000,1786319868000,6935044,2255053,4679991,60194118,6032537,27,7242,403658000,4491000
AAPL,1000000000,pinned_fork_costs,fixed_40,2026-08-10,1786320003000,1786924791000,33015514,-10613192,43628706,85029348,4277660,19,13787,604923000,4796000
AAPL,1000000000,pinned_fork_costs,fixed_40,2026-08-17,1786924842000,1787529440000,7165099,7140183,24916,80218536,9230740,41,12875,604649000,5649000
AAPL,1000000000,pinned_fork_costs,fixed_40,2026-08-24,1787529654000,1788134317000,199534810,17278345,182256465,283113372,12832980,57,42448,604877000,5547000
AAPL,1000000000,pinned_fork_costs,fixed_40,2026-08-31,1788134406000,1788739197000,243772628,601886,243170742,346450157,10356440,46,88790,604880000,2150000
AAPL,1000000000,pinned_fork_costs,fixed_40,2026-09-07,1788739208000,1789154997000,153648905,17742139,135906766,273651910,12275194,54,78719,415800000,2896000
AAPL,1000000000,pinned_fork_costs,fixed_80,2026-07-27,1785196800000,1785196800000,0,0,0,0,0,0,0,0,0
AAPL,1000000000,pinned_fork_costs,fixed_80,2026-08-03,1785715200000,1786319868000,537562,2255053,-1717491,35414177,2655437,12,7242,403658000,1753000
AAPL,1000000000,pinned_fork_costs,fixed_80,2026-08-10,1786320003000,1786924791000,16825437,-10613192,27438629,50700029,1801120,8,13787,604923000,1604000
AAPL,1000000000,pinned_fork_costs,fixed_80,2026-08-17,1786924842000,1787529440000,7727690,7140183,587507,47827002,3602240,16,12875,604649000,2084000
AAPL,1000000000,pinned_fork_costs,fixed_80,2026-08-24,1787529654000,1788134317000,132349480,17278345,115071135,149018381,3151960,14,42448,604877000,747000
AAPL,1000000000,pinned_fork_costs,fixed_80,2026-08-31,1788134406000,1788739197000,123039896,601886,122438010,162748105,2926820,13,88790,604880000,443000
AAPL,1000000000,pinned_fork_costs,fixed_80,2026-09-07,1788739208000,1789154997000,98389881,17742139,80647742,121520703,3044454,13,78719,415800000,691000
AAPL,1000000000,pinned_fork_costs,fixed_160,2026-07-27,1785196800000,1785196800000,0,0,0,0,0,0,0,0,0
AAPL,1000000000,pinned_fork_costs,fixed_160,2026-08-03,1785715200000,1786319868000,13184886,2255053,10929833,21220698,629177,3,7242,404028000,128000
AAPL,1000000000,pinned_fork_costs,fixed_160,2026-08-10,1786320003000,1786924791000,13153624,-10613192,23766816,28316330,225140,1,13787,604923000,130000
AAPL,1000000000,pinned_fork_costs,fixed_160,2026-08-17,1786924842000,1787529440000,18174217,7140183,11034034,27573527,675420,3,12875,604649000,147000
AAPL,1000000000,pinned_fork_costs,fixed_160,2026-08-24,1787529654000,1788134317000,74730942,17278345,57452597,77029668,900560,4,42448,604877000,419000
AAPL,1000000000,pinned_fork_costs,fixed_160,2026-08-31,1788134406000,1788739197000,46794807,601886,46192921,78610798,1350840,6,88790,604880000,214000
AAPL,1000000000,pinned_fork_costs,fixed_160,2026-09-07,1788739208000,1789154997000,45204859,17742139,27462720,55162554,1243334,5,78719,415800000,270000
AAPL,1000000000,pinned_fork_costs,adaptive_width,2026-07-27,1785196800000,1785196800000,0,0,0,0,0,0,0,0,0
AAPL,1000000000,pinned_fork_costs,adaptive_width,2026-08-03,1785715200000,1786319868000,1505809,2255053,-749244,42911997,4231417,19,7242,403658000,3973000
AAPL,1000000000,pinned_fork_costs,adaptive_width,2026-08-10,1786320003000,1786924791000,14549322,-10613192,25162514,45657048,1125700,5,13787,604923000,24643000
AAPL,1000000000,pinned_fork_costs,adaptive_width,2026-08-17,1786924842000,1787529440000,-1921044,7140183,-9061227,57778595,7204480,32,12875,604649000,6064000
AAPL,1000000000,pinned_fork_costs,adaptive_width,2026-08-24,1787529654000,1788134317000,104950744,17278345,87672399,109050836,2926820,13,42448,604877000,688000
AAPL,1000000000,pinned_fork_costs,adaptive_width,2026-08-31,1788134406000,1788739197000,244126349,601886,243524463,391124219,23864840,106,88790,604880000,5107000
AAPL,1000000000,pinned_fork_costs,adaptive_width,2026-09-07,1788739208000,1789154997000,88109465,17742139,70367326,221260360,20380234,90,78719,415800000,4652000
AAPL,1000000000,pinned_fork_costs,adaptive_economic,2026-07-27,1785196800000,1785196800000,0,0,0,0,0,0,0,0,0
AAPL,1000000000,pinned_fork_costs,adaptive_economic,2026-08-03,1785715200000,1786319868000,-8786384,2255053,-11041437,4255693,404037,2,7242,403658000,373970000
AAPL,1000000000,pinned_fork_costs,adaptive_economic,2026-08-10,1786320003000,1786924791000,25831722,-10613192,36444914,38062735,450280,2,13787,604923000,398744000
AAPL,1000000000,pinned_fork_costs,adaptive_economic,2026-08-17,1786924842000,1787529440000,682489,7140183,-6457694,465812,0,0,12875,604649000,600471000
AAPL,1000000000,pinned_fork_costs,adaptive_economic,2026-08-24,1787529654000,1788134317000,40602301,17278345,23323956,54976376,2026260,9,42448,604877000,529007000
AAPL,1000000000,pinned_fork_costs,adaptive_economic,2026-08-31,1788134406000,1788739197000,92050216,601886,91448330,124426586,2476540,11,88790,604880000,456244000
AAPL,1000000000,pinned_fork_costs,adaptive_economic,2026-09-07,1788739208000,1789154997000,99108390,17742139,81366251,151636355,6196414,27,78719,415800000,269722000
AAPL,1000000000,double_gas_half_fees,fixed_20,2026-07-27,1785196800000,1785196800000,0,0,0,0,0,0,0,0,0
AAPL,1000000000,double_gas_half_fees,fixed_20,2026-08-03,1785715200000,1786319868000,-146711624,2202292,-148913916,36073383,55742234,124,7242,403658000,21588000
AAPL,1000000000,double_gas_half_fees,fixed_20,2026-08-10,1786320003000,1786924791000,-81546924,-10613192,-70933732,55941263,40975480,91,13787,604923000,16885000
AAPL,1000000000,double_gas_half_fees,fixed_20,2026-08-17,1786924842000,1787529440000,-127277467,7140183,-134417650,46896211,62588920,139,12875,604649000,27920000
AAPL,1000000000,double_gas_half_fees,fixed_20,2026-08-24,1787529654000,1788134317000,-28832191,17278345,-46110536,174257317,82851520,184,42448,604877000,19797000
AAPL,1000000000,double_gas_half_fees,fixed_20,2026-08-31,1788134406000,1788739197000,4322313,601886,3720427,198294092,71144240,158,88790,604880000,8622000
AAPL,1000000000,double_gas_half_fees,fixed_20,2026-09-07,1788739208000,1789154997000,-56630597,17691304,-74321901,141981487,71829788,159,78719,415800000,8879000
AAPL,1000000000,double_gas_half_fees,fixed_40,2026-07-27,1785196800000,1785196800000,0,0,0,0,0,0,0,0,0
AAPL,1000000000,double_gas_half_fees,fixed_40,2026-08-03,1785715200000,1786319868000,-29206759,2202292,-31409051,29817424,12065074,27,7242,403658000,4491000
AAPL,1000000000,double_gas_half_fees,fixed_40,2026-08-10,1786320003000,1786924791000,-13432390,-10613192,-2819198,41120671,8555320,19,13787,604923000,4796000
AAPL,1000000000,double_gas_half_fees,fixed_40,2026-08-17,1786924842000,1787529440000,-38557152,7140183,-45697335,37731481,18461480,41,12875,604649000,5649000
AAPL,1000000000,double_gas_half_fees,fixed_40,2026-08-24,1787529654000,1788134317000,36857873,17278345,19579528,122581737,25665960,57,42448,604877000,5547000
AAPL,1000000000,double_gas_half_fees,fixed_40,2026-08-31,1788134406000,1788739197000,44711728,601886,44109842,133553243,20712880,46,88790,604880000,2150000
AAPL,1000000000,double_gas_half_fees,fixed_40,2026-09-07,1788739208000,1789154997000,-2941947,17691304,-20633251,94702204,24550388,54,78719,415800000,2896000
AAPL,1000000000,double_gas_half_fees,fixed_80,2026-07-27,1785196800000,1785196800000,0,0,0,0,0,0,0,0,0
AAPL,1000000000,double_gas_half_fees,fixed_80,2026-08-03,1785715200000,1786319868000,-19803841,2202292,-22006133,17592035,5310874,12,7242,403658000,1753000
AAPL,1000000000,double_gas_half_fees,fixed_80,2026-08-10,1786320003000,1786924791000,-10281089,-10613192,332103,24775857,3602240,8,13787,604923000,1604000
AAPL,1000000000,double_gas_half_fees,fixed_80,2026-08-17,1786924842000,1787529440000,-18599923,7140183,-25740106,22904989,7204480,16,12875,604649000,2084000
AAPL,1000000000,double_gas_half_fees,fixed_80,2026-08-24,1787529654000,1788134317000,49497719,17278345,32219374,68199075,6303920,14,42448,604877000,747000
AAPL,1000000000,double_gas_half_fees,fixed_80,2026-08-31,1788134406000,1788739197000,33213347,601886,32611461,70000131,5853640,13,88790,604880000,443000
AAPL,1000000000,double_gas_half_fees,fixed_80,2026-09-07,1788739208000,1789154997000,26600450,17691304,8909146,49101848,6088908,13,78719,415800000,691000
AAPL,1000000000,double_gas_half_fees,fixed_160,2026-07-27,1785196800000,1785196800000,0,0,0,0,0,0,0,0,0
AAPL,1000000000,double_gas_half_fees,fixed_160,2026-08-03,1785715200000,1786319868000,1929093,2202292,-273199,10597158,1258354,3,7242,404028000,128000
AAPL,1000000000,double_gas_half_fees,fixed_160,2026-08-10,1786320003000,1786924791000,-1278510,-10613192,9334682,14019515,450280,1,13787,604923000,130000
AAPL,1000000000,double_gas_half_fees,fixed_160,2026-08-17,1786924842000,1787529440000,3602435,7140183,-3537748,13462049,1350840,3,12875,604649000,147000
AAPL,1000000000,double_gas_half_fees,fixed_160,2026-08-24,1787529654000,1788134317000,33545860,17278345,16267515,36756010,1801120,4,42448,604877000,419000
AAPL,1000000000,double_gas_half_fees,fixed_160,2026-08-31,1788134406000,1788739197000,5663781,601886,5061895,36190980,2701680,6,88790,604880000,214000
AAPL,1000000000,double_gas_half_fees,fixed_160,2026-09-07,1788739208000,1789154997000,14157846,17691304,-3533458,24608412,2486668,5,78719,415800000,270000
AAPL,1000000000,double_gas_half_fees,adaptive_width,2026-07-27,1785196800000,1785196800000,0,0,0,0,0,0,0,0,0
AAPL,1000000000,double_gas_half_fees,adaptive_width,2026-08-03,1785715200000,1786319868000,1121975,2202292,-1080317,10572348,1258354,3,7242,403658000,129000
AAPL,1000000000,double_gas_half_fees,adaptive_width,2026-08-10,1786320003000,1786924791000,-1247939,-10613192,9365253,13988798,450280,1,13787,604923000,1521000
AAPL,1000000000,double_gas_half_fees,adaptive_width,2026-08-17,1786924842000,1787529440000,-18714845,7140183,-25855028,20827271,7654760,17,12875,604649000,2145000
AAPL,1000000000,double_gas_half_fees,adaptive_width,2026-08-24,1787529654000,1788134317000,31521377,17278345,14243032,40648567,4502800,10,42448,604877000,547000
AAPL,1000000000,double_gas_half_fees,adaptive_width,2026-08-31,1788134406000,1788739197000,14749838,601886,14147952,68306476,12157560,27,88790,604880000,1614000
AAPL,1000000000,double_gas_half_fees,adaptive_width,2026-09-07,1788739208000,1789154997000,-6106798,17691304,-23798102,47544764,16895628,37,78719,415800000,1708000
AAPL,1000000000,double_gas_half_fees,adaptive_economic,2026-07-27,1785196800000,1785196800000,0,0,0,0,0,0,0,0,0
AAPL,1000000000,double_gas_half_fees,adaptive_economic,2026-08-03,1785715200000,1786319868000,-8708098,2202292,-10910390,1982109,808074,2,7242,403658000,357271000
AAPL,1000000000,double_gas_half_fees,adaptive_economic,2026-08-10,1786320003000,1786924791000,9937936,-10613192,20551128,13529537,0,0,13787,604923000,38360000
AAPL,1000000000,double_gas_half_fees,adaptive_economic,2026-08-17,1786924842000,1787529440000,11734830,7140183,4594647,7990003,0,0,12875,604649000,189093000
AAPL,1000000000,double_gas_half_fees,adaptive_economic,2026-08-24,1787529654000,1788134317000,7447362,17278345,-9830983,6908352,0,0,42448,604877000,417286000
AAPL,1000000000,double_gas_half_fees,adaptive_economic,2026-08-31,1788134406000,1788739197000,18006,601886,-583880,0,0,0,88790,604880000,604880000
AAPL,1000000000,double_gas_half_fees,adaptive_economic,2026-09-07,1788739208000,1789154997000,320664,17691304,-17370640,22229,235268,0,78719,415800000,415768000
AAPL,1000000000,partial_mint_failure,fixed_20,2026-07-27,1785196800000,1785196800000,0,0,0,0,0,0,0,0,0
AAPL,1000000000,partial_mint_failure,fixed_20,2026-08-03,1785715200000,1786319868000,-43016078,2255053,-45271131,63101565,21052449,97,7242,331973000,13618000
AAPL,1000000000,partial_mint_failure,fixed_20,2026-08-10,1786320003000,1786924791000,-7863733,-10613192,2749459,107856070,20873552,96,13787,551788000,16475000
AAPL,1000000000,partial_mint_failure,fixed_20,2026-08-17,1786924842000,1787529440000,-15735659,7140183,-22875842,82710244,21323832,98,12875,539751000,20131000
AAPL,1000000000,partial_mint_failure,fixed_20,2026-08-24,1787529654000,1788134317000,179598796,17278345,162320451,361199427,40442507,186,42448,544102000,15082000
AAPL,1000000000,partial_mint_failure,fixed_20,2026-08-31,1788134406000,1788739197000,222567367,601886,221965481,393406743,30860048,142,88790,563233000,6969000
AAPL,1000000000,partial_mint_failure,fixed_20,2026-09-07,1788739208000,1789154997000,175950798,17742139,158208659,326338989,28189591,129,78719,389252000,6325000
AAPL,1000000000,partial_mint_failure,fixed_40,2026-07-27,1785196800000,1785196800000,0,0,0,0,0,0,0,0,0
AAPL,1000000000,partial_mint_failure,fixed_40,2026-08-03,1785715200000,1786319868000,-2291298,2255053,-4546351,56255484,7377302,34,7242,392077000,4433000
AAPL,1000000000,partial_mint_failure,fixed_40,2026-08-10,1786320003000,1786924791000,23424716,-10613192,34037908,81426069,6297845,29,13787,589241000,4565000
AAPL,1000000000,partial_mint_failure,fixed_40,2026-08-17,1786924842000,1787529440000,5258943,7140183,-1881240,71746744,9357319,43,12875,582064000,6051000
AAPL,1000000000,partial_mint_failure,fixed_40,2026-08-24,1787529654000,1788134317000,184624512,17278345,167346167,265776299,14350567,66,42448,588525000,6658000
AAPL,1000000000,partial_mint_failure,fixed_40,2026-08-31,1788134406000,1788739197000,221890627,601886,221288741,294426800,8052722,37,88790,589753000,1604000
AAPL,1000000000,partial_mint_failure,fixed_40,2026-09-07,1788739208000,1789154997000,133218313,17742139,115476174,213292470,10958447,50,78719,402085000,2353000
AAPL,1000000000,partial_mint_failure,fixed_80,2026-07-27,1785196800000,1785196800000,0,0,0,0,0,0,0,0,0
AAPL,1000000000,partial_mint_failure,fixed_80,2026-08-03,1785715200000,1786319868000,7790996,2255053,5535943,36830814,2384054,11,7242,402961000,2266000
AAPL,1000000000,partial_mint_failure,fixed_80,2026-08-10,1786320003000,1786924791000,18081808,-10613192,28695000,50928554,2158914,10,13787,601231000,2321000
AAPL,1000000000,partial_mint_failure,fixed_80,2026-08-17,1786924842000,1787529440000,1589843,7140183,-5550340,45670898,4138931,19,12875,597371000,2643000
AAPL,1000000000,partial_mint_failure,fixed_80,2026-08-24,1787529654000,1788134317000,115357150,17278345,98078805,141172497,4542968,21,42448,598703000,797000
AAPL,1000000000,partial_mint_failure,fixed_80,2026-08-31,1788134406000,1788739197000,125891002,601886,125289116,159878294,2834334,13,88790,603223000,424000
AAPL,1000000000,partial_mint_failure,fixed_80,2026-09-07,1788739208000,1789154997000,77546579,17742139,59804440,109891271,4031425,18,78719,412591000,856000
AAPL,1000000000,partial_mint_failure,fixed_160,2026-07-27,1785196800000,1785196800000,0,0,0,0,0,0,0,0,0
AAPL,1000000000,partial_mint_failure,fixed_160,2026-08-03,1785715200000,1786319868000,13184886,2255053,10929833,21220698,629177,3,7242,404028000,128000
AAPL,1000000000,partial_mint_failure,fixed_160,2026-08-10,1786320003000,1786924791000,13153624,-10613192,23766816,28316330,225140,1,13787,604923000,130000
AAPL,1000000000,partial_mint_failure,fixed_160,2026-08-17,1786924842000,1787529440000,16256282,7140183,9116099,26956892,854317,4,12875,602870000,172000
AAPL,1000000000,partial_mint_failure,fixed_160,2026-08-24,1787529654000,1788134317000,74216441,17278345,56938096,76646800,1079457,5,42448,603580000,419000
AAPL,1000000000,partial_mint_failure,fixed_160,2026-08-31,1788134406000,1788739197000,55752533,601886,55150647,78203068,900560,4,88790,604880000,220000
AAPL,1000000000,partial_mint_failure,fixed_160,2026-09-07,1788739208000,1789154997000,39464013,17742139,21721874,53589091,1826268,8,78719,414053000,219000
AAPL,1000000000,partial_mint_failure,adaptive_width,2026-07-27,1785196800000,1785196800000,0,0,0,0,0,0,0,0,0
AAPL,1000000000,partial_mint_failure,adaptive_width,2026-08-03,1785715200000,1786319868000,-1704036,2255053,-3959089,25973487,2788091,13,7242,400746000,1817000
AAPL,1000000000,partial_mint_failure,adaptive_width,2026-08-10,1786320003000,1786924791000,12263116,-10613192,22876308,27858403,225140,1,13787,604923000,1917000
AAPL,1000000000,partial_mint_failure,adaptive_width,2026-08-17,1786924842000,1787529440000,17538898,7140183,10398715,33981462,1529737,7,12875,603865000,225000
AAPL,1000000000,partial_mint_failure,adaptive_width,2026-08-24,1787529654000,1788134317000,110433881,17278345,93155536,107459100,1754877,8,42448,604086000,371000
AAPL,1000000000,partial_mint_failure,adaptive_width,2026-08-31,1788134406000,1788739197000,205422590,601886,204820704,344847949,24337063,112,88790,571781000,5248000
AAPL,1000000000,partial_mint_failure,adaptive_width,2026-09-07,1788739208000,1789154997000,72830130,17742139,55087991,171288311,18832272,86,78719,397049000,3906000
AAPL,1000000000,partial_mint_failure,adaptive_economic,2026-07-27,1785196800000,1785196800000,0,0,0,0,0,0,0,0,0
AAPL,1000000000,partial_mint_failure,adaptive_economic,2026-08-03,1785715200000,1786319868000,-8786384,2255053,-11041437,4255693,404037,2,7242,403658000,373970000
AAPL,1000000000,partial_mint_failure,adaptive_economic,2026-08-10,1786320003000,1786924791000,25831722,-10613192,36444914,38062735,450280,2,13787,604923000,398744000
AAPL,1000000000,partial_mint_failure,adaptive_economic,2026-08-17,1786924842000,1787529440000,682489,7140183,-6457694,465812,0,0,12875,604649000,600471000
AAPL,1000000000,partial_mint_failure,adaptive_economic,2026-08-24,1787529654000,1788134317000,30785112,17278345,13506767,45449406,2384054,11,42448,601917000,529007000
AAPL,1000000000,partial_mint_failure,adaptive_economic,2026-08-31,1788134406000,1788739197000,83460613,601886,82858727,112086803,2158914,10,88790,600754000,430622000
AAPL,1000000000,partial_mint_failure,adaptive_economic,2026-09-07,1788739208000,1789154997000,98426240,17742139,80684101,123978348,3177108,14,78719,409838000,230508000
AAPL,250000000,pinned_fork_costs,fixed_20,2026-07-27,1785196800000,1785196800000,0,0,0,0,0,0,0,0,0
AAPL,250000000,pinned_fork_costs,fixed_20,2026-08-03,1785715200000,1786319868000,-30512512,605095,-31117607,27987875,27871117,124,7242,403658000,21588000
AAPL,250000000,pinned_fork_costs,fixed_20,2026-08-10,1786320003000,1786924791000,177922,-2655008,2832930,46467142,20487740,91,13787,604923000,16885000
AAPL,250000000,pinned_fork_costs,fixed_20,2026-08-17,1786924842000,1787529440000,-22828710,1786196,-24614906,42806464,31294460,139,12875,604649000,27920000
AAPL,250000000,pinned_fork_costs,fixed_20,2026-08-24,1787529654000,1788134317000,69870983,4322369,65548614,156260108,41425760,184,42448,604877000,19797000
AAPL,250000000,pinned_fork_costs,fixed_20,2026-08-31,1788134406000,1788739197000,117680203,150569,117529634,216068654,35572120,158,88790,604880000,8622000
AAPL,250000000,pinned_fork_costs,fixed_20,2026-09-07,1788739208000,1789154997000,67125444,4404594,62720850,182085827,35914894,159,78719,415800000,8879000
AAPL,250000000,pinned_fork_costs,fixed_40,2026-07-27,1785196800000,1785196800000,0,0,0,0,0,0,0,0,0
AAPL,250000000,pinned_fork_costs,fixed_40,2026-08-03,1785715200000,1786319868000,2533426,605095,1928331,19537257,6032537,27,7242,403658000,4491000
AAPL,250000000,pinned_fork_costs,fixed_40,2026-08-10,1786320003000,1786924791000,12579033,-2655008,15234041,28378839,4277660,19,13787,604923000,4796000
AAPL,250000000,pinned_fork_costs,fixed_40,2026-08-17,1786924842000,1787529440000,3703622,1786196,1917426,27999383,9230740,41,12875,604649000,5649000
AAPL,250000000,pinned_fork_costs,fixed_40,2026-08-24,1787529654000,1788134317000,56482144,4322369,52159775,87146822,12832980,57,42448,604877000,5547000
AAPL,250000000,pinned_fork_costs,fixed_40,2026-08-31,1788134406000,1788739197000,69294470,150569,69143901,105023697,10356440,46,88790,604880000,2150000
AAPL,250000000,pinned_fork_costs,fixed_40,2026-09-07,1788739208000,1789154997000,38700910,4404594,34296316,81223137,12275194,54,78719,415800000,2896000
AAPL,250000000,pinned_fork_costs,fixed_80,2026-07-27,1785196800000,1785196800000,0,0,0,0,0,0,0,0,0
AAPL,250000000,pinned_fork_costs,fixed_80,2026-08-03,1785715200000,1786319868000,120965,605095,-484130,10229886,2655437,12,7242,403658000,1753000
AAPL,250000000,pinned_fork_costs,fixed_80,2026-08-10,1786320003000,1786924791000,5356970,-2655008,8011978,14810911,1801120,8,13787,604923000,1604000
AAPL,250000000,pinned_fork_costs,fixed_80,2026-08-17,1786924842000,1787529440000,2365209,1786196,579013,14271225,3602240,16,12875,604649000,2084000
AAPL,250000000,pinned_fork_costs,fixed_80,2026-08-24,1787529654000,1788134317000,34757077,4322369,30434708,40880425,3151960,14,42448,604877000,747000
AAPL,250000000,pinned_fork_costs,fixed_80,2026-08-31,1788134406000,1788739197000,31599211,150569,31448642,43853159,2926820,13,88790,604880000,443000
AAPL,250000000,pinned_fork_costs,fixed_80,2026-09-07,1788739208000,1789154997000,24128526,4404594,19723932,32281699,3044454,13,78719,415800000,691000
AAPL,250000000,pinned_fork_costs,fixed_160,2026-07-27,1785196800000,1785196800000,0,0,0,0,0,0,0,0,0
AAPL,250000000,pinned_fork_costs,fixed_160,2026-08-03,1785715200000,1786319868000,3445072,605095,2839977,5722995,629177,3,7242,404028000,128000
AAPL,250000000,pinned_fork_costs,fixed_160,2026-08-10,1786320003000,1786924791000,3796788,-2655008,6451796,7668591,225140,1,13787,604923000,130000
AAPL,250000000,pinned_fork_costs,fixed_160,2026-08-17,1786924842000,1787529440000,4888420,1786196,3102224,7537342,675420,3,12875,604649000,147000
AAPL,250000000,pinned_fork_costs,fixed_160,2026-08-24,1787529654000,1788134317000,18978656,4322369,14656287,20032190,900560,4,42448,604877000,419000
AAPL,250000000,pinned_fork_costs,fixed_160,2026-08-31,1788134406000,1788739197000,11293349,150569,11142780,20203249,1350840,6,88790,604880000,214000
AAPL,250000000,pinned_fork_costs,fixed_160,2026-09-07,1788739208000,1789154997000,10679655,4404594,6275061,14056636,1243334,5,78719,415800000,270000
AAPL,250000000,pinned_fork_costs,adaptive_width,2026-07-27,1785196800000,1785196800000,0,0,0,0,0,0,0,0,0
AAPL,250000000,pinned_fork_costs,adaptive_width,2026-08-03,1785715200000,1786319868000,3243753,605095,2638658,5709283,629177,3,7242,403658000,129000
AAPL,250000000,pinned_fork_costs,adaptive_width,2026-08-10,1786320003000,1786924791000,3771768,-2655008,6426776,7651100,225140,1,13787,604923000,1521000
AAPL,250000000,pinned_fork_costs,adaptive_width,2026-08-17,1786924842000,1787529440000,-970913,1786196,-2757109,11452988,4727940,21,12875,604649000,2583000
AAPL,250000000,pinned_fork_costs,adaptive_width,2026-08-24,1787529654000,1788134317000,30131596,4322369,25809227,49725270,11482140,51,42448,604877000,3455000
AAPL,250000000,pinned_fork_costs,adaptive_width,2026-08-31,1788134406000,1788739197000,78856582,150569,78706013,142159594,26341380,117,88790,604880000,5839000
AAPL,250000000,pinned_fork_costs,adaptive_width,2026-09-07,1788739208000,1789154997000,28055042,4404594,23650448,97753801,26459014,117,78719,415800000,6557000
AAPL,250000000,pinned_fork_costs,adaptive_economic,2026-07-27,1785196800000,1785196800000,0,0,0,0,0,0,0,0,0
AAPL,250000000,pinned_fork_costs,adaptive_economic,2026-08-03,1785715200000,1786319868000,6100034,605095,5494939,5782713,178897,1,7242,403658000,77000
AAPL,250000000,pinned_fork_costs,adaptive_economic,2026-08-10,1786320003000,1786924791000,-2208139,-2655008,446869,1442040,0,0,13787,604923000,445077000
AAPL,250000000,pinned_fork_costs,adaptive_economic,2026-08-17,1786924842000,1787529440000,8075519,1786196,6289323,5218069,0,0,12875,604649000,152598000
AAPL,250000000,pinned_fork_costs,adaptive_economic,2026-08-24,1787529654000,1788134317000,12074385,4322369,7752016,10446427,0,0,42448,604877000,216186000
AAPL,250000000,pinned_fork_costs,adaptive_economic,2026-08-31,1788134406000,1788739197000,28468844,150569,28318275,33553745,900560,4,88790,604880000,451697000
AAPL,250000000,pinned_fork_costs,adaptive_economic,2026-09-07,1788739208000,1789154997000,-7530935,4404594,-11935529,3242305,1243334,5,78719,415800000,414959000
AAPL,250000000,double_gas_half_fees,fixed_20,2026-07-27,1785196800000,1785196800000,0,0,0,0,0,0,0,0,0
AAPL,250000000,double_gas_half_fees,fixed_20,2026-08-03,1785715200000,1786319868000,-72086738,552334,-72639072,13674880,55742234,124,7242,403658000,21588000
AAPL,250000000,double_gas_half_fees,fixed_20,2026-08-10,1786320003000,1786924791000,-43247210,-2655008,-40592202,21379665,40975480,91,13787,604923000,16885000
AAPL,250000000,double_gas_half_fees,fixed_20,2026-08-17,1786924842000,1787529440000,-72592508,1786196,-74378704,18405856,62588920,139,12875,604649000,27920000
AAPL,250000000,double_gas_half_fees,fixed_20,2026-08-24,1787529654000,1788134317000,-58052673,4322369,-62375042,56905943,82851520,184,42448,604877000,19797000
AAPL,250000000,double_gas_half_fees,fixed_20,2026-08-31,1788134406000,1788739197000,-4068917,150569,-4219486,2618757,4052520,9,88790,604880000,849000
AAPL,250000000,double_gas_half_fees,fixed_20,2026-09-07,1788739208000,1789154997000,-235268,4353759,-4589027,0,235268,0,78719,415800000,0
AAPL,250000000,double_gas_half_fees,fixed_40,2026-07-27,1785196800000,1785196800000,0,0,0,0,0,0,0,0,0
AAPL,250000000,double_gas_half_fees,fixed_40,2026-08-03,1785715200000,1786319868000,-13341428,552334,-13893762,9618720,12065074,27,7242,403658000,4491000
AAPL,250000000,double_gas_half_fees,fixed_40,2026-08-10,1786320003000,1786924791000,-6130466,-2655008,-3475458,13429995,8555320,19,13787,604923000,4796000
AAPL,250000000,double_gas_half_fees,fixed_40,2026-08-17,1786924842000,1787529440000,-19135288,1786196,-20921484,12637168,18461480,41,12875,604649000,5649000
AAPL,250000000,double_gas_half_fees,fixed_40,2026-08-24,1787529654000,1788134317000,-4574204,4322369,-8896573,35731897,25665960,57,42448,604877000,5547000
AAPL,250000000,double_gas_half_fees,fixed_40,2026-08-31,1788134406000,1788739197000,-717183,150569,-867752,37769451,20712880,46,88790,604880000,2150000
AAPL,250000000,double_gas_half_fees,fixed_40,2026-09-07,1788739208000,1789154997000,-17818796,4353759,-22172555,26115466,24550388,54,78719,415800000,2896000
AAPL,250000000,double_gas_half_fees,fixed_80,2026-07-27,1785196800000,1785196800000,0,0,0,0,0,0,0,0,0
AAPL,250000000,double_gas_half_fees,fixed_80,2026-08-03,1785715200000,1786319868000,-7659871,552334,-8212205,5070518,5310874,12,7242,403658000,1753000
AAPL,250000000,double_gas_half_fees,fixed_80,2026-08-10,1786320003000,1786924791000,-3911559,-2655008,-1256551,7182956,3602240,8,13787,604923000,1604000
AAPL,250000000,double_gas_half_fees,fixed_80,2026-08-17,1786924842000,1787529440000,-8227199,1786196,-10013395,6734204,7204480,16,12875,604649000,2084000
AAPL,250000000,double_gas_half_fees,fixed_80,2026-08-24,1787529654000,1788134317000,9350970,4322369,5028601,18380238,6303920,14,42448,604877000,747000
AAPL,250000000,double_gas_half_fees,fixed_80,2026-08-31,1788134406000,1788739197000,4880987,150569,4730418,18467902,5853640,13,88790,604880000,443000
AAPL,250000000,double_gas_half_fees,fixed_80,2026-09-07,1788739208000,1789154997000,2552847,4353759,-1800912,12760197,6088908,13,78719,415800000,691000
AAPL,250000000,double_gas_half_fees,fixed_160,2026-07-27,1785196800000,1785196800000,0,0,0,0,0,0,0,0,0
AAPL,250000000,double_gas_half_fees,fixed_160,2026-08-03,1785715200000,1786319868000,-51271,552334,-603605,2856776,1258354,3,7242,404028000,128000
AAPL,250000000,double_gas_half_fees,fixed_160,2026-08-10,1786320003000,1786924791000,-283465,-2655008,2371543,3789674,450280,1,13787,604923000,130000
AAPL,250000000,double_gas_half_fees,fixed_160,2026-08-17,1786924842000,1787529440000,389864,1786196,-1396332,3664779,1350840,3,12875,604649000,147000
AAPL,250000000,double_gas_half_fees,fixed_160,2026-08-24,1787529654000,1788134317000,7535467,4322369,3213098,9509862,1801120,4,42448,604877000,419000
AAPL,250000000,double_gas_half_fees,fixed_160,2026-08-31,1788134406000,1788739197000,-340708,150569,-491277,9240177,2701680,6,88790,604880000,214000
AAPL,250000000,double_gas_half_fees,fixed_160,2026-09-07,1788739208000,1789154997000,1793395,4353759,-2560364,6226928,2486668,5,78719,415800000,270000
AAPL,250000000,double_gas_half_fees,adaptive_width,2026-07-27,1785196800000,1785196800000,0,0,0,0,0,0,0,0,0
AAPL,250000000,double_gas_half_fees,adaptive_width,2026-08-03,1785715200000,1786319868000,-245662,552334,-797996,2849985,1258354,3,7242,403658000,129000
AAPL,250000000,double_gas_half_fees,adaptive_width,2026-08-10,1786320003000,1786924791000,-300149,-2655008,2354859,3780913,450280,1,13787,604923000,1521000
AAPL,250000000,double_gas_half_fees,adaptive_width,2026-08-17,1786924842000,1787529440000,-3686482,1786196,-5472678,5033366,3602240,8,12875,604649000,529000
AAPL,250000000,double_gas_half_fees,adaptive_width,2026-08-24,1787529654000,1788134317000,7440956,4322369,3118587,11083109,3602240,8,42448,604877000,624000
AAPL,250000000,double_gas_half_fees,adaptive_width,2026-08-31,1788134406000,1788739197000,-2137375,150569,-2287944,17490528,10806720,24,88790,604880000,1232000
AAPL,250000000,double_gas_half_fees,adaptive_width,2026-09-07,1788739208000,1789154997000,-13679879,4353759,-18033638,12537585,16895628,37,78719,415800000,1708000
AAPL,250000000,double_gas_half_fees,adaptive_economic,2026-07-27,1785196800000,1785196800000,0,0,0,0,0,0,0,0,0
AAPL,250000000,double_gas_half_fees,adaptive_economic,2026-08-03,1785715200000,1786319868000,3026660,552334,2474326,2890610,357794,1,7242,403658000,77000
AAPL,250000000,double_gas_half_fees,adaptive_economic,2026-08-10,1786320003000,1786924791000,-2895978,-2655008,-240970,720748,0,0,13787,604923000,445077000
AAPL,250000000,double_gas_half_fees,adaptive_economic,2026-08-17,1786924842000,1787529440000,5439182,1786196,3652986,2608229,0,0,12875,604649000,152598000
AAPL,250000000,double_gas_half_fees,adaptive_economic,2026-08-24,1787529654000,1788134317000,6662359,4322369,2339990,5221096,0,0,42448,604877000,216186000
AAPL,250000000,double_gas_half_fees,adaptive_economic,2026-08-31,1788134406000,1788739197000,501311,150569,350742,488912,0,0,88790,604880000,583855000
AAPL,250000000,double_gas_half_fees,adaptive_economic,2026-09-07,1788739208000,1789154997000,1741785,4353759,-2611974,1708159,235268,0,78719,415800000,378578000
AAPL,250000000,partial_mint_failure,fixed_20,2026-07-27,1785196800000,1785196800000,0,0,0,0,0,0,0,0,0
AAPL,250000000,partial_mint_failure,fixed_20,2026-08-03,1785715200000,1786319868000,-14586308,605095,-15191403,23644154,19747852,91,7242,329154000,13214000
AAPL,250000000,partial_mint_failure,fixed_20,2026-08-10,1786320003000,1786924791000,-152791,-2655008,2502217,41385799,19390058,89,13787,519320000,16040000
AAPL,250000000,partial_mint_failure,fixed_20,2026-08-17,1786924842000,1787529440000,-3881714,1786196,-5667910,34718635,20198132,93,12875,539872000,18444000
AAPL,250000000,partial_mint_failure,fixed_20,2026-08-24,1787529654000,1788134317000,59975198,4322369,55652829,138841364,39588190,182,42448,546208000,14960000
AAPL,250000000,partial_mint_failure,fixed_20,2026-08-31,1788134406000,1788739197000,66057384,150569,65906815,141224582,30409768,140,88790,562099000,6895000
AAPL,250000000,partial_mint_failure,fixed_20,2026-09-07,1788739208000,1789154997000,41529556,4404594,37124962,108810071,28189591,129,78719,387863000,6245000
AAPL,250000000,partial_mint_failure,fixed_40,2026-07-27,1785196800000,1785196800000,0,0,0,0,0,0,0,0,0
AAPL,250000000,partial_mint_failure,fixed_40,2026-08-03,1785715200000,1786319868000,-1357767,605095,-1962862,18231618,7377302,34,7242,392077000,4433000
AAPL,250000000,partial_mint_failure,fixed_40,2026-08-10,1786320003000,1786924791000,8444460,-2655008,11099468,27062750,6297845,29,13787,589130000,4565000
AAPL,250000000,partial_mint_failure,fixed_40,2026-08-17,1786924842000,1787529440000,1762447,1786196,-23749,24710031,9357319,43,12875,582064000,6051000
AAPL,250000000,partial_mint_failure,fixed_40,2026-08-24,1787529654000,1788134317000,52580395,4322369,48258026,80440735,13045970,60,42448,588155000,5875000
AAPL,250000000,partial_mint_failure,fixed_40,2026-08-31,1788134406000,1788739197000,62047697,150569,61897128,88109534,8052722,37,88790,589753000,1604000
AAPL,250000000,partial_mint_failure,fixed_40,2026-09-07,1788739208000,1789154997000,33912048,4404594,29507454,62780059,10958447,50,78719,401489000,2369000
AAPL,250000000,partial_mint_failure,fixed_80,2026-07-27,1785196800000,1785196800000,0,0,0,0,0,0,0,0,0
AAPL,250000000,partial_mint_failure,fixed_80,2026-08-03,1785715200000,1786319868000,2091721,605095,1486626,10626236,2384054,11,7242,402961000,2266000
AAPL,250000000,partial_mint_failure,fixed_80,2026-08-10,1786320003000,1786924791000,5403291,-2655008,8058299,14886017,2158914,10,13787,601231000,2321000
AAPL,250000000,partial_mint_failure,fixed_80,2026-08-17,1786924842000,1787529440000,307730,1786196,-1478466,13600461,4138931,19,12875,597371000,2643000
AAPL,250000000,partial_mint_failure,fixed_80,2026-08-24,1787529654000,1788134317000,29379909,4322369,25057540,38687957,4542968,21,42448,598703000,797000
AAPL,250000000,partial_mint_failure,fixed_80,2026-08-31,1788134406000,1788739197000,32367609,150569,32217040,43051308,2834334,13,88790,603223000,424000
AAPL,250000000,partial_mint_failure,fixed_80,2026-09-07,1788739208000,1789154997000,17858492,4404594,13453898,29167063,4031425,18,78719,412591000,856000
AAPL,250000000,partial_mint_failure,fixed_160,2026-07-27,1785196800000,1785196800000,0,0,0,0,0,0,0,0,0
AAPL,250000000,partial_mint_failure,fixed_160,2026-08-03,1785715200000,1786319868000,3445072,605095,2839977,5722995,629177,3,7242,404028000,128000
AAPL,250000000,partial_mint_failure,fixed_160,2026-08-10,1786320003000,1786924791000,3796788,-2655008,6451796,7668591,225140,1,13787,604923000,130000
AAPL,250000000,partial_mint_failure,fixed_160,2026-08-17,1786924842000,1787529440000,4260559,1786196,2474363,7370591,854317,4,12875,602870000,172000
AAPL,250000000,partial_mint_failure,fixed_160,2026-08-24,1787529654000,1788134317000,18728216,4322369,14405847,19926779,1079457,5,42448,603580000,419000
AAPL,250000000,partial_mint_failure,fixed_160,2026-08-31,1788134406000,1788739197000,13851792,150569,13701223,20096104,900560,4,88790,604880000,220000
AAPL,250000000,partial_mint_failure,fixed_160,2026-09-07,1788739208000,1789154997000,8762204,4404594,4357610,13652299,1826268,8,78719,414053000,219000
AAPL,250000000,partial_mint_failure,adaptive_width,2026-07-27,1785196800000,1785196800000,0,0,0,0,0,0,0,0,0
AAPL,250000000,partial_mint_failure,adaptive_width,2026-08-03,1785715200000,1786319868000,3243753,605095,2638658,5709283,629177,3,7242,403658000,129000
AAPL,250000000,partial_mint_failure,adaptive_width,2026-08-10,1786320003000,1786924791000,3771768,-2655008,6426776,7651100,225140,1,13787,604923000,1521000
AAPL,250000000,partial_mint_failure,adaptive_width,2026-08-17,1786924842000,1787529440000,937708,1786196,-848488,9842376,2834334,13,12875,600137000,666000
AAPL,250000000,partial_mint_failure,adaptive_width,2026-08-24,1787529654000,1788134317000,28056505,4322369,23734136,37896176,6927022,32,42448,595134000,1297000
AAPL,250000000,partial_mint_failure,adaptive_width,2026-08-31,1788134406000,1788739197000,45558416,150569,45407847,105027968,27846817,128,88790,570867000,6179000
AAPL,250000000,partial_mint_failure,adaptive_width,2026-09-07,1788739208000,1789154997000,16888691,4404594,12484097,58109972,18832272,86,78719,396245000,4443000
AAPL,250000000,partial_mint_failure,adaptive_economic,2026-07-27,1785196800000,1785196800000,0,0,0,0,0,0,0,0,0
AAPL,250000000,partial_mint_failure,adaptive_economic,2026-08-03,1785715200000,1786319868000,6100034,605095,5494939,5782713,178897,1,7242,403658000,77000
AAPL,250000000,partial_mint_failure,adaptive_economic,2026-08-10,1786320003000,1786924791000,-2208139,-2655008,446869,1442040,0,0,13787,604923000,445077000
AAPL,250000000,partial_mint_failure,adaptive_economic,2026-08-17,1786924842000,1787529440000,8075519,1786196,6289323,5218069,0,0,12875,604649000,152598000
AAPL,250000000,partial_mint_failure,adaptive_economic,2026-08-24,1787529654000,1788134317000,12074385,4322369,7752016,10446427,0,0,42448,604877000,216186000
AAPL,250000000,partial_mint_failure,adaptive_economic,2026-08-31,1788134406000,1788739197000,28468844,150569,28318275,33553745,900560,4,88790,604880000,451697000
AAPL,250000000,partial_mint_failure,adaptive_economic,2026-09-07,1788739208000,1789154997000,-4102399,4404594,-8506993,2289010,521671,2,78719,410330000,402430000
GLD,5000000000,pinned_fork_costs,fixed_20,2026-07-27,1785196800000,1785196800000,0,0,0,0,0,0,0,0,0
GLD,5000000000,pinned_fork_costs,fixed_20,2026-08-03,1785715200000,1785715200000,0,0,0,0,0,0,0,0,0
GLD,5000000000,pinned_fork_costs,fixed_20,2026-08-10,1786320000000,1786320000000,0,0,0,0,0,0,0,0,0
GLD,5000000000,pinned_fork_costs,fixed_20,2026-08-17,1786924800000,1786924800000,0,0,0,0,0,0,0,0,0
GLD,5000000000,pinned_fork_costs,fixed_20,2026-08-24,1787529600000,1788134396000,-4213876401,6509575026,-10723451427,581511043,34392718,156,50069,170259000,147088000
GLD,5000000000,pinned_fork_costs,fixed_20,2026-08-31,1788134403000,1788739198000,-747302096,-6521372772,5774070676,218422574,171082025,775,118850,604802000,67940000
GLD,5000000000,pinned_fork_costs,fixed_20,2026-09-07,1788739215000,1789154994000,-11733182,-78423390,66690208,38165672,22635140,102,34124,415796000,7950000
GLD,5000000000,pinned_fork_costs,fixed_40,2026-07-27,1785196800000,1785196800000,0,0,0,0,0,0,0,0,0
GLD,5000000000,pinned_fork_costs,fixed_40,2026-08-03,1785715200000,1785715200000,0,0,0,0,0,0,0,0,0
GLD,5000000000,pinned_fork_costs,fixed_40,2026-08-10,1786320000000,1786320000000,0,0,0,0,0,0,0,0,0
GLD,5000000000,pinned_fork_costs,fixed_40,2026-08-17,1786924800000,1786924800000,0,0,0,0,0,0,0,0,0
GLD,5000000000,pinned_fork_costs,fixed_40,2026-08-24,1787529600000,1788134396000,-4075983792,6509575026,-10585558818,705386388,29094694,132,50069,170259000,135125000
GLD,5000000000,pinned_fork_costs,fixed_40,2026-08-31,1788134403000,1788739198000,-675944091,-6521372772,5845428681,196750605,65342296,296,118850,604802000,22864000
GLD,5000000000,pinned_fork_costs,fixed_40,2026-09-07,1788739215000,1789154994000,1174750,-78423390,79598140,28397489,7182570,32,34124,415796000,2835000
GLD,5000000000,pinned_fork_costs,fixed_80,2026-07-27,1785196800000,1785196800000,0,0,0,0,0,0,0,0,0
GLD,5000000000,pinned_fork_costs,fixed_80,2026-08-03,1785715200000,1785715200000,0,0,0,0,0,0,0,0,0
GLD,5000000000,pinned_fork_costs,fixed_80,2026-08-10,1786320000000,1786320000000,0,0,0,0,0,0,0,0,0
GLD,5000000000,pinned_fork_costs,fixed_80,2026-08-17,1786924800000,1786924800000,0,0,0,0,0,0,0,0,0
GLD,5000000000,pinned_fork_costs,fixed_80,2026-08-24,1787529600000,1788134396000,646042079,6509575026,-5863532947,562433651,1721570,8,50069,170259000,148669000
GLD,5000000000,pinned_fork_costs,fixed_80,2026-08-31,1788134403000,1788739198000,707631420,-6521372772,7229004192,1337212676,3973518,18,118850,604802000,63935000
GLD,5000000000,pinned_fork_costs,fixed_80,2026-09-07,1788739215000,1789154994000,52042336,-78423390,130465726,260985158,1663795,7,34124,415796000,330000
GLD,5000000000,pinned_fork_costs,fixed_160,2026-07-27,1785196800000,1785196800000,0,0,0,0,0,0,0,0,0
GLD,5000000000,pinned_fork_costs,fixed_160,2026-08-03,1785715200000,1785715200000,0,0,0,0,0,0,0,0,0
GLD,5000000000,pinned_fork_costs,fixed_160,2026-08-10,1786320000000,1786320000000,0,0,0,0,0,0,0,0,0
GLD,5000000000,pinned_fork_costs,fixed_160,2026-08-17,1786924800000,1786924800000,0,0,0,0,0,0,0,0,0
GLD,5000000000,pinned_fork_costs,fixed_160,2026-08-24,1787529600000,1788134396000,512021353,6509575026,-5997553673,339113543,617815,3,50069,169770000,145027000
GLD,5000000000,pinned_fork_costs,fixed_160,2026-08-31,1788134403000,1788739198000,114943343,-6521372772,6636316115,722281489,1545257,7,118850,604802000,61851000
GLD,5000000000,pinned_fork_costs,fixed_160,2026-09-07,1788739215000,1789154994000,-34133735,-78423390,44289655,116795561,780791,3,34124,415796000,196000
GLD,5000000000,pinned_fork_costs,adaptive_width,2026-07-27,1785196800000,1785196800000,0,0,0,0,0,0,0,0,0
GLD,5000000000,pinned_fork_costs,adaptive_width,2026-08-03,1785715200000,1785715200000,0,0,0,0,0,0,0,0,0
GLD,5000000000,pinned_fork_costs,adaptive_width,2026-08-10,1786320000000,1786320000000,0,0,0,0,0,0,0,0,0
GLD,5000000000,pinned_fork_costs,adaptive_width,2026-08-17,1786924800000,1786924800000,0,0,0,0,0,0,0,0,0
GLD,5000000000,pinned_fork_costs,adaptive_width,2026-08-24,1787529600000,1788134396000,425705253,6509575026,-6083869773,281835154,1059317,5,50069,162557000,145570000
GLD,5000000000,pinned_fork_costs,adaptive_width,2026-08-31,1788134403000,1788739198000,-89851608,-6521372772,6431521164,1217382305,32450397,147,118850,604802000,114895000
GLD,5000000000,pinned_fork_costs,adaptive_width,2026-09-07,1788739215000,1789154994000,-30660961,-78423390,47762429,300270035,7624072,34,34124,415796000,2477000
GLD,5000000000,pinned_fork_costs,adaptive_economic,2026-07-27,1785196800000,1785196800000,0,0,0,0,0,0,0,0,0
GLD,5000000000,pinned_fork_costs,adaptive_economic,2026-08-03,1785715200000,1785715200000,0,0,0,0,0,0,0,0,0
GLD,5000000000,pinned_fork_costs,adaptive_economic,2026-08-10,1786320000000,1786320000000,0,0,0,0,0,0,0,0,0
GLD,5000000000,pinned_fork_costs,adaptive_economic,2026-08-17,1786924800000,1786924800000,0,0,0,0,0,0,0,0,0
GLD,5000000000,pinned_fork_costs,adaptive_economic,2026-08-24,1787529600000,1788134396000,115120424,6509575026,-6394454602,68082177,617815,3,50069,162557000,158652000
GLD,5000000000,pinned_fork_costs,adaptive_economic,2026-08-31,1788134403000,1788739198000,-144221430,-6521372772,6377151342,685901264,14128064,64,118850,604802000,535792000
GLD,5000000000,pinned_fork_costs,adaptive_economic,2026-09-07,1788739215000,1789154994000,22562131,-78423390,100985521,23552253,118538,0,34124,415796000,410015000
GLD,5000000000,double_gas_half_fees,fixed_20,2026-07-27,1785196800000,1785196800000,0,0,0,0,0,0,0,0,0
GLD,5000000000,double_gas_half_fees,fixed_20,2026-08-03,1785715200000,1785715200000,0,0,0,0,0,0,0,0,0
GLD,5000000000,double_gas_half_fees,fixed_20,2026-08-10,1786320000000,1786320000000,0,0,0,0,0,0,0,0,0
GLD,5000000000,double_gas_half_fees,fixed_20,2026-08-17,1786924800000,1786924800000,0,0,0,0,0,0,0,0,0
GLD,5000000000,double_gas_half_fees,fixed_20,2026-08-24,1787529600000,1788134396000,-4292629282,6509521588,-10802150870,288804456,68785436,156,50069,170259000,147088000
GLD,5000000000,double_gas_half_fees,fixed_20,2026-08-31,1788134403000,1788739198000,-707094968,-6521372772,5814277804,18264103,95364432,216,118850,604802000,562066000
GLD,5000000000,double_gas_half_fees,fixed_20,2026-09-07,1788739215000,1789154994000,-3567771,-78474669,74906898,0,237076,0,34124,415796000,415796000
GLD,5000000000,double_gas_half_fees,fixed_40,2026-07-27,1785196800000,1785196800000,0,0,0,0,0,0,0,0,0
GLD,5000000000,double_gas_half_fees,fixed_40,2026-08-03,1785715200000,1785715200000,0,0,0,0,0,0,0,0,0
GLD,5000000000,double_gas_half_fees,fixed_40,2026-08-10,1786320000000,1786320000000,0,0,0,0,0,0,0,0,0
GLD,5000000000,double_gas_half_fees,fixed_40,2026-08-17,1786924800000,1786924800000,0,0,0,0,0,0,0,0,0
GLD,5000000000,double_gas_half_fees,fixed_40,2026-08-24,1787529600000,1788134396000,-4170798537,6509521588,-10680320125,348690835,58189388,132,50069,170259000,135125000
GLD,5000000000,double_gas_half_fees,fixed_40,2026-08-31,1788134403000,1788739198000,-793010243,-6521372772,5728362529,77752171,130684592,296,118850,604802000,22864000
GLD,5000000000,double_gas_half_fees,fixed_40,2026-09-07,1788739215000,1789154994000,-18075025,-78474669,60399644,9162474,14365140,32,34124,415796000,2835000
GLD,5000000000,double_gas_half_fees,fixed_80,2026-07-27,1785196800000,1785196800000,0,0,0,0,0,0,0,0,0
GLD,5000000000,double_gas_half_fees,fixed_80,2026-08-03,1785715200000,1785715200000,0,0,0,0,0,0,0,0,0
GLD,5000000000,double_gas_half_fees,fixed_80,2026-08-10,1786320000000,1786320000000,0,0,0,0,0,0,0,0,0
GLD,5000000000,double_gas_half_fees,fixed_80,2026-08-17,1786924800000,1786924800000,0,0,0,0,0,0,0,0,0
GLD,5000000000,double_gas_half_fees,fixed_80,2026-08-24,1787529600000,1788134396000,338707333,6509521588,-6170814255,293295888,3884642,9,50069,170259000,146313000
GLD,5000000000,double_gas_half_fees,fixed_80,2026-08-31,1788134403000,1788739198000,27386201,-6521372772,6548758973,614928134,8830040,20,118850,604802000,63030000
GLD,5000000000,double_gas_half_fees,fixed_80,2026-09-07,1788739215000,1789154994000,-82658354,-78474669,-4183685,109618024,3769092,8,34124,415796000,1676000
GLD,5000000000,double_gas_half_fees,fixed_160,2026-07-27,1785196800000,1785196800000,0,0,0,0,0,0,0,0,0
GLD,5000000000,double_gas_half_fees,fixed_160,2026-08-03,1785715200000,1785715200000,0,0,0,0,0,0,0,0,0
GLD,5000000000,double_gas_half_fees,fixed_160,2026-08-10,1786320000000,1786320000000,0,0,0,0,0,0,0,0,0
GLD,5000000000,double_gas_half_fees,fixed_160,2026-08-17,1786924800000,1786924800000,0,0,0,0,0,0,0,0,0
GLD,5000000000,double_gas_half_fees,fixed_160,2026-08-24,1787529600000,1788134396000,278525217,6509521588,-6230996371,168404515,1235630,3,50069,169770000,145027000
GLD,5000000000,double_gas_half_fees,fixed_160,2026-08-31,1788134403000,1788739198000,-189091633,-6521372772,6332281139,342348528,3090514,7,118850,604802000,61851000
GLD,5000000000,double_gas_half_fees,fixed_160,2026-09-07,1788739215000,1789154994000,-83955709,-78474669,-5481040,52895121,1561582,3,34124,415796000,196000
GLD,5000000000,double_gas_half_fees,adaptive_width,2026-07-27,1785196800000,1785196800000,0,0,0,0,0,0,0,0,0
GLD,5000000000,double_gas_half_fees,adaptive_width,2026-08-03,1785715200000,1785715200000,0,0,0,0,0,0,0,0,0
GLD,5000000000,double_gas_half_fees,adaptive_width,2026-08-10,1786320000000,1786320000000,0,0,0,0,0,0,0,0,0
GLD,5000000000,double_gas_half_fees,adaptive_width,2026-08-17,1786924800000,1786924800000,0,0,0,0,0,0,0,0,0
GLD,5000000000,double_gas_half_fees,adaptive_width,2026-08-24,1787529600000,1788134396000,218223281,6509521588,-6291298307,126246126,794128,2,50069,162557000,145023000
GLD,5000000000,double_gas_half_fees,adaptive_width,2026-08-31,1788134403000,1788739198000,-195269924,-6521372772,6326102848,268063884,3090514,7,118850,604802000,99225000
GLD,5000000000,double_gas_half_fees,adaptive_width,2026-09-07,1788739215000,1789154994000,-119865336,-78474669,-41390667,145187543,11716128,26,34124,415796000,1820000
GLD,5000000000,double_gas_half_fees,adaptive_economic,2026-07-27,1785196800000,1785196800000,0,0,0,0,0,0,0,0,0
GLD,5000000000,double_gas_half_fees,adaptive_economic,2026-08-03,1785715200000,1785715200000,0,0,0,0,0,0,0,0,0
GLD,5000000000,double_gas_half_fees,adaptive_economic,2026-08-10,1786320000000,1786320000000,0,0,0,0,0,0,0,0,0
GLD,5000000000,double_gas_half_fees,adaptive_economic,2026-08-17,1786924800000,1786924800000,0,0,0,0,0,0,0,0,0
GLD,5000000000,double_gas_half_fees,adaptive_economic,2026-08-24,1787529600000,1788134396000,148097609,6509521588,-6361423979,102479644,794128,2,50069,162557000,151154000
GLD,5000000000,double_gas_half_fees,adaptive_economic,2026-08-31,1788134403000,1788739198000,-286661504,-6521372772,6234711268,191288213,4856522,11,118850,604802000,432631000
GLD,5000000000,double_gas_half_fees,adaptive_economic,2026-09-07,1788739215000,1789154994000,21467256,-78474669,99941925,39139554,237076,0,34124,415796000,115153000
GLD,5000000000,partial_mint_failure,fixed_20,2026-07-27,1785196800000,1785196800000,0,0,0,0,0,0,0,0,0
GLD,5000000000,partial_mint_failure,fixed_20,2026-08-03,1785715200000,1785715200000,0,0,0,0,0,0,0,0,0
GLD,5000000000,partial_mint_failure,fixed_20,2026-08-10,1786320000000,1786320000000,0,0,0,0,0,0,0,0,0
GLD,5000000000,partial_mint_failure,fixed_20,2026-08-17,1786924800000,1786924800000,0,0,0,0,0,0,0,0,0
GLD,5000000000,partial_mint_failure,fixed_20,2026-08-24,1787529600000,1788134396000,-3503678698,6509575026,-10013253724,279017935,24100541,113,50069,131243000,116653000
GLD,5000000000,partial_mint_failure,fixed_20,2026-08-31,1788134403000,1788739198000,-1169796696,-6521372772,5351576076,164244410,81924352,384,118850,407166000,24077000
GLD,5000000000,partial_mint_failure,fixed_20,2026-09-07,1788739215000,1789154994000,-11309835,-78423390,67113555,57957045,24219079,113,34124,389687000,6641000
GLD,5000000000,partial_mint_failure,fixed_40,2026-07-27,1785196800000,1785196800000,0,0,0,0,0,0,0,0,0
GLD,5000000000,partial_mint_failure,fixed_40,2026-08-03,1785715200000,1785715200000,0,0,0,0,0,0,0,0,0
GLD,5000000000,partial_mint_failure,fixed_40,2026-08-10,1786320000000,1786320000000,0,0,0,0,0,0,0,0,0
GLD,5000000000,partial_mint_failure,fixed_40,2026-08-17,1786924800000,1786924800000,0,0,0,0,0,0,0,0,0
GLD,5000000000,partial_mint_failure,fixed_40,2026-08-24,1787529600000,1788134396000,-3541449215,6509575026,-10051024241,508128953,20039586,94,50069,127354000,103230000
GLD,5000000000,partial_mint_failure,fixed_40,2026-08-31,1788134403000,1788739198000,-999943619,-6521372772,5521429153,196725763,39682108,186,118850,511128000,11903000
GLD,5000000000,partial_mint_failure,fixed_40,2026-09-07,1788739215000,1789154994000,6803065,-78423390,85226455,41665482,6739629,31,34124,409462000,2744000
GLD,5000000000,partial_mint_failure,fixed_80,2026-07-27,1785196800000,1785196800000,0,0,0,0,0,0,0,0,0
GLD,5000000000,partial_mint_failure,fixed_80,2026-08-03,1785715200000,1785715200000,0,0,0,0,0,0,0,0,0
GLD,5000000000,partial_mint_failure,fixed_80,2026-08-10,1786320000000,1786320000000,0,0,0,0,0,0,0,0,0
GLD,5000000000,partial_mint_failure,fixed_80,2026-08-17,1786924800000,1786924800000,0,0,0,0,0,0,0,0,0
GLD,5000000000,partial_mint_failure,fixed_80,2026-08-24,1787529600000,1788134396000,626431150,6509575026,-5883143876,478659731,1677132,8,50069,167061000,145400000
GLD,5000000000,partial_mint_failure,fixed_80,2026-08-31,1788134403000,1788739198000,615651135,-6521372772,7137023907,1285115466,4502457,21,118850,599386000,63190000
GLD,5000000000,partial_mint_failure,fixed_80,2026-09-07,1788739215000,1789154994000,5813511,-78423390,84236901,250924607,2457923,11,34124,414110000,595000
GLD,5000000000,partial_mint_failure,fixed_160,2026-07-27,1785196800000,1785196800000,0,0,0,0,0,0,0,0,0
GLD,5000000000,partial_mint_failure,fixed_160,2026-08-03,1785715200000,1785715200000,0,0,0,0,0,0,0,0,0
GLD,5000000000,partial_mint_failure,fixed_160,2026-08-10,1786320000000,1786320000000,0,0,0,0,0,0,0,0,0
GLD,5000000000,partial_mint_failure,fixed_160,2026-08-17,1786924800000,1786924800000,0,0,0,0,0,0,0,0,0
GLD,5000000000,partial_mint_failure,fixed_160,2026-08-24,1787529600000,1788134396000,512021353,6509575026,-5997553673,339113543,617815,3,50069,169770000,145027000
GLD,5000000000,partial_mint_failure,fixed_160,2026-08-31,1788134403000,1788739198000,106023198,-6521372772,6627395970,719789247,1721570,8,118850,603849000,61898000
GLD,5000000000,partial_mint_failure,fixed_160,2026-09-07,1788739215000,1789154994000,-34432503,-78423390,43990887,116443824,957104,4,34124,414864000,196000
GLD,5000000000,partial_mint_failure,adaptive_width,2026-07-27,1785196800000,1785196800000,0,0,0,0,0,0,0,0,0
GLD,5000000000,partial_mint_failure,adaptive_width,2026-08-03,1785715200000,1785715200000,0,0,0,0,0,0,0,0,0
GLD,5000000000,partial_mint_failure,adaptive_width,2026-08-10,1786320000000,1786320000000,0,0,0,0,0,0,0,0,0
GLD,5000000000,partial_mint_failure,adaptive_width,2026-08-17,1786924800000,1786924800000,0,0,0,0,0,0,0,0,0
GLD,5000000000,partial_mint_failure,adaptive_width,2026-08-24,1787529600000,1788134396000,425705253,6509575026,-6083869773,281835154,1059317,5,50069,162557000,145570000
GLD,5000000000,partial_mint_failure,adaptive_width,2026-08-31,1788134403000,1788739198000,3422449,-6521372772,6524795221,828345506,15978631,75,118850,573116000,111277000
GLD,5000000000,partial_mint_failure,adaptive_width,2026-09-07,1788739215000,1789154994000,-49944790,-78423390,28478600,234805815,7578195,35,34124,409490000,1799000
GLD,5000000000,partial_mint_failure,adaptive_economic,2026-07-27,1785196800000,1785196800000,0,0,0,0,0,0,0,0,0
GLD,5000000000,partial_mint_failure,adaptive_economic,2026-08-03,1785715200000,1785715200000,0,0,0,0,0,0,0,0,0
GLD,5000000000,partial_mint_failure,adaptive_economic,2026-08-10,1786320000000,1786320000000,0,0,0,0,0,0,0,0,0
GLD,5000000000,partial_mint_failure,adaptive_economic,2026-08-17,1786924800000,1786924800000,0,0,0,0,0,0,0,0,0
GLD,5000000000,partial_mint_failure,adaptive_economic,2026-08-24,1787529600000,1788134396000,115120424,6509575026,-6394454602,68082177,617815,3,50069,162557000,158652000
GLD,5000000000,partial_mint_failure,adaptive_economic,2026-08-31,1788134403000,1788739198000,-233894721,-6521372772,6287478051,370219936,6621091,31,118850,583743000,530219000
GLD,5000000000,partial_mint_failure,adaptive_economic,2026-09-07,1788739215000,1789154994000,14546973,-78423390,92970363,14922847,118538,0,34124,415796000,412872000
GLD,1000000000,pinned_fork_costs,fixed_20,2026-07-27,1785196800000,1785196800000,0,0,0,0,0,0,0,0,0
GLD,1000000000,pinned_fork_costs,fixed_20,2026-08-03,1785715200000,1785715200000,0,0,0,0,0,0,0,0,0
GLD,1000000000,pinned_fork_costs,fixed_20,2026-08-10,1786320000000,1786320000000,0,0,0,0,0,0,0,0,0
GLD,1000000000,pinned_fork_costs,fixed_20,2026-08-17,1786924800000,1786924800000,0,0,0,0,0,0,0,0,0
GLD,1000000000,pinned_fork_costs,fixed_20,2026-08-24,1787529600000,1788134396000,-858560842,1308914549,-2167475391,415715300,52273549,237,50069,170259000,133175000
GLD,1000000000,pinned_fork_costs,fixed_20,2026-08-31,1788134403000,1788739198000,-144080186,-1309371927,1165291741,785447,2649012,12,118850,604802000,2702000
GLD,1000000000,pinned_fork_costs,fixed_20,2026-09-07,1788739215000,1789154994000,-1760791,-15752261,13991470,0,118538,0,34124,415796000,0
GLD,1000000000,pinned_fork_costs,fixed_40,2026-07-27,1785196800000,1785196800000,0,0,0,0,0,0,0,0,0
GLD,1000000000,pinned_fork_costs,fixed_40,2026-08-03,1785715200000,1785715200000,0,0,0,0,0,0,0,0,0
GLD,1000000000,pinned_fork_costs,fixed_40,2026-08-10,1786320000000,1786320000000,0,0,0,0,0,0,0,0,0
GLD,1000000000,pinned_fork_costs,fixed_40,2026-08-17,1786924800000,1786924800000,0,0,0,0,0,0,0,0,0
GLD,1000000000,pinned_fork_costs,fixed_40,2026-08-24,1787529600000,1788134396000,-818518610,1308914549,-2127433159,445752351,39249240,178,50069,170259000,119336000
GLD,1000000000,pinned_fork_costs,fixed_40,2026-08-31,1788134403000,1788739198000,-180750562,-1309371927,1128621365,7726332,19205337,87,118850,604802000,575867000
GLD,1000000000,pinned_fork_costs,fixed_40,2026-09-07,1788739215000,1789154994000,-1490610,-15752261,14261651,0,118538,0,34124,415796000,415796000
GLD,1000000000,pinned_fork_costs,fixed_80,2026-07-27,1785196800000,1785196800000,0,0,0,0,0,0,0,0,0
GLD,1000000000,pinned_fork_costs,fixed_80,2026-08-03,1785715200000,1785715200000,0,0,0,0,0,0,0,0,0
GLD,1000000000,pinned_fork_costs,fixed_80,2026-08-10,1786320000000,1786320000000,0,0,0,0,0,0,0,0,0
GLD,1000000000,pinned_fork_costs,fixed_80,2026-08-17,1786924800000,1786924800000,0,0,0,0,0,0,0,0,0
GLD,1000000000,pinned_fork_costs,fixed_80,2026-08-24,1787529600000,1788134396000,324804904,1308914549,-984109645,317105799,3266827,15,50069,170259000,134879000
GLD,1000000000,pinned_fork_costs,fixed_80,2026-08-31,1788134403000,1788739198000,182249108,-1309371927,1491621035,461058302,7947036,36,118850,604802000,4281000
GLD,1000000000,pinned_fork_costs,fixed_80,2026-09-07,1788739215000,1789154994000,13521343,-15752261,29273604,64041225,1663795,7,34124,415796000,330000
GLD,1000000000,pinned_fork_costs,fixed_160,2026-07-27,1785196800000,1785196800000,0,0,0,0,0,0,0,0,0
GLD,1000000000,pinned_fork_costs,fixed_160,2026-08-03,1785715200000,1785715200000,0,0,0,0,0,0,0,0,0
GLD,1000000000,pinned_fork_costs,fixed_160,2026-08-10,1786320000000,1786320000000,0,0,0,0,0,0,0,0,0
GLD,1000000000,pinned_fork_costs,fixed_160,2026-08-17,1786924800000,1786924800000,0,0,0,0,0,0,0,0,0
GLD,1000000000,pinned_fork_costs,fixed_160,2026-08-24,1787529600000,1788134396000,206433308,1308914549,-1102481241,163632582,1059317,5,50069,170259000,134334000
GLD,1000000000,pinned_fork_costs,fixed_160,2026-08-31,1788134403000,1788739198000,51973791,-1309371927,1361345718,204446361,1766008,8,118850,604802000,29511000
GLD,1000000000,pinned_fork_costs,fixed_160,2026-09-07,1788739215000,1789154994000,-5092656,-15752261,10659605,26623411,560040,2,34124,415796000,1260000
GLD,1000000000,pinned_fork_costs,adaptive_width,2026-07-27,1785196800000,1785196800000,0,0,0,0,0,0,0,0,0
GLD,1000000000,pinned_fork_costs,adaptive_width,2026-08-03,1785715200000,1785715200000,0,0,0,0,0,0,0,0,0
GLD,1000000000,pinned_fork_costs,adaptive_width,2026-08-10,1786320000000,1786320000000,0,0,0,0,0,0,0,0,0
GLD,1000000000,pinned_fork_costs,adaptive_width,2026-08-17,1786924800000,1786924800000,0,0,0,0,0,0,0,0,0
GLD,1000000000,pinned_fork_costs,adaptive_width,2026-08-24,1787529600000,1788134396000,219770291,1308914549,-1089144258,397582069,27107935,123,50069,170259000,146786000
GLD,1000000000,pinned_fork_costs,adaptive_width,2026-08-31,1788134403000,1788739198000,170702153,-1309371927,1480074080,563365175,42825694,194,118850,604802000,65869000
GLD,1000000000,pinned_fork_costs,adaptive_width,2026-09-07,1788739215000,1789154994000,-16842837,-15752261,-1090576,72937033,7624072,34,34124,415796000,2785000
GLD,1000000000,pinned_fork_costs,adaptive_economic,2026-07-27,1785196800000,1785196800000,0,0,0,0,0,0,0,0,0
GLD,1000000000,pinned_fork_costs,adaptive_economic,2026-08-03,1785715200000,1785715200000,0,0,0,0,0,0,0,0,0
GLD,1000000000,pinned_fork_costs,adaptive_economic,2026-08-10,1786320000000,1786320000000,0,0,0,0,0,0,0,0,0
GLD,1000000000,pinned_fork_costs,adaptive_economic,2026-08-17,1786924800000,1786924800000,0,0,0,0,0,0,0,0,0
GLD,1000000000,pinned_fork_costs,adaptive_economic,2026-08-24,1787529600000,1788134396000,293552482,1308914549,-1015362067,388970476,15408132,70,50069,170259000,146977000
GLD,1000000000,pinned_fork_costs,adaptive_economic,2026-08-31,1788134403000,1788739198000,26098001,-1309371927,1335469928,274401522,14569566,66,118850,604802000,492846000
GLD,1000000000,pinned_fork_costs,adaptive_economic,2026-09-07,1788739215000,1789154994000,6527330,-15752261,22279591,6856232,118538,0,34124,415796000,410015000
GLD,1000000000,double_gas_half_fees,fixed_20,2026-07-27,1785196800000,1785196800000,0,0,0,0,0,0,0,0,0
GLD,1000000000,double_gas_half_fees,fixed_20,2026-08-03,1785715200000,1785715200000,0,0,0,0,0,0,0,0,0
GLD,1000000000,double_gas_half_fees,fixed_20,2026-08-10,1786320000000,1786320000000,0,0,0,0,0,0,0,0,0
GLD,1000000000,double_gas_half_fees,fixed_20,2026-08-17,1786924800000,1786924800000,0,0,0,0,0,0,0,0,0
GLD,1000000000,double_gas_half_fees,fixed_20,2026-08-24,1787529600000,1788134396000,-947028074,1308861111,-2255889185,200775701,108520616,246,50069,170259000,132039000
GLD,1000000000,double_gas_half_fees,fixed_20,2026-08-31,1788134403000,1788739198000,-116339598,-1309371927,1193032329,2567,0,0,118850,604802000,604768000
GLD,1000000000,double_gas_half_fees,fixed_20,2026-09-07,1788739215000,1789154994000,-1655278,-15803540,14148262,0,237076,0,34124,415796000,415796000
GLD,1000000000,double_gas_half_fees,fixed_40,2026-07-27,1785196800000,1785196800000,0,0,0,0,0,0,0,0,0
GLD,1000000000,double_gas_half_fees,fixed_40,2026-08-03,1785715200000,1785715200000,0,0,0,0,0,0,0,0,0
GLD,1000000000,double_gas_half_fees,fixed_40,2026-08-10,1786320000000,1786320000000,0,0,0,0,0,0,0,0,0
GLD,1000000000,double_gas_half_fees,fixed_40,2026-08-17,1786924800000,1786924800000,0,0,0,0,0,0,0,0,0
GLD,1000000000,double_gas_half_fees,fixed_40,2026-08-24,1787529600000,1788134396000,-896260596,1308861111,-2205121707,214109711,80705990,183,50069,170259000,117733000
GLD,1000000000,double_gas_half_fees,fixed_40,2026-08-31,1788134403000,1788739198000,-133503637,-1309371927,1175868290,0,0,0,118850,604802000,604802000
GLD,1000000000,double_gas_half_fees,fixed_40,2026-09-07,1788739215000,1789154994000,-1837150,-15803540,13966390,0,237076,0,34124,415796000,415796000
GLD,1000000000,double_gas_half_fees,fixed_80,2026-07-27,1785196800000,1785196800000,0,0,0,0,0,0,0,0,0
GLD,1000000000,double_gas_half_fees,fixed_80,2026-08-03,1785715200000,1785715200000,0,0,0,0,0,0,0,0,0
GLD,1000000000,double_gas_half_fees,fixed_80,2026-08-10,1786320000000,1786320000000,0,0,0,0,0,0,0,0,0
GLD,1000000000,double_gas_half_fees,fixed_80,2026-08-17,1786924800000,1786924800000,0,0,0,0,0,0,0,0,0
GLD,1000000000,double_gas_half_fees,fixed_80,2026-08-24,1787529600000,1788134396000,157067352,1308861111,-1151793759,150408029,6092152,14,50069,170259000,134941000
GLD,1000000000,double_gas_half_fees,fixed_80,2026-08-31,1788134403000,1788739198000,-63075643,-1309371927,1246296284,191990915,20750594,47,118850,604802000,5059000
GLD,1000000000,double_gas_half_fees,fixed_80,2026-09-07,1788739215000,1789154994000,-19266745,-15803540,-3463205,23388643,3769092,8,34124,415796000,1676000
GLD,1000000000,double_gas_half_fees,fixed_160,2026-07-27,1785196800000,1785196800000,0,0,0,0,0,0,0,0,0
GLD,1000000000,double_gas_half_fees,fixed_160,2026-08-03,1785715200000,1785715200000,0,0,0,0,0,0,0,0,0
GLD,1000000000,double_gas_half_fees,fixed_160,2026-08-10,1786320000000,1786320000000,0,0,0,0,0,0,0,0,0
GLD,1000000000,double_gas_half_fees,fixed_160,2026-08-17,1786924800000,1786924800000,0,0,0,0,0,0,0,0,0
GLD,1000000000,double_gas_half_fees,fixed_160,2026-08-24,1787529600000,1788134396000,107461352,1308861111,-1201399759,91254164,3001638,7,50069,170259000,133993000
GLD,1000000000,double_gas_half_fees,fixed_160,2026-08-31,1788134403000,1788739198000,-40470165,-1309371927,1268901762,92381915,3532016,8,118850,604802000,29511000
GLD,1000000000,double_gas_half_fees,fixed_160,2026-09-07,1788739215000,1789154994000,-16274446,-15803540,-470906,11296514,1120080,2,34124,415796000,1260000
GLD,1000000000,double_gas_half_fees,adaptive_width,2026-07-27,1785196800000,1785196800000,0,0,0,0,0,0,0,0,0
GLD,1000000000,double_gas_half_fees,adaptive_width,2026-08-03,1785715200000,1785715200000,0,0,0,0,0,0,0,0,0
GLD,1000000000,double_gas_half_fees,adaptive_width,2026-08-10,1786320000000,1786320000000,0,0,0,0,0,0,0,0,0
GLD,1000000000,double_gas_half_fees,adaptive_width,2026-08-17,1786924800000,1786924800000,0,0,0,0,0,0,0,0,0
GLD,1000000000,double_gas_half_fees,adaptive_width,2026-08-24,1787529600000,1788134396000,8685786,1308861111,-1300175325,168955063,47593340,108,50069,170259000,140689000
GLD,1000000000,double_gas_half_fees,adaptive_width,2026-08-31,1788134403000,1788739198000,-88219423,-1309371927,1221152504,150086024,41501188,94,118850,604802000,47233000
GLD,1000000000,double_gas_half_fees,adaptive_width,2026-09-07,1788739215000,1789154994000,-32225413,-15803540,-16421873,25218055,10391622,23,34124,415796000,1607000
GLD,1000000000,double_gas_half_fees,adaptive_economic,2026-07-27,1785196800000,1785196800000,0,0,0,0,0,0,0,0,0
GLD,1000000000,double_gas_half_fees,adaptive_economic,2026-08-03,1785715200000,1785715200000,0,0,0,0,0,0,0,0,0
GLD,1000000000,double_gas_half_fees,adaptive_economic,2026-08-10,1786320000000,1786320000000,0,0,0,0,0,0,0,0,0
GLD,1000000000,double_gas_half_fees,adaptive_economic,2026-08-17,1786924800000,1786924800000,0,0,0,0,0,0,0,0,0
GLD,1000000000,double_gas_half_fees,adaptive_economic,2026-08-24,1787529600000,1788134396000,-25216782,1308861111,-1334077893,43033737,17129702,39,50069,170259000,158626000
GLD,1000000000,double_gas_half_fees,adaptive_economic,2026-08-31,1788134403000,1788739198000,-72727597,-1309371927,1236644330,91792227,18101582,41,118850,604802000,493307000
GLD,1000000000,double_gas_half_fees,adaptive_economic,2026-09-07,1788739215000,1789154994000,4796182,-15803540,20599722,5230735,237076,0,34124,415796000,397858000
GLD,1000000000,partial_mint_failure,fixed_20,2026-07-27,1785196800000,1785196800000,0,0,0,0,0,0,0,0,0
GLD,1000000000,partial_mint_failure,fixed_20,2026-08-03,1785715200000,1785715200000,0,0,0,0,0,0,0,0,0
GLD,1000000000,partial_mint_failure,fixed_20,2026-08-10,1786320000000,1786320000000,0,0,0,0,0,0,0,0,0
GLD,1000000000,partial_mint_failure,fixed_20,2026-08-17,1786924800000,1786924800000,0,0,0,0,0,0,0,0,0
GLD,1000000000,partial_mint_failure,fixed_20,2026-08-24,1787529600000,1788134396000,-666198793,1308914549,-1975113342,112825358,26660677,125,50069,108734000,93011000
GLD,1000000000,partial_mint_failure,fixed_20,2026-08-31,1788134403000,1788739198000,-328757572,-1309371927,980614355,43326889,78084148,366,118850,402268000,22255000
GLD,1000000000,partial_mint_failure,fixed_20,2026-09-07,1788739215000,1789154994000,-6319379,-15752261,9432882,4091168,5856625,27,34124,406996000,1930000
GLD,1000000000,partial_mint_failure,fixed_40,2026-07-27,1785196800000,1785196800000,0,0,0,0,0,0,0,0,0
GLD,1000000000,partial_mint_failure,fixed_40,2026-08-03,1785715200000,1785715200000,0,0,0,0,0,0,0,0,0
GLD,1000000000,partial_mint_failure,fixed_40,2026-08-10,1786320000000,1786320000000,0,0,0,0,0,0,0,0,0
GLD,1000000000,partial_mint_failure,fixed_40,2026-08-17,1786924800000,1786924800000,0,0,0,0,0,0,0,0,0
GLD,1000000000,partial_mint_failure,fixed_40,2026-08-24,1787529600000,1788134396000,-510642630,1308914549,-1819557179,262809779,25380609,119,50069,84983000,49729000
GLD,1000000000,partial_mint_failure,fixed_40,2026-08-31,1788134403000,1788739198000,-373238592,-1309371927,936133335,71472914,39461357,185,118850,506785000,11613000
GLD,1000000000,partial_mint_failure,fixed_40,2026-09-07,1788739215000,1789154994000,-1940359,-15752261,13811902,14600374,6739629,31,34124,409462000,2744000
GLD,1000000000,partial_mint_failure,fixed_80,2026-07-27,1785196800000,1785196800000,0,0,0,0,0,0,0,0,0
GLD,1000000000,partial_mint_failure,fixed_80,2026-08-03,1785715200000,1785715200000,0,0,0,0,0,0,0,0,0
GLD,1000000000,partial_mint_failure,fixed_80,2026-08-10,1786320000000,1786320000000,0,0,0,0,0,0,0,0,0
GLD,1000000000,partial_mint_failure,fixed_80,2026-08-17,1786924800000,1786924800000,0,0,0,0,0,0,0,0,0
GLD,1000000000,partial_mint_failure,fixed_80,2026-08-24,1787529600000,1788134396000,225323265,1308914549,-1083591284,203039297,2957200,14,50069,165106000,134519000
GLD,1000000000,partial_mint_failure,fixed_80,2026-08-31,1788134403000,1788739198000,152800767,-1309371927,1462172694,400648780,9622729,45,118850,589845000,3837000
GLD,1000000000,partial_mint_failure,fixed_80,2026-09-07,1788739215000,1789154994000,-3293448,-15752261,12458813,56444049,3075738,14,34124,412923000,702000
GLD,1000000000,partial_mint_failure,fixed_160,2026-07-27,1785196800000,1785196800000,0,0,0,0,0,0,0,0,0
GLD,1000000000,partial_mint_failure,fixed_160,2026-08-03,1785715200000,1785715200000,0,0,0,0,0,0,0,0,0
GLD,1000000000,partial_mint_failure,fixed_160,2026-08-10,1786320000000,1786320000000,0,0,0,0,0,0,0,0,0
GLD,1000000000,partial_mint_failure,fixed_160,2026-08-17,1786924800000,1786924800000,0,0,0,0,0,0,0,0,0
GLD,1000000000,partial_mint_failure,fixed_160,2026-08-24,1787529600000,1788134396000,206433308,1308914549,-1102481241,163632582,1059317,5,50069,170259000,134334000
GLD,1000000000,partial_mint_failure,fixed_160,2026-08-31,1788134403000,1788739198000,52801278,-1309371927,1362173205,204342136,1897883,9,118850,600845000,29390000
GLD,1000000000,partial_mint_failure,fixed_160,2026-09-07,1788739215000,1789154994000,-7693212,-15752261,8059049,26504396,780791,3,34124,415796000,196000
GLD,1000000000,partial_mint_failure,adaptive_width,2026-07-27,1785196800000,1785196800000,0,0,0,0,0,0,0,0,0
GLD,1000000000,partial_mint_failure,adaptive_width,2026-08-03,1785715200000,1785715200000,0,0,0,0,0,0,0,0,0
GLD,1000000000,partial_mint_failure,adaptive_width,2026-08-10,1786320000000,1786320000000,0,0,0,0,0,0,0,0,0
GLD,1000000000,partial_mint_failure,adaptive_width,2026-08-17,1786924800000,1786924800000,0,0,0,0,0,0,0,0,0
GLD,1000000000,partial_mint_failure,adaptive_width,2026-08-24,1787529600000,1788134396000,1929242609,1308914549,620328060,99021377,6400340,30,50069,7460000,1258000
GLD,1000000000,partial_mint_failure,adaptive_width,2026-08-31,1788134403000,1788739198000,-1751295724,-1309371927,-441923797,324296173,32178013,151,118850,495723000,7232000
GLD,1000000000,partial_mint_failure,adaptive_width,2026-09-07,1788739215000,1789154994000,10594010,-15752261,26346271,70325769,6518878,30,34124,410833000,1397000
GLD,1000000000,partial_mint_failure,adaptive_economic,2026-07-27,1785196800000,1785196800000,0,0,0,0,0,0,0,0,0
GLD,1000000000,partial_mint_failure,adaptive_economic,2026-08-03,1785715200000,1785715200000,0,0,0,0,0,0,0,0,0
GLD,1000000000,partial_mint_failure,adaptive_economic,2026-08-10,1786320000000,1786320000000,0,0,0,0,0,0,0,0,0
GLD,1000000000,partial_mint_failure,adaptive_economic,2026-08-17,1786924800000,1786924800000,0,0,0,0,0,0,0,0,0
GLD,1000000000,partial_mint_failure,adaptive_economic,2026-08-24,1787529600000,1788134396000,144625692,1308914549,-1164288857,152646380,5517336,26,50069,150701000,140597000
GLD,1000000000,partial_mint_failure,adaptive_economic,2026-08-31,1788134403000,1788739198000,-61136017,-1309371927,1248235910,136970253,12800680,60,118850,578712000,481654000
GLD,1000000000,partial_mint_failure,adaptive_economic,2026-09-07,1788739215000,1789154994000,12468130,-15752261,28220391,12704989,118538,0,34124,415796000,388086000
GLD,250000000,pinned_fork_costs,fixed_20,2026-07-27,1785196800000,1785196800000,0,0,0,0,0,0,0,0,0
GLD,250000000,pinned_fork_costs,fixed_20,2026-08-03,1785715200000,1785715200000,0,0,0,0,0,0,0,0,0
GLD,250000000,pinned_fork_costs,fixed_20,2026-08-10,1786320000000,1786320000000,0,0,0,0,0,0,0,0,0
GLD,250000000,pinned_fork_costs,fixed_20,2026-08-17,1786924800000,1786924800000,0,0,0,0,0,0,0,0,0
GLD,250000000,pinned_fork_costs,fixed_20,2026-08-24,1787529600000,1788134396000,-248933594,327387615,-576321209,201043035,56909320,258,50069,170259000,132181000
GLD,250000000,pinned_fork_costs,fixed_20,2026-08-31,1788134403000,1788739198000,-41668132,-327487063,285818931,0,0,0,118850,604802000,604802000
GLD,250000000,pinned_fork_costs,fixed_20,2026-09-07,1788739215000,1789154994000,-630704,-3976617,3345913,0,118538,0,34124,415796000,415796000
GLD,250000000,pinned_fork_costs,fixed_40,2026-07-27,1785196800000,1785196800000,0,0,0,0,0,0,0,0,0
GLD,250000000,pinned_fork_costs,fixed_40,2026-08-03,1785715200000,1785715200000,0,0,0,0,0,0,0,0,0
GLD,250000000,pinned_fork_costs,fixed_40,2026-08-10,1786320000000,1786320000000,0,0,0,0,0,0,0,0,0
GLD,250000000,pinned_fork_costs,fixed_40,2026-08-17,1786924800000,1786924800000,0,0,0,0,0,0,0,0,0
GLD,250000000,pinned_fork_costs,fixed_40,2026-08-24,1787529600000,1788134396000,-257984514,327387615,-585372129,176353408,50066039,227,50069,170259000,116590000
GLD,250000000,pinned_fork_costs,fixed_40,2026-08-31,1788134403000,1788739198000,-30446010,-327487063,297041053,0,0,0,118850,604802000,604802000
GLD,250000000,pinned_fork_costs,fixed_40,2026-09-07,1788739215000,1789154994000,-483425,-3976617,3493192,0,118538,0,34124,415796000,415796000
GLD,250000000,pinned_fork_costs,fixed_80,2026-07-27,1785196800000,1785196800000,0,0,0,0,0,0,0,0,0
GLD,250000000,pinned_fork_costs,fixed_80,2026-08-03,1785715200000,1785715200000,0,0,0,0,0,0,0,0,0
GLD,250000000,pinned_fork_costs,fixed_80,2026-08-10,1786320000000,1786320000000,0,0,0,0,0,0,0,0,0
GLD,250000000,pinned_fork_costs,fixed_80,2026-08-17,1786924800000,1786924800000,0,0,0,0,0,0,0,0,0
GLD,250000000,pinned_fork_costs,fixed_80,2026-08-24,1787529600000,1788134396000,93164975,327387615,-234222640,108620168,5915839,27,50069,170259000,127960000
GLD,250000000,pinned_fork_costs,fixed_80,2026-08-31,1788134403000,1788739198000,-33151252,-327487063,294335811,115567339,11258301,51,118850,604802000,3969000
GLD,250000000,pinned_fork_costs,fixed_80,2026-09-07,1788739215000,1789154994000,549522,-3976617,4526139,13838611,1884546,8,34124,415796000,1676000
GLD,250000000,pinned_fork_costs,fixed_160,2026-07-27,1785196800000,1785196800000,0,0,0,0,0,0,0,0,0
GLD,250000000,pinned_fork_costs,fixed_160,2026-08-03,1785715200000,1785715200000,0,0,0,0,0,0,0,0,0
GLD,250000000,pinned_fork_costs,fixed_160,2026-08-10,1786320000000,1786320000000,0,0,0,0,0,0,0,0,0
GLD,250000000,pinned_fork_costs,fixed_160,2026-08-17,1786924800000,1786924800000,0,0,0,0,0,0,0,0,0
GLD,250000000,pinned_fork_costs,fixed_160,2026-08-24,1787529600000,1788134396000,54590063,327387615,-272797552,59903715,3046076,14,50069,170259000,127532000
GLD,250000000,pinned_fork_costs,fixed_160,2026-08-31,1788134403000,1788739198000,-66300631,-327487063,261186432,49979351,4194269,19,118850,604802000,1823000
GLD,250000000,pinned_fork_costs,fixed_160,2026-09-07,1788739215000,1789154994000,-1331358,-3976617,2645259,5177650,560040,2,34124,415796000,87000
GLD,250000000,pinned_fork_costs,adaptive_width,2026-07-27,1785196800000,1785196800000,0,0,0,0,0,0,0,0,0
GLD,250000000,pinned_fork_costs,adaptive_width,2026-08-03,1785715200000,1785715200000,0,0,0,0,0,0,0,0,0
GLD,250000000,pinned_fork_costs,adaptive_width,2026-08-10,1786320000000,1786320000000,0,0,0,0,0,0,0,0,0
GLD,250000000,pinned_fork_costs,adaptive_width,2026-08-17,1786924800000,1786924800000,0,0,0,0,0,0,0,0,0
GLD,250000000,pinned_fork_costs,adaptive_width,2026-08-24,1787529600000,1788134396000,111434161,327387615,-215953454,191570723,31081453,141,50069,170259000,142982000
GLD,250000000,pinned_fork_costs,adaptive_width,2026-08-31,1788134403000,1788739198000,-11309300,-327487063,316177763,150870308,41942690,190,118850,604802000,35711000
GLD,250000000,pinned_fork_costs,adaptive_width,2026-09-07,1788739215000,1789154994000,-9515351,-3976617,-5538734,34410408,12039092,54,34124,415796000,4092000
GLD,250000000,pinned_fork_costs,adaptive_economic,2026-07-27,1785196800000,1785196800000,0,0,0,0,0,0,0,0,0
GLD,250000000,pinned_fork_costs,adaptive_economic,2026-08-03,1785715200000,1785715200000,0,0,0,0,0,0,0,0,0
GLD,250000000,pinned_fork_costs,adaptive_economic,2026-08-10,1786320000000,1786320000000,0,0,0,0,0,0,0,0,0
GLD,250000000,pinned_fork_costs,adaptive_economic,2026-08-17,1786924800000,1786924800000,0,0,0,0,0,0,0,0,0
GLD,250000000,pinned_fork_costs,adaptive_economic,2026-08-24,1787529600000,1788134396000,127455612,327387615,-199932003,192970304,22913666,104,50069,170259000,143390000
GLD,250000000,pinned_fork_costs,adaptive_economic,2026-08-31,1788134403000,1788739198000,-10852892,-327487063,316634171,151960859,37527670,170,118850,604802000,495925000
GLD,250000000,pinned_fork_costs,adaptive_economic,2026-09-07,1788739215000,1789154994000,1266733,-3976617,5243350,1425908,118538,0,34124,415796000,412872000
GLD,250000000,double_gas_half_fees,fixed_20,2026-07-27,1785196800000,1785196800000,0,0,0,0,0,0,0,0,0
GLD,250000000,double_gas_half_fees,fixed_20,2026-08-03,1785715200000,1785715200000,0,0,0,0,0,0,0,0,0
GLD,250000000,double_gas_half_fees,fixed_20,2026-08-10,1786320000000,1786320000000,0,0,0,0,0,0,0,0,0
GLD,250000000,double_gas_half_fees,fixed_20,2026-08-17,1786924800000,1786924800000,0,0,0,0,0,0,0,0,0
GLD,250000000,double_gas_half_fees,fixed_20,2026-08-24,1787529600000,1788134396000,-227799355,327334177,-555133532,90547722,91743540,208,50069,170259000,136131000
GLD,250000000,double_gas_half_fees,fixed_20,2026-08-31,1788134403000,1788739198000,-80521260,-327487063,246965803,0,0,0,118850,604802000,604802000
GLD,250000000,double_gas_half_fees,fixed_20,2026-09-07,1788739215000,1789154994000,-1286900,-4027896,2740996,0,237076,0,34124,415796000,415796000
GLD,250000000,double_gas_half_fees,fixed_40,2026-07-27,1785196800000,1785196800000,0,0,0,0,0,0,0,0,0
GLD,250000000,double_gas_half_fees,fixed_40,2026-08-03,1785715200000,1785715200000,0,0,0,0,0,0,0,0,0
GLD,250000000,double_gas_half_fees,fixed_40,2026-08-10,1786320000000,1786320000000,0,0,0,0,0,0,0,0,0
GLD,250000000,double_gas_half_fees,fixed_40,2026-08-17,1786924800000,1786924800000,0,0,0,0,0,0,0,0,0
GLD,250000000,double_gas_half_fees,fixed_40,2026-08-24,1787529600000,1788134396000,-235499188,327334177,-562833365,79236873,71434448,162,50069,170259000,124293000
GLD,250000000,double_gas_half_fees,fixed_40,2026-08-31,1788134403000,1788739198000,-56500921,-327487063,270986142,0,0,0,118850,604802000,604802000
GLD,250000000,double_gas_half_fees,fixed_40,2026-09-07,1788739215000,1789154994000,-1161539,-4027896,2866357,0,237076,0,34124,415796000,415796000
GLD,250000000,double_gas_half_fees,fixed_80,2026-07-27,1785196800000,1785196800000,0,0,0,0,0,0,0,0,0
GLD,250000000,double_gas_half_fees,fixed_80,2026-08-03,1785715200000,1785715200000,0,0,0,0,0,0,0,0,0
GLD,250000000,double_gas_half_fees,fixed_80,2026-08-10,1786320000000,1786320000000,0,0,0,0,0,0,0,0,0
GLD,250000000,double_gas_half_fees,fixed_80,2026-08-17,1786924800000,1786924800000,0,0,0,0,0,0,0,0,0
GLD,250000000,double_gas_half_fees,fixed_80,2026-08-24,1787529600000,1788134396000,30528930,327334177,-296805247,50484865,11831678,27,50069,170259000,127960000
GLD,250000000,double_gas_half_fees,fixed_80,2026-08-31,1788134403000,1788739198000,-92072465,-327487063,235414598,44219673,22516602,51,118850,604802000,3969000
GLD,250000000,double_gas_half_fees,fixed_80,2026-09-07,1788739215000,1789154994000,-6809183,-4027896,-2781287,4666790,3769092,8,34124,415796000,1676000
GLD,250000000,double_gas_half_fees,fixed_160,2026-07-27,1785196800000,1785196800000,0,0,0,0,0,0,0,0,0
GLD,250000000,double_gas_half_fees,fixed_160,2026-08-03,1785715200000,1785715200000,0,0,0,0,0,0,0,0,0
GLD,250000000,double_gas_half_fees,fixed_160,2026-08-10,1786320000000,1786320000000,0,0,0,0,0,0,0,0,0
GLD,250000000,double_gas_half_fees,fixed_160,2026-08-17,1786924800000,1786924800000,0,0,0,0,0,0,0,0,0
GLD,250000000,double_gas_half_fees,fixed_160,2026-08-24,1787529600000,1788134396000,20409838,327334177,-306924339,28682263,6092152,14,50069,170259000,127532000
GLD,250000000,double_gas_half_fees,fixed_160,2026-08-31,1788134403000,1788739198000,-87270501,-327487063,240216562,21479308,8388538,19,118850,604802000,1823000
GLD,250000000,double_gas_half_fees,fixed_160,2026-09-07,1788739215000,1789154994000,-3825298,-4027896,202598,2080141,1120080,2,34124,415796000,87000
GLD,250000000,double_gas_half_fees,adaptive_width,2026-07-27,1785196800000,1785196800000,0,0,0,0,0,0,0,0,0
GLD,250000000,double_gas_half_fees,adaptive_width,2026-08-03,1785715200000,1785715200000,0,0,0,0,0,0,0,0,0
GLD,250000000,double_gas_half_fees,adaptive_width,2026-08-10,1786320000000,1786320000000,0,0,0,0,0,0,0,0,0
GLD,250000000,double_gas_half_fees,adaptive_width,2026-08-17,1786924800000,1786924800000,0,0,0,0,0,0,0,0,0
GLD,250000000,double_gas_half_fees,adaptive_width,2026-08-24,1787529600000,1788134396000,-14613325,327334177,-341947502,86606877,62604408,142,50069,170259000,142797000
GLD,250000000,double_gas_half_fees,adaptive_width,2026-08-31,1788134403000,1788739198000,-159078971,-327487063,168408092,45103710,70198818,159,118850,604802000,32488000
GLD,250000000,double_gas_half_fees,adaptive_width,2026-09-07,1788739215000,1789154994000,-14820217,-4027896,-10792321,5285808,10391622,23,34124,415796000,1607000
GLD,250000000,double_gas_half_fees,adaptive_economic,2026-07-27,1785196800000,1785196800000,0,0,0,0,0,0,0,0,0
GLD,250000000,double_gas_half_fees,adaptive_economic,2026-08-03,1785715200000,1785715200000,0,0,0,0,0,0,0,0,0
GLD,250000000,double_gas_half_fees,adaptive_economic,2026-08-10,1786320000000,1786320000000,0,0,0,0,0,0,0,0,0
GLD,250000000,double_gas_half_fees,adaptive_economic,2026-08-17,1786924800000,1786924800000,0,0,0,0,0,0,0,0,0
GLD,250000000,double_gas_half_fees,adaptive_economic,2026-08-24,1787529600000,1788134396000,-23483597,327334177,-350817774,28914611,29933260,68,50069,170259000,155591000
GLD,250000000,double_gas_half_fees,adaptive_economic,2026-08-31,1788134403000,1788739198000,-22062232,-327487063,305424831,106032,0,0,118850,604802000,604801000
GLD,250000000,double_gas_half_fees,adaptive_economic,2026-09-07,1788739215000,1789154994000,-7596355,-4027896,-3568459,0,237076,0,34124,415796000,415796000
GLD,250000000,partial_mint_failure,fixed_20,2026-07-27,1785196800000,1785196800000,0,0,0,0,0,0,0,0,0
GLD,250000000,partial_mint_failure,fixed_20,2026-08-03,1785715200000,1785715200000,0,0,0,0,0,0,0,0,0
GLD,250000000,partial_mint_failure,fixed_20,2026-08-10,1786320000000,1786320000000,0,0,0,0,0,0,0,0,0
GLD,250000000,partial_mint_failure,fixed_20,2026-08-17,1786924800000,1786924800000,0,0,0,0,0,0,0,0,0
GLD,250000000,partial_mint_failure,fixed_20,2026-08-24,1787529600000,1788134396000,-127501022,327387615,-454888637,34573788,26881428,126,50069,80978000,65132000
GLD,250000000,partial_mint_failure,fixed_20,2026-08-31,1788134403000,1788739198000,-122589378,-327487063,204897685,3399669,17700201,83,118850,513257000,6819000
GLD,250000000,partial_mint_failure,fixed_20,2026-09-07,1788739215000,1789154994000,-1106686,-3976617,2869931,0,118538,0,34124,415796000,0
GLD,250000000,partial_mint_failure,fixed_40,2026-07-27,1785196800000,1785196800000,0,0,0,0,0,0,0,0,0
GLD,250000000,partial_mint_failure,fixed_40,2026-08-03,1785715200000,1785715200000,0,0,0,0,0,0,0,0,0
GLD,250000000,partial_mint_failure,fixed_40,2026-08-10,1786320000000,1786320000000,0,0,0,0,0,0,0,0,0
GLD,250000000,partial_mint_failure,fixed_40,2026-08-17,1786924800000,1786924800000,0,0,0,0,0,0,0,0,0
GLD,250000000,partial_mint_failure,fixed_40,2026-08-24,1787529600000,1788134396000,-167808754,327387615,-495196369,64588499,27940745,131,50069,73778000,42050000
GLD,250000000,partial_mint_failure,fixed_40,2026-08-31,1788134403000,1788739198000,-82259866,-327487063,245227197,438331,2339385,11,118850,596481000,1668000
GLD,250000000,partial_mint_failure,fixed_40,2026-09-07,1788739215000,1789154994000,-789520,-3976617,3187097,0,118538,0,34124,415796000,0
GLD,250000000,partial_mint_failure,fixed_80,2026-07-27,1785196800000,1785196800000,0,0,0,0,0,0,0,0,0
GLD,250000000,partial_mint_failure,fixed_80,2026-08-03,1785715200000,1785715200000,0,0,0,0,0,0,0,0,0
GLD,250000000,partial_mint_failure,fixed_80,2026-08-10,1786320000000,1786320000000,0,0,0,0,0,0,0,0,0
GLD,250000000,partial_mint_failure,fixed_80,2026-08-17,1786924800000,1786924800000,0,0,0,0,0,0,0,0,0
GLD,250000000,partial_mint_failure,fixed_80,2026-08-24,1787529600000,1788134396000,66654662,327387615,-260732953,71557711,4899521,23,50069,163754000,127519000
GLD,250000000,partial_mint_failure,fixed_80,2026-08-31,1788134403000,1788739198000,-32781643,-327487063,294705420,90284038,8518974,40,118850,584088000,2555000
GLD,250000000,partial_mint_failure,fixed_80,2026-09-07,1788739215000,1789154994000,-354961,-3976617,3621656,12494607,2237172,10,34124,414380000,1778000
GLD,250000000,partial_mint_failure,fixed_160,2026-07-27,1785196800000,1785196800000,0,0,0,0,0,0,0,0,0
GLD,250000000,partial_mint_failure,fixed_160,2026-08-03,1785715200000,1785715200000,0,0,0,0,0,0,0,0,0
GLD,250000000,partial_mint_failure,fixed_160,2026-08-10,1786320000000,1786320000000,0,0,0,0,0,0,0,0,0
GLD,250000000,partial_mint_failure,fixed_160,2026-08-17,1786924800000,1786924800000,0,0,0,0,0,0,0,0,0
GLD,250000000,partial_mint_failure,fixed_160,2026-08-24,1787529600000,1788134396000,47867189,327387615,-279520426,50429171,2736449,13,50069,167727000,127709000
GLD,250000000,partial_mint_failure,fixed_160,2026-08-31,1788134403000,1788739198000,-51953977,-327487063,275533086,48925785,3443140,16,118850,599500000,1629000
GLD,250000000,partial_mint_failure,fixed_160,2026-09-07,1788739215000,1789154994000,-1623785,-3976617,2352832,5308526,736353,3,34124,415068000,1341000
GLD,250000000,partial_mint_failure,adaptive_width,2026-07-27,1785196800000,1785196800000,0,0,0,0,0,0,0,0,0
GLD,250000000,partial_mint_failure,adaptive_width,2026-08-03,1785715200000,1785715200000,0,0,0,0,0,0,0,0,0
GLD,250000000,partial_mint_failure,adaptive_width,2026-08-10,1786320000000,1786320000000,0,0,0,0,0,0,0,0,0
GLD,250000000,partial_mint_failure,adaptive_width,2026-08-17,1786924800000,1786924800000,0,0,0,0,0,0,0,0,0
GLD,250000000,partial_mint_failure,adaptive_width,2026-08-24,1787529600000,1788134396000,20609223,327387615,-306778392,29904845,10019793,47,50069,144609000,134911000
GLD,250000000,partial_mint_failure,adaptive_width,2026-08-31,1788134403000,1788739198000,-102004074,-327487063,225482989,61413731,37960538,178,118850,512217000,31990000
GLD,250000000,partial_mint_failure,adaptive_width,2026-09-07,1788739215000,1789154994000,-7220433,-3976617,-3243816,15434464,9917580,46,34124,404869000,2269000
GLD,250000000,partial_mint_failure,adaptive_economic,2026-07-27,1785196800000,1785196800000,0,0,0,0,0,0,0,0,0
GLD,250000000,partial_mint_failure,adaptive_economic,2026-08-03,1785715200000,1785715200000,0,0,0,0,0,0,0,0,0
GLD,250000000,partial_mint_failure,adaptive_economic,2026-08-10,1786320000000,1786320000000,0,0,0,0,0,0,0,0,0
GLD,250000000,partial_mint_failure,adaptive_economic,2026-08-17,1786924800000,1786924800000,0,0,0,0,0,0,0,0,0
GLD,250000000,partial_mint_failure,adaptive_economic,2026-08-24,1787529600000,1788134396000,19344658,327387615,-308042957,24702970,5517336,26,50069,143045000,135383000
GLD,250000000,partial_mint_failure,adaptive_economic,2026-08-31,1788134403000,1788739198000,-8283528,-327487063,319203535,39868529,8739725,41,118850,571012000,524908000
GLD,250000000,partial_mint_failure,adaptive_economic,2026-09-07,1788739215000,1789154994000,3277543,-3976617,7254160,3533692,118538,0,34124,415796000,396422000
GME,5000000000,pinned_fork_costs,fixed_20,2026-07-27,1785196800000,1785715198000,-45575319,43554385,-89129704,870249456,40922005,183,35744,518356000,13965000
GME,5000000000,pinned_fork_costs,fixed_20,2026-08-03,1785715208000,1786319971000,-1823611192,-263059429,-1560551763,974750375,101635164,454,52004,604773000,49451000
GME,5000000000,pinned_fork_costs,fixed_20,2026-08-10,1786320055000,1786924750000,-306706724,-98610883,-208095841,475931643,42086808,188,24063,604779000,19238000
GME,5000000000,pinned_fork_costs,fixed_20,2026-08-17,1786924831000,1787529586000,-171984402,-47269626,-124714776,433935443,39176550,175,24636,604836000,26687000
GME,5000000000,pinned_fork_costs,fixed_20,2026-08-24,1787529603000,1788134395000,400611751,65105880,335505871,1709357791,87083874,389,94460,604809000,32744000
GME,5000000000,pinned_fork_costs,fixed_20,2026-08-31,1788134406000,1788739196000,2561269827,64685310,2496584517,5550561266,133871868,598,352948,604801000,31384000
GME,5000000000,pinned_fork_costs,fixed_20,2026-09-07,1788739210000,1789154989000,244830430,198192142,46638288,1893568464,55636386,248,126176,415793000,14677000
GME,5000000000,pinned_fork_costs,fixed_40,2026-07-27,1785196800000,1785715198000,186689303,43554385,143134918,587949721,11147827,50,35744,518356000,3734000
GME,5000000000,pinned_fork_costs,fixed_40,2026-08-03,1785715208000,1786319971000,-1340796458,-263059429,-1077737029,853303417,44101602,197,52004,604773000,22153000
GME,5000000000,pinned_fork_costs,fixed_40,2026-08-10,1786320055000,1786924750000,-221474235,-98610883,-122863352,381667834,14327424,64,24063,604779000,5843000
GME,5000000000,pinned_fork_costs,fixed_40,2026-08-17,1786924831000,1787529586000,-39942139,-47269626,7327487,368901825,14775156,66,24636,604836000,7309000
GME,5000000000,pinned_fork_costs,fixed_40,2026-08-24,1787529603000,1788134395000,1073491332,65105880,1008385452,1860535066,28430982,127,94460,604809000,7176000
GME,5000000000,pinned_fork_costs,fixed_40,2026-08-31,1788134406000,1788739196000,2790487931,64685310,2725802621,5071436470,46787994,209,352948,604801000,9905000
GME,5000000000,pinned_fork_costs,fixed_40,2026-09-07,1788739210000,1789154989000,335358427,198192142,137166285,1435228544,22951950,102,126176,415793000,5783000
GME,5000000000,pinned_fork_costs,fixed_80,2026-07-27,1785196800000,1785715198000,228550249,43554385,184995864,338035349,2417053,11,35744,518356000,630000
GME,5000000000,pinned_fork_costs,fixed_80,2026-08-03,1785715208000,1786319971000,-198393026,-263059429,64666403,655708600,4477320,20,52004,604773000,37837000
GME,5000000000,pinned_fork_costs,fixed_80,2026-08-10,1786320055000,1786924750000,-175129195,-98610883,-76518312,288897259,4477320,20,24063,604779000,1097000
GME,5000000000,pinned_fork_costs,fixed_80,2026-08-17,1786924831000,1787529586000,129384057,-47269626,176653683,283825149,1790928,8,24636,604836000,6483000
GME,5000000000,pinned_fork_costs,fixed_80,2026-08-24,1787529603000,1788134395000,1209071069,65105880,1143965189,1630769780,6715980,30,94460,604809000,2873000
GME,5000000000,pinned_fork_costs,fixed_80,2026-08-31,1788134406000,1788739196000,2242937188,64685310,2178251878,3702347128,14103558,63,352948,604801000,4821000
GME,5000000000,pinned_fork_costs,fixed_80,2026-09-07,1788739210000,1789154989000,260974382,198192142,62782240,883762615,8624526,38,126176,415793000,2165000
GME,5000000000,pinned_fork_costs,fixed_160,2026-07-27,1785196800000,1785715198000,147476560,43554385,103922175,179059792,849991,4,35744,518356000,300000
GME,5000000000,pinned_fork_costs,fixed_160,2026-08-03,1785715208000,1786319971000,-482394253,-263059429,-219334824,186242160,1343196,6,52004,604773000,127257000
GME,5000000000,pinned_fork_costs,fixed_160,2026-08-10,1786320055000,1786924750000,-139416640,-98610883,-40805757,156941304,1567062,7,24063,604779000,567000
GME,5000000000,pinned_fork_costs,fixed_160,2026-08-17,1786924831000,1787529586000,43162398,-47269626,90432024,156257109,671598,3,24636,604836000,85000
GME,5000000000,pinned_fork_costs,fixed_160,2026-08-24,1787529603000,1788134395000,831777712,65105880,766671832,952499609,1790928,8,94460,604809000,12689000
GME,5000000000,pinned_fork_costs,fixed_160,2026-08-31,1788134406000,1788739196000,1220189771,64685310,1155504461,1782829661,4253454,19,352948,604801000,5001000
GME,5000000000,pinned_fork_costs,fixed_160,2026-09-07,1788739210000,1789154989000,124388096,198192142,-73804046,364256994,3027876,13,126176,415793000,814000
GME,5000000000,pinned_fork_costs,adaptive_width,2026-07-27,1785196800000,1785715198000,143071327,43554385,99516942,251390997,4655713,21,35744,518356000,1467000
GME,5000000000,pinned_fork_costs,adaptive_width,2026-08-03,1785715208000,1786319971000,-524193702,-263059429,-261134273,330501781,8283042,37,52004,604773000,131624000
GME,5000000000,pinned_fork_costs,adaptive_width,2026-08-10,1786320055000,1786924750000,-197056309,-98610883,-98445426,211406586,4477320,20,24063,604779000,1563000
GME,5000000000,pinned_fork_costs,adaptive_width,2026-08-17,1786924831000,1787529586000,125027998,-47269626,172297624,242275649,1567062,7,24636,604836000,17001000
GME,5000000000,pinned_fork_costs,adaptive_width,2026-08-24,1787529603000,1788134395000,726801802,65105880,661695922,1319635843,19924074,89,94460,604809000,8420000
GME,5000000000,pinned_fork_costs,adaptive_width,2026-08-31,1788134406000,1788739196000,2806666221,64685310,2741980911,5551627665,66488202,297,352948,604801000,25251000
GME,5000000000,pinned_fork_costs,adaptive_width,2026-09-07,1788739210000,1789154989000,586033662,198192142,387841520,1027745239,11310918,50,126176,415793000,2471000
GME,5000000000,pinned_fork_costs,adaptive_economic,2026-07-27,1785196800000,1785715198000,6485152,43554385,-37069233,19173549,402259,2,35744,518356000,492482000
GME,5000000000,pinned_fork_costs,adaptive_economic,2026-08-03,1785715208000,1786319971000,-482899205,-263059429,-219839776,186525288,4925052,22,52004,604773000,478803000
GME,5000000000,pinned_fork_costs,adaptive_economic,2026-08-10,1786320055000,1786924750000,80552751,-98610883,179163634,120117614,447732,2,24063,604779000,380039000
GME,5000000000,pinned_fork_costs,adaptive_economic,2026-08-17,1786924831000,1787529586000,167696950,-47269626,214966576,271325482,1119330,5,24636,604836000,382195000
GME,5000000000,pinned_fork_costs,adaptive_economic,2026-08-24,1787529603000,1788134395000,627183406,65105880,562077526,763835245,5148918,23,94460,604809000,276104000
GME,5000000000,pinned_fork_costs,adaptive_economic,2026-08-31,1788134406000,1788739196000,1983862979,64685310,1919177669,3886078851,39176550,175,352948,604801000,290102000
GME,5000000000,pinned_fork_costs,adaptive_economic,2026-09-07,1788739210000,1789154989000,161449821,198192142,-36742321,447932756,2804010,12,126176,415793000,248822000
GME,5000000000,double_gas_half_fees,fixed_20,2026-07-27,1785196800000,1785715198000,-498126094,43501152,-541627246,422457517,81844010,183,35744,518356000,13965000
GME,5000000000,double_gas_half_fees,fixed_20,2026-08-03,1785715208000,1786319971000,-2150011134,-263059429,-1886951705,448518216,203270328,454,52004,604773000,49451000
GME,5000000000,double_gas_half_fees,fixed_20,2026-08-10,1786320055000,1786924750000,-459262246,-98610883,-360651363,200645892,84173616,188,24063,604779000,19238000
GME,5000000000,double_gas_half_fees,fixed_20,2026-08-17,1786924831000,1787529586000,-312874107,-47269626,-265604481,175125534,78353100,175,24636,604836000,26687000
GME,5000000000,double_gas_half_fees,fixed_20,2026-08-24,1787529603000,1788134395000,-272838500,65105880,-337944380,662882872,174167748,389,94460,604809000,32744000
GME,5000000000,double_gas_half_fees,fixed_20,2026-08-31,1788134406000,1788739196000,-90359714,64685310,-155045024,1453577625,267743736,598,352948,604801000,31384000
GME,5000000000,double_gas_half_fees,fixed_20,2026-09-07,1788739210000,1789154989000,-267985266,198140817,-466126083,351374586,111272772,248,126176,415793000,14677000
GME,5000000000,double_gas_half_fees,fixed_40,2026-07-27,1785196800000,1785715198000,-113483290,43501152,-156984442,287599921,22295654,50,35744,518356000,3734000
GME,5000000000,double_gas_half_fees,fixed_40,2026-08-03,1785715208000,1786319971000,-1670294388,-263059429,-1407234959,399939744,88203204,197,52004,604773000,22153000
GME,5000000000,double_gas_half_fees,fixed_40,2026-08-10,1786320055000,1786924750000,-354266612,-98610883,-255655729,165716993,28654848,64,24063,604779000,5843000
GME,5000000000,double_gas_half_fees,fixed_40,2026-08-17,1786924831000,1787529586000,-184254492,-47269626,-136984866,155536978,29550312,66,24636,604836000,7309000
GME,5000000000,double_gas_half_fees,fixed_40,2026-08-24,1787529603000,1788134395000,189985407,65105880,124879527,760303952,56861964,127,94460,604809000,7176000
GME,5000000000,double_gas_half_fees,fixed_40,2026-08-31,1788134406000,1788739196000,256317966,64685310,191632656,1530342831,93575988,209,352948,604801000,9905000
GME,5000000000,double_gas_half_fees,fixed_40,2026-09-07,1788739210000,1789154989000,-160554812,198140817,-358695629,336912815,45903900,102,126176,415793000,5783000
GME,5000000000,double_gas_half_fees,fixed_80,2026-07-27,1785196800000,1785715198000,57341328,43501152,13840176,167345996,4834106,11,35744,518356000,630000
GME,5000000000,double_gas_half_fees,fixed_80,2026-08-03,1785715208000,1786319971000,-504032211,-263059429,-240972782,314509704,8954640,20,52004,604773000,37537000
GME,5000000000,double_gas_half_fees,fixed_80,2026-08-10,1786320055000,1786924750000,-289888637,-98610883,-191277754,131779139,8954640,20,24063,604779000,1097000
GME,5000000000,double_gas_half_fees,fixed_80,2026-08-17,1786924831000,1787529586000,-9826027,-47269626,37443599,127126840,3581856,8,24636,604836000,6483000
GME,5000000000,double_gas_half_fees,fixed_80,2026-08-24,1787529603000,1788134395000,398631235,65105880,333525355,743766886,14327424,32,94460,604809000,1697000
GME,5000000000,double_gas_half_fees,fixed_80,2026-08-31,1788134406000,1788739196000,191111185,64685310,126425875,1294732159,32236704,72,352948,604801000,3925000
GME,5000000000,double_gas_half_fees,fixed_80,2026-09-07,1788739210000,1789154989000,-94959263,198140817,-293100080,259779959,17249052,38,126176,415793000,2165000
GME,5000000000,double_gas_half_fees,fixed_160,2026-07-27,1785196800000,1785715198000,56902646,43501152,13401494,89254151,1699982,4,35744,518356000,300000
GME,5000000000,double_gas_half_fees,fixed_160,2026-08-03,1785715208000,1786319971000,-565852845,-263059429,-302793416,91160048,2686392,6,52004,604773000,127257000
GME,5000000000,double_gas_half_fees,fixed_160,2026-08-10,1786320055000,1786924750000,-210846832,-98610883,-112235949,75433639,3134124,7,24063,604779000,567000
GME,5000000000,double_gas_half_fees,fixed_160,2026-08-17,1786924831000,1787529586000,-33485582,-47269626,13784044,74301334,1343196,3,24636,604836000,85000
GME,5000000000,double_gas_half_fees,fixed_160,2026-08-24,1787529603000,1788134395000,318497239,65105880,253391359,442788594,3581856,8,94460,604809000,12522000
GME,5000000000,double_gas_half_fees,fixed_160,2026-08-31,1788134406000,1788739196000,274647983,64685310,209962673,718823375,8506908,19,352948,604801000,4971000
GME,5000000000,double_gas_half_fees,fixed_160,2026-09-07,1788739210000,1789154989000,-35687467,198140817,-233828284,136357459,6055752,13,126176,415793000,754000
GME,5000000000,double_gas_half_fees,adaptive_width,2026-07-27,1785196800000,1785715198000,-26829190,43501152,-70330342,223641205,17370602,39,35744,518356000,3396000
GME,5000000000,double_gas_half_fees,adaptive_width,2026-08-03,1785715208000,1786319971000,-606390630,-263059429,-343331201,98677068,5372784,12,52004,604773000,130453000
GME,5000000000,double_gas_half_fees,adaptive_width,2026-08-10,1786320055000,1786924750000,-254588082,-98610883,-155977199,111938259,8954640,20,24063,604779000,1264000
GME,5000000000,double_gas_half_fees,adaptive_width,2026-08-17,1786924831000,1787529586000,-19584816,-47269626,27684810,128619471,6268248,14,24636,604836000,56057000
GME,5000000000,double_gas_half_fees,adaptive_width,2026-08-24,1787529603000,1788134395000,275375109,65105880,210269229,611418358,24177528,54,94460,604809000,5071000
GME,5000000000,double_gas_half_fees,adaptive_width,2026-08-31,1788134406000,1788739196000,14868143,64685310,-49817167,1599624860,96710112,216,352948,604801000,19873000
GME,5000000000,double_gas_half_fees,adaptive_width,2026-09-07,1788739210000,1789154989000,121248788,198140817,-76892029,138054223,5608020,12,126176,415793000,522000
GME,5000000000,double_gas_half_fees,adaptive_economic,2026-07-27,1785196800000,1785715198000,-3550443,43501152,-47051595,9582949,804518,2,35744,518356000,492482000
GME,5000000000,double_gas_half_fees,adaptive_economic,2026-08-03,1785715208000,1786319971000,-520268578,-263059429,-257209149,79660203,3134124,7,52004,604773000,480622000
GME,5000000000,double_gas_half_fees,adaptive_economic,2026-08-10,1786320055000,1786924750000,19768009,-98610883,118378892,59369793,895464,2,24063,604779000,380039000
GME,5000000000,double_gas_half_fees,adaptive_economic,2026-08-17,1786924831000,1787529586000,27361174,-47269626,74630800,106248596,1343196,3,24636,604836000,125955000
GME,5000000000,double_gas_half_fees,adaptive_economic,2026-08-24,1787529603000,1788134395000,213356145,65105880,148250265,260532588,4477320,10,94460,604809000,123867000
GME,5000000000,double_gas_half_fees,adaptive_economic,2026-08-31,1788134406000,1788739196000,-341531713,64685310,-406217023,597450418,33579900,75,352948,604801000,538420000
GME,5000000000,double_gas_half_fees,adaptive_economic,2026-09-07,1788739210000,1789154989000,5794347,198140817,-192346470,81742948,2473896,5,126176,415793000,259396000
GME,5000000000,partial_mint_failure,fixed_20,2026-07-27,1785196800000,1785715198000,-14277734,43554385,-57832119,709880993,36514637,169,35744,478455000,11240000
GME,5000000000,partial_mint_failure,fixed_20,2026-08-03,1785715208000,1786319971000,-1268779947,-263059429,-1005720518,786560723,77863380,360,52004,505721000,31463000
GME,5000000000,partial_mint_failure,fixed_20,2026-08-10,1786320055000,1786924750000,-278445389,-98610883,-179834506,455219482,38931690,180,24063,563578000,16563000
GME,5000000000,partial_mint_failure,fixed_20,2026-08-17,1786924831000,1787529586000,-211056165,-47269626,-163786539,404579896,38081699,176,24636,557361000,22356000
GME,5000000000,partial_mint_failure,fixed_20,2026-08-24,1787529603000,1788134395000,236505662,65105880,171399782,1060649069,61664579,285,94460,524686000,21537000
GME,5000000000,partial_mint_failure,fixed_20,2026-08-31,1788134406000,1788739196000,1368922034,64685310,1304236724,2670185577,75670193,350,352948,468443000,13927000
GME,5000000000,partial_mint_failure,fixed_20,2026-09-07,1788739210000,1789154989000,342346770,198192142,144154628,1317275066,44016334,203,126176,368301000,10463000
GME,5000000000,partial_mint_failure,fixed_40,2026-07-27,1785196800000,1785715198000,217378866,43554385,173824481,565695440,11857900,55,35744,507140000,3466000
GME,5000000000,partial_mint_failure,fixed_40,2026-08-03,1785715208000,1786319971000,-669725097,-263059429,-406665668,758474321,33964664,157,52004,551126000,15853000
GME,5000000000,partial_mint_failure,fixed_40,2026-08-10,1786320055000,1786924750000,-192035383,-98610883,-93424500,392797804,13424962,62,24063,593017000,4807000
GME,5000000000,partial_mint_failure,fixed_40,2026-08-17,1786924831000,1787529586000,-10730182,-47269626,36539444,409672456,14498819,67,24636,588154000,6136000
GME,5000000000,partial_mint_failure,fixed_40,2026-08-24,1787529603000,1788134395000,598392873,65105880,533286993,1173991515,21837425,101,94460,564852000,6003000
GME,5000000000,partial_mint_failure,fixed_40,2026-08-31,1788134406000,1788739196000,2679114879,64685310,2614429569,3725745057,31771477,147,352948,559666000,5060000
GME,5000000000,partial_mint_failure,fixed_40,2026-09-07,1788739210000,1789154989000,325623276,198192142,127431134,1257060865,21776650,100,126176,395638000,4735000
GME,5000000000,partial_mint_failure,fixed_80,2026-07-27,1785196800000,1785715198000,183200084,43554385,139645699,317517364,3221571,15,35744,516779000,677000
GME,5000000000,partial_mint_failure,fixed_80,2026-08-03,1785715208000,1786319971000,-264579451,-263059429,-1520022,599138548,5638624,26,52004,598510000,51840000
GME,5000000000,partial_mint_failure,fixed_80,2026-08-10,1786320055000,1786924750000,-184512446,-98610883,-85901563,266971959,5190892,24,24063,600047000,1132000
GME,5000000000,partial_mint_failure,fixed_80,2026-08-17,1786924831000,1787529586000,112709477,-47269626,159979103,267072916,2147714,10,24636,602999000,8912000
GME,5000000000,partial_mint_failure,fixed_80,2026-08-24,1787529603000,1788134395000,995042145,65105880,929936265,1323075178,7562472,35,94460,598531000,2473000
GME,5000000000,partial_mint_failure,fixed_80,2026-08-31,1788134406000,1788739196000,2041631875,64685310,1976946565,2890436719,11679507,54,352948,589709000,3309000
GME,5000000000,partial_mint_failure,fixed_80,2026-09-07,1788739210000,1789154989000,284505721,198192142,86313579,769899218,8127822,37,126176,410002000,1800000
GME,5000000000,partial_mint_failure,fixed_160,2026-07-27,1785196800000,1785715198000,147476560,43554385,103922175,179059792,849991,4,35744,518356000,300000
GME,5000000000,partial_mint_failure,fixed_160,2026-08-03,1785715208000,1786319971000,-485880580,-263059429,-222821151,182863096,1521589,7,52004,603744000,127257000
GME,5000000000,partial_mint_failure,fixed_160,2026-08-10,1786320055000,1786924750000,-91600653,-98610883,7010230,157786259,1699982,8,24063,602545000,534000
GME,5000000000,partial_mint_failure,fixed_160,2026-08-17,1786924831000,1787529586000,46864898,-47269626,94134524,156874570,671598,3,24636,604836000,131000
GME,5000000000,partial_mint_failure,fixed_160,2026-08-24,1787529603000,1788134395000,888202957,65105880,823097077,954944926,1521589,7,94460,603072000,22101000
GME,5000000000,partial_mint_failure,fixed_160,2026-08-31,1788134406000,1788739196000,1243555188,64685310,1178869878,1647065386,3893169,18,352948,600269000,3109000
GME,5000000000,partial_mint_failure,fixed_160,2026-09-07,1788739210000,1789154989000,306426360,198192142,108234218,377012543,2265332,10,126176,414086000,615000
GME,5000000000,partial_mint_failure,adaptive_width,2026-07-27,1785196800000,1785715198000,161178461,43554385,117624076,199698973,2773839,13,35744,516001000,603000
GME,5000000000,partial_mint_failure,adaptive_width,2026-08-03,1785715208000,1786319971000,-547175631,-263059429,-284116202,263280638,7384079,34,52004,596900000,131644000
GME,5000000000,partial_mint_failure,adaptive_width,2026-08-10,1786320055000,1786924750000,-168660558,-98610883,-70049675,238185453,6890874,32,24063,598315000,4383000
GME,5000000000,partial_mint_failure,adaptive_width,2026-08-17,1786924831000,1787529586000,121415272,-47269626,168684898,237599402,1521589,7,24636,603850000,22452000
GME,5000000000,partial_mint_failure,adaptive_width,2026-08-24,1787529603000,1788134395000,784615755,65105880,719509875,1013598373,9531793,44,94460,590347000,4613000
GME,5000000000,partial_mint_failure,adaptive_width,2026-08-31,1788134406000,1788739196000,1420523892,64685310,1355838582,2652638723,37186235,172,352948,538490000,23064000
GME,5000000000,partial_mint_failure,adaptive_width,2026-09-07,1788739210000,1789154989000,498724153,198192142,300532011,688439964,9649411,44,126176,406076000,1786000
GME,5000000000,partial_mint_failure,adaptive_economic,2026-07-27,1785196800000,1785715198000,6485152,43554385,-37069233,19173549,402259,2,35744,518356000,492482000
GME,5000000000,partial_mint_failure,adaptive_economic,2026-08-03,1785715208000,1786319971000,-421386648,-263059429,-158327219,191540846,4967026,23,52004,598447000,364174000
GME,5000000000,partial_mint_failure,adaptive_economic,2026-08-10,1786320055000,1786924750000,-3990051,-98610883,94620832,104302024,447732,2,24063,604779000,336409000
GME,5000000000,partial_mint_failure,adaptive_economic,2026-08-17,1786924831000,1787529586000,112133261,-47269626,159402887,156454029,849991,4,24636,603857000,109069000
GME,5000000000,partial_mint_failure,adaptive_economic,2026-08-24,1787529603000,1788134395000,551128691,65105880,486022811,715328354,3893169,18,94460,600486000,169847000
GME,5000000000,partial_mint_failure,adaptive_economic,2026-08-31,1788134406000,1788739196000,1197221290,64685310,1132535980,2052454262,20763568,96,352948,560540000,335435000
GME,5000000000,partial_mint_failure,adaptive_economic,2026-09-07,1788739210000,1789154989000,221190064,198192142,22997922,423972174,4010787,18,126176,413029000,189823000
GME,1000000000,pinned_fork_costs,fixed_20,2026-07-27,1785196800000,1785715198000,27517869,8768989,18748880,238195204,40922005,183,35744,518023000,13965000
GME,1000000000,pinned_fork_costs,fixed_20,2026-08-03,1785715208000,1786319971000,-278896522,-52622300,-226274222,417855133,101635164,454,52004,604773000,49451000
GME,1000000000,pinned_fork_costs,fixed_20,2026-08-10,1786320055000,1786924750000,-61388689,-19726080,-41662609,177909571,42086808,188,24063,604779000,19238000
GME,1000000000,pinned_fork_costs,fixed_20,2026-08-17,1786924831000,1787529586000,-25400237,-9455797,-15944440,175548257,39176550,175,24636,604836000,26687000
GME,1000000000,pinned_fork_costs,fixed_20,2026-08-24,1787529603000,1788134395000,426894306,13023754,413870552,915968713,87083874,389,94460,604809000,32744000
GME,1000000000,pinned_fork_costs,fixed_20,2026-08-31,1788134406000,1788739196000,1753200140,12939622,1740260518,3241367121,133871868,598,352948,604801000,31384000
GME,1000000000,pinned_fork_costs,fixed_20,2026-09-07,1788739210000,1789154989000,213594568,39638342,173956226,1132293146,55636386,248,126176,415793000,14677000
GME,1000000000,pinned_fork_costs,fixed_40,2026-07-27,1785196800000,1785715198000,55647962,8768989,46878973,139810389,11147827,50,35744,518356000,3734000
GME,1000000000,pinned_fork_costs,fixed_40,2026-08-03,1785715208000,1786319971000,-161605312,-52622300,-108983012,325507810,45444798,203,52004,604773000,21815000
GME,1000000000,pinned_fork_costs,fixed_40,2026-08-10,1786320055000,1786924750000,-36441905,-19726080,-16715825,115445619,14327424,64,24063,604779000,5843000
GME,1000000000,pinned_fork_costs,fixed_40,2026-08-17,1786924831000,1787529586000,10782028,-9455797,20237825,122175983,14775156,66,24636,604836000,7572000
GME,1000000000,pinned_fork_costs,fixed_40,2026-08-24,1787529603000,1788134395000,621374382,13023754,608350628,840406856,28430982,127,94460,604809000,7154000
GME,1000000000,pinned_fork_costs,fixed_40,2026-08-31,1788134406000,1788739196000,1447524132,12939622,1434584510,2292044595,46787994,209,352948,604801000,9905000
GME,1000000000,pinned_fork_costs,fixed_40,2026-09-07,1788739210000,1789154989000,191455428,39638342,151817086,639004510,22951950,102,126176,415793000,5783000
GME,1000000000,pinned_fork_costs,fixed_80,2026-07-27,1785196800000,1785715198000,51676694,8768989,42907705,73852615,2417053,11,35744,518356000,630000
GME,1000000000,pinned_fork_costs,fixed_80,2026-08-03,1785715208000,1786319971000,40611663,-52622300,93233963,232017935,5820516,26,52004,604773000,20764000
GME,1000000000,pinned_fork_costs,fixed_80,2026-08-10,1786320055000,1786924750000,-26944524,-19726080,-7218444,73429931,4477320,20,24063,604779000,1097000
GME,1000000000,pinned_fork_costs,fixed_80,2026-08-17,1786924831000,1787529586000,45918950,-9455797,55374747,79465231,1790928,8,24636,604836000,6483000
GME,1000000000,pinned_fork_costs,fixed_80,2026-08-24,1787529603000,1788134395000,547361951,13023754,534338197,631765787,7163712,32,94460,604809000,1256000
GME,1000000000,pinned_fork_costs,fixed_80,2026-08-31,1788134406000,1788739196000,800394985,12939622,787455363,1234698412,15670620,70,352948,604801000,3411000
GME,1000000000,pinned_fork_costs,fixed_80,2026-09-07,1788739210000,1789154989000,98314799,39638342,58676457,277505033,8624526,38,126176,415793000,2165000
GME,1000000000,pinned_fork_costs,fixed_160,2026-07-27,1785196800000,1785715198000,31068052,8768989,22299063,37440109,849991,4,35744,518356000,300000
GME,1000000000,pinned_fork_costs,fixed_160,2026-08-03,1785715208000,1786319971000,-35650909,-52622300,16971391,119092454,2014794,9,52004,604773000,23363000
GME,1000000000,pinned_fork_costs,fixed_160,2026-08-10,1786320055000,1786924750000,-26835323,-19726080,-7109243,36154657,1567062,7,24063,604779000,567000
GME,1000000000,pinned_fork_costs,fixed_160,2026-08-17,1786924831000,1787529586000,18883117,-9455797,28338914,42257165,671598,3,24636,604836000,85000
GME,1000000000,pinned_fork_costs,fixed_160,2026-08-24,1787529603000,1788134395000,296036151,13023754,283012397,319625664,1790928,8,94460,604809000,569000
GME,1000000000,pinned_fork_costs,fixed_160,2026-08-31,1788134406000,1788739196000,334614025,12939622,321674403,485975422,5148918,23,352948,604801000,1156000
GME,1000000000,pinned_fork_costs,fixed_160,2026-09-07,1788739210000,1789154989000,16814977,39638342,-22823365,92920987,3699474,16,126176,415793000,887000
GME,1000000000,pinned_fork_costs,adaptive_width,2026-07-27,1785196800000,1785715198000,54751375,8768989,45982386,175213083,23012725,103,35744,518023000,8421000
GME,1000000000,pinned_fork_costs,adaptive_width,2026-08-03,1785715208000,1786319971000,-35608651,-52622300,17013649,109888876,1119330,5,52004,604773000,50830000
GME,1000000000,pinned_fork_costs,adaptive_width,2026-08-10,1786320055000,1786924750000,-41562382,-19726080,-21836302,46944606,4701186,21,24063,604779000,1409000
GME,1000000000,pinned_fork_costs,adaptive_width,2026-08-17,1786924831000,1787529586000,36581980,-9455797,46037777,72611031,3134124,14,24636,604836000,56531000
GME,1000000000,pinned_fork_costs,adaptive_width,2026-08-24,1787529603000,1788134395000,497723737,13023754,484699983,764054339,32460570,145,94460,604809000,11504000
GME,1000000000,pinned_fork_costs,adaptive_width,2026-08-31,1788134406000,1788739196000,1923534953,12939622,1910595331,3522163027,127603620,570,352948,604801000,30927000
GME,1000000000,pinned_fork_costs,adaptive_width,2026-09-07,1788739210000,1789154989000,190702742,39638342,151064400,608189843,22504218,100,126176,415793000,5192000
GME,1000000000,pinned_fork_costs,adaptive_economic,2026-07-27,1785196800000,1785715198000,38732868,8768989,29963879,43072629,849991,4,35744,518023000,331039000
GME,1000000000,pinned_fork_costs,adaptive_economic,2026-08-03,1785715208000,1786319971000,-13472386,-52622300,39149914,98810640,223866,1,52004,604773000,161557000
GME,1000000000,pinned_fork_costs,adaptive_economic,2026-08-10,1786320055000,1786924750000,-1180915,-19726080,18545165,37845223,1567062,7,24063,604779000,495149000
GME,1000000000,pinned_fork_costs,adaptive_economic,2026-08-17,1786924831000,1787529586000,28382305,-9455797,37838102,58668138,671598,3,24636,604836000,525124000
GME,1000000000,pinned_fork_costs,adaptive_economic,2026-08-24,1787529603000,1788134395000,377534802,13023754,364511048,503534506,15222888,68,94460,604809000,255097000
GME,1000000000,pinned_fork_costs,adaptive_economic,2026-08-31,1788134406000,1788739196000,1311914960,12939622,1298975338,2193806333,59996088,268,352948,604801000,286322000
GME,1000000000,pinned_fork_costs,adaptive_economic,2026-09-07,1788739210000,1789154989000,112308645,39638342,72670303,234405537,3699474,16,126176,415793000,247729000
GME,1000000000,double_gas_half_fees,fixed_20,2026-07-27,1785196800000,1785715198000,-129440443,8715756,-138156199,113049367,81844010,183,35744,518023000,13965000
GME,1000000000,double_gas_half_fees,fixed_20,2026-08-03,1785715208000,1786319971000,-522894942,-52622300,-470272642,176811650,203270328,454,52004,604773000,49451000
GME,1000000000,double_gas_half_fees,fixed_20,2026-08-10,1786320055000,1786924750000,-155505489,-19726080,-135779409,62818407,84173616,188,24063,604779000,19238000
GME,1000000000,double_gas_half_fees,fixed_20,2026-08-17,1786924831000,1787529586000,-119198758,-9455797,-109742961,58226888,78353100,175,24636,604836000,26687000
GME,1000000000,double_gas_half_fees,fixed_20,2026-08-24,1787529603000,1788134395000,-71766140,13023754,-84789894,60421363,64921140,145,94460,604809000,299141000
GME,1000000000,double_gas_half_fees,fixed_20,2026-08-31,1788134406000,1788739196000,389,12939622,-12939233,0,0,0,352948,604801000,604801000
GME,1000000000,double_gas_half_fees,fixed_20,2026-09-07,1788739210000,1789154989000,-234043,39587017,-39821060,0,235236,0,126176,415793000,415793000
GME,1000000000,double_gas_half_fees,fixed_40,2026-07-27,1785196800000,1785715198000,-25099164,8715756,-33814920,67814743,22295654,50,35744,518356000,3734000
GME,1000000000,double_gas_half_fees,fixed_40,2026-08-03,1785715208000,1786319971000,-339191812,-52622300,-286569512,144684093,91337328,204,52004,604773000,21697000
GME,1000000000,double_gas_half_fees,fixed_40,2026-08-10,1786320055000,1786924750000,-89885982,-19726080,-70159902,44957460,28654848,64,24063,604779000,5843000
GME,1000000000,double_gas_half_fees,fixed_40,2026-08-17,1786924831000,1787529586000,-52326338,-9455797,-42870541,46096041,29550312,66,24636,604836000,7572000
GME,1000000000,double_gas_half_fees,fixed_40,2026-08-24,1787529603000,1788134395000,116411140,13023754,103387386,281267572,56861964,127,94460,604809000,7154000
GME,1000000000,double_gas_half_fees,fixed_40,2026-08-31,1788134406000,1788739196000,93230031,12939622,80290409,506814550,93575988,209,352948,604801000,9905000
GME,1000000000,double_gas_half_fees,fixed_40,2026-09-07,1788739210000,1789154989000,-71969512,39587017,-111556529,105364735,45903900,102,126176,415793000,5783000
GME,1000000000,double_gas_half_fees,fixed_80,2026-07-27,1785196800000,1785715198000,12271570,8715756,3555814,36490466,4834106,11,35744,518356000,630000
GME,1000000000,double_gas_half_fees,fixed_80,2026-08-03,1785715208000,1786319971000,-78235406,-52622300,-25613106,107759024,11641032,26,52004,604773000,20764000
GME,1000000000,double_gas_half_fees,fixed_80,2026-08-10,1786320055000,1786924750000,-59706288,-19726080,-39980208,31465823,8954640,20,24063,604779000,1097000
GME,1000000000,double_gas_half_fees,fixed_80,2026-08-17,1786924831000,1787529586000,3386220,-9455797,12842017,33421713,3581856,8,24636,604836000,6483000
GME,1000000000,double_gas_half_fees,fixed_80,2026-08-24,1787529603000,1788134395000,173148470,13023754,160124716,243041331,14775156,33,94460,604809000,1226000
GME,1000000000,double_gas_half_fees,fixed_80,2026-08-31,1788134406000,1788739196000,96536618,12939622,83596996,359057503,31341240,70,352948,604801000,3411000
GME,1000000000,double_gas_half_fees,fixed_80,2026-09-07,1788739210000,1789154989000,-30676909,39587017,-70263926,67156560,17249052,38,126176,415793000,2165000
GME,1000000000,double_gas_half_fees,fixed_160,2026-07-27,1785196800000,1785715198000,11447852,8715756,2732096,18653932,1699982,4,35744,518356000,300000
GME,1000000000,double_gas_half_fees,fixed_160,2026-08-03,1785715208000,1786319971000,-97927440,-52622300,-45305140,57435039,4029588,9,52004,604773000,22180000
GME,1000000000,double_gas_half_fees,fixed_160,2026-08-10,1786320055000,1786924750000,-42990201,-19726080,-23264121,16570064,3134124,7,24063,604779000,567000
GME,1000000000,double_gas_half_fees,fixed_160,2026-08-17,1786924831000,1787529586000,-2695353,-9455797,6760444,19246613,1343196,3,24636,604836000,85000
GME,1000000000,double_gas_half_fees,fixed_160,2026-08-24,1787529603000,1788134395000,114406240,13023754,101382486,136424882,3581856,8,94460,604809000,569000
GME,1000000000,double_gas_half_fees,fixed_160,2026-08-31,1788134406000,1788739196000,60878710,12939622,47939088,174868168,10297836,23,352948,604801000,1156000
GME,1000000000,double_gas_half_fees,fixed_160,2026-09-07,1788739210000,1789154989000,-24032355,39587017,-63619372,30184967,7398948,16,126176,415793000,887000
GME,1000000000,double_gas_half_fees,adaptive_width,2026-07-27,1785196800000,1785715198000,21598639,8715756,12882883,18801531,804518,2,35744,518200000,140000
GME,1000000000,double_gas_half_fees,adaptive_width,2026-08-03,1785715208000,1786319971000,-87418589,-52622300,-34796289,53307141,2238660,5,52004,604773000,46864000
GME,1000000000,double_gas_half_fees,adaptive_width,2026-08-10,1786320055000,1786924750000,-39165201,-19726080,-19439121,17213125,3581856,8,24063,604779000,631000
GME,1000000000,double_gas_half_fees,adaptive_width,2026-08-17,1786924831000,1787529586000,-3867838,-9455797,5587959,18593308,1343196,3,24636,604836000,16673000
GME,1000000000,double_gas_half_fees,adaptive_width,2026-08-24,1787529603000,1788134395000,74277713,13023754,61253959,279215267,56861964,127,94460,604809000,8585000
GME,1000000000,double_gas_half_fees,adaptive_width,2026-08-31,1788134406000,1788739196000,14137488,12939622,1197866,477964835,106112484,237,352948,604801000,12575000
GME,1000000000,double_gas_half_fees,adaptive_width,2026-09-07,1788739210000,1789154989000,20878297,39587017,-18708720,35407901,5608020,12,126176,415793000,566000
GME,1000000000,double_gas_half_fees,adaptive_economic,2026-07-27,1785196800000,1785715198000,11348106,8715756,2632350,7719916,356786,1,35744,518200000,268409000
GME,1000000000,double_gas_half_fees,adaptive_economic,2026-08-03,1785715208000,1786319971000,-49543612,-52622300,3078688,51321446,447732,1,52004,604773000,116322000
GME,1000000000,double_gas_half_fees,adaptive_economic,2026-08-10,1786320055000,1786924750000,-22015101,-19726080,-2289021,3576744,0,0,24063,604779000,538836000
GME,1000000000,double_gas_half_fees,adaptive_economic,2026-08-17,1786924831000,1787529586000,-19822035,-9455797,-10366238,0,0,0,24636,604836000,604836000
GME,1000000000,double_gas_half_fees,adaptive_economic,2026-08-24,1787529603000,1788134395000,46896549,13023754,33872795,150020251,23282064,52,94460,604809000,451348000
GME,1000000000,double_gas_half_fees,adaptive_economic,2026-08-31,1788134406000,1788739196000,-43728864,12939622,-56668486,255520752,54623304,122,352948,604801000,524412000
GME,1000000000,double_gas_half_fees,adaptive_economic,2026-09-07,1788739210000,1789154989000,3462068,39587017,-36124949,3382908,235236,0,126176,415793000,412801000
GME,1000000000,partial_mint_failure,fixed_20,2026-07-27,1785196800000,1785715198000,17108336,8768989,8339347,185035598,36514637,169,35744,471899000,10504000
GME,1000000000,partial_mint_failure,fixed_20,2026-08-03,1785715208000,1786319971000,-116182736,-52622300,-63560436,288229851,66183873,306,52004,487504000,26831000
GME,1000000000,partial_mint_failure,fixed_20,2026-08-10,1786320055000,1786924750000,-47666772,-19726080,-27940692,170579278,38931690,180,24063,559014000,16563000
GME,1000000000,partial_mint_failure,fixed_20,2026-08-17,1786924831000,1787529586000,-28086012,-9455797,-18630215,167128999,37857833,175,24636,555202000,21566000
GME,1000000000,partial_mint_failure,fixed_20,2026-08-24,1787529603000,1788134395000,191719203,13023754,178695449,456553332,57995276,268,94460,501749000,19172000
GME,1000000000,partial_mint_failure,fixed_20,2026-08-31,1788134406000,1788739196000,597120241,12939622,584180619,1082578824,71777024,332,352948,446509000,12736000
GME,1000000000,partial_mint_failure,fixed_20,2026-09-07,1788739210000,1789154989000,153606212,39638342,113967870,546183822,44016334,203,126176,366754000,10238000
GME,1000000000,partial_mint_failure,fixed_40,2026-07-27,1785196800000,1785715198000,57820674,8768989,49051685,133904739,11857900,55,35744,506623000,3544000
GME,1000000000,partial_mint_failure,fixed_40,2026-08-03,1785715208000,1786319971000,-61703692,-52622300,-9081392,254612686,31816950,147,52004,534946000,15411000
GME,1000000000,partial_mint_failure,fixed_40,2026-08-10,1786320055000,1786924750000,-23647301,-19726080,-3921221,114252079,12977230,60,24063,592011000,4273000
GME,1000000000,partial_mint_failure,fixed_40,2026-08-17,1786924831000,1787529586000,23178497,-9455797,32634294,129259993,14498819,67,24636,582882000,6397000
GME,1000000000,partial_mint_failure,fixed_40,2026-08-24,1787529603000,1788134395000,388975377,13023754,375951623,528170843,23135148,107,94460,569966000,6074000
GME,1000000000,partial_mint_failure,fixed_40,2026-08-31,1788134406000,1788739196000,903216661,12939622,890277039,1273249087,34366923,159,352948,545980000,5181000
GME,1000000000,partial_mint_failure,fixed_40,2026-09-07,1788739210000,1789154989000,150496495,39638342,110858153,431464608,21328918,98,126176,395234000,4625000
GME,1000000000,partial_mint_failure,fixed_80,2026-07-27,1785196800000,1785715198000,41865711,8768989,33096722,69425901,3221571,15,35744,516779000,677000
GME,1000000000,partial_mint_failure,fixed_80,2026-08-03,1785715208000,1786319971000,-12141030,-52622300,40481270,209510248,10157918,47,52004,593149000,21227000
GME,1000000000,partial_mint_failure,fixed_80,2026-08-10,1786320055000,1786924750000,-23205384,-19726080,-3479304,65535789,4564767,21,24063,601247000,1082000
GME,1000000000,partial_mint_failure,fixed_80,2026-08-17,1786924831000,1787529586000,39044932,-9455797,48500729,72115507,2147714,10,24636,602999000,8912000
GME,1000000000,partial_mint_failure,fixed_80,2026-08-24,1787529603000,1788134395000,528590287,13023754,515566533,578689047,6488615,30,94460,599624000,1114000
GME,1000000000,partial_mint_failure,fixed_80,2026-08-31,1788134406000,1788739196000,674815136,12939622,661875514,891933740,12529498,58,352948,584887000,1986000
GME,1000000000,partial_mint_failure,fixed_80,2026-09-07,1788739210000,1789154989000,104758704,39638342,65120362,237738536,8351688,38,126176,410543000,1792000
GME,1000000000,partial_mint_failure,fixed_160,2026-07-27,1785196800000,1785715198000,31068052,8768989,22299063,37440109,849991,4,35744,518356000,300000
GME,1000000000,partial_mint_failure,fixed_160,2026-08-03,1785715208000,1786319971000,-33925407,-52622300,18696893,117008442,2371580,11,52004,600954000,23446000
GME,1000000000,partial_mint_failure,fixed_160,2026-08-10,1786320055000,1786924750000,-25387140,-19726080,-5661060,35399736,1521589,7,24063,603698000,388000
GME,1000000000,partial_mint_failure,fixed_160,2026-08-17,1786924831000,1787529586000,21419717,-9455797,30875514,35087877,223866,1,24636,604836000,20932000
GME,1000000000,partial_mint_failure,fixed_160,2026-08-24,1787529603000,1788134395000,204560001,13023754,191536247,216415447,1699982,8,94460,599022000,302000
GME,1000000000,partial_mint_failure,fixed_160,2026-08-31,1788134406000,1788739196000,308519577,12939622,295579955,384879941,3490910,16,352948,598432000,680000
GME,1000000000,partial_mint_failure,fixed_160,2026-09-07,1788739210000,1789154989000,55832792,39638342,16194450,87700494,3115323,14,126176,413128000,688000
GME,1000000000,partial_mint_failure,adaptive_width,2026-07-27,1785196800000,1785715198000,66187775,8768989,57418786,106188569,9262454,43,35744,508483000,3758000
GME,1000000000,partial_mint_failure,adaptive_width,2026-08-03,1785715208000,1786319971000,-33576171,-52622300,19046129,109706783,1297723,6,52004,603916000,50659000
GME,1000000000,partial_mint_failure,adaptive_width,2026-08-10,1786320055000,1786924750000,-32316718,-19726080,-12590638,61588786,8457936,39,24063,593707000,2909000
GME,1000000000,partial_mint_failure,adaptive_width,2026-08-17,1786924831000,1787529586000,23056343,-9455797,32512140,40418636,626125,3,24636,603857000,13132000
GME,1000000000,partial_mint_failure,adaptive_width,2026-08-24,1787529603000,1788134395000,232936099,13023754,219912345,268453549,7607945,35,94460,584312000,2038000
GME,1000000000,partial_mint_failure,adaptive_width,2026-08-31,1788134406000,1788739196000,621503150,12939622,608563528,1112520855,70479301,326,352948,450788000,13045000
GME,1000000000,partial_mint_failure,adaptive_width,2026-09-07,1788739210000,1789154989000,76541858,39638342,36903516,334339727,26743676,123,126176,391062000,5872000
GME,1000000000,partial_mint_failure,adaptive_economic,2026-07-27,1785196800000,1785715198000,38732868,8768989,29963879,43072629,849991,4,35744,518023000,331039000
GME,1000000000,partial_mint_failure,adaptive_economic,2026-08-03,1785715208000,1786319971000,-13472386,-52622300,39149914,98810640,223866,1,52004,604773000,161557000
GME,1000000000,partial_mint_failure,adaptive_economic,2026-08-10,1786320055000,1786924750000,25502,-19726080,19751582,38246310,1699982,8,24063,601919000,458250000
GME,1000000000,partial_mint_failure,adaptive_economic,2026-08-17,1786924831000,1787529586000,26156392,-9455797,35612189,57388077,671598,3,24636,604836000,529263000
GME,1000000000,partial_mint_failure,adaptive_economic,2026-08-24,1787529603000,1788134395000,192135043,13023754,179111289,204310748,6936347,32,94460,586849000,256581000
GME,1000000000,partial_mint_failure,adaptive_economic,2026-08-31,1788134406000,1788739196000,538160869,12939622,525221247,829142912,33516932,155,352948,524338000,263407000
GME,1000000000,partial_mint_failure,adaptive_economic,2026-09-07,1788739210000,1789154989000,62780170,39638342,23141828,138322153,4413046,20,126176,410893000,258661000
GME,250000000,pinned_fork_costs,fixed_20,2026-07-27,1785196800000,1785715198000,-18810734,2157044,-20967778,64162527,40922005,183,35744,518023000,13965000
GME,250000000,pinned_fork_costs,fixed_20,2026-08-03,1785715208000,1786319971000,-96756295,-13156064,-83600231,162424016,101635164,454,52004,604773000,49451000
GME,250000000,pinned_fork_costs,fixed_20,2026-08-10,1786320055000,1786924750000,-41397161,-4931703,-36465458,61415386,42086808,188,24063,604779000,19238000
GME,250000000,pinned_fork_costs,fixed_20,2026-08-17,1786924831000,1787529586000,-23757021,-2364037,-21392984,66401630,39176550,175,24636,604836000,26687000
GME,250000000,pinned_fork_costs,fixed_20,2026-08-24,1787529603000,1788134395000,210630216,3256059,207374157,438129822,87083874,389,94460,604809000,32744000
GME,250000000,pinned_fork_costs,fixed_20,2026-08-31,1788134406000,1788739196000,954216157,3235026,950981131,1721195358,133871868,598,352948,604801000,31384000
GME,250000000,pinned_fork_costs,fixed_20,2026-09-07,1788739210000,1789154989000,121454813,9873013,111581800,617376299,55636386,248,126176,415793000,14677000
GME,250000000,pinned_fork_costs,fixed_40,2026-07-27,1785196800000,1785715198000,7147418,2157044,4990374,36251415,11147827,50,35744,518356000,3734000
GME,250000000,pinned_fork_costs,fixed_40,2026-08-03,1785715208000,1786319971000,-45720383,-13156064,-32564319,112224300,46787994,209,52004,604773000,21704000
GME,250000000,pinned_fork_costs,fixed_40,2026-08-10,1786320055000,1786924750000,-18112899,-4931703,-13181196,34676952,14327424,64,24063,604779000,5843000
GME,250000000,pinned_fork_costs,fixed_40,2026-08-17,1786924831000,1787529586000,812306,-2364037,3176343,41597192,14775156,66,24636,604836000,7572000
GME,250000000,pinned_fork_costs,fixed_40,2026-08-24,1787529603000,1788134395000,249456304,3256059,246200245,331712722,28430982,127,94460,604809000,7154000
GME,250000000,pinned_fork_costs,fixed_40,2026-08-31,1788134406000,1788739196000,597360599,3235026,594125573,932724267,46787994,209,352948,604801000,9905000
GME,250000000,pinned_fork_costs,fixed_40,2026-09-07,1788739210000,1789154989000,73793506,9873013,63920493,258837608,22951950,102,126176,415793000,5783000
GME,250000000,pinned_fork_costs,fixed_80,2026-07-27,1785196800000,1785715198000,11519960,2157044,9362916,18784156,2417053,11,35744,518356000,630000
GME,250000000,pinned_fork_costs,fixed_80,2026-08-03,1785715208000,1786319971000,9860511,-13156064,23016575,72576958,9626238,43,52004,604773000,14859000
GME,250000000,pinned_fork_costs,fixed_80,2026-08-10,1786320055000,1786924750000,-9306945,-4931703,-4375242,19576662,4477320,20,24063,604779000,1097000
GME,250000000,pinned_fork_costs,fixed_80,2026-08-17,1786924831000,1787529586000,11421415,-2364037,13785452,25043099,2686392,12,24636,604836000,1505000
GME,250000000,pinned_fork_costs,fixed_80,2026-08-24,1787529603000,1788134395000,179524413,3256059,176268354,204375760,7387578,33,94460,604809000,1093000
GME,250000000,pinned_fork_costs,fixed_80,2026-08-31,1788134406000,1788739196000,248252993,3235026,245017967,382386637,15670620,70,352948,604801000,3411000
GME,250000000,pinned_fork_costs,fixed_80,2026-09-07,1788739210000,1789154989000,25940357,9873013,16067344,84309178,8624526,38,126176,415793000,2165000
GME,250000000,pinned_fork_costs,fixed_160,2026-07-27,1785196800000,1785715198000,7241020,2157044,5083976,9434803,849991,4,35744,518356000,300000
GME,250000000,pinned_fork_costs,fixed_160,2026-08-03,1785715208000,1786319971000,-675400,-13156064,12480664,37899401,2910258,13,52004,604773000,14723000
GME,250000000,pinned_fork_costs,fixed_160,2026-08-10,1786320055000,1786924750000,-7914707,-4931703,-2983004,9573207,1567062,7,24063,604779000,567000
GME,250000000,pinned_fork_costs,fixed_160,2026-08-17,1786924831000,1787529586000,6036770,-2364037,8400807,12856033,671598,3,24636,604836000,68000
GME,250000000,pinned_fork_costs,fixed_160,2026-08-24,1787529603000,1788134395000,81333072,3256059,78077013,89184618,1790928,8,94460,604809000,940000
GME,250000000,pinned_fork_costs,fixed_160,2026-08-31,1788134406000,1788739196000,87960432,3235026,84725406,132682420,5148918,23,352948,604801000,1229000
GME,250000000,pinned_fork_costs,fixed_160,2026-09-07,1788739210000,1789154989000,2235348,9873013,-7637665,25053720,3699474,16,126176,415793000,887000
GME,250000000,pinned_fork_costs,adaptive_width,2026-07-27,1785196800000,1785715198000,7892773,2157044,5735729,10981588,2417053,11,35744,518023000,983000
GME,250000000,pinned_fork_costs,adaptive_width,2026-08-03,1785715208000,1786319971000,-25326240,-13156064,-12170176,89842985,38057220,170,52004,604773000,31738000
GME,250000000,pinned_fork_costs,adaptive_width,2026-08-10,1786320055000,1786924750000,-13209265,-4931703,-8277562,14251090,6044382,27,24063,604779000,2069000
GME,250000000,pinned_fork_costs,adaptive_width,2026-08-17,1786924831000,1787529586000,5929926,-2364037,8293963,13127460,1119330,5,24636,604836000,7688000
GME,250000000,pinned_fork_costs,adaptive_width,2026-08-24,1787529603000,1788134395000,194177439,3256059,190921380,323811682,48355056,216,94460,604809000,16505000
GME,250000000,pinned_fork_costs,adaptive_width,2026-08-31,1788134406000,1788739196000,852220580,3235026,848985554,1544936204,133648002,597,352948,604801000,31034000
GME,250000000,pinned_fork_costs,adaptive_width,2026-09-07,1788739210000,1789154989000,43541158,9873013,33668145,324106706,33697518,150,126176,415793000,8460000
GME,250000000,pinned_fork_costs,adaptive_economic,2026-07-27,1785196800000,1785715198000,1453983,2157044,-703061,1593015,178393,1,35744,518023000,475155000
GME,250000000,pinned_fork_costs,adaptive_economic,2026-08-03,1785715208000,1786319971000,-14841048,-13156064,-1684984,23558773,6492114,29,52004,604773000,555160000
GME,250000000,pinned_fork_costs,adaptive_economic,2026-08-10,1786320055000,1786924750000,-6612273,-4931703,-1680570,830375,0,0,24063,604779000,602963000
GME,250000000,pinned_fork_costs,adaptive_economic,2026-08-17,1786924831000,1787529586000,-2979167,-2364037,-615130,6447729,223866,1,24636,604836000,564057000
GME,250000000,pinned_fork_costs,adaptive_economic,2026-08-24,1787529603000,1788134395000,126564952,3256059,123308893,172602440,15670620,70,94460,604809000,420626000
GME,250000000,pinned_fork_costs,adaptive_economic,2026-08-31,1788134406000,1788739196000,462954169,3235026,459719143,751382644,58876758,263,352948,604801000,287271000
GME,250000000,pinned_fork_costs,adaptive_economic,2026-09-07,1788739210000,1789154989000,36750389,9873013,26877376,63856160,2580144,11,126176,415793000,328157000
GME,250000000,double_gas_half_fees,fixed_20,2026-07-27,1785196800000,1785715198000,-91287351,2103811,-93391162,30223376,81844010,183,35744,518023000,13965000
GME,250000000,double_gas_half_fees,fixed_20,2026-08-03,1785715208000,1786319971000,-157159886,-13156064,-144003822,23709122,95814648,214,52004,604773000,492730000
GME,250000000,double_gas_half_fees,fixed_20,2026-08-10,1786320055000,1786924750000,-2520243,-4931703,2411460,0,0,0,24063,604779000,604779000
GME,250000000,double_gas_half_fees,fixed_20,2026-08-17,1786924831000,1787529586000,-3826628,-2364037,-1462591,0,0,0,24636,604836000,604836000
GME,250000000,double_gas_half_fees,fixed_20,2026-08-24,1787529603000,1788134395000,5270530,3256059,2014471,0,0,0,94460,604809000,604809000
GME,250000000,double_gas_half_fees,fixed_20,2026-08-31,1788134406000,1788739196000,1075865,3235026,-2159161,0,0,0,352948,604801000,604801000
GME,250000000,double_gas_half_fees,fixed_20,2026-09-07,1788739210000,1789154989000,-229362,9821688,-10051050,0,235236,0,126176,415793000,415793000
GME,250000000,double_gas_half_fees,fixed_40,2026-07-27,1785196800000,1785715198000,-22107224,2103811,-24211035,17542892,22295654,50,35744,518356000,3734000
GME,250000000,double_gas_half_fees,fixed_40,2026-08-03,1785715208000,1786319971000,-143581759,-13156064,-130425695,47546981,93575988,209,52004,604773000,21704000
GME,250000000,double_gas_half_fees,fixed_40,2026-08-10,1786320055000,1786924750000,-44136905,-4931703,-39205202,12560139,28654848,64,24063,604779000,5843000
GME,250000000,double_gas_half_fees,fixed_40,2026-08-17,1786924831000,1787529586000,-32248653,-2364037,-29884616,14617147,29550312,66,24636,604836000,7572000
GME,250000000,double_gas_half_fees,fixed_40,2026-08-24,1787529603000,1788134395000,-3350295,3256059,-6606354,7105241,6715980,15,94460,604809000,461426000
GME,250000000,double_gas_half_fees,fixed_40,2026-08-31,1788134406000,1788739196000,13743,3235026,-3221283,0,0,0,352948,604801000,604801000
GME,250000000,double_gas_half_fees,fixed_40,2026-09-07,1788739210000,1789154989000,-193073,9821688,-10014761,0,235236,0,126176,415793000,415793000
GME,250000000,double_gas_half_fees,fixed_80,2026-07-27,1785196800000,1785715198000,-314033,2103811,-2417844,9274393,4834106,11,35744,518356000,630000
GME,250000000,double_gas_half_fees,fixed_80,2026-08-03,1785715208000,1786319971000,-35749475,-13156064,-22593411,32990714,19252476,43,52004,604773000,14859000
GME,250000000,double_gas_half_fees,fixed_80,2026-08-10,1786320055000,1786924750000,-21214349,-4931703,-16282646,8112779,8954640,20,24063,604779000,1097000
GME,250000000,double_gas_half_fees,fixed_80,2026-08-17,1786924831000,1787529586000,-3862160,-2364037,-1498123,10340960,5372784,12,24636,604836000,1587000
GME,250000000,double_gas_half_fees,fixed_80,2026-08-24,1787529603000,1788134395000,44103411,3256059,40847352,71306435,14327424,32,94460,604809000,1260000
GME,250000000,double_gas_half_fees,fixed_80,2026-08-31,1788134406000,1788739196000,7653307,3235026,4418281,98304723,31341240,70,352948,604801000,3411000
GME,250000000,double_gas_half_fees,fixed_80,2026-09-07,1788739210000,1789154989000,-20405973,9821688,-30227661,17991474,17249052,38,126176,415793000,2165000
GME,250000000,double_gas_half_fees,fixed_160,2026-07-27,1785196800000,1785715198000,1657581,2103811,-446230,4697316,1699982,4,35744,518356000,300000
GME,250000000,double_gas_half_fees,fixed_160,2026-08-03,1785715208000,1786319971000,-22251982,-13156064,-9095918,18067780,5820516,13,52004,604773000,14723000
GME,250000000,double_gas_half_fees,fixed_160,2026-08-10,1786320055000,1786924750000,-13266637,-4931703,-8334934,4328487,3134124,7,24063,604779000,567000
GME,250000000,double_gas_half_fees,fixed_160,2026-08-17,1786924831000,1787529586000,-1083746,-2364037,1280291,5772550,1343196,3,24636,604836000,68000
GME,250000000,double_gas_half_fees,fixed_160,2026-08-24,1787529603000,1788134395000,28114025,3256059,24857966,36720456,3581856,8,94460,604809000,940000
GME,250000000,double_gas_half_fees,fixed_160,2026-08-31,1788134406000,1788739196000,8372859,3235026,5137833,46120968,10297836,23,352948,604801000,1229000
GME,250000000,double_gas_half_fees,fixed_160,2026-09-07,1788739210000,1789154989000,-11577956,9821688,-21399644,7858524,7398948,16,126176,415793000,887000
GME,250000000,double_gas_half_fees,adaptive_width,2026-07-27,1785196800000,1785715198000,4853317,2103811,2749506,4734481,804518,2,35744,518200000,140000
GME,250000000,double_gas_half_fees,adaptive_width,2026-08-03,1785715208000,1786319971000,-38501794,-13156064,-25345730,22612631,17013816,38,52004,604773000,22365000
GME,250000000,double_gas_half_fees,adaptive_width,2026-08-10,1786320055000,1786924750000,-13148196,-4931703,-8216493,4278275,3134124,7,24063,604779000,567000
GME,250000000,double_gas_half_fees,adaptive_width,2026-08-17,1786924831000,1787529586000,-934351,-2364037,1429686,5657283,1343196,3,24636,604836000,10648000
GME,250000000,double_gas_half_fees,adaptive_width,2026-08-24,1787529603000,1788134395000,329707,3256059,-2926352,90347844,54175572,121,94460,604809000,8680000
GME,250000000,double_gas_half_fees,adaptive_width,2026-08-31,1788134406000,1788739196000,-132448317,3235026,-135683343,222663174,200136204,447,352948,604801000,23769000
GME,250000000,double_gas_half_fees,adaptive_width,2026-09-07,1788739210000,1789154989000,3267501,9821688,-6554187,13118779,7398948,16,126176,415793000,809000
GME,250000000,double_gas_half_fees,adaptive_economic,2026-07-27,1785196800000,1785715198000,2590057,2103811,486246,1943179,356786,1,35744,518200000,268409000
GME,250000000,double_gas_half_fees,adaptive_economic,2026-08-03,1785715208000,1786319971000,-21187820,-13156064,-8031756,1004576,0,0,52004,604773000,559041000
GME,250000000,double_gas_half_fees,adaptive_economic,2026-08-10,1786320055000,1786924750000,-9957848,-4931703,-5026145,0,0,0,24063,604779000,604779000
GME,250000000,double_gas_half_fees,adaptive_economic,2026-08-17,1786924831000,1787529586000,-4773344,-2364037,-2409307,0,0,0,24636,604836000,604836000
GME,250000000,double_gas_half_fees,adaptive_economic,2026-08-24,1787529603000,1788134395000,8508929,3256059,5252870,28667613,15670620,35,94460,604809000,597541000
GME,250000000,double_gas_half_fees,adaptive_economic,2026-08-31,1788134406000,1788739196000,-20143408,3235026,-23378434,58436885,35818560,80,352948,604801000,485541000
GME,250000000,double_gas_half_fees,adaptive_economic,2026-09-07,1788739210000,1789154989000,1405374,9821688,-8416314,1174270,235236,0,126176,415793000,410752000
GME,250000000,partial_mint_failure,fixed_20,2026-07-27,1785196800000,1785715198000,-19398425,2157044,-21555469,49678603,36514637,169,35744,472505000,10606000
GME,250000000,partial_mint_failure,fixed_20,2026-08-03,1785715208000,1786319971000,-51605982,-13156064,-38449918,92083524,59695258,276,52004,473227000,24653000
GME,250000000,partial_mint_failure,fixed_20,2026-08-10,1786320055000,1786924750000,-34948818,-4931703,-30017115,52803078,38931690,180,24063,558713000,16563000
GME,250000000,partial_mint_failure,fixed_20,2026-08-17,1786924831000,1787529586000,-22011685,-2364037,-19647648,54602557,36560110,169,24636,546356000,18026000
GME,250000000,partial_mint_failure,fixed_20,2026-08-24,1787529603000,1788134395000,69781540,3256059,66525481,172820407,50208938,232,94460,500349000,17278000
GME,250000000,partial_mint_failure,fixed_20,2026-08-31,1788134406000,1788739196000,202629077,3235026,199394051,381032469,62692963,290,352948,435466000,10906000
GME,250000000,partial_mint_failure,fixed_20,2026-09-07,1788739210000,1789154989000,39380567,9873013,29507554,201632202,42718611,197,126176,364388000,9659000
GME,250000000,partial_mint_failure,fixed_40,2026-07-27,1785196800000,1785715198000,7047522,2157044,4890478,34718049,11857900,55,35744,506623000,3544000
GME,250000000,partial_mint_failure,fixed_40,2026-08-03,1785715208000,1786319971000,-18356998,-13156064,-5200934,81118416,29221504,135,52004,533096000,14488000
GME,250000000,partial_mint_failure,fixed_40,2026-08-10,1786320055000,1786924750000,-13528148,-4931703,-8596445,32772291,12977230,60,24063,592209000,4289000
GME,250000000,partial_mint_failure,fixed_40,2026-08-17,1786924831000,1787529586000,4126652,-2364037,6490689,41605067,14051087,65,24636,580626000,7137000
GME,250000000,partial_mint_failure,fixed_40,2026-08-24,1787529603000,1788134395000,82865258,3256059,79609199,125166814,18391988,85,94460,561236000,4373000
GME,250000000,partial_mint_failure,fixed_40,2026-08-31,1788134406000,1788739196000,278108792,3235026,274873766,391607551,30473754,141,352948,543983000,4655000
GME,250000000,partial_mint_failure,fixed_40,2026-09-07,1788739210000,1789154989000,41077100,9873013,31204087,135187165,20881186,96,126176,396261000,4235000
GME,250000000,partial_mint_failure,fixed_80,2026-07-27,1785196800000,1785715198000,8459663,2157044,6302619,17661331,3221571,15,35744,516779000,677000
GME,250000000,partial_mint_failure,fixed_80,2026-08-03,1785715208000,1786319971000,16765045,-13156064,29921109,67115292,8860195,41,52004,587458000,12004000
GME,250000000,partial_mint_failure,fixed_80,2026-08-10,1786320055000,1786924750000,-8777794,-4931703,-3846091,18643736,4564767,21,24063,601247000,1082000
GME,250000000,partial_mint_failure,fixed_80,2026-08-17,1786924831000,1787529586000,8284563,-2364037,10648600,24344563,3669303,17,24636,601831000,1540000
GME,250000000,partial_mint_failure,fixed_80,2026-08-24,1787529603000,1788134395000,140222131,3256059,136966072,159704932,7338606,34,94460,594680000,887000
GME,250000000,partial_mint_failure,fixed_80,2026-08-31,1788134406000,1788739196000,183560628,3235026,180325602,263248069,13424962,62,352948,583529000,2339000
GME,250000000,partial_mint_failure,fixed_80,2026-09-07,1788739210000,1789154989000,18426649,9873013,8553636,64916126,8977813,41,126176,408461000,1865000
GME,250000000,partial_mint_failure,fixed_160,2026-07-27,1785196800000,1785715198000,7241020,2157044,5083976,9434803,849991,4,35744,518356000,300000
GME,250000000,partial_mint_failure,fixed_160,2026-08-03,1785715208000,1786319971000,-5063173,-13156064,8092891,35843146,4117035,19,52004,600358000,10329000
GME,250000000,partial_mint_failure,fixed_160,2026-08-10,1786320055000,1786924750000,-5369814,-4931703,-438111,9519339,1699982,8,24063,602545000,534000
GME,250000000,partial_mint_failure,fixed_160,2026-08-17,1786924831000,1787529586000,6192122,-2364037,8556159,12645398,671598,3,24636,604836000,131000
GME,250000000,partial_mint_failure,fixed_160,2026-08-24,1787529603000,1788134395000,64943139,3256059,61687080,70261555,1923848,9,94460,600843000,352000
GME,250000000,partial_mint_failure,fixed_160,2026-08-31,1788134406000,1788739196000,84563272,3235026,81328246,107197976,3490910,16,352948,598432000,680000
GME,250000000,partial_mint_failure,fixed_160,2026-09-07,1788739210000,1789154989000,13341275,9873013,3468262,24146713,3115323,14,126176,413196000,688000
GME,250000000,partial_mint_failure,adaptive_width,2026-07-27,1785196800000,1785715198000,7787056,2157044,5630012,10665298,2147714,10,35744,516999000,574000
GME,250000000,partial_mint_failure,adaptive_width,2026-08-03,1785715208000,1786319971000,-4386775,-13156064,8769289,52848205,16422667,76,52004,554481000,4332000
GME,250000000,partial_mint_failure,adaptive_width,2026-08-10,1786320055000,1786924750000,-10015615,-4931703,-5083912,11641879,4564767,21,24063,600926000,1794000
GME,250000000,partial_mint_failure,adaptive_width,2026-08-17,1786924831000,1787529586000,6035872,-2364037,8399909,12525378,1073857,5,24636,603779000,17746000
GME,250000000,partial_mint_failure,adaptive_width,2026-08-24,1787529603000,1788134395000,60784544,3256059,57528485,104864385,22509023,104,94460,557064000,6315000
GME,250000000,partial_mint_failure,adaptive_width,2026-08-31,1788134406000,1788739196000,169020854,3235026,165785828,331813342,62692963,290,352948,435466000,10906000
GME,250000000,partial_mint_failure,adaptive_width,2026-09-07,1788739210000,1789154989000,770441,9873013,-9102572,112473033,31934568,147,126176,385092000,7470000
GME,250000000,partial_mint_failure,adaptive_economic,2026-07-27,1785196800000,1785715198000,1453983,2157044,-703061,1593015,178393,1,35744,518023000,475155000
GME,250000000,partial_mint_failure,adaptive_economic,2026-08-03,1785715208000,1786319971000,-10085501,-13156064,3070563,22335989,4117035,19,52004,581447000,522187000
GME,250000000,partial_mint_failure,adaptive_economic,2026-08-10,1786320055000,1786924750000,-6414801,-4931703,-1483098,816625,0,0,24063,604779000,602302000
GME,250000000,partial_mint_failure,adaptive_economic,2026-08-17,1786924831000,1787529586000,-5068392,-2364037,-2704355,0,0,0,24636,604836000,604836000
GME,250000000,partial_mint_failure,adaptive_economic,2026-08-24,1787529603000,1788134395000,20280346,3256059,17024287,31803003,4788633,22,94460,584547000,505441000
GME,250000000,partial_mint_failure,adaptive_economic,2026-08-31,1788134406000,1788739196000,69709377,3235026,66474351,126321221,21165827,98,352948,531950000,367933000
GME,250000000,partial_mint_failure,adaptive_economic,2026-09-07,1788739210000,1789154989000,8011390,9873013,-1861623,8349919,565350,2,126176,415793000,395349000
GOOGL,5000000000,pinned_fork_costs,fixed_20,2026-07-27,1785196800000,1785196800000,0,0,0,0,0,0,0,0,0
GOOGL,5000000000,pinned_fork_costs,fixed_20,2026-08-03,1785715200000,1786319794000,-363624311,-56550146,-307074165,23387256,11464183,52,5009,371478000,77880000
GOOGL,5000000000,pinned_fork_costs,fixed_20,2026-08-10,1786320001000,1786924477000,-287021500,-54194189,-232827311,12591030,6196680,28,2530,604683000,370888000
GOOGL,5000000000,pinned_fork_costs,fixed_20,2026-08-17,1786924802000,1787529543000,-308090877,-9527334,-298563543,21483415,10844190,49,2615,605066000,96332000
GOOGL,5000000000,pinned_fork_costs,fixed_20,2026-08-24,1787529611000,1788134387000,-314033788,-18475956,-295557832,439107004,38507940,174,28130,604844000,44978000
GOOGL,5000000000,pinned_fork_costs,fixed_20,2026-08-31,1788134473000,1788739197000,751438240,-40414690,791852930,1617692869,47802960,216,120648,604810000,15424000
GOOGL,5000000000,pinned_fork_costs,fixed_20,2026-09-07,1788739215000,1789154999000,519351476,-865914,520217390,1040771284,23355638,105,176817,415802000,5965000
GOOGL,5000000000,pinned_fork_costs,fixed_40,2026-07-27,1785196800000,1785196800000,0,0,0,0,0,0,0,0,0
GOOGL,5000000000,pinned_fork_costs,fixed_40,2026-08-03,1785715200000,1786319794000,-151887504,-56550146,-95337358,28255881,2611783,12,5009,371478000,47253000
GOOGL,5000000000,pinned_fork_costs,fixed_40,2026-08-10,1786320001000,1786924477000,-178121755,-54194189,-123927566,23742085,2434410,11,2530,604683000,141254000
GOOGL,5000000000,pinned_fork_costs,fixed_40,2026-08-17,1786924802000,1787529543000,-205670330,-9527334,-196142996,26071166,4426200,20,2615,605066000,26070000
GOOGL,5000000000,pinned_fork_costs,fixed_40,2026-08-24,1787529611000,1788134387000,18751316,-18475956,37227272,395725460,10180260,46,28130,604844000,10903000
GOOGL,5000000000,pinned_fork_costs,fixed_40,2026-08-31,1788134473000,1788739197000,722674733,-40414690,763089423,1216701111,13278600,60,120648,604810000,3446000
GOOGL,5000000000,pinned_fork_costs,fixed_40,2026-09-07,1788739215000,1789154999000,349216305,-865914,350082219,649805666,7863938,35,176817,415802000,1963000
GOOGL,5000000000,pinned_fork_costs,fixed_80,2026-07-27,1785196800000,1785196800000,0,0,0,0,0,0,0,0,0
GOOGL,5000000000,pinned_fork_costs,fixed_80,2026-08-03,1785715200000,1786319794000,-81621587,-56550146,-25071441,12477609,177373,1,5009,372868000,298271000
GOOGL,5000000000,pinned_fork_costs,fixed_80,2026-08-10,1786320001000,1786924477000,-108955112,-54194189,-54760923,0,0,0,2530,604683000,604683000
GOOGL,5000000000,pinned_fork_costs,fixed_80,2026-08-17,1786924802000,1787529543000,-19154300,-9527334,-9626966,0,0,0,2615,605066000,605066000
GOOGL,5000000000,pinned_fork_costs,fixed_80,2026-08-24,1787529611000,1788134387000,69202192,-18475956,87678148,285916885,1770480,8,28130,604844000,92664000
GOOGL,5000000000,pinned_fork_costs,fixed_80,2026-08-31,1788134473000,1788739197000,540010994,-40414690,580425684,768335532,3098340,14,120648,604810000,640000
GOOGL,5000000000,pinned_fork_costs,fixed_80,2026-09-07,1788739215000,1789154999000,174224560,-865914,175090474,345527882,2773808,12,176817,415802000,705000
GOOGL,5000000000,pinned_fork_costs,fixed_160,2026-07-27,1785196800000,1785196800000,0,0,0,0,0,0,0,0,0
GOOGL,5000000000,pinned_fork_costs,fixed_160,2026-08-03,1785715200000,1786319794000,-46407910,-56550146,10142236,15483545,177373,1,5009,373689000,145183000
GOOGL,5000000000,pinned_fork_costs,fixed_160,2026-08-10,1786320001000,1786924477000,-108509549,-54194189,-54315360,1115134,0,0,2530,604683000,540869000
GOOGL,5000000000,pinned_fork_costs,fixed_160,2026-08-17,1786924802000,1787529543000,-19288023,-9527334,-9760689,0,0,0,2615,605066000,605066000
GOOGL,5000000000,pinned_fork_costs,fixed_160,2026-08-24,1787529611000,1788134387000,120025348,-18475956,138501304,179184241,221310,1,28130,604844000,68844000
GOOGL,5000000000,pinned_fork_costs,fixed_160,2026-08-31,1788134473000,1788739197000,316879236,-40414690,357293926,425055438,663930,3,120648,604810000,197000
GOOGL,5000000000,pinned_fork_costs,fixed_160,2026-09-07,1788739215000,1789154999000,117053369,-865914,117919283,171935409,560708,2,176817,415802000,110000
GOOGL,5000000000,pinned_fork_costs,adaptive_width,2026-07-27,1785196800000,1785196800000,0,0,0,0,0,0,0,0,0
GOOGL,5000000000,pinned_fork_costs,adaptive_width,2026-08-03,1785715200000,1786319794000,-74080181,-56550146,-17530035,7942134,177373,1,5009,349015000,213633000
GOOGL,5000000000,pinned_fork_costs,adaptive_width,2026-08-10,1786320001000,1786924477000,-109172600,-54194189,-54978411,0,0,0,2530,604683000,604683000
GOOGL,5000000000,pinned_fork_costs,adaptive_width,2026-08-17,1786924802000,1787529543000,-19192535,-9527334,-9665201,0,0,0,2615,605066000,605066000
GOOGL,5000000000,pinned_fork_costs,adaptive_width,2026-08-24,1787529611000,1788134387000,101844364,-18475956,120320320,136872886,221310,1,28130,604844000,405299000
GOOGL,5000000000,pinned_fork_costs,adaptive_width,2026-08-31,1788134473000,1788739197000,684903687,-40414690,725318377,954216010,7303230,33,120648,604810000,3138000
GOOGL,5000000000,pinned_fork_costs,adaptive_width,2026-09-07,1788739215000,1789154999000,151731274,-865914,152597188,497447475,10519658,47,176817,415802000,2689000
GOOGL,5000000000,pinned_fork_costs,adaptive_economic,2026-07-27,1785196800000,1785196800000,0,0,0,0,0,0,0,0,0
GOOGL,5000000000,pinned_fork_costs,adaptive_economic,2026-08-03,1785715200000,1786319794000,-74080181,-56550146,-17530035,7942134,177373,1,5009,349015000,213633000
GOOGL,5000000000,pinned_fork_costs,adaptive_economic,2026-08-10,1786320001000,1786924477000,-109172600,-54194189,-54978411,0,0,0,2530,604683000,604683000
GOOGL,5000000000,pinned_fork_costs,adaptive_economic,2026-08-17,1786924802000,1787529543000,-19192535,-9527334,-9665201,0,0,0,2615,605066000,605066000
GOOGL,5000000000,pinned_fork_costs,adaptive_economic,2026-08-24,1787529611000,1788134387000,142481805,-18475956,160957761,181775144,885240,4,28130,604844000,531937000
GOOGL,5000000000,pinned_fork_costs,adaptive_economic,2026-08-31,1788134473000,1788739197000,366809800,-40414690,407224490,555499778,3540960,16,120648,604810000,425946000
GOOGL,5000000000,pinned_fork_costs,adaptive_economic,2026-09-07,1788739215000,1789154999000,221027894,-865914,221893808,379791149,3659048,16,176817,415802000,308482000
GOOGL,5000000000,double_gas_half_fees,fixed_20,2026-07-27,1785196800000,1785196800000,0,0,0,0,0,0,0,0,0
GOOGL,5000000000,double_gas_half_fees,fixed_20,2026-08-03,1785715200000,1786319794000,-386264821,-56601481,-329663340,11692505,22928366,52,5009,371478000,77880000
GOOGL,5000000000,double_gas_half_fees,fixed_20,2026-08-10,1786320001000,1786924477000,-298692730,-54194189,-244498541,6293008,12393360,28,2530,604683000,370888000
GOOGL,5000000000,double_gas_half_fees,fixed_20,2026-08-17,1786924802000,1787529543000,-328187449,-9527334,-318660115,10737127,21688380,49,2615,605066000,96332000
GOOGL,5000000000,double_gas_half_fees,fixed_20,2026-08-24,1787529611000,1788134387000,-561885452,-18475956,-543409496,215328804,77015880,174,28130,604844000,44978000
GOOGL,5000000000,double_gas_half_fees,fixed_20,2026-08-31,1788134473000,1788739197000,-96637542,-40414690,-56222852,714788194,95605920,216,120648,604810000,15424000
GOOGL,5000000000,double_gas_half_fees,fixed_20,2026-09-07,1788739215000,1789154999000,-22211541,-917026,-21294515,393470579,46711276,105,176817,415802000,5965000
GOOGL,5000000000,double_gas_half_fees,fixed_40,2026-07-27,1785196800000,1785196800000,0,0,0,0,0,0,0,0,0
GOOGL,5000000000,double_gas_half_fees,fixed_40,2026-08-03,1785715200000,1786319794000,-168421521,-56601481,-111820040,14125737,5223566,12,5009,371478000,47253000
GOOGL,5000000000,double_gas_half_fees,fixed_40,2026-08-10,1786320001000,1786924477000,-191822954,-54194189,-137628765,11860546,4868820,11,2530,604683000,141254000
GOOGL,5000000000,double_gas_half_fees,fixed_40,2026-08-17,1786924802000,1787529543000,-221757432,-9527334,-212230098,13023787,8852400,20,2615,605066000,26070000
GOOGL,5000000000,double_gas_half_fees,fixed_40,2026-08-24,1787529611000,1788134387000,-185736921,-18475956,-167260965,194669736,20360520,46,28130,604844000,10903000
GOOGL,5000000000,double_gas_half_fees,fixed_40,2026-08-31,1788134473000,1788739197000,94771604,-40414690,135186294,556013073,26557200,60,120648,604810000,3446000
GOOGL,5000000000,double_gas_half_fees,fixed_40,2026-09-07,1788739215000,1789154999000,13562434,-917026,14479460,268629437,15727876,35,176817,415802000,1963000
GOOGL,5000000000,double_gas_half_fees,fixed_80,2026-07-27,1785196800000,1785196800000,0,0,0,0,0,0,0,0,0
GOOGL,5000000000,double_gas_half_fees,fixed_80,2026-08-03,1785715200000,1786319794000,-87983593,-56601481,-31382112,6238707,354746,1,5009,372868000,298271000
GOOGL,5000000000,double_gas_half_fees,fixed_80,2026-08-10,1786320001000,1786924477000,-108884486,-54194189,-54690297,0,0,0,2530,604683000,604683000
GOOGL,5000000000,double_gas_half_fees,fixed_80,2026-08-17,1786924802000,1787529543000,-19141884,-9527334,-9614550,0,0,0,2615,605066000,605066000
GOOGL,5000000000,double_gas_half_fees,fixed_80,2026-08-24,1787529611000,1788134387000,-75349624,-18475956,-56873668,142133575,3540960,8,28130,604844000,92664000
GOOGL,5000000000,double_gas_half_fees,fixed_80,2026-08-31,1788134473000,1788739197000,144791262,-40414690,185205952,363993769,6196680,14,120648,604810000,640000
GOOGL,5000000000,double_gas_half_fees,fixed_80,2026-09-07,1788739215000,1789154999000,-1714223,-917026,-797197,154304081,5547616,12,176817,415802000,705000
GOOGL,5000000000,double_gas_half_fees,fixed_160,2026-07-27,1785196800000,1785196800000,0,0,0,0,0,0,0,0,0
GOOGL,5000000000,double_gas_half_fees,fixed_160,2026-08-03,1785715200000,1786319794000,-54283149,-56601481,2318332,7741492,354746,1,5009,373689000,145183000
GOOGL,5000000000,double_gas_half_fees,fixed_160,2026-08-10,1786320001000,1786924477000,-108974388,-54194189,-54780199,557536,0,0,2530,604683000,540869000
GOOGL,5000000000,double_gas_half_fees,fixed_160,2026-08-17,1786924802000,1787529543000,-19271672,-9527334,-9744338,0,0,0,2615,605066000,605066000
GOOGL,5000000000,double_gas_half_fees,fixed_160,2026-08-24,1787529611000,1788134387000,30255390,-18475956,48731346,89476946,442620,1,28130,604844000,68844000
GOOGL,5000000000,double_gas_half_fees,fixed_160,2026-08-31,1788134473000,1788739197000,100921089,-40414690,141335779,207029153,1327860,3,120648,604810000,197000
GOOGL,5000000000,double_gas_half_fees,fixed_160,2026-09-07,1788739215000,1789154999000,28001489,-917026,28918515,80664580,1121416,2,176817,415802000,110000
GOOGL,5000000000,double_gas_half_fees,adaptive_width,2026-07-27,1785196800000,1785196800000,0,0,0,0,0,0,0,0,0
GOOGL,5000000000,double_gas_half_fees,adaptive_width,2026-08-03,1785715200000,1786319794000,-78203468,-56601481,-21601987,3970898,354746,1,5009,349015000,213633000
GOOGL,5000000000,double_gas_half_fees,adaptive_width,2026-08-10,1786320001000,1786924477000,-109126513,-54194189,-54932324,0,0,0,2530,604683000,604683000
GOOGL,5000000000,double_gas_half_fees,adaptive_width,2026-08-17,1786924802000,1787529543000,-19184433,-9527334,-9657099,0,0,0,2615,605066000,605066000
GOOGL,5000000000,double_gas_half_fees,adaptive_width,2026-08-24,1787529611000,1788134387000,33313787,-18475956,51789743,68389435,442620,1,28130,604844000,405299000
GOOGL,5000000000,double_gas_half_fees,adaptive_width,2026-08-31,1788134473000,1788739197000,86918180,-40414690,127332870,247064769,3540960,8,120648,604810000,451000
GOOGL,5000000000,double_gas_half_fees,adaptive_width,2026-09-07,1788739215000,1789154999000,67752011,-917026,68669037,179049840,5547616,12,176817,415802000,627000
GOOGL,5000000000,double_gas_half_fees,adaptive_economic,2026-07-27,1785196800000,1785196800000,0,0,0,0,0,0,0,0,0
GOOGL,5000000000,double_gas_half_fees,adaptive_economic,2026-08-03,1785715200000,1786319794000,-78203468,-56601481,-21601987,3970898,354746,1,5009,349015000,213633000
GOOGL,5000000000,double_gas_half_fees,adaptive_economic,2026-08-10,1786320001000,1786924477000,-109126513,-54194189,-54932324,0,0,0,2530,604683000,604683000
GOOGL,5000000000,double_gas_half_fees,adaptive_economic,2026-08-17,1786924802000,1787529543000,-19184433,-9527334,-9657099,0,0,0,2615,605066000,605066000
GOOGL,5000000000,double_gas_half_fees,adaptive_economic,2026-08-24,1787529611000,1788134387000,5487516,-18475956,23963472,36646078,442620,1,28130,604844000,490721000
GOOGL,5000000000,double_gas_half_fees,adaptive_economic,2026-08-31,1788134473000,1788739197000,24846788,-40414690,65261478,155163217,1770480,4,120648,604810000,429413000
GOOGL,5000000000,double_gas_half_fees,adaptive_economic,2026-09-07,1788739215000,1789154999000,-21420357,-917026,-20503331,39434629,1121416,2,176817,415802000,304418000
GOOGL,5000000000,partial_mint_failure,fixed_20,2026-07-27,1785196800000,1785196800000,0,0,0,0,0,0,0,0,0
GOOGL,5000000000,partial_mint_failure,fixed_20,2026-08-03,1785715200000,1786319794000,-318104378,-56550146,-261554232,21902184,12175300,57,5009,354541000,73505000
GOOGL,5000000000,partial_mint_failure,fixed_20,2026-08-10,1786320001000,1786924477000,-261475987,-54194189,-207281798,11822252,6640925,31,2530,556717000,344166000
GOOGL,5000000000,partial_mint_failure,fixed_20,2026-08-17,1786924802000,1787529543000,-272472160,-9527334,-262944826,19592344,11333997,53,2615,560656000,90386000
GOOGL,5000000000,partial_mint_failure,fixed_20,2026-08-24,1787529611000,1788134387000,-254001136,-18475956,-235525180,329675044,29751539,139,28130,536573000,39105000
GOOGL,5000000000,partial_mint_failure,fixed_20,2026-08-31,1788134473000,1788739197000,549601806,-40414690,590016496,1300083975,45557298,213,120648,544827000,12968000
GOOGL,5000000000,partial_mint_failure,fixed_20,2026-09-07,1788739215000,1789154999000,363390374,-865914,364256288,847666604,25176555,117,176817,385432000,5582000
GOOGL,5000000000,partial_mint_failure,fixed_40,2026-07-27,1785196800000,1785196800000,0,0,0,0,0,0,0,0,0
GOOGL,5000000000,partial_mint_failure,fixed_40,2026-08-03,1785715200000,1786319794000,-162880367,-56550146,-106330221,27714839,3187839,15,5009,367446000,49553000
GOOGL,5000000000,partial_mint_failure,fixed_40,2026-08-10,1786320001000,1786924477000,-169987407,-54194189,-115793218,23839427,2789156,13,2530,593790000,142550000
GOOGL,5000000000,partial_mint_failure,fixed_40,2026-08-17,1786924802000,1787529543000,-173037408,-9527334,-163510074,23272987,4294389,20,2615,591796000,39099000
GOOGL,5000000000,partial_mint_failure,fixed_40,2026-08-24,1787529611000,1788134387000,9993199,-18475956,28469155,352062122,10891377,51,28130,583663000,9202000
GOOGL,5000000000,partial_mint_failure,fixed_40,2026-08-31,1788134473000,1788739197000,767165218,-40414690,807579908,1212800020,13901843,65,120648,591148000,2649000
GOOGL,5000000000,partial_mint_failure,fixed_40,2026-09-07,1788739215000,1789154999000,362952579,-865914,363818493,627142411,8042936,37,176817,409581000,1749000
GOOGL,5000000000,partial_mint_failure,fixed_80,2026-07-27,1785196800000,1785196800000,0,0,0,0,0,0,0,0,0
GOOGL,5000000000,partial_mint_failure,fixed_80,2026-08-03,1785715200000,1786319794000,-81621587,-56550146,-25071441,12477609,177373,1,5009,372868000,298271000
GOOGL,5000000000,partial_mint_failure,fixed_80,2026-08-10,1786320001000,1786924477000,-108955112,-54194189,-54760923,0,0,0,2530,604683000,604683000
GOOGL,5000000000,partial_mint_failure,fixed_80,2026-08-17,1786924802000,1787529543000,-19154300,-9527334,-9626966,0,0,0,2615,605066000,605066000
GOOGL,5000000000,partial_mint_failure,fixed_80,2026-08-24,1787529611000,1788134387000,62379088,-18475956,80855044,286075106,2169163,10,28130,604020000,92587000
GOOGL,5000000000,partial_mint_failure,fixed_80,2026-08-31,1788134473000,1788739197000,489526424,-40414690,529941114,755595958,4471762,21,120648,600820000,1292000
GOOGL,5000000000,partial_mint_failure,fixed_80,2026-09-07,1788739215000,1789154999000,190490702,-865914,191356616,341224180,2907244,13,176817,414214000,480000
GOOGL,5000000000,partial_mint_failure,fixed_160,2026-07-27,1785196800000,1785196800000,0,0,0,0,0,0,0,0,0
GOOGL,5000000000,partial_mint_failure,fixed_160,2026-08-03,1785715200000,1786319794000,-46407910,-56550146,10142236,15483545,177373,1,5009,373689000,145183000
GOOGL,5000000000,partial_mint_failure,fixed_160,2026-08-10,1786320001000,1786924477000,-108509549,-54194189,-54315360,1115134,0,0,2530,604683000,540869000
GOOGL,5000000000,partial_mint_failure,fixed_160,2026-08-17,1786924802000,1787529543000,-19288023,-9527334,-9760689,0,0,0,2615,605066000,605066000
GOOGL,5000000000,partial_mint_failure,fixed_160,2026-08-24,1787529611000,1788134387000,120025348,-18475956,138501304,179184241,221310,1,28130,604844000,68844000
GOOGL,5000000000,partial_mint_failure,fixed_160,2026-08-31,1788134473000,1788739197000,316879236,-40414690,357293926,425055438,663930,3,120648,604810000,197000
GOOGL,5000000000,partial_mint_failure,fixed_160,2026-09-07,1788739215000,1789154999000,113270826,-865914,114136740,171229780,738081,3,176817,414822000,103000
GOOGL,5000000000,partial_mint_failure,adaptive_width,2026-07-27,1785196800000,1785196800000,0,0,0,0,0,0,0,0,0
GOOGL,5000000000,partial_mint_failure,adaptive_width,2026-08-03,1785715200000,1786319794000,-74080181,-56550146,-17530035,7942134,177373,1,5009,349015000,213633000
GOOGL,5000000000,partial_mint_failure,adaptive_width,2026-08-10,1786320001000,1786924477000,-109172600,-54194189,-54978411,0,0,0,2530,604683000,604683000
GOOGL,5000000000,partial_mint_failure,adaptive_width,2026-08-17,1786924802000,1787529543000,-19192535,-9527334,-9665201,0,0,0,2615,605066000,605066000
GOOGL,5000000000,partial_mint_failure,adaptive_width,2026-08-24,1787529611000,1788134387000,101844364,-18475956,120320320,136872886,221310,1,28130,604844000,405299000
GOOGL,5000000000,partial_mint_failure,adaptive_width,2026-08-31,1788134473000,1788739197000,698990612,-40414690,739405302,1028776181,10050074,47,120648,592093000,3414000
GOOGL,5000000000,partial_mint_failure,adaptive_width,2026-09-07,1788739215000,1789154999000,151429006,-865914,152294920,485377347,11053402,51,176817,404001000,2465000
GOOGL,5000000000,partial_mint_failure,adaptive_economic,2026-07-27,1785196800000,1785196800000,0,0,0,0,0,0,0,0,0
GOOGL,5000000000,partial_mint_failure,adaptive_economic,2026-08-03,1785715200000,1786319794000,-74080181,-56550146,-17530035,7942134,177373,1,5009,349015000,213633000
GOOGL,5000000000,partial_mint_failure,adaptive_economic,2026-08-10,1786320001000,1786924477000,-109172600,-54194189,-54978411,0,0,0,2530,604683000,604683000
GOOGL,5000000000,partial_mint_failure,adaptive_economic,2026-08-17,1786924802000,1787529543000,-19192535,-9527334,-9665201,0,0,0,2615,605066000,605066000
GOOGL,5000000000,partial_mint_failure,adaptive_economic,2026-08-24,1787529611000,1788134387000,142481805,-18475956,160957761,181775144,885240,4,28130,604844000,531937000
GOOGL,5000000000,partial_mint_failure,adaptive_economic,2026-08-31,1788134473000,1788739197000,553359459,-40414690,593774149,690207479,2966529,14,120648,594403000,280876000
GOOGL,5000000000,partial_mint_failure,adaptive_economic,2026-09-07,1788739215000,1789154999000,237775165,-865914,238641079,417906208,4191167,19,176817,411871000,248820000
GOOGL,1000000000,pinned_fork_costs,fixed_20,2026-07-27,1785196800000,1785196800000,0,0,0,0,0,0,0,0,0
GOOGL,1000000000,pinned_fork_costs,fixed_20,2026-08-03,1785715200000,1786319794000,-164934812,-9952110,-154982702,28483201,23636233,107,5009,424988000,53011000
GOOGL,1000000000,pinned_fork_costs,fixed_20,2026-08-10,1786320001000,1786924477000,-74992395,-10869865,-64122530,13801083,11508120,52,2530,604683000,151992000
GOOGL,1000000000,pinned_fork_costs,fixed_20,2026-08-17,1786924802000,1787529543000,-51086679,-1910922,-49175757,16276480,10844190,49,2615,605066000,96332000
GOOGL,1000000000,pinned_fork_costs,fixed_20,2026-08-24,1787529611000,1788134387000,10707561,-3705769,14413330,175634402,38507940,174,28130,604844000,44978000
GOOGL,1000000000,pinned_fork_costs,fixed_20,2026-08-31,1788134473000,1788739197000,295262012,-8106077,303368089,518507016,47802960,216,120648,604810000,15424000
GOOGL,1000000000,pinned_fork_costs,fixed_20,2026-09-07,1788739215000,1789154999000,139010750,-198990,139209740,285124425,23355638,105,176817,415802000,5965000
GOOGL,1000000000,pinned_fork_costs,fixed_40,2026-07-27,1785196800000,1785196800000,0,0,0,0,0,0,0,0,0
GOOGL,1000000000,pinned_fork_costs,fixed_40,2026-08-03,1785715200000,1786319794000,-85648284,-9952110,-75696174,26893995,7259293,33,5009,431073000,24738000
GOOGL,1000000000,pinned_fork_costs,fixed_40,2026-08-10,1786320001000,1786924477000,-29010059,-10869865,-18140194,13990828,2877030,13,2530,604683000,107564000
GOOGL,1000000000,pinned_fork_costs,fixed_40,2026-08-17,1786924802000,1787529543000,-28697376,-1910922,-26786454,17304171,5311440,24,2615,605066000,16344000
GOOGL,1000000000,pinned_fork_costs,fixed_40,2026-08-24,1787529611000,1788134387000,71402721,-3705769,75108490,142760509,10180260,46,28130,604844000,10903000
GOOGL,1000000000,pinned_fork_costs,fixed_40,2026-08-31,1788134473000,1788739197000,242215266,-8106077,250321343,350641643,13278600,60,120648,604810000,3446000
GOOGL,1000000000,pinned_fork_costs,fixed_40,2026-09-07,1788739215000,1789154999000,84725870,-198990,84924860,158321556,7863938,35,176817,415802000,1963000
GOOGL,1000000000,pinned_fork_costs,fixed_80,2026-07-27,1785196800000,1785196800000,0,0,0,0,0,0,0,0,0
GOOGL,1000000000,pinned_fork_costs,fixed_80,2026-08-03,1785715200000,1786319794000,-47801602,-9952110,-37849492,19627264,1947853,9,5009,431073000,29440000
GOOGL,1000000000,pinned_fork_costs,fixed_80,2026-08-10,1786320001000,1786924477000,-20398178,-10869865,-9528313,10393861,885240,4,2530,604683000,78235000
GOOGL,1000000000,pinned_fork_costs,fixed_80,2026-08-17,1786924802000,1787529543000,-119640,-1910922,1791282,14122599,885240,4,2615,605066000,4167000
GOOGL,1000000000,pinned_fork_costs,fixed_80,2026-08-24,1787529611000,1788134387000,62200704,-3705769,65906473,91106321,1770480,8,28130,604844000,1431000
GOOGL,1000000000,pinned_fork_costs,fixed_80,2026-08-31,1788134473000,1788739197000,135245798,-8106077,143351875,192110025,3762270,17,120648,604810000,1087000
GOOGL,1000000000,pinned_fork_costs,fixed_80,2026-09-07,1788739215000,1789154999000,38765424,-198990,38964414,74835198,2552498,11,176817,415802000,513000
GOOGL,1000000000,pinned_fork_costs,fixed_160,2026-07-27,1785196800000,1785196800000,0,0,0,0,0,0,0,0,0
GOOGL,1000000000,pinned_fork_costs,fixed_160,2026-08-03,1785715200000,1786319794000,-46821505,-9952110,-36869395,5544408,398683,2,5009,431073000,289800000
GOOGL,1000000000,pinned_fork_costs,fixed_160,2026-08-10,1786320001000,1786924477000,-20985703,-10869865,-10115838,4770013,221310,1,2530,604683000,209131000
GOOGL,1000000000,pinned_fork_costs,fixed_160,2026-08-17,1786924802000,1787529543000,-2551063,-1910922,-640141,9279266,442620,2,2615,605066000,346000
GOOGL,1000000000,pinned_fork_costs,fixed_160,2026-08-24,1787529611000,1788134387000,34837741,-3705769,38543510,49951571,442620,2,28130,604844000,934000
GOOGL,1000000000,pinned_fork_costs,fixed_160,2026-08-31,1788134473000,1788739197000,70923575,-8106077,79029652,93488186,663930,3,120648,604810000,115000
GOOGL,1000000000,pinned_fork_costs,fixed_160,2026-09-07,1788739215000,1789154999000,13742297,-198990,13941287,34125824,1003328,4,176817,415802000,201000
GOOGL,1000000000,pinned_fork_costs,adaptive_width,2026-07-27,1785196800000,1785196800000,0,0,0,0,0,0,0,0,0
GOOGL,1000000000,pinned_fork_costs,adaptive_width,2026-08-03,1785715200000,1786319794000,-46783901,-9952110,-36831791,6699903,619993,3,5009,417589000,291565000
GOOGL,1000000000,pinned_fork_costs,adaptive_width,2026-08-10,1786320001000,1786924477000,-21122616,-10869865,-10252751,0,0,0,2530,604683000,604683000
GOOGL,1000000000,pinned_fork_costs,adaptive_width,2026-08-17,1786924802000,1787529543000,-3713354,-1910922,-1802432,0,0,0,2615,605066000,605066000
GOOGL,1000000000,pinned_fork_costs,adaptive_width,2026-08-24,1787529611000,1788134387000,62208466,-3705769,65914235,96144434,4204890,19,28130,604844000,167790000
GOOGL,1000000000,pinned_fork_costs,adaptive_width,2026-08-31,1788134473000,1788739197000,299185437,-8106077,307291514,454115649,25229340,114,120648,604810000,6645000
GOOGL,1000000000,pinned_fork_costs,adaptive_width,2026-09-07,1788739215000,1789154999000,36614425,-198990,36813415,129039111,10962278,49,176817,415802000,2861000
GOOGL,1000000000,pinned_fork_costs,adaptive_economic,2026-07-27,1785196800000,1785196800000,0,0,0,0,0,0,0,0,0
GOOGL,1000000000,pinned_fork_costs,adaptive_economic,2026-08-03,1785715200000,1786319794000,-46783901,-9952110,-36831791,6699903,619993,3,5009,417589000,291565000
GOOGL,1000000000,pinned_fork_costs,adaptive_economic,2026-08-10,1786320001000,1786924477000,-21122616,-10869865,-10252751,0,0,0,2530,604683000,604683000
GOOGL,1000000000,pinned_fork_costs,adaptive_economic,2026-08-17,1786924802000,1787529543000,-3713354,-1910922,-1802432,0,0,0,2615,605066000,605066000
GOOGL,1000000000,pinned_fork_costs,adaptive_economic,2026-08-24,1787529611000,1788134387000,46337397,-3705769,50043166,71751733,1770480,8,28130,604844000,283413000
GOOGL,1000000000,pinned_fork_costs,adaptive_economic,2026-08-31,1788134473000,1788739197000,92269069,-8106077,100375146,116811857,1991790,9,120648,604810000,135200000
GOOGL,1000000000,pinned_fork_costs,adaptive_economic,2026-09-07,1788739215000,1789154999000,30083579,-198990,30282569,30009003,118088,0,176817,415802000,27142000
GOOGL,1000000000,double_gas_half_fees,fixed_20,2026-07-27,1785196800000,1785196800000,0,0,0,0,0,0,0,0,0
GOOGL,1000000000,double_gas_half_fees,fixed_20,2026-08-03,1785715200000,1786319794000,-205444795,-10003445,-195441350,14247280,47715086,108,5009,424988000,52901000
GOOGL,1000000000,double_gas_half_fees,fixed_20,2026-08-10,1786320001000,1786924477000,-91742813,-10869865,-80872948,6833058,23016240,52,2530,604683000,151992000
GOOGL,1000000000,double_gas_half_fees,fixed_20,2026-08-17,1786924802000,1787529543000,-68354259,-1910922,-66443337,8059319,21688380,49,2615,605066000,96332000
GOOGL,1000000000,double_gas_half_fees,fixed_20,2026-08-24,1787529611000,1788134387000,-112325949,-3705769,-108620180,81855433,77015880,174,28130,604844000,44978000
GOOGL,1000000000,double_gas_half_fees,fixed_20,2026-08-31,1788134473000,1788739197000,-29593553,-8106077,-21487476,200553343,95605920,216,120648,604810000,15424000
GOOGL,1000000000,double_gas_half_fees,fixed_20,2026-09-07,1788739215000,1789154999000,-34233438,-250102,-33983336,89900276,46711276,105,176817,415802000,5965000
GOOGL,1000000000,double_gas_half_fees,fixed_40,2026-07-27,1785196800000,1785196800000,0,0,0,0,0,0,0,0,0
GOOGL,1000000000,double_gas_half_fees,fixed_40,2026-08-03,1785715200000,1786319794000,-105918997,-10003445,-95915552,13410388,14518586,33,5009,431073000,24738000
GOOGL,1000000000,double_gas_half_fees,fixed_40,2026-08-10,1786320001000,1786924477000,-38304371,-10869865,-27434506,6931208,5754060,13,2530,604683000,107564000
GOOGL,1000000000,double_gas_half_fees,fixed_40,2026-08-17,1786924802000,1787529543000,-41673097,-1910922,-39762175,8557721,10622880,24,2615,605066000,16344000
GOOGL,1000000000,double_gas_half_fees,fixed_40,2026-08-24,1787529611000,1788134387000,-10622990,-3705769,-6917221,67589408,20360520,46,28130,604844000,10903000
GOOGL,1000000000,double_gas_half_fees,fixed_40,2026-08-31,1788134473000,1788739197000,41359545,-8106077,49465622,147421496,26557200,60,120648,604810000,3446000
GOOGL,1000000000,double_gas_half_fees,fixed_40,2026-09-07,1788739215000,1789154999000,-5772133,-250102,-5522031,58994694,15727876,35,176817,415802000,1963000
GOOGL,1000000000,double_gas_half_fees,fixed_80,2026-07-27,1785196800000,1785196800000,0,0,0,0,0,0,0,0,0
GOOGL,1000000000,double_gas_half_fees,fixed_80,2026-08-03,1785715200000,1786319794000,-59412424,-10003445,-49408979,9792644,3895706,9,5009,431073000,29440000
GOOGL,1000000000,double_gas_half_fees,fixed_80,2026-08-10,1786320001000,1786924477000,-26184271,-10869865,-15314406,5159560,1770480,4,2530,604683000,78235000
GOOGL,1000000000,double_gas_half_fees,fixed_80,2026-08-17,1786924802000,1787529543000,-7929307,-1910922,-6018385,6990378,1770480,4,2615,605066000,4167000
GOOGL,1000000000,double_gas_half_fees,fixed_80,2026-08-24,1787529611000,1788134387000,14423977,-3705769,18129746,44238387,3540960,8,28130,604844000,1431000
GOOGL,1000000000,double_gas_half_fees,fixed_80,2026-08-31,1788134473000,1788739197000,31070870,-8106077,39176947,86443464,7524540,17,120648,604810000,1087000
GOOGL,1000000000,double_gas_half_fees,fixed_80,2026-09-07,1788739215000,1789154999000,-1958405,-250102,-1708303,31550565,5104996,11,176817,415802000,513000
GOOGL,1000000000,double_gas_half_fees,fixed_160,2026-07-27,1785196800000,1785196800000,0,0,0,0,0,0,0,0,0
GOOGL,1000000000,double_gas_half_fees,fixed_160,2026-08-03,1785715200000,1786319794000,-49933747,-10003445,-39930302,2770250,797366,2,5009,431073000,289800000
GOOGL,1000000000,double_gas_half_fees,fixed_160,2026-08-10,1786320001000,1786924477000,-23556585,-10869865,-12686720,2379880,442620,1,2530,604683000,209131000
GOOGL,1000000000,double_gas_half_fees,fixed_160,2026-08-17,1786924802000,1787529543000,-7606243,-1910922,-5695321,4621714,885240,2,2615,605066000,346000
GOOGL,1000000000,double_gas_half_fees,fixed_160,2026-08-24,1787529611000,1788134387000,9262792,-3705769,12968561,24595120,885240,2,28130,604844000,934000
GOOGL,1000000000,double_gas_half_fees,fixed_160,2026-08-31,1788134473000,1788739197000,22027241,-8106077,30133318,44461397,1327860,3,120648,604810000,115000
GOOGL,1000000000,double_gas_half_fees,fixed_160,2026-09-07,1788739215000,1789154999000,-4242024,-250102,-3991922,15625050,2006656,4,176817,415802000,201000
GOOGL,1000000000,double_gas_half_fees,adaptive_width,2026-07-27,1785196800000,1785196800000,0,0,0,0,0,0,0,0,0
GOOGL,1000000000,double_gas_half_fees,adaptive_width,2026-08-03,1785715200000,1786319794000,-50653910,-10003445,-40650465,3347035,1239986,3,5009,417589000,291565000
GOOGL,1000000000,double_gas_half_fees,adaptive_width,2026-08-10,1786320001000,1786924477000,-21066775,-10869865,-10196910,0,0,0,2530,604683000,604683000
GOOGL,1000000000,double_gas_half_fees,adaptive_width,2026-08-17,1786924802000,1787529543000,-3703538,-1910922,-1792616,0,0,0,2615,605066000,605066000
GOOGL,1000000000,double_gas_half_fees,adaptive_width,2026-08-24,1787529611000,1788134387000,1391015,-3705769,5096784,30692263,4868820,11,28130,604844000,165420000
GOOGL,1000000000,double_gas_half_fees,adaptive_width,2026-08-31,1788134473000,1788739197000,30560828,-8106077,38666905,82444449,11065500,25,120648,604810000,1198000
GOOGL,1000000000,double_gas_half_fees,adaptive_width,2026-09-07,1788739215000,1789154999000,-8893389,-250102,-8643287,17860169,4662376,10,176817,415802000,549000
GOOGL,1000000000,double_gas_half_fees,adaptive_economic,2026-07-27,1785196800000,1785196800000,0,0,0,0,0,0,0,0,0
GOOGL,1000000000,double_gas_half_fees,adaptive_economic,2026-08-03,1785715200000,1786319794000,-51674777,-10003445,-41671332,3213631,797366,2,5009,417589000,223773000
GOOGL,1000000000,double_gas_half_fees,adaptive_economic,2026-08-10,1786320001000,1786924477000,-21024848,-10869865,-10154983,9768,0,0,2530,604683000,599354000
GOOGL,1000000000,double_gas_half_fees,adaptive_economic,2026-08-17,1786924802000,1787529543000,-3697884,-1910922,-1786962,0,0,0,2615,605066000,605066000
GOOGL,1000000000,double_gas_half_fees,adaptive_economic,2026-08-24,1787529611000,1788134387000,-7689226,-3705769,-3983457,8961712,1327860,3,28130,604844000,375331000
GOOGL,1000000000,double_gas_half_fees,adaptive_economic,2026-08-31,1788134473000,1788739197000,31278081,-8106077,39384158,48658244,1327860,3,120648,604810000,450366000
GOOGL,1000000000,double_gas_half_fees,adaptive_economic,2026-09-07,1788739215000,1789154999000,-4471756,-250102,-4221654,2617802,678796,1,176817,415802000,397868000
GOOGL,1000000000,partial_mint_failure,fixed_20,2026-07-27,1785196800000,1785196800000,0,0,0,0,0,0,0,0,0
GOOGL,1000000000,partial_mint_failure,fixed_20,2026-08-03,1785715200000,1786319794000,-112159533,-9952110,-102207423,23879929,17532302,82,5009,369867000,44374000
GOOGL,1000000000,partial_mint_failure,fixed_20,2026-08-10,1786320001000,1786924477000,-46807416,-10869865,-35937551,11739361,7703538,36,2530,466173000,127124000
GOOGL,1000000000,partial_mint_failure,fixed_20,2026-08-17,1786924802000,1787529543000,-49963440,-1910922,-48052518,15034281,11333997,53,2615,552118000,89988000
GOOGL,1000000000,partial_mint_failure,fixed_20,2026-08-24,1787529611000,1788134387000,21151614,-3705769,24857383,129619412,24615847,115,28130,521281000,34936000
GOOGL,1000000000,partial_mint_failure,fixed_20,2026-08-31,1788134473000,1788739197000,246964190,-8106077,255070267,439936049,43432072,203,120648,548693000,11847000
GOOGL,1000000000,partial_mint_failure,fixed_20,2026-09-07,1788739215000,1789154999000,97459644,-198990,97658634,233502624,24733935,115,176817,385133000,5645000
GOOGL,1000000000,partial_mint_failure,fixed_40,2026-07-27,1785196800000,1785196800000,0,0,0,0,0,0,0,0,0
GOOGL,1000000000,partial_mint_failure,fixed_40,2026-08-03,1785715200000,1786319794000,-64634380,-9952110,-54682270,23402567,6818298,32,5009,396754000,27074000
GOOGL,1000000000,partial_mint_failure,fixed_40,2026-08-10,1786320001000,1786924477000,-35140900,-10869865,-24271035,12867995,3851769,18,2530,515124000,96955000
GOOGL,1000000000,partial_mint_failure,fixed_40,2026-08-17,1786924802000,1787529543000,-18087964,-1910922,-16177042,15885923,4294389,20,2615,585828000,41378000
GOOGL,1000000000,partial_mint_failure,fixed_40,2026-08-24,1787529611000,1788134387000,55120309,-3705769,58826078,118715001,9208771,43,28130,564458000,7016000
GOOGL,1000000000,partial_mint_failure,fixed_40,2026-08-31,1788134473000,1788739197000,212429111,-8106077,220535188,324768987,16027069,75,120648,585913000,3014000
GOOGL,1000000000,partial_mint_failure,fixed_40,2026-09-07,1788739215000,1789154999000,84640032,-198990,84839022,148591676,8042936,37,176817,409581000,1749000
GOOGL,1000000000,partial_mint_failure,fixed_80,2026-07-27,1785196800000,1785196800000,0,0,0,0,0,0,0,0,0
GOOGL,1000000000,partial_mint_failure,fixed_80,2026-08-03,1785715200000,1786319794000,-50011552,-9952110,-40059442,19178878,2125226,10,5009,429803000,44967000
GOOGL,1000000000,partial_mint_failure,fixed_80,2026-08-10,1786320001000,1786924477000,-18082694,-10869865,-7212829,10436845,1062613,5,2530,547977000,61603000
GOOGL,1000000000,partial_mint_failure,fixed_80,2026-08-17,1786924802000,1787529543000,-3430936,-1910922,-1520014,13796120,1505233,7,2615,600846000,6203000
GOOGL,1000000000,partial_mint_failure,fixed_80,2026-08-24,1787529611000,1788134387000,57123795,-3705769,60829564,89264624,2567846,12,28130,588799000,2940000
GOOGL,1000000000,partial_mint_failure,fixed_80,2026-08-31,1788134473000,1788739197000,146917142,-8106077,155023219,187684616,3187839,15,120648,599779000,448000
GOOGL,1000000000,partial_mint_failure,fixed_80,2026-09-07,1788739215000,1789154999000,40856206,-198990,41055196,74966279,2685934,12,176817,414403000,553000
GOOGL,1000000000,partial_mint_failure,fixed_160,2026-07-27,1785196800000,1785196800000,0,0,0,0,0,0,0,0,0
GOOGL,1000000000,partial_mint_failure,fixed_160,2026-08-03,1785715200000,1786319794000,-46821505,-9952110,-36869395,5544408,398683,2,5009,431073000,289800000
GOOGL,1000000000,partial_mint_failure,fixed_160,2026-08-10,1786320001000,1786924477000,-20985703,-10869865,-10115838,4770013,221310,1,2530,604683000,209131000
GOOGL,1000000000,partial_mint_failure,fixed_160,2026-08-17,1786924802000,1787529543000,-2551063,-1910922,-640141,9279266,442620,2,2615,605066000,346000
GOOGL,1000000000,partial_mint_failure,fixed_160,2026-08-24,1787529611000,1788134387000,33486005,-3705769,37191774,49792179,619993,3,28130,603564000,1127000
GOOGL,1000000000,partial_mint_failure,fixed_160,2026-08-31,1788134473000,1788739197000,70840562,-8106077,78946639,93378475,663930,3,120648,604810000,115000
GOOGL,1000000000,partial_mint_failure,fixed_160,2026-09-07,1788739215000,1789154999000,14856792,-198990,15055782,34168093,1180701,5,176817,415127000,181000
GOOGL,1000000000,partial_mint_failure,adaptive_width,2026-07-27,1785196800000,1785196800000,0,0,0,0,0,0,0,0,0
GOOGL,1000000000,partial_mint_failure,adaptive_width,2026-08-03,1785715200000,1786319794000,-46783901,-9952110,-36831791,6699903,619993,3,5009,417589000,291565000
GOOGL,1000000000,partial_mint_failure,adaptive_width,2026-08-10,1786320001000,1786924477000,-21122616,-10869865,-10252751,0,0,0,2530,604683000,604683000
GOOGL,1000000000,partial_mint_failure,adaptive_width,2026-08-17,1786924802000,1787529543000,-3713354,-1910922,-1802432,0,0,0,2615,605066000,605066000
GOOGL,1000000000,partial_mint_failure,adaptive_width,2026-08-24,1787529611000,1788134387000,36836016,-3705769,40541785,55517275,2125226,10,28130,599458000,110150000
GOOGL,1000000000,partial_mint_failure,adaptive_width,2026-08-31,1788134473000,1788739197000,256322399,-8106077,264428476,359975043,17133619,80,120648,591439000,4187000
GOOGL,1000000000,partial_mint_failure,adaptive_width,2026-09-07,1788739215000,1789154999000,18669675,-198990,18868665,81804018,8042936,37,176817,402769000,1836000
GOOGL,1000000000,partial_mint_failure,adaptive_economic,2026-07-27,1785196800000,1785196800000,0,0,0,0,0,0,0,0,0
GOOGL,1000000000,partial_mint_failure,adaptive_economic,2026-08-03,1785715200000,1786319794000,-46783901,-9952110,-36831791,6699903,619993,3,5009,417589000,291565000
GOOGL,1000000000,partial_mint_failure,adaptive_economic,2026-08-10,1786320001000,1786924477000,-21122616,-10869865,-10252751,0,0,0,2530,604683000,604683000
GOOGL,1000000000,partial_mint_failure,adaptive_economic,2026-08-17,1786924802000,1787529543000,-3713354,-1910922,-1802432,0,0,0,2615,605066000,605066000
GOOGL,1000000000,partial_mint_failure,adaptive_economic,2026-08-24,1787529611000,1788134387000,47246578,-3705769,50952347,70196592,2125226,10,28130,600647000,226324000
GOOGL,1000000000,partial_mint_failure,adaptive_economic,2026-08-31,1788134473000,1788739197000,100143314,-8106077,108249391,128618547,3010466,14,120648,603026000,146696000
GOOGL,1000000000,partial_mint_failure,adaptive_economic,2026-09-07,1788739215000,1789154999000,30369290,-198990,30568280,30293354,118088,0,176817,415802000,27142000
GOOGL,250000000,pinned_fork_costs,fixed_20,2026-07-27,1785196800000,1785196800000,0,0,0,0,0,0,0,0,0
GOOGL,250000000,pinned_fork_costs,fixed_20,2026-08-03,1785715200000,1786319794000,-55991552,-2460818,-53530734,14821755,26734573,121,5009,435800000,46437000
GOOGL,250000000,pinned_fork_costs,fixed_20,2026-08-10,1786320001000,1786924477000,-27534410,-2718924,-24815486,7149008,13278600,60,2530,604683000,102204000
GOOGL,250000000,pinned_fork_costs,fixed_20,2026-08-17,1786924802000,1787529543000,-15743455,-477987,-15265468,9160484,10844190,49,2615,605066000,96332000
GOOGL,250000000,pinned_fork_costs,fixed_20,2026-08-24,1787529611000,1788134387000,-6770505,-926939,-5843566,64339312,38507940,174,28130,604844000,44978000
GOOGL,250000000,pinned_fork_costs,fixed_20,2026-08-31,1788134473000,1788739197000,76287130,-2027606,78314736,175334207,47802960,216,120648,604810000,15424000
GOOGL,250000000,pinned_fork_costs,fixed_20,2026-09-07,1788739215000,1789154999000,29468139,-87369,29555508,90897639,23355638,105,176817,415802000,5965000
GOOGL,250000000,pinned_fork_costs,fixed_40,2026-07-27,1785196800000,1785196800000,0,0,0,0,0,0,0,0,0
GOOGL,250000000,pinned_fork_costs,fixed_40,2026-08-03,1785715200000,1786319794000,-21437548,-2460818,-18976730,12123070,7259293,33,5009,439398000,15643000
GOOGL,250000000,pinned_fork_costs,fixed_40,2026-08-10,1786320001000,1786924477000,-13340864,-2718924,-10621940,6397965,5311440,24,2530,604683000,37230000
GOOGL,250000000,pinned_fork_costs,fixed_40,2026-08-17,1786924802000,1787529543000,-6194851,-477987,-5716864,8067483,5311440,24,2615,605066000,16344000
GOOGL,250000000,pinned_fork_costs,fixed_40,2026-08-24,1787529611000,1788134387000,21711955,-926939,22638894,46228974,10180260,46,28130,604844000,10903000
GOOGL,250000000,pinned_fork_costs,fixed_40,2026-08-31,1788134473000,1788739197000,66710204,-2027606,68737810,105063737,13278600,60,120648,604810000,3446000
GOOGL,250000000,pinned_fork_costs,fixed_40,2026-09-07,1788739215000,1789154999000,18747684,-87369,18835053,44879328,7863938,35,176817,415802000,1963000
GOOGL,250000000,pinned_fork_costs,fixed_80,2026-07-27,1785196800000,1785196800000,0,0,0,0,0,0,0,0,0
GOOGL,250000000,pinned_fork_costs,fixed_80,2026-08-03,1785715200000,1786319794000,-16160058,-2460818,-13699240,7469566,3054403,14,5009,439398000,4932000
GOOGL,250000000,pinned_fork_costs,fixed_80,2026-08-10,1786320001000,1786924477000,-6689410,-2718924,-3970486,4164409,1549170,7,2530,604683000,23958000
GOOGL,250000000,pinned_fork_costs,fixed_80,2026-08-17,1786924802000,1787529543000,-306392,-477987,171595,5275971,1327860,6,2615,605066000,11713000
GOOGL,250000000,pinned_fork_costs,fixed_80,2026-08-24,1787529611000,1788134387000,17890309,-926939,18817248,25785884,1770480,8,28130,604844000,1431000
GOOGL,250000000,pinned_fork_costs,fixed_80,2026-08-31,1788134473000,1788739197000,34324020,-2027606,36351626,51209308,3762270,17,120648,604810000,1087000
GOOGL,250000000,pinned_fork_costs,fixed_80,2026-09-07,1788739215000,1789154999000,8146771,-87369,8234140,19177167,2552498,11,176817,415802000,513000
GOOGL,250000000,pinned_fork_costs,fixed_160,2026-07-27,1785196800000,1785196800000,0,0,0,0,0,0,0,0,0
GOOGL,250000000,pinned_fork_costs,fixed_160,2026-08-03,1785715200000,1786319794000,-9236443,-2460818,-6775625,4306553,841303,4,5009,439551000,1237000
GOOGL,250000000,pinned_fork_costs,fixed_160,2026-08-10,1786320001000,1786924477000,-2879098,-2718924,-160174,2620258,442620,2,2530,604683000,3481000
GOOGL,250000000,pinned_fork_costs,fixed_160,2026-08-17,1786924802000,1787529543000,-3298,-477987,474689,3063137,442620,2,2615,605066000,1262000
GOOGL,250000000,pinned_fork_costs,fixed_160,2026-08-24,1787529611000,1788134387000,9717978,-926939,10644917,13766262,442620,2,28130,604844000,2176000
GOOGL,250000000,pinned_fork_costs,fixed_160,2026-08-31,1788134473000,1788739197000,18509067,-2027606,20536673,24771369,663930,3,120648,604810000,115000
GOOGL,250000000,pinned_fork_costs,fixed_160,2026-09-07,1788739215000,1789154999000,2858928,-87369,2946297,8836318,1003328,4,176817,415802000,201000
GOOGL,250000000,pinned_fork_costs,adaptive_width,2026-07-27,1785196800000,1785196800000,0,0,0,0,0,0,0,0,0
GOOGL,250000000,pinned_fork_costs,adaptive_width,2026-08-03,1785715200000,1786319794000,-9922808,-2460818,-7461990,4719795,1283923,6,5009,417310000,22922000
GOOGL,250000000,pinned_fork_costs,adaptive_width,2026-08-10,1786320001000,1786924477000,-5072956,-2718924,-2354032,1400566,221310,1,2530,604683000,236079000
GOOGL,250000000,pinned_fork_costs,adaptive_width,2026-08-17,1786924802000,1787529543000,2621830,-477987,3099817,2912156,0,0,2615,605066000,21646000
GOOGL,250000000,pinned_fork_costs,adaptive_width,2026-08-24,1787529611000,1788134387000,16179830,-926939,17106769,28934136,5311440,24,28130,604844000,31523000
GOOGL,250000000,pinned_fork_costs,adaptive_width,2026-08-31,1788134473000,1788739197000,52818575,-2027606,54846181,101074076,20360520,92,120648,604810000,5689000
GOOGL,250000000,pinned_fork_costs,adaptive_width,2026-09-07,1788739215000,1789154999000,2341163,-87369,2428532,33473637,10962278,49,176817,415802000,3004000
GOOGL,250000000,pinned_fork_costs,adaptive_economic,2026-07-27,1785196800000,1785196800000,0,0,0,0,0,0,0,0,0
GOOGL,250000000,pinned_fork_costs,adaptive_economic,2026-08-03,1785715200000,1786319794000,-10333731,-2460818,-7872913,6386910,619993,3,5009,417310000,312049000
GOOGL,250000000,pinned_fork_costs,adaptive_economic,2026-08-10,1786320001000,1786924477000,-3364372,-2718924,-645448,517491,0,0,2530,604683000,587559000
GOOGL,250000000,pinned_fork_costs,adaptive_economic,2026-08-17,1786924802000,1787529543000,-936343,-477987,-458356,0,0,0,2615,605066000,605066000
GOOGL,250000000,pinned_fork_costs,adaptive_economic,2026-08-24,1787529611000,1788134387000,8721504,-926939,9648443,13578471,1549170,7,28130,604844000,508335000
GOOGL,250000000,pinned_fork_costs,adaptive_economic,2026-08-31,1788134473000,1788739197000,15819025,-2027606,17846631,27294681,2655720,12,120648,604810000,561664000
GOOGL,250000000,pinned_fork_costs,adaptive_economic,2026-09-07,1788739215000,1789154999000,1200305,-87369,1287674,3487824,560708,2,176817,415802000,395780000
GOOGL,250000000,double_gas_half_fees,fixed_20,2026-07-27,1785196800000,1785196800000,0,0,0,0,0,0,0,0,0
GOOGL,250000000,double_gas_half_fees,fixed_20,2026-08-03,1785715200000,1786319794000,-89667158,-2512153,-87155005,7348888,53469146,121,5009,435800000,46437000
GOOGL,250000000,double_gas_half_fees,fixed_20,2026-08-10,1786320001000,1786924477000,-43660325,-2718924,-40941401,3485540,26557200,60,2530,604683000,102204000
GOOGL,250000000,double_gas_half_fees,fixed_20,2026-08-17,1786924802000,1787529543000,-30514936,-477987,-30036949,4421620,21688380,49,2615,605066000,96332000
GOOGL,250000000,double_gas_half_fees,fixed_20,2026-08-24,1787529611000,1788134387000,-77510095,-926939,-76583156,28267093,77015880,174,28130,604844000,44978000
GOOGL,250000000,double_gas_half_fees,fixed_20,2026-08-31,1788134473000,1788739197000,-8789172,-2027606,-6761566,2332118,6639300,15,120648,604810000,1262000
GOOGL,250000000,double_gas_half_fees,fixed_20,2026-09-07,1788739215000,1789154999000,-236176,-138481,-97695,0,236176,0,176817,415802000,0
GOOGL,250000000,double_gas_half_fees,fixed_40,2026-07-27,1785196800000,1785196800000,0,0,0,0,0,0,0,0,0
GOOGL,250000000,double_gas_half_fees,fixed_40,2026-08-03,1785715200000,1786319794000,-34612093,-2512153,-32099940,6014046,14518586,33,5009,439398000,15643000
GOOGL,250000000,double_gas_half_fees,fixed_40,2026-08-10,1786320001000,1786924477000,-21481280,-2718924,-18762356,3128824,10622880,24,2530,604683000,37230000
GOOGL,250000000,double_gas_half_fees,fixed_40,2026-08-17,1786924802000,1787529543000,-15246514,-477987,-14768527,3900272,10622880,24,2615,605066000,16344000
GOOGL,250000000,double_gas_half_fees,fixed_40,2026-08-24,1787529611000,1788134387000,-12478556,-926939,-11551617,21030351,20360520,46,28130,604844000,10903000
GOOGL,250000000,double_gas_half_fees,fixed_40,2026-08-31,1788134473000,1788739197000,-4878508,-2027606,-2850902,41630949,26557200,60,120648,604810000,3446000
GOOGL,250000000,double_gas_half_fees,fixed_40,2026-09-07,1788739215000,1789154999000,-12885604,-138481,-12747123,15712878,15727876,35,176817,415802000,1963000
GOOGL,250000000,double_gas_half_fees,fixed_80,2026-07-27,1785196800000,1785196800000,0,0,0,0,0,0,0,0,0
GOOGL,250000000,double_gas_half_fees,fixed_80,2026-08-03,1785715200000,1786319794000,-22891331,-2512153,-20379178,3717324,6108806,14,5009,439398000,4932000
GOOGL,250000000,double_gas_half_fees,fixed_80,2026-08-10,1786320001000,1786924477000,-8568978,-2718924,-5850054,2105632,2655720,6,2530,604683000,9452000
GOOGL,250000000,double_gas_half_fees,fixed_80,2026-08-17,1786924802000,1787529543000,-4117603,-477987,-3639616,2630887,2655720,6,2615,605066000,1501000
GOOGL,250000000,double_gas_half_fees,fixed_80,2026-08-24,1787529611000,1788134387000,1985409,-926939,2912348,12335917,3983580,9,28130,604844000,5157000
GOOGL,250000000,double_gas_half_fees,fixed_80,2026-08-31,1788134473000,1788739197000,3390388,-2027606,5417994,22544719,7524540,17,120648,604810000,1087000
GOOGL,250000000,double_gas_half_fees,fixed_80,2026-09-07,1788739215000,1789154999000,-4248756,-138481,-4110275,7897940,5104996,11,176817,415802000,513000
GOOGL,250000000,double_gas_half_fees,fixed_160,2026-07-27,1785196800000,1785196800000,0,0,0,0,0,0,0,0,0
GOOGL,250000000,double_gas_half_fees,fixed_160,2026-08-03,1785715200000,1786319794000,-12214068,-2512153,-9701915,2148168,1682606,4,5009,439551000,1237000
GOOGL,250000000,double_gas_half_fees,fixed_160,2026-08-10,1786320001000,1786924477000,-4601552,-2718924,-1882628,1299234,885240,2,2530,604683000,3481000
GOOGL,250000000,double_gas_half_fees,fixed_160,2026-08-17,1786924802000,1787529543000,-1965405,-477987,-1487418,1512385,885240,2,2615,605066000,1262000
GOOGL,250000000,double_gas_half_fees,fixed_160,2026-08-24,1787529611000,1788134387000,2298704,-926939,3225643,6696851,885240,2,28130,604844000,2176000
GOOGL,250000000,double_gas_half_fees,fixed_160,2026-08-31,1788134473000,1788739197000,4954539,-2027606,6982145,11611748,1327860,3,120648,604810000,115000
GOOGL,250000000,double_gas_half_fees,fixed_160,2026-09-07,1788739215000,1789154999000,-2554535,-138481,-2416054,3975711,2006656,4,176817,415802000,201000
GOOGL,250000000,double_gas_half_fees,adaptive_width,2026-07-27,1785196800000,1785196800000,0,0,0,0,0,0,0,0,0
GOOGL,250000000,double_gas_half_fees,adaptive_width,2026-08-03,1785715200000,1786319794000,-12336893,-2512153,-9824740,2007650,1682606,4,5009,417310000,1237000
GOOGL,250000000,double_gas_half_fees,adaptive_width,2026-08-10,1786320001000,1786924477000,-5963246,-2718924,-3244322,695870,442620,1,2530,604683000,236079000
GOOGL,250000000,double_gas_half_fees,adaptive_width,2026-08-17,1786924802000,1787529543000,1148727,-477987,1626714,1443147,0,0,2615,605066000,21646000
GOOGL,250000000,double_gas_half_fees,adaptive_width,2026-08-24,1787529611000,1788134387000,2204656,-926939,3131595,6518364,885240,2,28130,604844000,30206000
GOOGL,250000000,double_gas_half_fees,adaptive_width,2026-08-31,1788134473000,1788739197000,-475772,-2027606,1551834,25077736,14163840,32,120648,604810000,1546000
GOOGL,250000000,double_gas_half_fees,adaptive_width,2026-09-07,1788739215000,1789154999000,-5200925,-138481,-5062444,4590000,4219756,9,176817,415802000,520000
GOOGL,250000000,double_gas_half_fees,adaptive_economic,2026-07-27,1785196800000,1785196800000,0,0,0,0,0,0,0,0,0
GOOGL,250000000,double_gas_half_fees,adaptive_economic,2026-08-03,1785715200000,1786319794000,-13966725,-2512153,-11454572,302777,354746,1,5009,417310000,374150000
GOOGL,250000000,double_gas_half_fees,adaptive_economic,2026-08-10,1786320001000,1786924477000,-5239768,-2718924,-2520844,0,0,0,2530,604683000,604683000
GOOGL,250000000,double_gas_half_fees,adaptive_economic,2026-08-17,1786924802000,1787529543000,-921151,-477987,-443164,0,0,0,2615,605066000,605066000
GOOGL,250000000,double_gas_half_fees,adaptive_economic,2026-08-24,1787529611000,1788134387000,-1786349,-926939,-859410,0,0,0,28130,604844000,604844000
GOOGL,250000000,double_gas_half_fees,adaptive_economic,2026-08-31,1788134473000,1788739197000,-3907497,-2027606,-1879891,0,0,0,120648,604810000,604810000
GOOGL,250000000,double_gas_half_fees,adaptive_economic,2026-09-07,1788739215000,1789154999000,-306485,-138481,-168004,0,236176,0,176817,415802000,415802000
GOOGL,250000000,partial_mint_failure,fixed_20,2026-07-27,1785196800000,1785196800000,0,0,0,0,0,0,0,0,0
GOOGL,250000000,partial_mint_failure,fixed_20,2026-08-03,1785715200000,1786319794000,-37721056,-2460818,-35260238,11495710,18816225,88,5009,343902000,32799000
GOOGL,250000000,partial_mint_failure,fixed_20,2026-08-10,1786320001000,1786924477000,-16641525,-2718924,-13922601,5053382,8987461,42,2530,427269000,65990000
GOOGL,250000000,partial_mint_failure,fixed_20,2026-08-17,1786924802000,1787529543000,-11896830,-477987,-11418843,6316186,8766151,41,2615,456624000,88542000
GOOGL,250000000,partial_mint_failure,fixed_20,2026-08-24,1787529611000,1788134387000,-670749,-926939,256190,42913180,23331924,109,28130,489348000,21760000
GOOGL,250000000,partial_mint_failure,fixed_20,2026-08-31,1788134473000,1788739197000,53571927,-2027606,55599533,138831794,43432072,203,120648,548227000,11847000
GOOGL,250000000,partial_mint_failure,fixed_20,2026-09-07,1788739215000,1789154999000,12751860,-87369,12839229,69786020,24733935,115,176817,385133000,5645000
GOOGL,250000000,partial_mint_failure,fixed_40,2026-07-27,1785196800000,1785196800000,0,0,0,0,0,0,0,0,0
GOOGL,250000000,partial_mint_failure,fixed_40,2026-08-03,1785715200000,1786319794000,-21627948,-2460818,-19167130,10531523,8323531,39,5009,387542000,17113000
GOOGL,250000000,partial_mint_failure,fixed_40,2026-08-10,1786320001000,1786924477000,-12071392,-2718924,-9352468,5167529,4914382,23,2530,446998000,20704000
GOOGL,250000000,partial_mint_failure,fixed_40,2026-08-17,1786924802000,1787529543000,-4015355,-477987,-3537368,7113874,4294389,20,2615,575207000,41378000
GOOGL,250000000,partial_mint_failure,fixed_40,2026-08-24,1787529611000,1788134387000,16621988,-926939,17548927,37931780,9208771,43,28130,534132000,9116000
GOOGL,250000000,partial_mint_failure,fixed_40,2026-08-31,1788134473000,1788739197000,53722674,-2027606,55750280,94773644,16027069,75,120648,585913000,3014000
GOOGL,250000000,partial_mint_failure,fixed_40,2026-09-07,1788739215000,1789154999000,17888723,-87369,17976092,41095371,8042936,37,176817,409057000,1749000
GOOGL,250000000,partial_mint_failure,fixed_80,2026-07-27,1785196800000,1785196800000,0,0,0,0,0,0,0,0,0
GOOGL,250000000,partial_mint_failure,fixed_80,2026-08-03,1785715200000,1786319794000,-12066865,-2460818,-9606047,7432335,2346536,11,5009,438577000,2753000
GOOGL,250000000,partial_mint_failure,fixed_80,2026-08-10,1786320001000,1786924477000,-9207399,-2718924,-6488475,4043289,2567846,12,2530,571030000,23784000
GOOGL,250000000,partial_mint_failure,fixed_80,2026-08-17,1786924802000,1787529543000,-416492,-477987,61495,5017619,1283923,6,2615,602605000,13849000
GOOGL,250000000,partial_mint_failure,fixed_80,2026-08-24,1787529611000,1788134387000,17726728,-926939,18653667,26006615,2346536,11,28130,599343000,1150000
GOOGL,250000000,partial_mint_failure,fixed_80,2026-08-31,1788134473000,1788739197000,36215601,-2027606,38243207,50301153,3630459,17,120648,598351000,476000
GOOGL,250000000,partial_mint_failure,fixed_80,2026-09-07,1788739215000,1789154999000,7208222,-87369,7295591,19375203,3128554,14,176817,414431000,732000
GOOGL,250000000,partial_mint_failure,fixed_160,2026-07-27,1785196800000,1785196800000,0,0,0,0,0,0,0,0,0
GOOGL,250000000,partial_mint_failure,fixed_160,2026-08-03,1785715200000,1786319794000,-9236443,-2460818,-6775625,4306553,841303,4,5009,439551000,1237000
GOOGL,250000000,partial_mint_failure,fixed_160,2026-08-10,1786320001000,1786924477000,-3031447,-2718924,-312523,2594481,619993,3,2530,601936000,6092000
GOOGL,250000000,partial_mint_failure,fixed_160,2026-08-17,1786924802000,1787529543000,118330,-477987,596317,3050174,442620,2,2615,605066000,4567000
GOOGL,250000000,partial_mint_failure,fixed_160,2026-08-24,1787529611000,1788134387000,9723941,-926939,10650880,13774452,442620,2,28130,604844000,2176000
GOOGL,250000000,partial_mint_failure,fixed_160,2026-08-31,1788134473000,1788739197000,18476516,-2027606,20504122,24802496,841303,4,120648,604159000,114000
GOOGL,250000000,partial_mint_failure,fixed_160,2026-09-07,1788739215000,1789154999000,2663245,-87369,2750614,8824876,1180701,5,176817,415161000,201000
GOOGL,250000000,partial_mint_failure,adaptive_width,2026-07-27,1785196800000,1785196800000,0,0,0,0,0,0,0,0,0
GOOGL,250000000,partial_mint_failure,adaptive_width,2026-08-03,1785715200000,1786319794000,-10793666,-2460818,-8332848,6454736,2125226,10,5009,415238000,41534000
GOOGL,250000000,partial_mint_failure,adaptive_width,2026-08-10,1786320001000,1786924477000,-5179647,-2718924,-2460723,1597993,221310,1,2530,604683000,307390000
GOOGL,250000000,partial_mint_failure,adaptive_width,2026-08-17,1786924802000,1787529543000,2620494,-477987,3098481,2910657,0,0,2615,605066000,21646000
GOOGL,250000000,partial_mint_failure,adaptive_width,2026-08-24,1787529611000,1788134387000,9171929,-926939,10098868,13282185,619993,3,28130,603281000,30206000
GOOGL,250000000,partial_mint_failure,adaptive_width,2026-08-31,1788134473000,1788739197000,27568672,-2027606,29596278,56690038,13060540,61,120648,587002000,4104000
GOOGL,250000000,partial_mint_failure,adaptive_width,2026-09-07,1788739215000,1789154999000,-1250904,-87369,-1163535,19089642,8042936,37,176817,402806000,1985000
GOOGL,250000000,partial_mint_failure,adaptive_economic,2026-07-27,1785196800000,1785196800000,0,0,0,0,0,0,0,0,0
GOOGL,250000000,partial_mint_failure,adaptive_economic,2026-08-03,1785715200000,1786319794000,-10333731,-2460818,-7872913,6386910,619993,3,5009,417310000,312049000
GOOGL,250000000,partial_mint_failure,adaptive_economic,2026-08-10,1786320001000,1786924477000,-3364372,-2718924,-645448,517491,0,0,2530,604683000,587559000
GOOGL,250000000,partial_mint_failure,adaptive_economic,2026-08-17,1786924802000,1787529543000,-936343,-477987,-458356,0,0,0,2615,605066000,605066000
GOOGL,250000000,partial_mint_failure,adaptive_economic,2026-08-24,1787529611000,1788134387000,17397130,-926939,18324069,22147817,1726543,8,28130,604058000,505388000
GOOGL,250000000,partial_mint_failure,adaptive_economic,2026-08-31,1788134473000,1788739197000,14593407,-2027606,16621013,24854265,2125226,10,120648,597697000,557325000
GOOGL,250000000,partial_mint_failure,adaptive_economic,2026-09-07,1788739215000,1789154999000,4616031,-87369,4703400,7197559,560708,2,176817,415802000,392973000
LLY,5000000000,pinned_fork_costs,fixed_20,2026-07-27,1785196800000,1785196800000,0,0,0,0,0,0,0,0,0
LLY,5000000000,pinned_fork_costs,fixed_20,2026-08-03,1785715200000,1785715200000,0,0,0,0,0,0,0,0,0
LLY,5000000000,pinned_fork_costs,fixed_20,2026-08-10,1786320000000,1786320000000,0,0,0,0,0,0,0,0,0
LLY,5000000000,pinned_fork_costs,fixed_20,2026-08-17,1786924800000,1786924800000,0,0,0,0,0,0,0,0,0
LLY,5000000000,pinned_fork_costs,fixed_20,2026-08-24,1787529600000,1787529600000,0,0,0,0,0,0,0,0,0
LLY,5000000000,pinned_fork_costs,fixed_20,2026-08-31,1788134400000,1788739189000,601964765,-17291600,619256365,1234683976,25067310,111,64787,293064000,5753000
LLY,5000000000,pinned_fork_costs,fixed_20,2026-09-07,1788739201000,1789154992000,-136696676,-67133670,-69563006,817439374,36545011,161,17745,415803000,16465000
LLY,5000000000,pinned_fork_costs,fixed_40,2026-07-27,1785196800000,1785196800000,0,0,0,0,0,0,0,0,0
LLY,5000000000,pinned_fork_costs,fixed_40,2026-08-03,1785715200000,1785715200000,0,0,0,0,0,0,0,0,0
LLY,5000000000,pinned_fork_costs,fixed_40,2026-08-10,1786320000000,1786320000000,0,0,0,0,0,0,0,0,0
LLY,5000000000,pinned_fork_costs,fixed_40,2026-08-17,1786924800000,1786924800000,0,0,0,0,0,0,0,0,0
LLY,5000000000,pinned_fork_costs,fixed_40,2026-08-24,1787529600000,1787529600000,0,0,0,0,0,0,0,0,0
LLY,5000000000,pinned_fork_costs,fixed_40,2026-08-31,1788134400000,1788739189000,430803743,-17291600,448095343,723660301,6966750,31,64787,294207000,1736000
LLY,5000000000,pinned_fork_costs,fixed_40,2026-09-07,1788739201000,1789154992000,134316627,-67133670,201450297,549504589,9394171,41,17745,415803000,4186000
LLY,5000000000,pinned_fork_costs,fixed_80,2026-07-27,1785196800000,1785196800000,0,0,0,0,0,0,0,0,0
LLY,5000000000,pinned_fork_costs,fixed_80,2026-08-03,1785715200000,1785715200000,0,0,0,0,0,0,0,0,0
LLY,5000000000,pinned_fork_costs,fixed_80,2026-08-10,1786320000000,1786320000000,0,0,0,0,0,0,0,0,0
LLY,5000000000,pinned_fork_costs,fixed_80,2026-08-17,1786924800000,1786924800000,0,0,0,0,0,0,0,0,0
LLY,5000000000,pinned_fork_costs,fixed_80,2026-08-24,1787529600000,1787529600000,0,0,0,0,0,0,0,0,0
LLY,5000000000,pinned_fork_costs,fixed_80,2026-08-31,1788134400000,1788739189000,191562366,-17291600,208853966,377857570,2667867,12,64787,294483000,649000
LLY,5000000000,pinned_fork_costs,fixed_80,2026-09-07,1788739201000,1789154992000,146832585,-67133670,213966255,313003416,1701433,7,17745,415803000,1019000
LLY,5000000000,pinned_fork_costs,fixed_160,2026-07-27,1785196800000,1785196800000,0,0,0,0,0,0,0,0,0
LLY,5000000000,pinned_fork_costs,fixed_160,2026-08-03,1785715200000,1785715200000,0,0,0,0,0,0,0,0,0
LLY,5000000000,pinned_fork_costs,fixed_160,2026-08-10,1786320000000,1786320000000,0,0,0,0,0,0,0,0,0
LLY,5000000000,pinned_fork_costs,fixed_160,2026-08-17,1786924800000,1786924800000,0,0,0,0,0,0,0,0,0
LLY,5000000000,pinned_fork_costs,fixed_160,2026-08-24,1787529600000,1787529600000,0,0,0,0,0,0,0,0,0
LLY,5000000000,pinned_fork_costs,fixed_160,2026-08-31,1788134400000,1788739189000,100003514,-17291600,117295114,197184782,857811,4,64787,294483000,96000
LLY,5000000000,pinned_fork_costs,fixed_160,2026-09-07,1788739201000,1789154992000,73593835,-67133670,140727505,167566270,343891,1,17745,415803000,33000
LLY,5000000000,pinned_fork_costs,adaptive_width,2026-07-27,1785196800000,1785196800000,0,0,0,0,0,0,0,0,0
LLY,5000000000,pinned_fork_costs,adaptive_width,2026-08-03,1785715200000,1785715200000,0,0,0,0,0,0,0,0,0
LLY,5000000000,pinned_fork_costs,adaptive_width,2026-08-10,1786320000000,1786320000000,0,0,0,0,0,0,0,0,0
LLY,5000000000,pinned_fork_costs,adaptive_width,2026-08-17,1786924800000,1786924800000,0,0,0,0,0,0,0,0,0
LLY,5000000000,pinned_fork_costs,adaptive_width,2026-08-24,1787529600000,1787529600000,0,0,0,0,0,0,0,0,0
LLY,5000000000,pinned_fork_costs,adaptive_width,2026-08-31,1788134400000,1788739189000,309034060,-17291600,326325660,494745215,6061722,27,64787,284686000,1720000
LLY,5000000000,pinned_fork_costs,adaptive_width,2026-09-07,1788739201000,1789154992000,118416002,-67133670,185549672,291069585,1701433,7,17745,415803000,744000
LLY,5000000000,pinned_fork_costs,adaptive_economic,2026-07-27,1785196800000,1785196800000,0,0,0,0,0,0,0,0,0
LLY,5000000000,pinned_fork_costs,adaptive_economic,2026-08-03,1785715200000,1785715200000,0,0,0,0,0,0,0,0,0
LLY,5000000000,pinned_fork_costs,adaptive_economic,2026-08-10,1786320000000,1786320000000,0,0,0,0,0,0,0,0,0
LLY,5000000000,pinned_fork_costs,adaptive_economic,2026-08-17,1786924800000,1786924800000,0,0,0,0,0,0,0,0,0
LLY,5000000000,pinned_fork_costs,adaptive_economic,2026-08-24,1787529600000,1787529600000,0,0,0,0,0,0,0,0,0
LLY,5000000000,pinned_fork_costs,adaptive_economic,2026-08-31,1788134400000,1788739189000,363704249,-17291600,380995849,473792977,3346638,15,64787,284686000,34600000
LLY,5000000000,pinned_fork_costs,adaptive_economic,2026-09-07,1788739201000,1789154992000,209017484,-67133670,276151154,322914649,796405,3,17745,415803000,324000
LLY,5000000000,double_gas_half_fees,fixed_20,2026-07-27,1785196800000,1785196800000,0,0,0,0,0,0,0,0,0
LLY,5000000000,double_gas_half_fees,fixed_20,2026-08-03,1785715200000,1785715200000,0,0,0,0,0,0,0,0,0
LLY,5000000000,double_gas_half_fees,fixed_20,2026-08-10,1786320000000,1786320000000,0,0,0,0,0,0,0,0,0
LLY,5000000000,double_gas_half_fees,fixed_20,2026-08-17,1786924800000,1786924800000,0,0,0,0,0,0,0,0,0
LLY,5000000000,double_gas_half_fees,fixed_20,2026-08-24,1787529600000,1787529600000,0,0,0,0,0,0,0,0,0
LLY,5000000000,double_gas_half_fees,fixed_20,2026-08-31,1788134400000,1788739189000,-31105630,-17344500,-13761130,587813512,50134620,111,64787,293064000,5753000
LLY,5000000000,double_gas_half_fees,fixed_20,2026-09-07,1788739201000,1789154992000,-487757752,-67184505,-420573247,371805071,73090022,161,17745,415803000,16465000
LLY,5000000000,double_gas_half_fees,fixed_40,2026-07-27,1785196800000,1785196800000,0,0,0,0,0,0,0,0,0
LLY,5000000000,double_gas_half_fees,fixed_40,2026-08-03,1785715200000,1785715200000,0,0,0,0,0,0,0,0,0
LLY,5000000000,double_gas_half_fees,fixed_40,2026-08-10,1786320000000,1786320000000,0,0,0,0,0,0,0,0,0
LLY,5000000000,double_gas_half_fees,fixed_40,2026-08-17,1786924800000,1786924800000,0,0,0,0,0,0,0,0,0
LLY,5000000000,double_gas_half_fees,fixed_40,2026-08-24,1787529600000,1787529600000,0,0,0,0,0,0,0,0,0
LLY,5000000000,double_gas_half_fees,fixed_40,2026-08-31,1788134400000,1788739189000,61969915,-17344500,79314415,351169243,13933500,31,64787,294207000,1736000
LLY,5000000000,double_gas_half_fees,fixed_40,2026-09-07,1788739201000,1789154992000,-131386377,-67184505,-64201872,256278005,18788342,41,17745,415803000,4186000
LLY,5000000000,double_gas_half_fees,fixed_80,2026-07-27,1785196800000,1785196800000,0,0,0,0,0,0,0,0,0
LLY,5000000000,double_gas_half_fees,fixed_80,2026-08-03,1785715200000,1785715200000,0,0,0,0,0,0,0,0,0
LLY,5000000000,double_gas_half_fees,fixed_80,2026-08-10,1786320000000,1786320000000,0,0,0,0,0,0,0,0,0
LLY,5000000000,double_gas_half_fees,fixed_80,2026-08-17,1786924800000,1786924800000,0,0,0,0,0,0,0,0,0
LLY,5000000000,double_gas_half_fees,fixed_80,2026-08-24,1787529600000,1787529600000,0,0,0,0,0,0,0,0,0
LLY,5000000000,double_gas_half_fees,fixed_80,2026-08-31,1788134400000,1788739189000,314462,-17344500,17658962,186032234,5335734,12,64787,294483000,649000
LLY,5000000000,double_gas_half_fees,fixed_80,2026-09-07,1788739201000,1789154992000,-9782151,-67184505,57402354,150250170,3402866,7,17745,415803000,1019000
LLY,5000000000,double_gas_half_fees,fixed_160,2026-07-27,1785196800000,1785196800000,0,0,0,0,0,0,0,0,0
LLY,5000000000,double_gas_half_fees,fixed_160,2026-08-03,1785715200000,1785715200000,0,0,0,0,0,0,0,0,0
LLY,5000000000,double_gas_half_fees,fixed_160,2026-08-10,1786320000000,1786320000000,0,0,0,0,0,0,0,0,0
LLY,5000000000,double_gas_half_fees,fixed_160,2026-08-17,1786924800000,1786924800000,0,0,0,0,0,0,0,0,0
LLY,5000000000,double_gas_half_fees,fixed_160,2026-08-24,1787529600000,1787529600000,0,0,0,0,0,0,0,0,0
LLY,5000000000,double_gas_half_fees,fixed_160,2026-08-31,1788134400000,1788739189000,665823,-17344500,18010323,97964812,1715622,4,64787,294483000,96000
LLY,5000000000,double_gas_half_fees,fixed_160,2026-09-07,1788739201000,1789154992000,-10021801,-67184505,57162704,82191888,687782,1,17745,415803000,33000
LLY,5000000000,double_gas_half_fees,adaptive_width,2026-07-27,1785196800000,1785196800000,0,0,0,0,0,0,0,0,0
LLY,5000000000,double_gas_half_fees,adaptive_width,2026-08-03,1785715200000,1785715200000,0,0,0,0,0,0,0,0,0
LLY,5000000000,double_gas_half_fees,adaptive_width,2026-08-10,1786320000000,1786320000000,0,0,0,0,0,0,0,0,0
LLY,5000000000,double_gas_half_fees,adaptive_width,2026-08-17,1786924800000,1786924800000,0,0,0,0,0,0,0,0,0
LLY,5000000000,double_gas_half_fees,adaptive_width,2026-08-24,1787529600000,1787529600000,0,0,0,0,0,0,0,0,0
LLY,5000000000,double_gas_half_fees,adaptive_width,2026-08-31,1788134400000,1788739189000,-11727136,-17344500,5617364,92963725,1715622,4,64787,287441000,214000
LLY,5000000000,double_gas_half_fees,adaptive_width,2026-09-07,1788739201000,1789154992000,-9973302,-67184505,57211203,82003898,687782,1,17745,415803000,33000
LLY,5000000000,double_gas_half_fees,adaptive_economic,2026-07-27,1785196800000,1785196800000,0,0,0,0,0,0,0,0,0
LLY,5000000000,double_gas_half_fees,adaptive_economic,2026-08-03,1785715200000,1785715200000,0,0,0,0,0,0,0,0,0
LLY,5000000000,double_gas_half_fees,adaptive_economic,2026-08-10,1786320000000,1786320000000,0,0,0,0,0,0,0,0,0
LLY,5000000000,double_gas_half_fees,adaptive_economic,2026-08-17,1786924800000,1786924800000,0,0,0,0,0,0,0,0,0
LLY,5000000000,double_gas_half_fees,adaptive_economic,2026-08-24,1787529600000,1787529600000,0,0,0,0,0,0,0,0,0
LLY,5000000000,double_gas_half_fees,adaptive_economic,2026-08-31,1788134400000,1788739189000,20042155,-17344500,37386655,81491688,810594,2,64787,287441000,173142000
LLY,5000000000,double_gas_half_fees,adaptive_economic,2026-09-07,1788739201000,1789154992000,-11946423,-67184505,55238082,76494150,1592810,3,17745,415803000,129638000
LLY,5000000000,partial_mint_failure,fixed_20,2026-07-27,1785196800000,1785196800000,0,0,0,0,0,0,0,0,0
LLY,5000000000,partial_mint_failure,fixed_20,2026-08-03,1785715200000,1785715200000,0,0,0,0,0,0,0,0,0
LLY,5000000000,partial_mint_failure,fixed_20,2026-08-10,1786320000000,1786320000000,0,0,0,0,0,0,0,0,0
LLY,5000000000,partial_mint_failure,fixed_20,2026-08-17,1786924800000,1786924800000,0,0,0,0,0,0,0,0,0
LLY,5000000000,partial_mint_failure,fixed_20,2026-08-24,1787529600000,1787529600000,0,0,0,0,0,0,0,0,0
LLY,5000000000,partial_mint_failure,fixed_20,2026-08-31,1788134400000,1788739189000,491175139,-17291600,508466739,905425084,18749847,86,64787,269903000,3678000
LLY,5000000000,partial_mint_failure,fixed_20,2026-09-07,1788739201000,1789154992000,-58429738,-67133670,8703932,648971291,31160137,142,17745,353469000,13774000
LLY,5000000000,partial_mint_failure,fixed_40,2026-07-27,1785196800000,1785196800000,0,0,0,0,0,0,0,0,0
LLY,5000000000,partial_mint_failure,fixed_40,2026-08-03,1785715200000,1785715200000,0,0,0,0,0,0,0,0,0
LLY,5000000000,partial_mint_failure,fixed_40,2026-08-10,1786320000000,1786320000000,0,0,0,0,0,0,0,0,0
LLY,5000000000,partial_mint_failure,fixed_40,2026-08-17,1786924800000,1786924800000,0,0,0,0,0,0,0,0,0
LLY,5000000000,partial_mint_failure,fixed_40,2026-08-24,1787529600000,1787529600000,0,0,0,0,0,0,0,0,0
LLY,5000000000,partial_mint_failure,fixed_40,2026-08-31,1788134400000,1788739189000,360061709,-17291600,377353309,623614240,7183179,33,64787,285426000,1487000
LLY,5000000000,partial_mint_failure,fixed_40,2026-09-07,1788739201000,1789154992000,189602762,-67133670,256736432,526575759,8432098,38,17745,405991000,3115000
LLY,5000000000,partial_mint_failure,fixed_80,2026-07-27,1785196800000,1785196800000,0,0,0,0,0,0,0,0,0
LLY,5000000000,partial_mint_failure,fixed_80,2026-08-03,1785715200000,1785715200000,0,0,0,0,0,0,0,0,0
LLY,5000000000,partial_mint_failure,fixed_80,2026-08-10,1786320000000,1786320000000,0,0,0,0,0,0,0,0,0
LLY,5000000000,partial_mint_failure,fixed_80,2026-08-17,1786924800000,1786924800000,0,0,0,0,0,0,0,0,0
LLY,5000000000,partial_mint_failure,fixed_80,2026-08-24,1787529600000,1787529600000,0,0,0,0,0,0,0,0,0
LLY,5000000000,partial_mint_failure,fixed_80,2026-08-31,1788134400000,1788739189000,194270987,-17291600,211562587,374215915,3025947,14,64787,292688000,589000
LLY,5000000000,partial_mint_failure,fixed_80,2026-09-07,1788739201000,1789154992000,152112855,-67133670,219246525,305785805,1427959,6,17745,407330000,659000
LLY,5000000000,partial_mint_failure,fixed_160,2026-07-27,1785196800000,1785196800000,0,0,0,0,0,0,0,0,0
LLY,5000000000,partial_mint_failure,fixed_160,2026-08-03,1785715200000,1785715200000,0,0,0,0,0,0,0,0,0
LLY,5000000000,partial_mint_failure,fixed_160,2026-08-10,1786320000000,1786320000000,0,0,0,0,0,0,0,0,0
LLY,5000000000,partial_mint_failure,fixed_160,2026-08-17,1786924800000,1786924800000,0,0,0,0,0,0,0,0,0
LLY,5000000000,partial_mint_failure,fixed_160,2026-08-24,1787529600000,1787529600000,0,0,0,0,0,0,0,0,0
LLY,5000000000,partial_mint_failure,fixed_160,2026-08-31,1788134400000,1788739189000,100003514,-17291600,117295114,197184782,857811,4,64787,294483000,96000
LLY,5000000000,partial_mint_failure,fixed_160,2026-09-07,1788739201000,1789154992000,73593835,-67133670,140727505,167566270,343891,1,17745,415803000,33000
LLY,5000000000,partial_mint_failure,adaptive_width,2026-07-27,1785196800000,1785196800000,0,0,0,0,0,0,0,0,0
LLY,5000000000,partial_mint_failure,adaptive_width,2026-08-03,1785715200000,1785715200000,0,0,0,0,0,0,0,0,0
LLY,5000000000,partial_mint_failure,adaptive_width,2026-08-10,1786320000000,1786320000000,0,0,0,0,0,0,0,0,0
LLY,5000000000,partial_mint_failure,adaptive_width,2026-08-17,1786924800000,1786924800000,0,0,0,0,0,0,0,0,0
LLY,5000000000,partial_mint_failure,adaptive_width,2026-08-24,1787529600000,1787529600000,0,0,0,0,0,0,0,0,0
LLY,5000000000,partial_mint_failure,adaptive_width,2026-08-31,1788134400000,1788739189000,358965934,-17291600,376257534,687073117,14592615,67,64787,269144000,2972000
LLY,5000000000,partial_mint_failure,adaptive_width,2026-09-07,1788739201000,1789154992000,91182074,-67133670,158315744,295997009,3643312,16,17745,413290000,1403000
LLY,5000000000,partial_mint_failure,adaptive_economic,2026-07-27,1785196800000,1785196800000,0,0,0,0,0,0,0,0,0
LLY,5000000000,partial_mint_failure,adaptive_economic,2026-08-03,1785715200000,1785715200000,0,0,0,0,0,0,0,0,0
LLY,5000000000,partial_mint_failure,adaptive_economic,2026-08-10,1786320000000,1786320000000,0,0,0,0,0,0,0,0,0
LLY,5000000000,partial_mint_failure,adaptive_economic,2026-08-17,1786924800000,1786924800000,0,0,0,0,0,0,0,0,0
LLY,5000000000,partial_mint_failure,adaptive_economic,2026-08-24,1787529600000,1787529600000,0,0,0,0,0,0,0,0,0
LLY,5000000000,partial_mint_failure,adaptive_economic,2026-08-31,1788134400000,1788739189000,331691149,-17291600,348982749,448601128,3478461,16,64787,280610000,28133000
LLY,5000000000,partial_mint_failure,adaptive_economic,2026-09-07,1788739201000,1789154992000,87575436,-67133670,154709106,192436067,749188,3,17745,413473000,304000
LLY,1000000000,pinned_fork_costs,fixed_20,2026-07-27,1785196800000,1785196800000,0,0,0,0,0,0,0,0,0
LLY,1000000000,pinned_fork_costs,fixed_20,2026-08-03,1785715200000,1785715200000,0,0,0,0,0,0,0,0,0
LLY,1000000000,pinned_fork_costs,fixed_20,2026-08-10,1786320000000,1786320000000,0,0,0,0,0,0,0,0,0
LLY,1000000000,pinned_fork_costs,fixed_20,2026-08-17,1786924800000,1786924800000,0,0,0,0,0,0,0,0,0
LLY,1000000000,pinned_fork_costs,fixed_20,2026-08-24,1787529600000,1787529600000,0,0,0,0,0,0,0,0,0
LLY,1000000000,pinned_fork_costs,fixed_20,2026-08-31,1788134400000,1788739189000,142943050,-3474262,146417312,288083530,25293567,112,64787,292628000,5808000
LLY,1000000000,pinned_fork_costs,fixed_20,2026-09-07,1788739201000,1789154992000,33684384,-13315549,46999933,253048272,36545011,161,17745,415803000,16465000
LLY,1000000000,pinned_fork_costs,fixed_40,2026-07-27,1785196800000,1785196800000,0,0,0,0,0,0,0,0,0
LLY,1000000000,pinned_fork_costs,fixed_40,2026-08-03,1785715200000,1785715200000,0,0,0,0,0,0,0,0,0
LLY,1000000000,pinned_fork_costs,fixed_40,2026-08-10,1786320000000,1786320000000,0,0,0,0,0,0,0,0,0
LLY,1000000000,pinned_fork_costs,fixed_40,2026-08-17,1786924800000,1786924800000,0,0,0,0,0,0,0,0,0
LLY,1000000000,pinned_fork_costs,fixed_40,2026-08-24,1787529600000,1787529600000,0,0,0,0,0,0,0,0,0
LLY,1000000000,pinned_fork_costs,fixed_40,2026-08-31,1788134400000,1788739189000,96300738,-3474262,99775000,157819842,6966750,31,64787,294207000,1736000
LLY,1000000000,pinned_fork_costs,fixed_40,2026-09-07,1788739201000,1789154992000,55310555,-13315549,68626104,141957016,9394171,41,17745,415803000,4186000
LLY,1000000000,pinned_fork_costs,fixed_80,2026-07-27,1785196800000,1785196800000,0,0,0,0,0,0,0,0,0
LLY,1000000000,pinned_fork_costs,fixed_80,2026-08-03,1785715200000,1785715200000,0,0,0,0,0,0,0,0,0
LLY,1000000000,pinned_fork_costs,fixed_80,2026-08-10,1786320000000,1786320000000,0,0,0,0,0,0,0,0,0
LLY,1000000000,pinned_fork_costs,fixed_80,2026-08-17,1786924800000,1786924800000,0,0,0,0,0,0,0,0,0
LLY,1000000000,pinned_fork_costs,fixed_80,2026-08-24,1787529600000,1787529600000,0,0,0,0,0,0,0,0,0
LLY,1000000000,pinned_fork_costs,fixed_80,2026-08-31,1788134400000,1788739189000,42544595,-3474262,46018857,79185727,2667867,12,64787,294483000,649000
LLY,1000000000,pinned_fork_costs,fixed_80,2026-09-07,1788739201000,1789154992000,38510262,-13315549,51825811,71611315,1701433,7,17745,415803000,1019000
LLY,1000000000,pinned_fork_costs,fixed_160,2026-07-27,1785196800000,1785196800000,0,0,0,0,0,0,0,0,0
LLY,1000000000,pinned_fork_costs,fixed_160,2026-08-03,1785715200000,1785715200000,0,0,0,0,0,0,0,0,0
LLY,1000000000,pinned_fork_costs,fixed_160,2026-08-10,1786320000000,1786320000000,0,0,0,0,0,0,0,0,0
LLY,1000000000,pinned_fork_costs,fixed_160,2026-08-17,1786924800000,1786924800000,0,0,0,0,0,0,0,0,0
LLY,1000000000,pinned_fork_costs,fixed_160,2026-08-24,1787529600000,1787529600000,0,0,0,0,0,0,0,0,0
LLY,1000000000,pinned_fork_costs,fixed_160,2026-08-31,1788134400000,1788739189000,21624456,-3474262,25098718,40501084,857811,4,64787,294483000,96000
LLY,1000000000,pinned_fork_costs,fixed_160,2026-09-07,1788739201000,1789154992000,17427186,-13315549,30742735,35876919,343891,1,17745,415803000,33000
LLY,1000000000,pinned_fork_costs,adaptive_width,2026-07-27,1785196800000,1785196800000,0,0,0,0,0,0,0,0,0
LLY,1000000000,pinned_fork_costs,adaptive_width,2026-08-03,1785715200000,1785715200000,0,0,0,0,0,0,0,0,0
LLY,1000000000,pinned_fork_costs,adaptive_width,2026-08-10,1786320000000,1786320000000,0,0,0,0,0,0,0,0,0
LLY,1000000000,pinned_fork_costs,adaptive_width,2026-08-17,1786924800000,1786924800000,0,0,0,0,0,0,0,0,0
LLY,1000000000,pinned_fork_costs,adaptive_width,2026-08-24,1787529600000,1787529600000,0,0,0,0,0,0,0,0,0
LLY,1000000000,pinned_fork_costs,adaptive_width,2026-08-31,1788134400000,1788739189000,99112695,-3474262,102586957,229693019,23030997,102,64787,284686000,5316000
LLY,1000000000,pinned_fork_costs,adaptive_width,2026-09-07,1788739201000,1789154992000,16464459,-13315549,29780008,47077499,1701433,7,17745,415803000,1000000
LLY,1000000000,pinned_fork_costs,adaptive_economic,2026-07-27,1785196800000,1785196800000,0,0,0,0,0,0,0,0,0
LLY,1000000000,pinned_fork_costs,adaptive_economic,2026-08-03,1785715200000,1785715200000,0,0,0,0,0,0,0,0,0
LLY,1000000000,pinned_fork_costs,adaptive_economic,2026-08-10,1786320000000,1786320000000,0,0,0,0,0,0,0,0,0
LLY,1000000000,pinned_fork_costs,adaptive_economic,2026-08-17,1786924800000,1786924800000,0,0,0,0,0,0,0,0,0
LLY,1000000000,pinned_fork_costs,adaptive_economic,2026-08-24,1787529600000,1787529600000,0,0,0,0,0,0,0,0,0
LLY,1000000000,pinned_fork_costs,adaptive_economic,2026-08-31,1788134400000,1788739189000,40769397,-3474262,44243659,73039416,3346638,15,64787,284686000,241006000
LLY,1000000000,pinned_fork_costs,adaptive_economic,2026-09-07,1788739201000,1789154992000,36802064,-13315549,50117613,55563320,343891,1,17745,415803000,144892000
LLY,1000000000,double_gas_half_fees,fixed_20,2026-07-27,1785196800000,1785196800000,0,0,0,0,0,0,0,0,0
LLY,1000000000,double_gas_half_fees,fixed_20,2026-08-03,1785715200000,1785715200000,0,0,0,0,0,0,0,0,0
LLY,1000000000,double_gas_half_fees,fixed_20,2026-08-10,1786320000000,1786320000000,0,0,0,0,0,0,0,0,0
LLY,1000000000,double_gas_half_fees,fixed_20,2026-08-17,1786924800000,1786924800000,0,0,0,0,0,0,0,0,0
LLY,1000000000,double_gas_half_fees,fixed_20,2026-08-24,1787529600000,1787529600000,0,0,0,0,0,0,0,0,0
LLY,1000000000,double_gas_half_fees,fixed_20,2026-08-31,1788134400000,1788739189000,-26559068,-3527162,-23031906,135226765,50587134,112,64787,292628000,5808000
LLY,1000000000,double_gas_half_fees,fixed_20,2026-09-07,1788739201000,1789154992000,-117681387,-13366384,-104315003,107759943,73090022,161,17745,415803000,16465000
LLY,1000000000,double_gas_half_fees,fixed_40,2026-07-27,1785196800000,1785196800000,0,0,0,0,0,0,0,0,0
LLY,1000000000,double_gas_half_fees,fixed_40,2026-08-03,1785715200000,1785715200000,0,0,0,0,0,0,0,0,0
LLY,1000000000,double_gas_half_fees,fixed_40,2026-08-10,1786320000000,1786320000000,0,0,0,0,0,0,0,0,0
LLY,1000000000,double_gas_half_fees,fixed_40,2026-08-17,1786924800000,1786924800000,0,0,0,0,0,0,0,0,0
LLY,1000000000,double_gas_half_fees,fixed_40,2026-08-24,1787529600000,1787529600000,0,0,0,0,0,0,0,0,0
LLY,1000000000,double_gas_half_fees,fixed_40,2026-08-31,1788134400000,1788739189000,9871756,-3527162,13398918,76207253,13933500,31,64787,294207000,1736000
LLY,1000000000,double_gas_half_fees,fixed_40,2026-09-07,1788739201000,1789154992000,-24138630,-13366384,-10772246,64391792,18788342,41,17745,415803000,4186000
LLY,1000000000,double_gas_half_fees,fixed_80,2026-07-27,1785196800000,1785196800000,0,0,0,0,0,0,0,0,0
LLY,1000000000,double_gas_half_fees,fixed_80,2026-08-03,1785715200000,1785715200000,0,0,0,0,0,0,0,0,0
LLY,1000000000,double_gas_half_fees,fixed_80,2026-08-10,1786320000000,1786320000000,0,0,0,0,0,0,0,0,0
LLY,1000000000,double_gas_half_fees,fixed_80,2026-08-17,1786924800000,1786924800000,0,0,0,0,0,0,0,0,0
LLY,1000000000,double_gas_half_fees,fixed_80,2026-08-24,1787529600000,1787529600000,0,0,0,0,0,0,0,0,0
LLY,1000000000,double_gas_half_fees,fixed_80,2026-08-31,1788134400000,1788739189000,231142,-3527162,3758304,38925506,5335734,12,64787,294483000,649000
LLY,1000000000,double_gas_half_fees,fixed_80,2026-09-07,1788739201000,1789154992000,808641,-13366384,14175025,34087824,3402866,7,17745,415803000,1019000
LLY,1000000000,double_gas_half_fees,fixed_160,2026-07-27,1785196800000,1785196800000,0,0,0,0,0,0,0,0,0
LLY,1000000000,double_gas_half_fees,fixed_160,2026-08-03,1785715200000,1785715200000,0,0,0,0,0,0,0,0,0
LLY,1000000000,double_gas_half_fees,fixed_160,2026-08-10,1786320000000,1786320000000,0,0,0,0,0,0,0,0,0
LLY,1000000000,double_gas_half_fees,fixed_160,2026-08-17,1786924800000,1786924800000,0,0,0,0,0,0,0,0,0
LLY,1000000000,double_gas_half_fees,fixed_160,2026-08-24,1787529600000,1787529600000,0,0,0,0,0,0,0,0,0
LLY,1000000000,double_gas_half_fees,fixed_160,2026-08-31,1788134400000,1788739189000,519492,-3527162,4046654,20108655,1715622,4,64787,294483000,96000
LLY,1000000000,double_gas_half_fees,fixed_160,2026-09-07,1788739201000,1789154992000,-823989,-13366384,12542395,17562322,687782,1,17745,415803000,33000
LLY,1000000000,double_gas_half_fees,adaptive_width,2026-07-27,1785196800000,1785196800000,0,0,0,0,0,0,0,0,0
LLY,1000000000,double_gas_half_fees,adaptive_width,2026-08-03,1785715200000,1785715200000,0,0,0,0,0,0,0,0,0
LLY,1000000000,double_gas_half_fees,adaptive_width,2026-08-10,1786320000000,1786320000000,0,0,0,0,0,0,0,0,0
LLY,1000000000,double_gas_half_fees,adaptive_width,2026-08-17,1786924800000,1786924800000,0,0,0,0,0,0,0,0,0
LLY,1000000000,double_gas_half_fees,adaptive_width,2026-08-24,1787529600000,1787529600000,0,0,0,0,0,0,0,0,0
LLY,1000000000,double_gas_half_fees,adaptive_width,2026-08-31,1788134400000,1788739189000,8119743,-3527162,11646905,19076291,810594,2,64787,286745000,30000
LLY,1000000000,double_gas_half_fees,adaptive_width,2026-09-07,1788739201000,1789154992000,-1755258,-13366384,11611126,17619434,687782,1,17745,415803000,52000
LLY,1000000000,double_gas_half_fees,adaptive_economic,2026-07-27,1785196800000,1785196800000,0,0,0,0,0,0,0,0,0
LLY,1000000000,double_gas_half_fees,adaptive_economic,2026-08-03,1785715200000,1785715200000,0,0,0,0,0,0,0,0,0
LLY,1000000000,double_gas_half_fees,adaptive_economic,2026-08-10,1786320000000,1786320000000,0,0,0,0,0,0,0,0,0
LLY,1000000000,double_gas_half_fees,adaptive_economic,2026-08-17,1786924800000,1786924800000,0,0,0,0,0,0,0,0,0
LLY,1000000000,double_gas_half_fees,adaptive_economic,2026-08-24,1787529600000,1787529600000,0,0,0,0,0,0,0,0,0
LLY,1000000000,double_gas_half_fees,adaptive_economic,2026-08-31,1788134400000,1788739189000,7759877,-3527162,11287039,15800387,358080,1,64787,286745000,25923000
LLY,1000000000,double_gas_half_fees,adaptive_economic,2026-09-07,1788739201000,1789154992000,-24820747,-13366384,-11454363,1906916,235268,0,17745,415803000,291669000
LLY,1000000000,partial_mint_failure,fixed_20,2026-07-27,1785196800000,1785196800000,0,0,0,0,0,0,0,0,0
LLY,1000000000,partial_mint_failure,fixed_20,2026-08-03,1785715200000,1785715200000,0,0,0,0,0,0,0,0,0
LLY,1000000000,partial_mint_failure,fixed_20,2026-08-10,1786320000000,1786320000000,0,0,0,0,0,0,0,0,0
LLY,1000000000,partial_mint_failure,fixed_20,2026-08-17,1786924800000,1786924800000,0,0,0,0,0,0,0,0,0
LLY,1000000000,partial_mint_failure,fixed_20,2026-08-24,1787529600000,1787529600000,0,0,0,0,0,0,0,0,0
LLY,1000000000,partial_mint_failure,fixed_20,2026-08-31,1788134400000,1788739189000,104545381,-3474262,108019643,202011329,18749847,86,64787,269878000,3790000
LLY,1000000000,partial_mint_failure,fixed_20,2026-09-07,1788739201000,1789154992000,26518940,-13315549,39834489,181900405,28539487,130,17745,348145000,12402000
LLY,1000000000,partial_mint_failure,fixed_40,2026-07-27,1785196800000,1785196800000,0,0,0,0,0,0,0,0,0
LLY,1000000000,partial_mint_failure,fixed_40,2026-08-03,1785715200000,1785715200000,0,0,0,0,0,0,0,0,0
LLY,1000000000,partial_mint_failure,fixed_40,2026-08-10,1786320000000,1786320000000,0,0,0,0,0,0,0,0,0
LLY,1000000000,partial_mint_failure,fixed_40,2026-08-17,1786924800000,1786924800000,0,0,0,0,0,0,0,0,0
LLY,1000000000,partial_mint_failure,fixed_40,2026-08-24,1787529600000,1787529600000,0,0,0,0,0,0,0,0,0
LLY,1000000000,partial_mint_failure,fixed_40,2026-08-31,1788134400000,1788739189000,79389221,-3474262,82863483,134975134,7183179,33,64787,285426000,1487000
LLY,1000000000,partial_mint_failure,fixed_40,2026-09-07,1788739201000,1789154992000,64753095,-13315549,78068644,135364754,8432098,38,17745,405991000,3115000
LLY,1000000000,partial_mint_failure,fixed_80,2026-07-27,1785196800000,1785196800000,0,0,0,0,0,0,0,0,0
LLY,1000000000,partial_mint_failure,fixed_80,2026-08-03,1785715200000,1785715200000,0,0,0,0,0,0,0,0,0
LLY,1000000000,partial_mint_failure,fixed_80,2026-08-10,1786320000000,1786320000000,0,0,0,0,0,0,0,0,0
LLY,1000000000,partial_mint_failure,fixed_80,2026-08-17,1786924800000,1786924800000,0,0,0,0,0,0,0,0,0
LLY,1000000000,partial_mint_failure,fixed_80,2026-08-24,1787529600000,1787529600000,0,0,0,0,0,0,0,0,0
LLY,1000000000,partial_mint_failure,fixed_80,2026-08-31,1788134400000,1788739189000,42689733,-3474262,46163995,78376086,3025947,14,64787,292688000,589000
LLY,1000000000,partial_mint_failure,fixed_80,2026-09-07,1788739201000,1789154992000,38777203,-13315549,52092752,69822444,1427959,6,17745,407330000,659000
LLY,1000000000,partial_mint_failure,fixed_160,2026-07-27,1785196800000,1785196800000,0,0,0,0,0,0,0,0,0
LLY,1000000000,partial_mint_failure,fixed_160,2026-08-03,1785715200000,1785715200000,0,0,0,0,0,0,0,0,0
LLY,1000000000,partial_mint_failure,fixed_160,2026-08-10,1786320000000,1786320000000,0,0,0,0,0,0,0,0,0
LLY,1000000000,partial_mint_failure,fixed_160,2026-08-17,1786924800000,1786924800000,0,0,0,0,0,0,0,0,0
LLY,1000000000,partial_mint_failure,fixed_160,2026-08-24,1787529600000,1787529600000,0,0,0,0,0,0,0,0,0
LLY,1000000000,partial_mint_failure,fixed_160,2026-08-31,1788134400000,1788739189000,21624456,-3474262,25098718,40501084,857811,4,64787,294483000,96000
LLY,1000000000,partial_mint_failure,fixed_160,2026-09-07,1788739201000,1789154992000,17427186,-13315549,30742735,35876919,343891,1,17745,415803000,33000
LLY,1000000000,partial_mint_failure,adaptive_width,2026-07-27,1785196800000,1785196800000,0,0,0,0,0,0,0,0,0
LLY,1000000000,partial_mint_failure,adaptive_width,2026-08-03,1785715200000,1785715200000,0,0,0,0,0,0,0,0,0
LLY,1000000000,partial_mint_failure,adaptive_width,2026-08-10,1786320000000,1786320000000,0,0,0,0,0,0,0,0,0
LLY,1000000000,partial_mint_failure,adaptive_width,2026-08-17,1786924800000,1786924800000,0,0,0,0,0,0,0,0,0
LLY,1000000000,partial_mint_failure,adaptive_width,2026-08-24,1787529600000,1787529600000,0,0,0,0,0,0,0,0,0
LLY,1000000000,partial_mint_failure,adaptive_width,2026-08-31,1788134400000,1788739189000,61175974,-3474262,64650236,145637543,16129197,74,64787,259807000,3286000
LLY,1000000000,partial_mint_failure,adaptive_width,2026-09-07,1788739201000,1789154992000,20435598,-13315549,33751147,60143930,4274866,19,17745,411747000,2496000
LLY,1000000000,partial_mint_failure,adaptive_economic,2026-07-27,1785196800000,1785196800000,0,0,0,0,0,0,0,0,0
LLY,1000000000,partial_mint_failure,adaptive_economic,2026-08-03,1785715200000,1785715200000,0,0,0,0,0,0,0,0,0
LLY,1000000000,partial_mint_failure,adaptive_economic,2026-08-10,1786320000000,1786320000000,0,0,0,0,0,0,0,0,0
LLY,1000000000,partial_mint_failure,adaptive_economic,2026-08-17,1786924800000,1786924800000,0,0,0,0,0,0,0,0,0
LLY,1000000000,partial_mint_failure,adaptive_economic,2026-08-24,1787529600000,1787529600000,0,0,0,0,0,0,0,0,0
LLY,1000000000,partial_mint_failure,adaptive_economic,2026-08-31,1788134400000,1788739189000,30567545,-3474262,34041807,62155156,3252204,15,64787,282492000,241234000
LLY,1000000000,partial_mint_failure,adaptive_economic,2026-09-07,1788739201000,1789154992000,36459567,-13315549,49775116,55037011,343891,1,17745,415803000,144892000
LLY,250000000,pinned_fork_costs,fixed_20,2026-07-27,1785196800000,1785196800000,0,0,0,0,0,0,0,0,0
LLY,250000000,pinned_fork_costs,fixed_20,2026-08-03,1785715200000,1785715200000,0,0,0,0,0,0,0,0,0
LLY,250000000,pinned_fork_costs,fixed_20,2026-08-10,1786320000000,1786320000000,0,0,0,0,0,0,0,0,0
LLY,250000000,pinned_fork_costs,fixed_20,2026-08-17,1786924800000,1786924800000,0,0,0,0,0,0,0,0,0
LLY,250000000,pinned_fork_costs,fixed_20,2026-08-24,1787529600000,1787529600000,0,0,0,0,0,0,0,0,0
LLY,250000000,pinned_fork_costs,fixed_20,2026-08-31,1788134400000,1788739189000,19788244,-906705,20694949,74786731,25293567,112,64787,292628000,5808000
LLY,250000000,pinned_fork_costs,fixed_20,2026-09-07,1788739201000,1789154992000,-10175835,-3359900,-6815935,71807226,36545011,161,17745,415803000,16465000
LLY,250000000,pinned_fork_costs,fixed_40,2026-07-27,1785196800000,1785196800000,0,0,0,0,0,0,0,0,0
LLY,250000000,pinned_fork_costs,fixed_40,2026-08-03,1785715200000,1785715200000,0,0,0,0,0,0,0,0,0
LLY,250000000,pinned_fork_costs,fixed_40,2026-08-10,1786320000000,1786320000000,0,0,0,0,0,0,0,0,0
LLY,250000000,pinned_fork_costs,fixed_40,2026-08-17,1786924800000,1786924800000,0,0,0,0,0,0,0,0,0
LLY,250000000,pinned_fork_costs,fixed_40,2026-08-24,1787529600000,1787529600000,0,0,0,0,0,0,0,0,0
LLY,250000000,pinned_fork_costs,fixed_40,2026-08-31,1788134400000,1788739189000,19767090,-906705,20673795,40201522,6966750,31,64787,294207000,1736000
LLY,250000000,pinned_fork_costs,fixed_40,2026-09-07,1788739201000,1789154992000,9294719,-3359900,12654619,37722583,9394171,41,17745,415803000,4186000
LLY,250000000,pinned_fork_costs,fixed_80,2026-07-27,1785196800000,1785196800000,0,0,0,0,0,0,0,0,0
LLY,250000000,pinned_fork_costs,fixed_80,2026-08-03,1785715200000,1785715200000,0,0,0,0,0,0,0,0,0
LLY,250000000,pinned_fork_costs,fixed_80,2026-08-10,1786320000000,1786320000000,0,0,0,0,0,0,0,0,0
LLY,250000000,pinned_fork_costs,fixed_80,2026-08-17,1786924800000,1786924800000,0,0,0,0,0,0,0,0,0
LLY,250000000,pinned_fork_costs,fixed_80,2026-08-24,1787529600000,1787529600000,0,0,0,0,0,0,0,0,0
LLY,250000000,pinned_fork_costs,fixed_80,2026-08-31,1788134400000,1788739189000,8685197,-906705,9591902,19933387,2667867,12,64787,294271000,649000
LLY,250000000,pinned_fork_costs,fixed_80,2026-09-07,1788739201000,1789154992000,8943820,-3359900,12303720,18397949,1701433,7,17745,415803000,1019000
LLY,250000000,pinned_fork_costs,fixed_160,2026-07-27,1785196800000,1785196800000,0,0,0,0,0,0,0,0,0
LLY,250000000,pinned_fork_costs,fixed_160,2026-08-03,1785715200000,1785715200000,0,0,0,0,0,0,0,0,0
LLY,250000000,pinned_fork_costs,fixed_160,2026-08-10,1786320000000,1786320000000,0,0,0,0,0,0,0,0,0
LLY,250000000,pinned_fork_costs,fixed_160,2026-08-17,1786924800000,1786924800000,0,0,0,0,0,0,0,0,0
LLY,250000000,pinned_fork_costs,fixed_160,2026-08-24,1787529600000,1787529600000,0,0,0,0,0,0,0,0,0
LLY,250000000,pinned_fork_costs,fixed_160,2026-08-31,1788134400000,1788739189000,4661425,-906705,5568130,10150338,857811,4,64787,294408000,96000
LLY,250000000,pinned_fork_costs,fixed_160,2026-09-07,1788739201000,1789154992000,4241351,-3359900,7601251,9081205,343891,1,17745,415803000,33000
LLY,250000000,pinned_fork_costs,adaptive_width,2026-07-27,1785196800000,1785196800000,0,0,0,0,0,0,0,0,0
LLY,250000000,pinned_fork_costs,adaptive_width,2026-08-03,1785715200000,1785715200000,0,0,0,0,0,0,0,0,0
LLY,250000000,pinned_fork_costs,adaptive_width,2026-08-10,1786320000000,1786320000000,0,0,0,0,0,0,0,0,0
LLY,250000000,pinned_fork_costs,adaptive_width,2026-08-17,1786924800000,1786924800000,0,0,0,0,0,0,0,0,0
LLY,250000000,pinned_fork_costs,adaptive_width,2026-08-24,1787529600000,1787529600000,0,0,0,0,0,0,0,0,0
LLY,250000000,pinned_fork_costs,adaptive_width,2026-08-31,1788134400000,1788739189000,9878348,-906705,10785053,59545880,23030997,102,64787,284686000,5316000
LLY,250000000,pinned_fork_costs,adaptive_width,2026-09-07,1788739201000,1789154992000,3113049,-3359900,6472949,12056470,1701433,7,17745,415803000,1000000
LLY,250000000,pinned_fork_costs,adaptive_economic,2026-07-27,1785196800000,1785196800000,0,0,0,0,0,0,0,0,0
LLY,250000000,pinned_fork_costs,adaptive_economic,2026-08-03,1785715200000,1785715200000,0,0,0,0,0,0,0,0,0
LLY,250000000,pinned_fork_costs,adaptive_economic,2026-08-10,1786320000000,1786320000000,0,0,0,0,0,0,0,0,0
LLY,250000000,pinned_fork_costs,adaptive_economic,2026-08-17,1786924800000,1786924800000,0,0,0,0,0,0,0,0,0
LLY,250000000,pinned_fork_costs,adaptive_economic,2026-08-24,1787529600000,1787529600000,0,0,0,0,0,0,0,0,0
LLY,250000000,pinned_fork_costs,adaptive_economic,2026-08-31,1788134400000,1788739189000,6364379,-906705,7271084,10471118,857811,4,64787,284686000,249337000
LLY,250000000,pinned_fork_costs,adaptive_economic,2026-09-07,1788739201000,1789154992000,-6940615,-3359900,-3580715,0,117634,0,17745,415803000,415803000
LLY,250000000,double_gas_half_fees,fixed_20,2026-07-27,1785196800000,1785196800000,0,0,0,0,0,0,0,0,0
LLY,250000000,double_gas_half_fees,fixed_20,2026-08-03,1785715200000,1785715200000,0,0,0,0,0,0,0,0,0
LLY,250000000,double_gas_half_fees,fixed_20,2026-08-10,1786320000000,1786320000000,0,0,0,0,0,0,0,0,0
LLY,250000000,double_gas_half_fees,fixed_20,2026-08-17,1786924800000,1786924800000,0,0,0,0,0,0,0,0,0
LLY,250000000,double_gas_half_fees,fixed_20,2026-08-24,1787529600000,1787529600000,0,0,0,0,0,0,0,0,0
LLY,250000000,double_gas_half_fees,fixed_20,2026-08-31,1788134400000,1788739189000,-43134723,-959605,-42175118,34954609,50587134,112,64787,292628000,5808000
LLY,250000000,double_gas_half_fees,fixed_20,2026-09-07,1788739201000,1789154992000,-80938716,-3410735,-77527981,29769912,73090022,161,17745,415803000,16465000
LLY,250000000,double_gas_half_fees,fixed_40,2026-07-27,1785196800000,1785196800000,0,0,0,0,0,0,0,0,0
LLY,250000000,double_gas_half_fees,fixed_40,2026-08-03,1785715200000,1785715200000,0,0,0,0,0,0,0,0,0
LLY,250000000,double_gas_half_fees,fixed_40,2026-08-10,1786320000000,1786320000000,0,0,0,0,0,0,0,0,0
LLY,250000000,double_gas_half_fees,fixed_40,2026-08-17,1786924800000,1786924800000,0,0,0,0,0,0,0,0,0
LLY,250000000,double_gas_half_fees,fixed_40,2026-08-24,1787529600000,1787529600000,0,0,0,0,0,0,0,0,0
LLY,250000000,double_gas_half_fees,fixed_40,2026-08-31,1788134400000,1788739189000,-7483686,-959605,-6524081,19382695,13933500,31,64787,294207000,1736000
LLY,250000000,double_gas_half_fees,fixed_40,2026-09-07,1788739201000,1789154992000,-18986792,-3410735,-15576057,16968926,18788342,41,17745,415803000,4186000
LLY,250000000,double_gas_half_fees,fixed_80,2026-07-27,1785196800000,1785196800000,0,0,0,0,0,0,0,0,0
LLY,250000000,double_gas_half_fees,fixed_80,2026-08-03,1785715200000,1785715200000,0,0,0,0,0,0,0,0,0
LLY,250000000,double_gas_half_fees,fixed_80,2026-08-10,1786320000000,1786320000000,0,0,0,0,0,0,0,0,0
LLY,250000000,double_gas_half_fees,fixed_80,2026-08-17,1786924800000,1786924800000,0,0,0,0,0,0,0,0,0
LLY,250000000,double_gas_half_fees,fixed_80,2026-08-24,1787529600000,1787529600000,0,0,0,0,0,0,0,0,0
LLY,250000000,double_gas_half_fees,fixed_80,2026-08-31,1788134400000,1788739189000,-3975959,-959605,-3016354,9789923,5335734,12,64787,294271000,649000
LLY,250000000,double_gas_half_fees,fixed_80,2026-09-07,1788739201000,1789154992000,-2040386,-3410735,1370349,8738956,3402866,7,17745,415803000,1019000
LLY,250000000,double_gas_half_fees,fixed_160,2026-07-27,1785196800000,1785196800000,0,0,0,0,0,0,0,0,0
LLY,250000000,double_gas_half_fees,fixed_160,2026-08-03,1785715200000,1785715200000,0,0,0,0,0,0,0,0,0
LLY,250000000,double_gas_half_fees,fixed_160,2026-08-10,1786320000000,1786320000000,0,0,0,0,0,0,0,0,0
LLY,250000000,double_gas_half_fees,fixed_160,2026-08-17,1786924800000,1786924800000,0,0,0,0,0,0,0,0,0
LLY,250000000,double_gas_half_fees,fixed_160,2026-08-24,1787529600000,1787529600000,0,0,0,0,0,0,0,0,0
LLY,250000000,double_gas_half_fees,fixed_160,2026-08-31,1788134400000,1788739189000,-1277256,-959605,-317651,5033499,1715622,4,64787,294408000,96000
LLY,250000000,double_gas_half_fees,fixed_160,2026-09-07,1788739201000,1789154992000,-640463,-3410735,2770272,4442194,687782,1,17745,415803000,33000
LLY,250000000,double_gas_half_fees,adaptive_width,2026-07-27,1785196800000,1785196800000,0,0,0,0,0,0,0,0,0
LLY,250000000,double_gas_half_fees,adaptive_width,2026-08-03,1785715200000,1785715200000,0,0,0,0,0,0,0,0,0
LLY,250000000,double_gas_half_fees,adaptive_width,2026-08-10,1786320000000,1786320000000,0,0,0,0,0,0,0,0,0
LLY,250000000,double_gas_half_fees,adaptive_width,2026-08-17,1786924800000,1786924800000,0,0,0,0,0,0,0,0,0
LLY,250000000,double_gas_half_fees,adaptive_width,2026-08-24,1787529600000,1787529600000,0,0,0,0,0,0,0,0,0
LLY,250000000,double_gas_half_fees,adaptive_width,2026-08-31,1788134400000,1788739189000,1463917,-959605,2423522,4785012,810594,2,64787,286745000,30000
LLY,250000000,double_gas_half_fees,adaptive_width,2026-09-07,1788739201000,1789154992000,-870133,-3410735,2540602,4459695,687782,1,17745,415803000,52000
LLY,250000000,double_gas_half_fees,adaptive_economic,2026-07-27,1785196800000,1785196800000,0,0,0,0,0,0,0,0,0
LLY,250000000,double_gas_half_fees,adaptive_economic,2026-08-03,1785715200000,1785715200000,0,0,0,0,0,0,0,0,0
LLY,250000000,double_gas_half_fees,adaptive_economic,2026-08-10,1786320000000,1786320000000,0,0,0,0,0,0,0,0,0
LLY,250000000,double_gas_half_fees,adaptive_economic,2026-08-17,1786924800000,1786924800000,0,0,0,0,0,0,0,0,0
LLY,250000000,double_gas_half_fees,adaptive_economic,2026-08-24,1787529600000,1787529600000,0,0,0,0,0,0,0,0,0
LLY,250000000,double_gas_half_fees,adaptive_economic,2026-08-31,1788134400000,1788739189000,1690580,-959605,2650185,3955947,358080,1,64787,286745000,25923000
LLY,250000000,double_gas_half_fees,adaptive_economic,2026-09-07,1788739201000,1789154992000,-6351659,-3410735,-2940924,476984,235268,0,17745,415803000,291669000
LLY,250000000,partial_mint_failure,fixed_20,2026-07-27,1785196800000,1785196800000,0,0,0,0,0,0,0,0,0
LLY,250000000,partial_mint_failure,fixed_20,2026-08-03,1785715200000,1785715200000,0,0,0,0,0,0,0,0,0
LLY,250000000,partial_mint_failure,fixed_20,2026-08-10,1786320000000,1786320000000,0,0,0,0,0,0,0,0,0
LLY,250000000,partial_mint_failure,fixed_20,2026-08-17,1786924800000,1786924800000,0,0,0,0,0,0,0,0,0
LLY,250000000,partial_mint_failure,fixed_20,2026-08-24,1787529600000,1787529600000,0,0,0,0,0,0,0,0,0
LLY,250000000,partial_mint_failure,fixed_20,2026-08-31,1788134400000,1788739189000,12275834,-906705,13182539,50023321,18749847,86,64787,269041000,3707000
LLY,250000000,partial_mint_failure,fixed_20,2026-09-07,1788739201000,1789154992000,-12398370,-3359900,-9038470,47754122,28539487,130,17745,339324000,13077000
LLY,250000000,partial_mint_failure,fixed_40,2026-07-27,1785196800000,1785196800000,0,0,0,0,0,0,0,0,0
LLY,250000000,partial_mint_failure,fixed_40,2026-08-03,1785715200000,1785715200000,0,0,0,0,0,0,0,0,0
LLY,250000000,partial_mint_failure,fixed_40,2026-08-10,1786320000000,1786320000000,0,0,0,0,0,0,0,0,0
LLY,250000000,partial_mint_failure,fixed_40,2026-08-17,1786924800000,1786924800000,0,0,0,0,0,0,0,0,0
LLY,250000000,partial_mint_failure,fixed_40,2026-08-24,1787529600000,1787529600000,0,0,0,0,0,0,0,0,0
LLY,250000000,partial_mint_failure,fixed_40,2026-08-31,1788134400000,1788739189000,15234548,-906705,16141253,34324947,7183179,33,64787,285426000,1487000
LLY,250000000,partial_mint_failure,fixed_40,2026-09-07,1788739201000,1789154992000,12210158,-3359900,15570058,35925206,8432098,38,17745,405991000,3115000
LLY,250000000,partial_mint_failure,fixed_80,2026-07-27,1785196800000,1785196800000,0,0,0,0,0,0,0,0,0
LLY,250000000,partial_mint_failure,fixed_80,2026-08-03,1785715200000,1785715200000,0,0,0,0,0,0,0,0,0
LLY,250000000,partial_mint_failure,fixed_80,2026-08-10,1786320000000,1786320000000,0,0,0,0,0,0,0,0,0
LLY,250000000,partial_mint_failure,fixed_80,2026-08-17,1786924800000,1786924800000,0,0,0,0,0,0,0,0,0
LLY,250000000,partial_mint_failure,fixed_80,2026-08-24,1787529600000,1787529600000,0,0,0,0,0,0,0,0,0
LLY,250000000,partial_mint_failure,fixed_80,2026-08-31,1788134400000,1788739189000,8450520,-906705,9357225,19726668,3025947,14,64787,292476000,589000
LLY,250000000,partial_mint_failure,fixed_80,2026-09-07,1788739201000,1789154992000,9155627,-3359900,12515527,17930359,1427959,6,17745,407330000,659000
LLY,250000000,partial_mint_failure,fixed_160,2026-07-27,1785196800000,1785196800000,0,0,0,0,0,0,0,0,0
LLY,250000000,partial_mint_failure,fixed_160,2026-08-03,1785715200000,1785715200000,0,0,0,0,0,0,0,0,0
LLY,250000000,partial_mint_failure,fixed_160,2026-08-10,1786320000000,1786320000000,0,0,0,0,0,0,0,0,0
LLY,250000000,partial_mint_failure,fixed_160,2026-08-17,1786924800000,1786924800000,0,0,0,0,0,0,0,0,0
LLY,250000000,partial_mint_failure,fixed_160,2026-08-24,1787529600000,1787529600000,0,0,0,0,0,0,0,0,0
LLY,250000000,partial_mint_failure,fixed_160,2026-08-31,1788134400000,1788739189000,4661425,-906705,5568130,10150338,857811,4,64787,294408000,96000
LLY,250000000,partial_mint_failure,fixed_160,2026-09-07,1788739201000,1789154992000,4241351,-3359900,7601251,9081205,343891,1,17745,415803000,33000
LLY,250000000,partial_mint_failure,adaptive_width,2026-07-27,1785196800000,1785196800000,0,0,0,0,0,0,0,0,0
LLY,250000000,partial_mint_failure,adaptive_width,2026-08-03,1785715200000,1785715200000,0,0,0,0,0,0,0,0,0
LLY,250000000,partial_mint_failure,adaptive_width,2026-08-10,1786320000000,1786320000000,0,0,0,0,0,0,0,0,0
LLY,250000000,partial_mint_failure,adaptive_width,2026-08-17,1786924800000,1786924800000,0,0,0,0,0,0,0,0,0
LLY,250000000,partial_mint_failure,adaptive_width,2026-08-24,1787529600000,1787529600000,0,0,0,0,0,0,0,0,0
LLY,250000000,partial_mint_failure,adaptive_width,2026-08-31,1788134400000,1788739189000,4253614,-906705,5160319,37303931,16129197,74,64787,259807000,3286000
LLY,250000000,partial_mint_failure,adaptive_width,2026-09-07,1788739201000,1789154992000,4221159,-3359900,7581059,12894010,1880473,8,17745,414851000,1296000
LLY,250000000,partial_mint_failure,adaptive_economic,2026-07-27,1785196800000,1785196800000,0,0,0,0,0,0,0,0,0
LLY,250000000,partial_mint_failure,adaptive_economic,2026-08-03,1785715200000,1785715200000,0,0,0,0,0,0,0,0,0
LLY,250000000,partial_mint_failure,adaptive_economic,2026-08-10,1786320000000,1786320000000,0,0,0,0,0,0,0,0,0
LLY,250000000,partial_mint_failure,adaptive_economic,2026-08-17,1786924800000,1786924800000,0,0,0,0,0,0,0,0,0
LLY,250000000,partial_mint_failure,adaptive_economic,2026-08-24,1787529600000,1787529600000,0,0,0,0,0,0,0,0,0
LLY,250000000,partial_mint_failure,adaptive_economic,2026-08-31,1788134400000,1788739189000,6364379,-906705,7271084,10471118,857811,4,64787,284686000,249337000
LLY,250000000,partial_mint_failure,adaptive_economic,2026-09-07,1788739201000,1789154992000,-6940615,-3359900,-3580715,0,117634,0,17745,415803000,415803000
NVDA,5000000000,pinned_fork_costs,fixed_20,2026-07-27,1785196800000,1785715158000,-758990580,49285924,-808276504,1262019609,92135034,418,63074,517618000,28476000
NVDA,5000000000,pinned_fork_costs,fixed_20,2026-08-03,1785715200000,1786319995000,-311976783,311084626,-623061409,971134244,71670300,325,54057,604837000,22233000
NVDA,5000000000,pinned_fork_costs,fixed_20,2026-08-10,1786320000000,1786924758000,52126265,11918523,40207742,904007720,46971612,213,50549,604763000,17054000
NVDA,5000000000,pinned_fork_costs,fixed_20,2026-08-17,1786924800000,1787529597000,1306152582,-90392445,1396545027,2524860518,49838424,226,88549,604839000,11785000
NVDA,5000000000,pinned_fork_costs,fixed_20,2026-08-24,1787529600000,1788134397000,250074473,-9532984,259607457,2607622999,81593880,370,336153,604800000,19266000
NVDA,5000000000,pinned_fork_costs,fixed_20,2026-08-31,1788134400000,1788739190000,984394823,173075580,811319243,1942881303,41237988,187,566356,604793000,8473000
NVDA,5000000000,pinned_fork_costs,fixed_20,2026-09-07,1788739201000,1789154999000,29713644,-159593487,189307131,979742463,24375016,110,404281,415809000,5304000
NVDA,5000000000,pinned_fork_costs,fixed_40,2026-07-27,1785196800000,1785715158000,-280743878,49285924,-330029802,842406865,32814078,149,63074,517849000,8910000
NVDA,5000000000,pinned_fork_costs,fixed_40,2026-08-03,1785715200000,1786319995000,110627072,311084626,-200457554,712363852,23155020,105,54057,604837000,6860000
NVDA,5000000000,pinned_fork_costs,fixed_40,2026-08-10,1786320000000,1786924758000,185935329,11918523,174016806,671061496,14113536,64,50549,604763000,4836000
NVDA,5000000000,pinned_fork_costs,fixed_40,2026-08-17,1786924800000,1787529597000,900724593,-90392445,991117038,1681200118,17421396,79,88549,604839000,4085000
NVDA,5000000000,pinned_fork_costs,fixed_40,2026-08-24,1787529600000,1788134397000,121190086,-9532984,130723070,1662620517,34622268,157,336153,604800000,6920000
NVDA,5000000000,pinned_fork_costs,fixed_40,2026-08-31,1788134400000,1788739190000,590376303,173075580,417300723,1053483877,15216156,69,566356,604793000,3045000
NVDA,5000000000,pinned_fork_costs,fixed_40,2026-09-07,1788739201000,1789154999000,-39488360,-159593487,120105127,507562726,7835716,35,404281,415809000,1560000
NVDA,5000000000,pinned_fork_costs,fixed_80,2026-07-27,1785196800000,1785715158000,-88637354,49285924,-137923278,473583689,10320630,47,63074,517849000,2587000
NVDA,5000000000,pinned_fork_costs,fixed_80,2026-08-03,1785715200000,1786319995000,290578572,311084626,-20506054,426279809,7056768,32,54057,604837000,1793000
NVDA,5000000000,pinned_fork_costs,fixed_80,2026-08-10,1786320000000,1786924758000,135263631,11918523,123345108,405077399,4410480,20,50549,604763000,1674000
NVDA,5000000000,pinned_fork_costs,fixed_80,2026-08-17,1786924800000,1787529597000,549512521,-90392445,639904966,926881414,4189956,19,88549,604839000,942000
NVDA,5000000000,pinned_fork_costs,fixed_80,2026-08-24,1787529600000,1788134397000,20425902,-9532984,29958886,900830958,11467248,52,336153,604800000,2412000
NVDA,5000000000,pinned_fork_costs,fixed_80,2026-08-31,1788134400000,1788739190000,381682250,173075580,208606670,513246740,4410480,20,566356,604793000,988000
NVDA,5000000000,pinned_fork_costs,fixed_80,2026-09-07,1788739201000,1789154999000,-91467541,-159593487,68125946,241498312,2102092,9,404281,415809000,423000
NVDA,5000000000,pinned_fork_costs,fixed_160,2026-07-27,1785196800000,1785715158000,90367557,49285924,41081633,256358486,2161242,10,63074,517940000,571000
NVDA,5000000000,pinned_fork_costs,fixed_160,2026-08-03,1785715200000,1786319995000,301507925,311084626,-9576701,234130727,1984716,9,54057,604837000,488000
NVDA,5000000000,pinned_fork_costs,fixed_160,2026-08-10,1786320000000,1786924758000,69003978,11918523,57085455,218437394,1323144,6,50549,604763000,413000
NVDA,5000000000,pinned_fork_costs,fixed_160,2026-08-17,1786924800000,1787529597000,328586184,-90392445,418978629,470505684,441048,2,88549,604839000,151000
NVDA,5000000000,pinned_fork_costs,fixed_160,2026-08-24,1787529600000,1788134397000,26095914,-9532984,35628898,464552545,3528384,16,336153,604800000,599000
NVDA,5000000000,pinned_fork_costs,fixed_160,2026-08-31,1788134400000,1788739190000,323141416,173075580,150065836,253944956,882096,4,566356,604793000,175000
NVDA,5000000000,pinned_fork_costs,fixed_160,2026-09-07,1788739201000,1789154999000,-206699563,-159593487,-47106076,117196278,1219996,5,404281,415809000,230000
NVDA,5000000000,pinned_fork_costs,adaptive_width,2026-07-27,1785196800000,1785715158000,-37364781,49285924,-86650705,461445790,16054254,73,63074,517618000,4925000
NVDA,5000000000,pinned_fork_costs,adaptive_width,2026-08-03,1785715200000,1786319995000,325608473,311084626,14523847,365045195,6174672,28,54057,604837000,1449000
NVDA,5000000000,pinned_fork_costs,adaptive_width,2026-08-10,1786320000000,1786924758000,193710483,11918523,181791960,463068406,7718340,35,50549,604763000,3532000
NVDA,5000000000,pinned_fork_costs,adaptive_width,2026-08-17,1786924800000,1787529597000,1429672081,-90392445,1520064526,2469353853,31314408,142,88549,604839000,7660000
NVDA,5000000000,pinned_fork_costs,adaptive_width,2026-08-24,1787529600000,1788134397000,321432473,-9532984,330965457,2937589279,69244536,314,336153,604800000,16128000
NVDA,5000000000,pinned_fork_costs,adaptive_width,2026-08-31,1788134400000,1788739190000,1201583157,173075580,1028507577,2400819039,41458512,188,566356,604793000,8474000
NVDA,5000000000,pinned_fork_costs,adaptive_width,2026-09-07,1788739201000,1789154999000,-23514671,-159593487,136078816,890819371,16215628,73,404281,415809000,3406000
NVDA,5000000000,pinned_fork_costs,adaptive_economic,2026-07-27,1785196800000,1785715158000,57269985,49285924,7984061,172245692,1940718,9,63074,517618000,426813000
NVDA,5000000000,pinned_fork_costs,adaptive_economic,2026-08-03,1785715200000,1786319995000,2130914,311084626,-308953712,0,0,0,54057,604837000,604837000
NVDA,5000000000,pinned_fork_costs,adaptive_economic,2026-08-10,1786320000000,1786924758000,11014226,11918523,-904297,17545661,441048,2,50549,604763000,586388000
NVDA,5000000000,pinned_fork_costs,adaptive_economic,2026-08-17,1786924800000,1787529597000,790864280,-90392445,881256725,1430548398,17421396,79,88549,604839000,415085000
NVDA,5000000000,pinned_fork_costs,adaptive_economic,2026-08-24,1787529600000,1788134397000,19216556,-9532984,28749540,318983686,3087336,14,336153,604800000,389195000
NVDA,5000000000,pinned_fork_costs,adaptive_economic,2026-08-31,1788134400000,1788739190000,142209552,173075580,-30866028,214455288,2646288,12,566356,604793000,560740000
NVDA,5000000000,pinned_fork_costs,adaptive_economic,2026-09-07,1788739201000,1789154999000,4550236,-159593487,164143723,281947897,3204712,14,404281,415809000,278092000
NVDA,5000000000,double_gas_half_fees,fixed_20,2026-07-27,1785196800000,1785715158000,-1402362462,49234862,-1451597324,597808486,184270068,418,63074,517618000,28476000
NVDA,5000000000,double_gas_half_fees,fixed_20,2026-08-03,1785715200000,1786319995000,-723388466,311084626,-1034473092,418075834,143340600,325,54057,604837000,22233000
NVDA,5000000000,double_gas_half_fees,fixed_20,2026-08-10,1786320000000,1786924758000,-339038913,11918523,-350957436,357198087,93943224,213,50549,604763000,17054000
NVDA,5000000000,double_gas_half_fees,fixed_20,2026-08-17,1786924800000,1787529597000,27791237,-90392445,118183682,833068327,99676848,226,88549,604839000,11785000
NVDA,5000000000,double_gas_half_fees,fixed_20,2026-08-24,1787529600000,1788134397000,-634058364,-9532984,-624525380,666179439,163187760,370,336153,604800000,19266000
NVDA,5000000000,double_gas_half_fees,fixed_20,2026-08-31,1788134400000,1788739190000,-54562350,173075580,-227637930,406464116,82475976,187,566356,604793000,8473000
NVDA,5000000000,double_gas_half_fees,fixed_20,2026-09-07,1788739201000,1789154999000,-206171494,-159644321,-46527173,183308613,48750032,110,404281,415809000,5304000
NVDA,5000000000,double_gas_half_fees,fixed_40,2026-07-27,1785196800000,1785715158000,-706979364,49234862,-756214226,405752278,65628156,149,63074,517849000,8910000
NVDA,5000000000,double_gas_half_fees,fixed_40,2026-08-03,1785715200000,1786319995000,-232991556,311084626,-544076182,320860452,46310040,105,54057,604837000,6860000
NVDA,5000000000,double_gas_half_fees,fixed_40,2026-08-10,1786320000000,1786924758000,-133732310,11918523,-145650833,285672605,28227072,64,50549,604763000,4836000
NVDA,5000000000,double_gas_half_fees,fixed_40,2026-08-17,1786924800000,1787529597000,52155557,-90392445,142548002,640337036,34842792,79,88549,604839000,4085000
NVDA,5000000000,double_gas_half_fees,fixed_40,2026-08-24,1787529600000,1788134397000,-498518921,-9532984,-488985937,543768272,69244536,157,336153,604800000,6920000
NVDA,5000000000,double_gas_half_fees,fixed_40,2026-08-31,1788134400000,1788739190000,16593040,173075580,-156482540,307647641,30432312,69,566356,604793000,3045000
NVDA,5000000000,double_gas_half_fees,fixed_40,2026-09-07,1788739201000,1789154999000,-171185687,-159644321,-11541366,139526482,15671432,35,404281,415809000,1560000
NVDA,5000000000,double_gas_half_fees,fixed_80,2026-07-27,1785196800000,1785715158000,-330178821,49234862,-379413683,231776656,20641260,47,63074,517849000,2587000
NVDA,5000000000,double_gas_half_fees,fixed_80,2026-08-03,1785715200000,1786319995000,66962871,311084626,-244121755,200271577,14113536,32,54057,604837000,1793000
NVDA,5000000000,double_gas_half_fees,fixed_80,2026-08-10,1786320000000,1786924758000,-64235436,11918523,-76153959,183862464,8820960,20,50549,604763000,1674000
NVDA,5000000000,double_gas_half_fees,fixed_80,2026-08-17,1786924800000,1787529597000,75886341,-90392445,166278786,396719136,8379912,19,88549,604839000,942000
NVDA,5000000000,double_gas_half_fees,fixed_80,2026-08-24,1787529600000,1788134397000,-349443894,-9532984,-339910910,353709806,22934496,52,336153,604800000,2412000
NVDA,5000000000,double_gas_half_fees,fixed_80,2026-08-31,1788134400000,1788739190000,86580024,173075580,-86495556,189720678,8820960,20,566356,604793000,988000
NVDA,5000000000,double_gas_half_fees,fixed_80,2026-09-07,1788739201000,1789154999000,-154466755,-159644321,5177566,86507270,4204184,9,404281,415809000,423000
NVDA,5000000000,double_gas_half_fees,fixed_160,2026-07-27,1785196800000,1785715158000,-40678938,49234862,-89913800,126783222,4322484,10,63074,517940000,571000
NVDA,5000000000,double_gas_half_fees,fixed_160,2026-08-03,1785715200000,1786319995000,176455820,311084626,-134628806,113228326,3969432,9,54057,604837000,488000
NVDA,5000000000,double_gas_half_fees,fixed_160,2026-08-10,1786320000000,1786924758000,-39861855,11918523,-51780378,103868469,2646288,6,50549,604763000,413000
NVDA,5000000000,double_gas_half_fees,fixed_160,2026-08-17,1786924800000,1787529597000,86809437,-90392445,177201882,218235251,882096,2,88549,604839000,151000
NVDA,5000000000,double_gas_half_fees,fixed_160,2026-08-24,1787529600000,1788134397000,-185484916,-9532984,-175951932,204631324,7056768,16,336153,604800000,599000
NVDA,5000000000,double_gas_half_fees,fixed_160,2026-08-31,1788134400000,1788739190000,166405762,173075580,-6669818,108631108,1764192,4,566356,604793000,175000
NVDA,5000000000,double_gas_half_fees,fixed_160,2026-09-07,1788739201000,1789154999000,-224102299,-159644321,-64457978,49212272,2439992,5,404281,415809000,230000
NVDA,5000000000,double_gas_half_fees,adaptive_width,2026-07-27,1785196800000,1785715158000,-134562446,49234862,-183797308,147733774,9615060,22,63074,517940000,1561000
NVDA,5000000000,double_gas_half_fees,adaptive_width,2026-08-03,1785715200000,1786319995000,101380862,311084626,-209703764,121558243,8820960,20,54057,604837000,1206000
NVDA,5000000000,double_gas_half_fees,adaptive_width,2026-08-10,1786320000000,1786924758000,19305587,11918523,7387064,154435227,4410480,10,50549,604763000,415000
NVDA,5000000000,double_gas_half_fees,adaptive_width,2026-08-17,1786924800000,1787529597000,173266855,-90392445,263659300,1014040342,59541480,135,88549,604839000,7202000
NVDA,5000000000,double_gas_half_fees,adaptive_width,2026-08-24,1787529600000,1788134397000,-252137541,-9532984,-242604557,233737198,11908296,27,336153,604800000,1230000
NVDA,5000000000,double_gas_half_fees,adaptive_width,2026-08-31,1788134400000,1788739190000,122234489,173075580,-50841091,193563334,12349344,28,566356,604793000,1194000
NVDA,5000000000,double_gas_half_fees,adaptive_width,2026-09-07,1788739201000,1789154999000,-201777220,-159644321,-42132899,76937955,6850472,15,404281,415809000,722000
NVDA,5000000000,double_gas_half_fees,adaptive_economic,2026-07-27,1785196800000,1785715158000,-46777929,49234862,-96012791,66176317,1676196,4,63074,517940000,414159000
NVDA,5000000000,double_gas_half_fees,adaptive_economic,2026-08-03,1785715200000,1786319995000,1047954,311084626,-310036672,0,0,0,54057,604837000,604837000
NVDA,5000000000,double_gas_half_fees,adaptive_economic,2026-08-10,1786320000000,1786924758000,40150,11918523,-11878373,0,0,0,50549,604763000,604763000
NVDA,5000000000,double_gas_half_fees,adaptive_economic,2026-08-17,1786924800000,1787529597000,173428054,-90392445,263820499,414210700,9262008,21,88549,604839000,423927000
NVDA,5000000000,double_gas_half_fees,adaptive_economic,2026-08-24,1787529600000,1788134397000,-534859,-9532984,8998125,118063852,2646288,6,336153,604800000,559084000
NVDA,5000000000,double_gas_half_fees,adaptive_economic,2026-08-31,1788134400000,1788739190000,79053,173075580,-172996527,0,0,0,566356,604793000,604793000
NVDA,5000000000,double_gas_half_fees,adaptive_economic,2026-09-07,1788739201000,1789154999000,-307606,-159644321,159336715,0,234752,0,404281,415809000,415809000
NVDA,5000000000,partial_mint_failure,fixed_20,2026-07-27,1785196800000,1785715158000,-303861658,49285924,-353147582,950715062,64795398,304,63074,444008000,18769000
NVDA,5000000000,partial_mint_failure,fixed_20,2026-08-03,1785715200000,1786319995000,-63635578,311084626,-374720204,772636326,50945316,239,54057,543077000,14283000
NVDA,5000000000,partial_mint_failure,fixed_20,2026-08-10,1786320000000,1786924758000,149257411,11918523,137338888,872793320,40932672,192,50549,558625000,12670000
NVDA,5000000000,partial_mint_failure,fixed_20,2026-08-17,1786924800000,1787529597000,1091780398,-90392445,1182172843,2130847267,43490964,204,88549,559020000,9399000
NVDA,5000000000,partial_mint_failure,fixed_20,2026-08-24,1787529600000,1788134397000,499582579,-9532984,509115563,2054838254,60340386,283,336153,538367000,12321000
NVDA,5000000000,partial_mint_failure,fixed_20,2026-08-31,1788134400000,1788739190000,1039082301,173075580,866006721,1740335409,34536942,162,566356,564597000,6144000
NVDA,5000000000,partial_mint_failure,fixed_20,2026-09-07,1788739201000,1789154999000,14797928,-159593487,174391415,977066988,23759578,111,404281,399065000,4422000
NVDA,5000000000,partial_mint_failure,fixed_40,2026-07-27,1785196800000,1785715158000,-117687121,49285924,-166973045,726485729,28538262,134,63074,488012000,6428000
NVDA,5000000000,partial_mint_failure,fixed_40,2026-08-03,1785715200000,1786319995000,202467819,311084626,-108616807,631864057,19407714,91,54057,581185000,5181000
NVDA,5000000000,partial_mint_failure,fixed_40,2026-08-10,1786320000000,1786924758000,221313818,11918523,209395295,643442513,13232508,62,50549,586993000,3691000
NVDA,5000000000,partial_mint_failure,fixed_40,2026-08-17,1786924800000,1787529597000,826954905,-90392445,917347350,1619656461,20025288,94,88549,585605000,3803000
NVDA,5000000000,partial_mint_failure,fixed_40,2026-08-24,1787529600000,1788134397000,210356473,-9532984,219889457,1333307658,27303114,128,336153,569881000,4758000
NVDA,5000000000,partial_mint_failure,fixed_40,2026-08-31,1788134400000,1788739190000,656856756,173075580,483781176,1007356231,14070606,66,566356,592608000,2590000
NVDA,5000000000,partial_mint_failure,fixed_40,2026-09-07,1788739201000,1789154999000,-29444714,-159593487,130148773,513995254,7792252,36,404281,410496000,1367000
NVDA,5000000000,partial_mint_failure,fixed_80,2026-07-27,1785196800000,1785715158000,-38409875,49285924,-87695799,439056841,10012644,47,63074,506642000,2267000
NVDA,5000000000,partial_mint_failure,fixed_80,2026-08-03,1785715200000,1786319995000,248276538,311084626,-62808088,382457847,8071926,38,54057,592826000,1866000
NVDA,5000000000,partial_mint_failure,fixed_80,2026-08-10,1786320000000,1786924758000,204744289,11918523,192825766,397647897,3837438,18,50549,601843000,1405000
NVDA,5000000000,partial_mint_failure,fixed_80,2026-08-17,1786924800000,1787529597000,440569856,-90392445,530962301,890230820,5998680,28,88549,601164000,1045000
NVDA,5000000000,partial_mint_failure,fixed_80,2026-08-24,1787529600000,1788134397000,185336379,-9532984,194869363,837122328,10233168,48,336153,595771000,1659000
NVDA,5000000000,partial_mint_failure,fixed_80,2026-08-31,1788134400000,1788739190000,434873347,173075580,261797767,522877729,4455012,21,566356,601738000,718000
NVDA,5000000000,partial_mint_failure,fixed_80,2026-09-07,1788739201000,1789154999000,-76903858,-159593487,82689629,248091136,2058094,9,404281,415164000,315000
NVDA,5000000000,partial_mint_failure,fixed_160,2026-07-27,1785196800000,1785715158000,89841344,49285924,40555420,256023187,2337768,11,63074,516826000,571000
NVDA,5000000000,partial_mint_failure,fixed_160,2026-08-03,1785715200000,1786319995000,294537523,311084626,-16547103,227704789,2337768,11,54057,601525000,351000
NVDA,5000000000,partial_mint_failure,fixed_160,2026-08-10,1786320000000,1786924758000,79266217,11918523,67347694,217829921,1499670,7,50549,603977000,297000
NVDA,5000000000,partial_mint_failure,fixed_160,2026-08-17,1786924800000,1787529597000,327043782,-90392445,417436227,469215611,617574,3,88549,604056000,151000
NVDA,5000000000,partial_mint_failure,fixed_160,2026-08-24,1787529600000,1788134397000,10464406,-9532984,19997390,460111131,4057962,19,336153,602743000,673000
NVDA,5000000000,partial_mint_failure,fixed_160,2026-08-31,1788134400000,1788739190000,291562348,173075580,118486768,251138627,1279146,6,566356,603666000,208000
NVDA,5000000000,partial_mint_failure,fixed_160,2026-09-07,1788739201000,1789154999000,-132313602,-159593487,27279885,116059427,955474,4,404281,415175000,135000
NVDA,5000000000,partial_mint_failure,adaptive_width,2026-07-27,1785196800000,1785715158000,10750594,49285924,-38535330,434519010,16187850,76,63074,500944000,4652000
NVDA,5000000000,partial_mint_failure,adaptive_width,2026-08-03,1785715200000,1786319995000,306052522,311084626,-5032104,273980525,4057962,19,54057,599306000,1067000
NVDA,5000000000,partial_mint_failure,adaptive_width,2026-08-10,1786320000000,1786924758000,213736449,11918523,201817926,392011688,3837438,18,50549,602758000,1172000
NVDA,5000000000,partial_mint_failure,adaptive_width,2026-08-17,1786924800000,1787529597000,1019991342,-90392445,1110383787,1957715531,33875370,159,88549,567716000,7098000
NVDA,5000000000,partial_mint_failure,adaptive_width,2026-08-24,1787529600000,1788134397000,429568265,-9532984,439101249,1903327771,49048596,230,336153,542673000,9946000
NVDA,5000000000,partial_mint_failure,adaptive_width,2026-08-31,1788134400000,1788739190000,1108298328,173075580,935222748,1855468955,34536942,162,566356,564597000,6144000
NVDA,5000000000,partial_mint_failure,adaptive_width,2026-09-07,1788739201000,1789154999000,-139824907,-159593487,19768580,566681857,12247264,57,404281,407593000,1876000
NVDA,5000000000,partial_mint_failure,adaptive_economic,2026-07-27,1785196800000,1785715158000,38491436,49285924,-10794488,177442117,1896720,9,63074,516815000,427317000
NVDA,5000000000,partial_mint_failure,adaptive_economic,2026-08-03,1785715200000,1786319995000,1386135,311084626,-309698491,0,0,0,54057,604837000,604837000
NVDA,5000000000,partial_mint_failure,adaptive_economic,2026-08-10,1786320000000,1786924758000,11003148,11918523,-915375,17493960,441048,2,50549,604763000,586388000
NVDA,5000000000,partial_mint_failure,adaptive_economic,2026-08-17,1786924800000,1787529597000,687067299,-90392445,777459744,1165177602,15746802,74,88549,588199000,204155000
NVDA,5000000000,partial_mint_failure,adaptive_economic,2026-08-24,1787529600000,1788134397000,-41489088,-9532984,-31956104,166646454,3837438,18,336153,600886000,527543000
NVDA,5000000000,partial_mint_failure,adaptive_economic,2026-08-31,1788134400000,1788739190000,146614488,173075580,-26461092,212538010,2999340,14,566356,603211000,554593000
NVDA,5000000000,partial_mint_failure,adaptive_economic,2026-09-07,1788739201000,1789154999000,-1821184,-159593487,157772303,252498336,3116716,14,404281,413280000,279154000
NVDA,1000000000,pinned_fork_costs,fixed_20,2026-07-27,1785196800000,1785715158000,-169424188,9847434,-179271622,310956195,92135034,418,63074,517618000,28476000
NVDA,1000000000,pinned_fork_costs,fixed_20,2026-08-03,1785715200000,1786319995000,-66923789,62220720,-129144509,259523159,71670300,325,54057,604837000,22233000
NVDA,1000000000,pinned_fork_costs,fixed_20,2026-08-10,1786320000000,1786924758000,31275828,2383850,28891978,257004961,46971612,213,50549,604763000,17054000
NVDA,1000000000,pinned_fork_costs,fixed_20,2026-08-17,1786924800000,1787529597000,372438990,-18079591,390518581,713524491,49838424,226,88549,604839000,11785000
NVDA,1000000000,pinned_fork_costs,fixed_20,2026-08-24,1787529600000,1788134397000,36112126,-1906713,38018839,705650724,81593880,370,336153,604800000,19266000
NVDA,1000000000,pinned_fork_costs,fixed_20,2026-08-31,1788134400000,1788739190000,240475305,34617227,205858078,522242557,41237988,187,566356,604793000,8473000
NVDA,1000000000,pinned_fork_costs,fixed_20,2026-09-07,1788739201000,1789154999000,-5636035,-31955287,26319252,263237025,24375016,110,404281,415809000,5304000
NVDA,1000000000,pinned_fork_costs,fixed_40,2026-07-27,1785196800000,1785715158000,-56990747,9847434,-66838181,189406724,32814078,149,63074,517849000,8910000
NVDA,1000000000,pinned_fork_costs,fixed_40,2026-08-03,1785715200000,1786319995000,32610253,62220720,-29610467,168170111,23155020,105,54057,604837000,6860000
NVDA,1000000000,pinned_fork_costs,fixed_40,2026-08-10,1786320000000,1786924758000,55551402,2383850,53167552,164293835,14113536,64,50549,604763000,4836000
NVDA,1000000000,pinned_fork_costs,fixed_40,2026-08-17,1786924800000,1787529597000,217923144,-18079591,236002735,400643131,17421396,79,88549,604839000,4085000
NVDA,1000000000,pinned_fork_costs,fixed_40,2026-08-24,1787529600000,1788134397000,12551782,-1906713,14458495,380588898,34622268,157,336153,604800000,6920000
NVDA,1000000000,pinned_fork_costs,fixed_40,2026-08-31,1788134400000,1788739190000,124296435,34617227,89679208,239288511,15216156,69,566356,604793000,3045000
NVDA,1000000000,pinned_fork_costs,fixed_40,2026-09-07,1788739201000,1789154999000,-13775576,-31955287,18179711,115095468,7835716,35,404281,415809000,1560000
NVDA,1000000000,pinned_fork_costs,fixed_80,2026-07-27,1785196800000,1785715158000,-17613592,9847434,-27461026,100610683,10320630,47,63074,517849000,2587000
NVDA,1000000000,pinned_fork_costs,fixed_80,2026-08-03,1785715200000,1786319995000,63137319,62220720,916599,92743739,7056768,32,54057,604837000,1793000
NVDA,1000000000,pinned_fork_costs,fixed_80,2026-08-10,1786320000000,1786924758000,33739444,2383850,31355594,89654238,4410480,20,50549,604763000,1674000
NVDA,1000000000,pinned_fork_costs,fixed_80,2026-08-17,1786924800000,1787529597000,119636289,-18079591,137715880,200008393,4189956,19,88549,604839000,942000
NVDA,1000000000,pinned_fork_costs,fixed_80,2026-08-24,1787529600000,1788134397000,-1248983,-1906713,657730,189118534,11467248,52,336153,604800000,2412000
NVDA,1000000000,pinned_fork_costs,fixed_80,2026-08-31,1788134400000,1788739190000,76632328,34617227,42015101,107094132,4410480,20,566356,604793000,988000
NVDA,1000000000,pinned_fork_costs,fixed_80,2026-09-07,1788739201000,1789154999000,-20385536,-31955287,11569751,50309184,2102092,9,404281,415809000,423000
NVDA,1000000000,pinned_fork_costs,fixed_160,2026-07-27,1785196800000,1785715158000,18808650,9847434,8961216,52900284,2161242,10,63074,517940000,571000
NVDA,1000000000,pinned_fork_costs,fixed_160,2026-08-03,1785715200000,1786319995000,62055801,62220720,-164919,48823963,1984716,9,54057,604837000,488000
NVDA,1000000000,pinned_fork_costs,fixed_160,2026-08-10,1786320000000,1786924758000,15532276,2383850,13148426,45856698,1323144,6,50549,604763000,413000
NVDA,1000000000,pinned_fork_costs,fixed_160,2026-08-17,1786924800000,1787529597000,68275878,-18079591,86355469,97048390,441048,2,88549,604839000,151000
NVDA,1000000000,pinned_fork_costs,fixed_160,2026-08-24,1787529600000,1788134397000,3505809,-1906713,5412522,94393019,3528384,16,336153,604800000,599000
NVDA,1000000000,pinned_fork_costs,fixed_160,2026-08-31,1788134400000,1788739190000,64835700,34617227,30218473,51352144,882096,4,566356,604793000,175000
NVDA,1000000000,pinned_fork_costs,fixed_160,2026-09-07,1788739201000,1789154999000,-42657808,-31955287,-10702521,23656944,1219996,5,404281,415809000,230000
NVDA,1000000000,pinned_fork_costs,adaptive_width,2026-07-27,1785196800000,1785715158000,-25829090,9847434,-35676524,156630338,32593554,148,63074,517618000,10219000
NVDA,1000000000,pinned_fork_costs,adaptive_width,2026-08-03,1785715200000,1786319995000,24054028,62220720,-38166692,103848339,18082968,82,54057,604837000,5942000
NVDA,1000000000,pinned_fork_costs,adaptive_width,2026-08-10,1786320000000,1786924758000,57738929,2383850,55355079,189667604,19185588,87,50549,604763000,6435000
NVDA,1000000000,pinned_fork_costs,adaptive_width,2026-08-17,1786924800000,1787529597000,395878352,-18079591,413957943,639077418,31534932,143,88549,604839000,7475000
NVDA,1000000000,pinned_fork_costs,adaptive_width,2026-08-24,1787529600000,1788134397000,54201091,-1906713,56107804,685428399,67700868,307,336153,604800000,15739000
NVDA,1000000000,pinned_fork_costs,adaptive_width,2026-08-31,1788134400000,1788739190000,263667216,34617227,229049989,565608153,41237988,187,566356,604793000,8473000
NVDA,1000000000,pinned_fork_costs,adaptive_width,2026-09-07,1788739201000,1789154999000,-9501796,-31955287,22453491,219103946,16877200,76,404281,415809000,3594000
NVDA,1000000000,pinned_fork_costs,adaptive_economic,2026-07-27,1785196800000,1785715158000,39061642,9847434,29214208,53552968,1279146,6,63074,517618000,488683000
NVDA,1000000000,pinned_fork_costs,adaptive_economic,2026-08-03,1785715200000,1786319995000,1492987,62220720,-60727733,0,0,0,54057,604837000,604837000
NVDA,1000000000,pinned_fork_costs,adaptive_economic,2026-08-10,1786320000000,1786924758000,13887128,2383850,11503278,13965290,220524,1,50549,604763000,555393000
NVDA,1000000000,pinned_fork_costs,adaptive_economic,2026-08-17,1786924800000,1787529597000,249103297,-18079591,267182888,401957970,16980348,77,88549,604839000,379829000
NVDA,1000000000,pinned_fork_costs,adaptive_economic,2026-08-24,1787529600000,1788134397000,33474013,-1906713,35380726,90568049,2866812,13,336153,604800000,530880000
NVDA,1000000000,pinned_fork_costs,adaptive_economic,2026-08-31,1788134400000,1788739190000,36421774,34617227,1804547,52893065,1764192,8,566356,604793000,551787000
NVDA,1000000000,pinned_fork_costs,adaptive_economic,2026-09-07,1788739201000,1789154999000,-53355308,-31955287,-21400021,13365281,778948,3,404281,415809000,395091000
NVDA,1000000000,double_gas_half_fees,fixed_20,2026-07-27,1785196800000,1785715158000,-400902198,9796372,-410698570,144233291,184270068,418,63074,517618000,28476000
NVDA,1000000000,double_gas_half_fees,fixed_20,2026-08-03,1785715200000,1786319995000,-241362281,62220720,-303583001,104249252,143340600,325,54057,604837000,22233000
NVDA,1000000000,double_gas_half_fees,fixed_20,2026-08-10,1786320000000,1786924758000,-128975043,2383850,-131358893,90840546,93943224,213,50549,604763000,17054000
NVDA,1000000000,double_gas_half_fees,fixed_20,2026-08-17,1786924800000,1787529597000,-52333874,-18079591,-34254283,203855588,99676848,226,88549,604839000,11785000
NVDA,1000000000,double_gas_half_fees,fixed_20,2026-08-24,1787529600000,1788134397000,-187554889,-1906713,-185648176,101652650,106292568,241,336153,604800000,309947000
NVDA,1000000000,double_gas_half_fees,fixed_20,2026-08-31,1788134400000,1788739190000,18011123,34617227,-16606104,0,0,0,566356,604793000,604793000
NVDA,1000000000,double_gas_half_fees,fixed_20,2026-09-07,1788739201000,1789154999000,-15232284,-32006121,16773837,0,234752,0,404281,415809000,415809000
NVDA,1000000000,double_gas_half_fees,fixed_40,2026-07-27,1785196800000,1785715158000,-179459215,9796372,-189255587,90500008,65628156,149,63074,517849000,8910000
NVDA,1000000000,double_gas_half_fees,fixed_40,2026-08-03,1785715200000,1786319995000,-70301460,62220720,-132522180,73632080,46310040,105,54057,604837000,6860000
NVDA,1000000000,double_gas_half_fees,fixed_40,2026-08-10,1786320000000,1786924758000,-38739958,2383850,-41123808,66721292,28227072,64,50549,604763000,4836000
NVDA,1000000000,double_gas_half_fees,fixed_40,2026-08-17,1786924800000,1787529597000,-5764903,-18079591,12314688,144060074,34842792,79,88549,604839000,4085000
NVDA,1000000000,double_gas_half_fees,fixed_40,2026-08-24,1787529600000,1788134397000,-157169592,-1906713,-155262879,117290293,69244536,157,336153,604800000,6920000
NVDA,1000000000,double_gas_half_fees,fixed_40,2026-08-31,1788134400000,1788739190000,-19738239,34617227,-54355466,65808765,30432312,69,566356,604793000,3045000
NVDA,1000000000,double_gas_half_fees,fixed_40,2026-09-07,1788739201000,1789154999000,-48590029,-32006121,-16583908,29774305,15671432,35,404281,415809000,1560000
NVDA,1000000000,double_gas_half_fees,fixed_80,2026-07-27,1785196800000,1785715158000,-77274161,9796372,-87070533,49119810,20641260,47,63074,517849000,2587000
NVDA,1000000000,double_gas_half_fees,fixed_80,2026-08-03,1785715200000,1786319995000,8125790,62220720,-54094930,43181829,14113536,32,54057,604837000,1793000
NVDA,1000000000,double_gas_half_fees,fixed_80,2026-08-10,1786320000000,1786924758000,-15050537,2383850,-17434387,40073537,8820960,20,50549,604763000,1674000
NVDA,1000000000,double_gas_half_fees,fixed_80,2026-08-17,1786924800000,1787529597000,12707375,-18079591,30786966,84129505,8379912,19,88549,604839000,942000
NVDA,1000000000,double_gas_half_fees,fixed_80,2026-08-24,1787529600000,1788134397000,-88176457,-1906713,-86269744,72935933,22934496,52,336153,604800000,2412000
NVDA,1000000000,double_gas_half_fees,fixed_80,2026-08-31,1788134400000,1788739190000,10983362,34617227,-23633865,38845828,8820960,20,566356,604793000,988000
NVDA,1000000000,double_gas_half_fees,fixed_80,2026-09-07,1788739201000,1789154999000,-34849436,-32006121,-2843315,17667489,4204184,9,404281,415809000,423000
NVDA,1000000000,double_gas_half_fees,fixed_160,2026-07-27,1785196800000,1785715158000,-9982636,9796372,-19779008,26140010,4322484,10,63074,517940000,571000
NVDA,1000000000,double_gas_half_fees,fixed_160,2026-08-03,1785715200000,1786319995000,34264890,62220720,-27955830,23548832,3969432,9,54057,604837000,488000
NVDA,1000000000,double_gas_half_fees,fixed_160,2026-08-10,1786320000000,1786924758000,-8547165,2383850,-10931015,21712934,2646288,6,50549,604763000,413000
NVDA,1000000000,double_gas_half_fees,fixed_160,2026-08-17,1786924800000,1787529597000,17878738,-18079591,35958329,44825754,882096,2,88549,604839000,151000
NVDA,1000000000,double_gas_half_fees,fixed_160,2026-08-24,1787529600000,1788134397000,-42391116,-1906713,-40484403,41357122,7056768,16,336153,604800000,599000
NVDA,1000000000,double_gas_half_fees,fixed_160,2026-08-31,1788134400000,1788739190000,32205391,34617227,-2411836,21806554,1764192,4,566356,604793000,175000
NVDA,1000000000,double_gas_half_fees,fixed_160,2026-09-07,1788739201000,1789154999000,-47017912,-32006121,-15011791,9846351,2439992,5,404281,415809000,230000
NVDA,1000000000,double_gas_half_fees,adaptive_width,2026-07-27,1785196800000,1785715158000,-34849620,9796372,-44645992,33199279,12261348,28,63074,517940000,1764000
NVDA,1000000000,double_gas_half_fees,adaptive_width,2026-08-03,1785715200000,1786319995000,21852848,62220720,-40367872,25093145,7497816,17,54057,604837000,921000
NVDA,1000000000,double_gas_half_fees,adaptive_width,2026-08-10,1786320000000,1786924758000,11007431,2383850,8623581,21585055,1323144,3,50549,604763000,111000
NVDA,1000000000,double_gas_half_fees,adaptive_width,2026-08-17,1786924800000,1787529597000,-7509158,-18079591,10570433,171203665,47633184,108,88549,604839000,5762000
NVDA,1000000000,double_gas_half_fees,adaptive_width,2026-08-24,1787529600000,1788134397000,-94250083,-1906713,-92343370,80539375,33960696,77,336153,604800000,3719000
NVDA,1000000000,double_gas_half_fees,adaptive_width,2026-08-31,1788134400000,1788739190000,15071346,34617227,-19545881,38967434,12349344,28,566356,604793000,1194000
NVDA,1000000000,double_gas_half_fees,adaptive_width,2026-09-07,1788739201000,1789154999000,-45640282,-32006121,-13634161,15400850,6850472,15,404281,415809000,722000
NVDA,1000000000,double_gas_half_fees,adaptive_economic,2026-07-27,1785196800000,1785715158000,21722938,9796372,11926566,17883652,353052,1,63074,517940000,189154000
NVDA,1000000000,double_gas_half_fees,adaptive_economic,2026-08-03,1785715200000,1786319995000,1836104,62220720,-60384616,681927,0,0,54057,604837000,597006000
NVDA,1000000000,double_gas_half_fees,adaptive_economic,2026-08-10,1786320000000,1786924758000,44098,2383850,-2339752,0,0,0,50549,604763000,604763000
NVDA,1000000000,double_gas_half_fees,adaptive_economic,2026-08-17,1786924800000,1787529597000,25366565,-18079591,43446156,65027483,2646288,6,88549,604839000,468487000
NVDA,1000000000,double_gas_half_fees,adaptive_economic,2026-08-24,1787529600000,1788134397000,8808478,-1906713,10715191,10660719,441048,1,336153,604800000,363281000
NVDA,1000000000,double_gas_half_fees,adaptive_economic,2026-08-31,1788134400000,1788739190000,16494107,34617227,-18123120,8737632,0,0,566356,604793000,380527000
NVDA,1000000000,double_gas_half_fees,adaptive_economic,2026-09-07,1788739201000,1789154999000,-623072,-32006121,31383049,4315247,234752,0,404281,415809000,302781000
NVDA,1000000000,partial_mint_failure,fixed_20,2026-07-27,1785196800000,1785715158000,-54870660,9847434,-64718094,227527327,63516252,298,63074,439900000,18278000
NVDA,1000000000,partial_mint_failure,fixed_20,2026-08-03,1785715200000,1786319995000,2075480,62220720,-60145240,204041715,49666170,233,54057,541101000,14037000
NVDA,1000000000,partial_mint_failure,fixed_20,2026-08-10,1786320000000,1786924758000,62741682,2383850,60357832,248596620,39653526,186,50549,556583000,11651000
NVDA,1000000000,partial_mint_failure,fixed_20,2026-08-17,1786924800000,1787529597000,311299165,-18079591,329378756,587520770,42211818,198,88549,557340000,9116000
NVDA,1000000000,partial_mint_failure,fixed_20,2026-08-24,1787529600000,1788134397000,95632594,-1906713,97539307,525266694,57782094,271,336153,533259000,12115000
NVDA,1000000000,partial_mint_failure,fixed_20,2026-08-31,1788134400000,1788739190000,245743985,34617227,211126758,447129286,34536942,162,566356,564477000,6144000
NVDA,1000000000,partial_mint_failure,fixed_20,2026-09-07,1788739201000,1789154999000,-9203163,-31955287,22752124,251334894,23759578,111,404281,399065000,4422000
NVDA,1000000000,partial_mint_failure,fixed_40,2026-07-27,1785196800000,1785715158000,-24856166,9847434,-34703600,163069390,28758786,135,63074,484781000,6465000
NVDA,1000000000,partial_mint_failure,fixed_40,2026-08-03,1785715200000,1786319995000,47996938,62220720,-14223782,146041722,20025288,94,54057,580875000,5327000
NVDA,1000000000,partial_mint_failure,fixed_40,2026-08-10,1786320000000,1786924758000,69880651,2383850,67496801,157116006,12394410,58,50549,587286000,3108000
NVDA,1000000000,partial_mint_failure,fixed_40,2026-08-17,1786924800000,1787529597000,198030969,-18079591,216110560,384311103,20025288,94,88549,585605000,3803000
NVDA,1000000000,partial_mint_failure,fixed_40,2026-08-24,1787529600000,1788134397000,33620400,-1906713,35527113,301047785,27303114,128,336153,569015000,4750000
NVDA,1000000000,partial_mint_failure,fixed_40,2026-08-31,1788134400000,1788739190000,138406890,34617227,103789663,226285859,14070606,66,566356,592608000,2590000
NVDA,1000000000,partial_mint_failure,fixed_40,2026-09-07,1788739201000,1789154999000,-11394909,-31955287,20560378,115277083,7792252,36,404281,410496000,1367000
NVDA,1000000000,partial_mint_failure,fixed_80,2026-07-27,1785196800000,1785715158000,-7459374,9847434,-17306808,93330942,10012644,47,63074,506642000,2267000
NVDA,1000000000,partial_mint_failure,fixed_80,2026-08-03,1785715200000,1786319995000,53285956,62220720,-8934764,83032584,8071926,38,54057,592826000,1866000
NVDA,1000000000,partial_mint_failure,fixed_80,2026-08-10,1786320000000,1786924758000,51160620,2383850,48776770,88251504,3219864,15,50549,602348000,879000
NVDA,1000000000,partial_mint_failure,fixed_80,2026-08-17,1786924800000,1787529597000,98544969,-18079591,116624560,190622848,5337108,25,88549,600443000,1074000
NVDA,1000000000,partial_mint_failure,fixed_80,2026-08-24,1787529600000,1788134397000,33823764,-1906713,35730477,176216171,10233168,48,336153,595771000,1659000
NVDA,1000000000,partial_mint_failure,fixed_80,2026-08-31,1788134400000,1788739190000,87930935,34617227,53313708,109401275,4455012,21,566356,601738000,718000
NVDA,1000000000,partial_mint_failure,fixed_80,2026-09-07,1788739201000,1789154999000,-17361949,-31955287,14593338,51824677,2058094,9,404281,415164000,315000
NVDA,1000000000,partial_mint_failure,fixed_160,2026-07-27,1785196800000,1785715158000,18565144,9847434,8717710,52831806,2337768,11,63074,516826000,571000
NVDA,1000000000,partial_mint_failure,fixed_160,2026-08-03,1785715200000,1786319995000,60379712,62220720,-1841008,47488728,2337768,11,54057,601525000,351000
NVDA,1000000000,partial_mint_failure,fixed_160,2026-08-10,1786320000000,1786924758000,17543533,2383850,15159683,45736616,1499670,7,50549,603977000,297000
NVDA,1000000000,partial_mint_failure,fixed_160,2026-08-17,1786924800000,1787529597000,67814895,-18079591,85894486,96787036,617574,3,88549,604056000,151000
NVDA,1000000000,partial_mint_failure,fixed_160,2026-08-24,1787529600000,1788134397000,-107511,-1906713,1799202,93489662,4057962,19,336153,602743000,673000
NVDA,1000000000,partial_mint_failure,fixed_160,2026-08-31,1788134400000,1788739190000,58686687,34617227,24069460,50728105,1279146,6,566356,603424000,208000
NVDA,1000000000,partial_mint_failure,fixed_160,2026-09-07,1788739201000,1789154999000,-27451759,-31955287,4503528,23438044,955474,4,404281,415175000,135000
NVDA,1000000000,partial_mint_failure,adaptive_width,2026-07-27,1785196800000,1785715158000,-27376397,9847434,-37223831,129274847,30037932,141,63074,484966000,8748000
NVDA,1000000000,partial_mint_failure,adaptive_width,2026-08-03,1785715200000,1786319995000,86476205,62220720,24255485,84738254,7233828,34,54057,596891000,1581000
NVDA,1000000000,partial_mint_failure,adaptive_width,2026-08-10,1786320000000,1786924758000,58371204,2383850,55987354,148158047,13232508,62,50549,589689000,3568000
NVDA,1000000000,partial_mint_failure,adaptive_width,2026-08-17,1786924800000,1787529597000,287383138,-18079591,305462729,467557960,26641542,125,88549,570686000,5513000
NVDA,1000000000,partial_mint_failure,adaptive_width,2026-08-24,1787529600000,1788134397000,86831274,-1906713,88737987,454802407,46490304,218,336153,545394000,9559000
NVDA,1000000000,partial_mint_failure,adaptive_width,2026-08-31,1788134400000,1788739190000,236735319,34617227,202118092,432671930,34536942,162,566356,564477000,6144000
NVDA,1000000000,partial_mint_failure,adaptive_width,2026-09-07,1788739201000,1789154999000,-9159666,-31955287,22795621,163634865,13526410,63,404281,406175000,2147000
NVDA,1000000000,partial_mint_failure,adaptive_economic,2026-07-27,1785196800000,1785715158000,43950002,9847434,34102568,56035437,1676196,8,63074,516728000,397673000
NVDA,1000000000,partial_mint_failure,adaptive_economic,2026-08-03,1785715200000,1786319995000,813000,62220720,-61407720,0,0,0,54057,604837000,604837000
NVDA,1000000000,partial_mint_failure,adaptive_economic,2026-08-10,1786320000000,1786924758000,13954945,2383850,11571095,14023092,220524,1,50549,604763000,555393000
NVDA,1000000000,partial_mint_failure,adaptive_economic,2026-08-17,1786924800000,1787529597000,148350050,-18079591,166429641,265286413,14070606,66,88549,587720000,368703000
NVDA,1000000000,partial_mint_failure,adaptive_economic,2026-08-24,1787529600000,1788134397000,2855673,-1906713,4762386,57386604,3396390,16,336153,602591000,551258000
NVDA,1000000000,partial_mint_failure,adaptive_economic,2026-08-31,1788134400000,1788739190000,33299099,34617227,-1318128,45468418,1720194,8,566356,603550000,550544000
NVDA,1000000000,partial_mint_failure,adaptive_economic,2026-09-07,1788739201000,1789154999000,-44944607,-31955287,-12989320,15042063,955474,4,404281,414936000,381577000
NVDA,250000000,pinned_fork_costs,fixed_20,2026-07-27,1785196800000,1785715158000,-107623969,2425020,-110048989,81810388,92135034,418,63074,517618000,28476000
NVDA,250000000,pinned_fork_costs,fixed_20,2026-08-03,1785715200000,1786319995000,-66430688,15555358,-81986046,69739264,71670300,325,54057,604837000,22233000
NVDA,250000000,pinned_fork_costs,fixed_20,2026-08-10,1786320000000,1786924758000,-22265121,595969,-22861090,70611661,46971612,213,50549,604763000,17054000
NVDA,250000000,pinned_fork_costs,fixed_20,2026-08-17,1786924800000,1787529597000,69372268,-4519950,73892218,196724534,49838424,226,88549,604839000,11785000
NVDA,250000000,pinned_fork_costs,fixed_20,2026-08-24,1787529600000,1788134397000,-47554635,-476683,-47077952,192111885,81593880,370,336153,604800000,19266000
NVDA,250000000,pinned_fork_costs,fixed_20,2026-08-31,1788134400000,1788739190000,35772550,8654405,27118145,141867014,41237988,187,566356,604793000,8473000
NVDA,250000000,pinned_fork_costs,fixed_20,2026-09-07,1788739201000,1789154999000,-18980428,-8026756,-10953672,71481833,24375016,110,404281,415809000,5304000
NVDA,250000000,pinned_fork_costs,fixed_40,2026-07-27,1785196800000,1785715158000,-37400689,2425020,-39825709,48562242,32814078,149,63074,517849000,8910000
NVDA,250000000,pinned_fork_costs,fixed_40,2026-08-03,1785715200000,1786319995000,-7439971,15555358,-22995329,43587441,23155020,105,54057,604837000,6860000
NVDA,250000000,pinned_fork_costs,fixed_40,2026-08-10,1786320000000,1786924758000,5256290,595969,4660321,43009845,14113536,64,50549,604763000,4836000
NVDA,250000000,pinned_fork_costs,fixed_40,2026-08-17,1786924800000,1787529597000,44823988,-4519950,49343938,104349828,17421396,79,88549,604839000,4085000
NVDA,250000000,pinned_fork_costs,fixed_40,2026-08-24,1787529600000,1788134397000,-21809738,-476683,-21333055,98138176,34622268,157,336153,604800000,6920000
NVDA,250000000,pinned_fork_costs,fixed_40,2026-08-31,1788134400000,1788739190000,20826431,8654405,12172026,61528156,15216156,69,566356,604793000,3045000
NVDA,250000000,pinned_fork_costs,fixed_40,2026-09-07,1788739201000,1789154999000,-9296150,-8026756,-1269394,29561383,7835716,35,404281,415809000,1560000
NVDA,250000000,pinned_fork_costs,fixed_80,2026-07-27,1785196800000,1785715158000,-11709096,2425020,-14134116,25451880,10320630,47,63074,517849000,2587000
NVDA,250000000,pinned_fork_costs,fixed_80,2026-08-03,1785715200000,1786319995000,11056027,15555358,-4499331,23574435,7056768,32,54057,604837000,1793000
NVDA,250000000,pinned_fork_costs,fixed_80,2026-08-10,1786320000000,1786924758000,5691468,595969,5095499,22878502,4410480,20,50549,604763000,1674000
NVDA,250000000,pinned_fork_costs,fixed_80,2026-08-17,1786924800000,1787529597000,27479665,-4519950,31999615,50784305,4189956,19,88549,604839000,942000
NVDA,250000000,pinned_fork_costs,fixed_80,2026-08-24,1787529600000,1788134397000,-8711710,-476683,-8235027,47700099,11467248,52,336153,604800000,2412000
NVDA,250000000,pinned_fork_costs,fixed_80,2026-08-31,1788134400000,1788739190000,16053882,8654405,7399477,26907012,4410480,20,566356,604793000,988000
NVDA,250000000,pinned_fork_costs,fixed_80,2026-09-07,1788739201000,1789154999000,-6695522,-8026756,1331234,12613639,2102092,9,404281,415809000,423000
NVDA,250000000,pinned_fork_costs,fixed_160,2026-07-27,1785196800000,1785715158000,3202597,2425020,777577,13295673,2161242,10,63074,517940000,571000
NVDA,250000000,pinned_fork_costs,fixed_160,2026-08-03,1785715200000,1786319995000,14191955,15555358,-1363403,12296423,1984716,9,54057,604837000,488000
NVDA,250000000,pinned_fork_costs,fixed_160,2026-08-10,1786320000000,1786924758000,3030975,595969,2435006,11565263,1323144,6,50549,604763000,413000
NVDA,250000000,pinned_fork_costs,fixed_160,2026-08-17,1786924800000,1787529597000,16883376,-4519950,21403326,24394698,441048,2,88549,604839000,151000
NVDA,250000000,pinned_fork_costs,fixed_160,2026-08-24,1787529600000,1788134397000,-1715887,-476683,-1239204,23615359,3528384,16,336153,604800000,599000
NVDA,250000000,pinned_fork_costs,fixed_160,2026-08-31,1788134400000,1788739190000,15592451,8654405,6938046,12765636,882096,4,566356,604793000,175000
NVDA,250000000,pinned_fork_costs,fixed_160,2026-09-07,1788739201000,1789154999000,-11596606,-8026756,-3569850,5858019,1219996,5,404281,415809000,230000
NVDA,250000000,pinned_fork_costs,adaptive_width,2026-07-27,1785196800000,1785715158000,-40245525,2425020,-42670545,39226609,35680890,162,63074,517618000,10324000
NVDA,250000000,pinned_fork_costs,adaptive_width,2026-08-03,1785715200000,1786319995000,2472006,15555358,-13083352,23474294,13672488,62,54057,604837000,4934000
NVDA,250000000,pinned_fork_costs,adaptive_width,2026-08-10,1786320000000,1786924758000,456649,595969,-139320,51649058,21611352,98,50549,604763000,7152000
NVDA,250000000,pinned_fork_costs,adaptive_width,2026-08-17,1786924800000,1787529597000,85041922,-4519950,89561872,170427203,31534932,143,88549,604839000,7475000
NVDA,250000000,pinned_fork_costs,adaptive_width,2026-08-24,1787529600000,1788134397000,-33829483,-476683,-33352800,179145293,67700868,307,336153,604800000,15739000
NVDA,250000000,pinned_fork_costs,adaptive_width,2026-08-31,1788134400000,1788739190000,38780729,8654405,30126324,147426286,41237988,187,566356,604793000,8473000
NVDA,250000000,pinned_fork_costs,adaptive_width,2026-09-07,1788739201000,1789154999000,-14704466,-8026756,-6677710,57048647,16877200,76,404281,415809000,3594000
NVDA,250000000,pinned_fork_costs,adaptive_economic,2026-07-27,1785196800000,1785715158000,8025275,2425020,5600255,8071273,176526,1,63074,517618000,479680000
NVDA,250000000,pinned_fork_costs,adaptive_economic,2026-08-03,1785715200000,1786319995000,500628,15555358,-15054730,0,0,0,54057,604837000,604837000
NVDA,250000000,pinned_fork_costs,adaptive_economic,2026-08-10,1786320000000,1786924758000,19181,595969,-576788,0,0,0,50549,604763000,604763000
NVDA,250000000,pinned_fork_costs,adaptive_economic,2026-08-17,1786924800000,1787529597000,48341162,-4519950,52861112,63456627,3087336,14,88549,604839000,430231000
NVDA,250000000,pinned_fork_costs,adaptive_economic,2026-08-24,1787529600000,1788134397000,9052351,-476683,9529034,19822401,3528384,16,336153,604800000,570972000
NVDA,250000000,pinned_fork_costs,adaptive_economic,2026-08-31,1788134400000,1788739190000,5991191,8654405,-2663214,757882,0,0,566356,604793000,601629000
NVDA,250000000,pinned_fork_costs,adaptive_economic,2026-09-07,1788739201000,1789154999000,-855895,-8026756,7170861,2944085,117376,0,404281,415809000,408761000
NVDA,250000000,double_gas_half_fees,fixed_20,2026-07-27,1785196800000,1785715158000,-236670091,2373958,-239044049,37712239,184270068,418,63074,517618000,28476000
NVDA,250000000,double_gas_half_fees,fixed_20,2026-08-03,1785715200000,1786319995000,-13262437,15555358,-28817795,1538951,9262008,21,54057,604837000,1972000
NVDA,250000000,double_gas_half_fees,fixed_20,2026-08-10,1786320000000,1786924758000,0,595969,-595969,0,0,0,50549,604763000,0
NVDA,250000000,double_gas_half_fees,fixed_20,2026-08-17,1786924800000,1787529597000,0,-4519950,4519950,0,0,0,88549,604839000,0
NVDA,250000000,double_gas_half_fees,fixed_20,2026-08-24,1787529600000,1788134397000,0,-476683,476683,0,0,0,336153,604800000,0
NVDA,250000000,double_gas_half_fees,fixed_20,2026-08-31,1788134400000,1788739190000,0,8654405,-8654405,0,0,0,566356,604793000,0
NVDA,250000000,double_gas_half_fees,fixed_20,2026-09-07,1788739201000,1789154999000,-234752,-8077590,7842838,0,234752,0,404281,415809000,0
NVDA,250000000,double_gas_half_fees,fixed_40,2026-07-27,1785196800000,1785715158000,-93276494,2373958,-95650452,23153655,65628156,149,63074,517849000,8910000
NVDA,250000000,double_gas_half_fees,fixed_40,2026-08-03,1785715200000,1786319995000,-51531361,15555358,-67086719,18944300,46310040,105,54057,604837000,6860000
NVDA,250000000,double_gas_half_fees,fixed_40,2026-08-10,1786320000000,1786924758000,-30211250,595969,-30807219,17246360,28227072,64,50549,604763000,4836000
NVDA,250000000,double_gas_half_fees,fixed_40,2026-08-17,1786924800000,1787529597000,-26875700,-4519950,-22355750,36951771,34842792,79,88549,604839000,4085000
NVDA,250000000,double_gas_half_fees,fixed_40,2026-08-24,1787529600000,1788134397000,-48580614,-476683,-48103931,12536925,34401744,78,336153,604800000,3120000
NVDA,250000000,double_gas_half_fees,fixed_40,2026-08-31,1788134400000,1788739190000,604483,8654405,-8049922,0,0,0,566356,604793000,0
NVDA,250000000,double_gas_half_fees,fixed_40,2026-09-07,1788739201000,1789154999000,-279695,-8077590,7797895,0,234752,0,404281,415809000,0
NVDA,250000000,double_gas_half_fees,fixed_80,2026-07-27,1785196800000,1785715158000,-34527768,2373958,-36901726,12414478,20641260,47,63074,517849000,2587000
NVDA,250000000,double_gas_half_fees,fixed_80,2026-08-03,1785715200000,1786319995000,-8240552,15555358,-23795910,10950081,14113536,32,54057,604837000,1793000
NVDA,250000000,double_gas_half_fees,fixed_80,2026-08-10,1786320000000,1786924758000,-10116520,595969,-10712489,10186479,8820960,20,50549,604763000,1674000
NVDA,250000000,double_gas_half_fees,fixed_80,2026-08-17,1786924800000,1787529597000,-2884896,-4519950,1635054,21271003,8379912,19,88549,604839000,942000
NVDA,250000000,double_gas_half_fees,fixed_80,2026-08-24,1787529600000,1788134397000,-39245161,-476683,-38768478,18293389,22934496,52,336153,604800000,2412000
NVDA,250000000,double_gas_half_fees,fixed_80,2026-08-31,1788134400000,1788739190000,-3832733,8654405,-12487138,9660819,8820960,20,566356,604793000,988000
NVDA,250000000,double_gas_half_fees,fixed_80,2026-09-07,1788739201000,1789154999000,-11896757,-8077590,-3819167,4370989,4204184,9,404281,415809000,423000
NVDA,250000000,double_gas_half_fees,fixed_160,2026-07-27,1785196800000,1785715158000,-5658607,2373958,-8032565,6563929,4322484,10,63074,517940000,571000
NVDA,250000000,double_gas_half_fees,fixed_160,2026-08-03,1785715200000,1786319995000,5695860,15555358,-9859498,5923086,3969432,9,54057,604837000,488000
NVDA,250000000,double_gas_half_fees,fixed_160,2026-08-10,1786320000000,1786924758000,-4044655,595969,-4640624,5467051,2646288,6,50549,604763000,413000
NVDA,250000000,double_gas_half_fees,fixed_160,2026-08-17,1786924800000,1787529597000,3868597,-4519950,8388547,11250478,882096,2,88549,604839000,151000
NVDA,250000000,double_gas_half_fees,fixed_160,2026-08-24,1787529600000,1788134397000,-15873798,-476683,-15397115,10308163,7056768,16,336153,604800000,599000
NVDA,250000000,double_gas_half_fees,fixed_160,2026-08-31,1788134400000,1788739190000,6744610,8654405,-1909795,5364490,1764192,4,566356,604793000,175000
NVDA,250000000,double_gas_half_fees,fixed_160,2026-09-07,1788739201000,1789154999000,-13596691,-8077590,-5519101,2403018,2439992,5,404281,415809000,230000
NVDA,250000000,double_gas_half_fees,adaptive_width,2026-07-27,1785196800000,1785715158000,-13123694,2373958,-15497652,7225705,8291916,19,63074,517940000,1030000
NVDA,250000000,double_gas_half_fees,adaptive_width,2026-08-03,1785715200000,1786319995000,129483,15555358,-15425875,6368419,7497816,17,54057,604837000,896000
NVDA,250000000,double_gas_half_fees,adaptive_width,2026-08-10,1786320000000,1786924758000,1846703,595969,1250734,5454370,1323144,3,50549,604763000,111000
NVDA,250000000,double_gas_half_fees,adaptive_width,2026-08-17,1786924800000,1787529597000,-36632117,-4519950,-32112167,43868522,47633184,108,88549,604839000,5762000
NVDA,250000000,double_gas_half_fees,adaptive_width,2026-08-24,1787529600000,1788134397000,-50120773,-476683,-49644090,20898898,35283840,80,336153,604800000,3827000
NVDA,250000000,double_gas_half_fees,adaptive_width,2026-08-31,1788134400000,1788739190000,-5402353,8654405,-14056758,9758201,12349344,28,566356,604793000,1194000
NVDA,250000000,double_gas_half_fees,adaptive_width,2026-09-07,1788739201000,1789154999000,-16634278,-8077590,-8556688,3829683,6850472,15,404281,415809000,722000
NVDA,250000000,double_gas_half_fees,adaptive_economic,2026-07-27,1785196800000,1785715158000,5192960,2373958,2819002,4488265,353052,1,63074,517940000,189154000
NVDA,250000000,double_gas_half_fees,adaptive_economic,2026-08-03,1785715200000,1786319995000,461441,15555358,-15093917,171027,0,0,54057,604837000,597006000
NVDA,250000000,double_gas_half_fees,adaptive_economic,2026-08-10,1786320000000,1786924758000,11087,595969,-584882,0,0,0,50549,604763000,604763000
NVDA,250000000,double_gas_half_fees,adaptive_economic,2026-08-17,1786924800000,1787529597000,-84086,-4519950,4435864,0,0,0,88549,604839000,604839000
NVDA,250000000,double_gas_half_fees,adaptive_economic,2026-08-24,1787529600000,1788134397000,-8868,-476683,467815,0,0,0,336153,604800000,604800000
NVDA,250000000,double_gas_half_fees,adaptive_economic,2026-08-31,1788134400000,1788739190000,161000,8654405,-8493405,0,0,0,566356,604793000,604793000
NVDA,250000000,double_gas_half_fees,adaptive_economic,2026-09-07,1788739201000,1789154999000,-383128,-8077590,7694462,0,234752,0,404281,415809000,415809000
NVDA,250000000,partial_mint_failure,fixed_20,2026-07-27,1785196800000,1785715158000,-58057605,2425020,-60482625,59983100,63516252,298,63074,439900000,18278000
NVDA,250000000,partial_mint_failure,fixed_20,2026-08-03,1785715200000,1786319995000,-29416412,15555358,-44971770,54792525,48387024,227,54057,541452000,13892000
NVDA,250000000,partial_mint_failure,fixed_20,2026-08-10,1786320000000,1786924758000,-8388825,595969,-8984794,66779347,38374380,180,50549,549131000,11440000
NVDA,250000000,partial_mint_failure,fixed_20,2026-08-17,1786924800000,1787529597000,56971765,-4519950,61491715,161070728,42211818,198,88549,557340000,9116000
NVDA,250000000,partial_mint_failure,fixed_20,2026-08-24,1787529600000,1788134397000,-9263282,-476683,-8786599,136415191,55223802,259,336153,531100000,11147000
NVDA,250000000,partial_mint_failure,fixed_20,2026-08-31,1788134400000,1788739190000,41686230,8654405,33031825,120989185,34536942,162,566356,564477000,6144000
NVDA,250000000,partial_mint_failure,fixed_20,2026-09-07,1788739201000,1789154999000,-19506544,-8026756,-11479788,67983752,23759578,111,404281,399065000,4422000
NVDA,250000000,partial_mint_failure,fixed_40,2026-07-27,1785196800000,1785715158000,-26575440,2425020,-29000460,41843039,28758786,135,63074,484781000,6465000
NVDA,250000000,partial_mint_failure,fixed_40,2026-08-03,1785715200000,1786319995000,-1508074,15555358,-17063432,37754697,20025288,94,54057,580875000,5327000
NVDA,250000000,partial_mint_failure,fixed_40,2026-08-10,1786320000000,1786924758000,9883637,595969,9287668,41017997,12394410,58,50549,587286000,3108000
NVDA,250000000,partial_mint_failure,fixed_40,2026-08-17,1786924800000,1787529597000,38813621,-4519950,43333571,99607018,19584240,92,88549,586027000,3735000
NVDA,250000000,partial_mint_failure,fixed_40,2026-08-24,1787529600000,1788134397000,-7544927,-476683,-7068244,77843902,26465016,124,336153,569984000,4657000
NVDA,250000000,partial_mint_failure,fixed_40,2026-08-31,1788134400000,1788739190000,25517504,8654405,16863099,58506677,14070606,66,566356,592608000,2590000
NVDA,250000000,partial_mint_failure,fixed_40,2026-09-07,1788739201000,1789154999000,-8656027,-8026756,-629271,29774541,7792252,36,404281,410496000,1367000
NVDA,250000000,partial_mint_failure,fixed_80,2026-07-27,1785196800000,1785715158000,-8945289,2425020,-11370309,23613366,10012644,47,63074,506642000,2267000
NVDA,250000000,partial_mint_failure,fixed_80,2026-08-03,1785715200000,1786319995000,7800507,15555358,-7754851,21095827,8071926,38,54057,592826000,1866000
NVDA,250000000,partial_mint_failure,fixed_80,2026-08-10,1786320000000,1786924758000,10899510,595969,10303541,22515043,3219864,15,50549,602348000,879000
NVDA,250000000,partial_mint_failure,fixed_80,2026-08-17,1786924800000,1787529597000,21261088,-4519950,25781038,48348101,5337108,25,88549,600299000,1074000
NVDA,250000000,partial_mint_failure,fixed_80,2026-08-24,1787529600000,1788134397000,1030642,-476683,1507325,44419774,10233168,48,336153,595771000,1659000
NVDA,250000000,partial_mint_failure,fixed_80,2026-08-31,1788134400000,1788739190000,18857468,8654405,10203063,27475006,4455012,21,566356,601738000,718000
NVDA,250000000,partial_mint_failure,fixed_80,2026-09-07,1788739201000,1789154999000,-5898305,-8026756,2128451,12989002,2058094,9,404281,415164000,315000
NVDA,250000000,partial_mint_failure,fixed_160,2026-07-27,1785196800000,1785715158000,3009575,2425020,584555,13278506,2337768,11,63074,516826000,571000
NVDA,250000000,partial_mint_failure,fixed_160,2026-08-03,1785715200000,1786319995000,13508625,15555358,-2046733,11960346,2337768,11,54057,601525000,351000
NVDA,250000000,partial_mint_failure,fixed_160,2026-08-10,1786320000000,1786924758000,3406554,595969,2810585,11535384,1499670,7,50549,603977000,297000
NVDA,250000000,partial_mint_failure,fixed_160,2026-08-17,1786924800000,1787529597000,16635598,-4519950,21155548,24329248,617574,3,88549,604056000,151000
NVDA,250000000,partial_mint_failure,fixed_160,2026-08-24,1787529600000,1788134397000,-3019419,-476683,-2542736,23389260,4057962,19,336153,602743000,673000
NVDA,250000000,partial_mint_failure,fixed_160,2026-08-31,1788134400000,1788739190000,13755366,8654405,5100961,12609696,1279146,6,566356,603424000,208000
NVDA,250000000,partial_mint_failure,fixed_160,2026-09-07,1788739201000,1789154999000,-7590745,-8026756,436011,5802891,955474,4,404281,415114000,135000
NVDA,250000000,partial_mint_failure,adaptive_width,2026-07-27,1785196800000,1785715158000,-30202409,2425020,-32627429,36990284,34095894,160,63074,480951000,10081000
NVDA,250000000,partial_mint_failure,adaptive_width,2026-08-03,1785715200000,1786319995000,1648483,15555358,-13906875,24864404,16628898,78,54057,586008000,3736000
NVDA,250000000,partial_mint_failure,adaptive_width,2026-08-10,1786320000000,1786924758000,10560373,595969,9964404,45922257,15129228,71,50549,587333000,3485000
NVDA,250000000,partial_mint_failure,adaptive_width,2026-08-17,1786924800000,1787529597000,59341233,-4519950,63861183,125460850,26641542,125,88549,570686000,5513000
NVDA,250000000,partial_mint_failure,adaptive_width,2026-08-24,1787529600000,1788134397000,-4847951,-476683,-4371268,114337504,43932012,206,336153,543235000,8591000
NVDA,250000000,partial_mint_failure,adaptive_width,2026-08-31,1788134400000,1788739190000,37186515,8654405,28532110,113828582,34536942,162,566356,564477000,6144000
NVDA,250000000,partial_mint_failure,adaptive_width,2026-09-07,1788739201000,1789154999000,-12203979,-8026756,-4177223,42986959,13526410,63,404281,406175000,2147000
NVDA,250000000,partial_mint_failure,adaptive_economic,2026-07-27,1785196800000,1785715158000,8025275,2425020,5600255,8071273,176526,1,63074,517618000,479680000
NVDA,250000000,partial_mint_failure,adaptive_economic,2026-08-03,1785715200000,1786319995000,500628,15555358,-15054730,0,0,0,54057,604837000,604837000
NVDA,250000000,partial_mint_failure,adaptive_economic,2026-08-10,1786320000000,1786924758000,19181,595969,-576788,0,0,0,50549,604763000,604763000
NVDA,250000000,partial_mint_failure,adaptive_economic,2026-08-17,1786924800000,1787529597000,35898045,-4519950,40417995,48991639,2999340,14,88549,601114000,451376000
NVDA,250000000,partial_mint_failure,adaptive_economic,2026-08-24,1787529600000,1788134397000,8219377,-476683,8696060,17736810,2999340,14,336153,601336000,574029000
NVDA,250000000,partial_mint_failure,adaptive_economic,2026-08-31,1788134400000,1788739190000,5726746,8654405,-2927659,726387,0,0,566356,604793000,601629000
NVDA,250000000,partial_mint_failure,adaptive_economic,2026-09-07,1788739201000,1789154999000,-810945,-8026756,7215811,2821671,117376,0,404281,415809000,408761000
QQQ,5000000000,pinned_fork_costs,fixed_20,2026-07-27,1785196800000,1785196800000,0,0,0,0,0,0,0,0,0
QQQ,5000000000,pinned_fork_costs,fixed_20,2026-08-03,1785715200000,1785715200000,0,0,0,0,0,0,0,0,0
QQQ,5000000000,pinned_fork_costs,fixed_20,2026-08-10,1786320000000,1786320000000,0,0,0,0,0,0,0,0,0
QQQ,5000000000,pinned_fork_costs,fixed_20,2026-08-17,1786924800000,1786924800000,0,0,0,0,0,0,0,0,0
QQQ,5000000000,pinned_fork_costs,fixed_20,2026-08-24,1787529600000,1788134392000,488192234,-1745320,489937554,535155112,2742469,12,29040,112961000,1132000
QQQ,5000000000,pinned_fork_costs,fixed_20,2026-08-31,1788134402000,1788739072000,1631375973,-1028917,1632404890,1981237660,14643279,63,196085,604680000,3459000
QQQ,5000000000,pinned_fork_costs,fixed_20,2026-09-07,1788739293000,1789154987000,226686417,-14803287,241489704,445554282,6872868,29,79248,415915000,4548000
QQQ,5000000000,pinned_fork_costs,fixed_40,2026-07-27,1785196800000,1785196800000,0,0,0,0,0,0,0,0,0
QQQ,5000000000,pinned_fork_costs,fixed_40,2026-08-03,1785715200000,1785715200000,0,0,0,0,0,0,0,0,0
QQQ,5000000000,pinned_fork_costs,fixed_40,2026-08-10,1786320000000,1786320000000,0,0,0,0,0,0,0,0,0
QQQ,5000000000,pinned_fork_costs,fixed_40,2026-08-17,1786924800000,1786924800000,0,0,0,0,0,0,0,0,0
QQQ,5000000000,pinned_fork_costs,fixed_40,2026-08-24,1787529600000,1788134392000,363104585,-1745320,364849905,371903982,418139,2,29040,112961000,530000
QQQ,5000000000,pinned_fork_costs,fixed_40,2026-08-31,1788134402000,1788739072000,935874741,-1028917,936903658,1108692354,4648660,20,196085,604680000,1097000
QQQ,5000000000,pinned_fork_costs,fixed_40,2026-09-07,1788739293000,1789154987000,146058458,-14803287,160861745,228095858,1759342,7,79248,415915000,1079000
QQQ,5000000000,pinned_fork_costs,fixed_80,2026-07-27,1785196800000,1785196800000,0,0,0,0,0,0,0,0,0
QQQ,5000000000,pinned_fork_costs,fixed_80,2026-08-03,1785715200000,1785715200000,0,0,0,0,0,0,0,0,0
QQQ,5000000000,pinned_fork_costs,fixed_80,2026-08-10,1786320000000,1786320000000,0,0,0,0,0,0,0,0,0
QQQ,5000000000,pinned_fork_costs,fixed_80,2026-08-17,1786924800000,1786924800000,0,0,0,0,0,0,0,0,0
QQQ,5000000000,pinned_fork_costs,fixed_80,2026-08-24,1787529600000,1788134392000,305258504,-1745320,307003824,305203345,185706,1,29040,112961000,21000
QQQ,5000000000,pinned_fork_costs,fixed_80,2026-08-31,1788134402000,1788739072000,516292174,-1028917,517321091,592764144,1394598,6,196085,604680000,279000
QQQ,5000000000,pinned_fork_costs,fixed_80,2026-09-07,1788739293000,1789154987000,49082218,-14803287,63885505,111026603,829610,3,79248,415915000,256000
QQQ,5000000000,pinned_fork_costs,fixed_160,2026-07-27,1785196800000,1785196800000,0,0,0,0,0,0,0,0,0
QQQ,5000000000,pinned_fork_costs,fixed_160,2026-08-03,1785715200000,1785715200000,0,0,0,0,0,0,0,0,0
QQQ,5000000000,pinned_fork_costs,fixed_160,2026-08-10,1786320000000,1786320000000,0,0,0,0,0,0,0,0,0
QQQ,5000000000,pinned_fork_costs,fixed_160,2026-08-17,1786924800000,1786924800000,0,0,0,0,0,0,0,0,0
QQQ,5000000000,pinned_fork_costs,fixed_160,2026-08-24,1787529600000,1788134392000,201067278,-1745320,202812598,199575655,185706,1,29040,108268000,0
QQQ,5000000000,pinned_fork_costs,fixed_160,2026-08-31,1788134402000,1788739072000,256818135,-1028917,257847052,302853994,464866,2,196085,604680000,66000
QQQ,5000000000,pinned_fork_costs,fixed_160,2026-09-07,1788739293000,1789154987000,37576902,-14803287,52380189,53499347,132311,0,79248,415915000,0
QQQ,5000000000,pinned_fork_costs,adaptive_width,2026-07-27,1785196800000,1785196800000,0,0,0,0,0,0,0,0,0
QQQ,5000000000,pinned_fork_costs,adaptive_width,2026-08-03,1785715200000,1785715200000,0,0,0,0,0,0,0,0,0
QQQ,5000000000,pinned_fork_costs,adaptive_width,2026-08-10,1786320000000,1786320000000,0,0,0,0,0,0,0,0,0
QQQ,5000000000,pinned_fork_costs,adaptive_width,2026-08-17,1786924800000,1786924800000,0,0,0,0,0,0,0,0,0
QQQ,5000000000,pinned_fork_costs,adaptive_width,2026-08-24,1787529600000,1788134392000,240144933,-1745320,241890253,241949241,185706,1,29040,72315000,6000
QQQ,5000000000,pinned_fork_costs,adaptive_width,2026-08-31,1788134402000,1788739072000,547515914,-1028917,548544831,619058834,1859464,8,196085,604680000,761000
QQQ,5000000000,pinned_fork_costs,adaptive_width,2026-09-07,1788739293000,1789154987000,42995084,-14803287,57798371,56681821,132311,0,79248,415915000,0
QQQ,5000000000,pinned_fork_costs,adaptive_economic,2026-07-27,1785196800000,1785196800000,0,0,0,0,0,0,0,0,0
QQQ,5000000000,pinned_fork_costs,adaptive_economic,2026-08-03,1785715200000,1785715200000,0,0,0,0,0,0,0,0,0
QQQ,5000000000,pinned_fork_costs,adaptive_economic,2026-08-10,1786320000000,1786320000000,0,0,0,0,0,0,0,0,0
QQQ,5000000000,pinned_fork_costs,adaptive_economic,2026-08-17,1786924800000,1786924800000,0,0,0,0,0,0,0,0,0
QQQ,5000000000,pinned_fork_costs,adaptive_economic,2026-08-24,1787529600000,1788134392000,240144933,-1745320,241890253,241949241,185706,1,29040,72315000,6000
QQQ,5000000000,pinned_fork_costs,adaptive_economic,2026-08-31,1788134402000,1788739072000,459852146,-1028917,460881063,523539135,1162165,5,196085,604680000,377552000
QQQ,5000000000,pinned_fork_costs,adaptive_economic,2026-09-07,1788739293000,1789154987000,69272831,-14803287,84076118,70260643,132311,0,79248,415915000,327902000
QQQ,5000000000,double_gas_half_fees,fixed_20,2026-07-27,1785196800000,1785196800000,0,0,0,0,0,0,0,0,0
QQQ,5000000000,double_gas_half_fees,fixed_20,2026-08-03,1785715200000,1785715200000,0,0,0,0,0,0,0,0,0
QQQ,5000000000,double_gas_half_fees,fixed_20,2026-08-10,1786320000000,1786320000000,0,0,0,0,0,0,0,0,0
QQQ,5000000000,double_gas_half_fees,fixed_20,2026-08-17,1786924800000,1786924800000,0,0,0,0,0,0,0,0,0
QQQ,5000000000,double_gas_half_fees,fixed_20,2026-08-24,1787529600000,1788134392000,226265151,-1798690,228063841,267407625,4555206,10,29040,112961000,954000
QQQ,5000000000,double_gas_half_fees,fixed_20,2026-08-31,1788134402000,1788739072000,562957184,-1028917,563986101,898839400,29286558,63,196085,604680000,3459000
QQQ,5000000000,double_gas_half_fees,fixed_20,2026-09-07,1788739293000,1789154987000,1537134,-14868599,16405733,185926880,13745736,29,79248,415915000,4548000
QQQ,5000000000,double_gas_half_fees,fixed_40,2026-07-27,1785196800000,1785196800000,0,0,0,0,0,0,0,0,0
QQQ,5000000000,double_gas_half_fees,fixed_40,2026-08-03,1785715200000,1785715200000,0,0,0,0,0,0,0,0,0
QQQ,5000000000,double_gas_half_fees,fixed_40,2026-08-10,1786320000000,1786320000000,0,0,0,0,0,0,0,0,0
QQQ,5000000000,double_gas_half_fees,fixed_40,2026-08-17,1786924800000,1786924800000,0,0,0,0,0,0,0,0,0
QQQ,5000000000,double_gas_half_fees,fixed_40,2026-08-24,1787529600000,1788134392000,221241449,-1798690,223040139,227361015,836278,2,29040,112961000,107000
QQQ,5000000000,double_gas_half_fees,fixed_40,2026-08-31,1788134402000,1788739072000,366447283,-1028917,367476200,524039164,8832454,19,196085,604680000,962000
QQQ,5000000000,double_gas_half_fees,fixed_40,2026-09-07,1788739293000,1789154987000,27220194,-14868599,42088793,101909189,3518684,7,79248,415915000,1079000
QQQ,5000000000,double_gas_half_fees,fixed_80,2026-07-27,1785196800000,1785196800000,0,0,0,0,0,0,0,0,0
QQQ,5000000000,double_gas_half_fees,fixed_80,2026-08-03,1785715200000,1785715200000,0,0,0,0,0,0,0,0,0
QQQ,5000000000,double_gas_half_fees,fixed_80,2026-08-10,1786320000000,1786320000000,0,0,0,0,0,0,0,0,0
QQQ,5000000000,double_gas_half_fees,fixed_80,2026-08-17,1786924800000,1786924800000,0,0,0,0,0,0,0,0,0
QQQ,5000000000,double_gas_half_fees,fixed_80,2026-08-24,1787529600000,1788134392000,152501118,-1798690,154299808,152597982,371412,1,29040,112961000,21000
QQQ,5000000000,double_gas_half_fees,fixed_80,2026-08-31,1788134402000,1788739072000,208570657,-1028917,209599574,285223516,2789196,6,196085,604680000,279000
QQQ,5000000000,double_gas_half_fees,fixed_80,2026-09-07,1788739293000,1789154987000,-6717394,-14868599,8151205,51226035,1659220,3,79248,415915000,256000
QQQ,5000000000,double_gas_half_fees,fixed_160,2026-07-27,1785196800000,1785196800000,0,0,0,0,0,0,0,0,0
QQQ,5000000000,double_gas_half_fees,fixed_160,2026-08-03,1785715200000,1785715200000,0,0,0,0,0,0,0,0,0
QQQ,5000000000,double_gas_half_fees,fixed_160,2026-08-10,1786320000000,1786320000000,0,0,0,0,0,0,0,0,0
QQQ,5000000000,double_gas_half_fees,fixed_160,2026-08-17,1786924800000,1786924800000,0,0,0,0,0,0,0,0,0
QQQ,5000000000,double_gas_half_fees,fixed_160,2026-08-24,1787529600000,1788134392000,101132751,-1798690,102931441,99784191,371412,1,29040,108268000,0
QQQ,5000000000,double_gas_half_fees,fixed_160,2026-08-31,1788134402000,1788739072000,101830126,-1028917,102859043,148549395,929732,2,196085,604680000,66000
QQQ,5000000000,double_gas_half_fees,fixed_160,2026-09-07,1788739293000,1789154987000,10165289,-14868599,25033888,25555379,264622,0,79248,415915000,0
QQQ,5000000000,double_gas_half_fees,adaptive_width,2026-07-27,1785196800000,1785196800000,0,0,0,0,0,0,0,0,0
QQQ,5000000000,double_gas_half_fees,adaptive_width,2026-08-03,1785715200000,1785715200000,0,0,0,0,0,0,0,0,0
QQQ,5000000000,double_gas_half_fees,adaptive_width,2026-08-10,1786320000000,1786320000000,0,0,0,0,0,0,0,0,0
QQQ,5000000000,double_gas_half_fees,adaptive_width,2026-08-17,1786924800000,1786924800000,0,0,0,0,0,0,0,0,0
QQQ,5000000000,double_gas_half_fees,adaptive_width,2026-08-24,1787529600000,1788134392000,119073806,-1798690,120872496,120971425,371412,1,29040,72315000,6000
QQQ,5000000000,double_gas_half_fees,adaptive_width,2026-08-31,1788134402000,1788739072000,108704330,-1028917,109733247,208030118,5113526,11,196085,604680000,831000
QQQ,5000000000,double_gas_half_fees,adaptive_width,2026-09-07,1788739293000,1789154987000,-45329286,-14868599,-30460687,63378473,7702478,16,79248,415915000,2964000
QQQ,5000000000,double_gas_half_fees,adaptive_economic,2026-07-27,1785196800000,1785196800000,0,0,0,0,0,0,0,0,0
QQQ,5000000000,double_gas_half_fees,adaptive_economic,2026-08-03,1785715200000,1785715200000,0,0,0,0,0,0,0,0,0
QQQ,5000000000,double_gas_half_fees,adaptive_economic,2026-08-10,1786320000000,1786320000000,0,0,0,0,0,0,0,0,0
QQQ,5000000000,double_gas_half_fees,adaptive_economic,2026-08-17,1786924800000,1786924800000,0,0,0,0,0,0,0,0,0
QQQ,5000000000,double_gas_half_fees,adaptive_economic,2026-08-24,1787529600000,1788134392000,119073806,-1798690,120872496,120971425,371412,1,29040,72315000,6000
QQQ,5000000000,double_gas_half_fees,adaptive_economic,2026-08-31,1788134402000,1788739072000,101651652,-1028917,102680569,155903722,1859464,4,196085,604680000,243631000
QQQ,5000000000,double_gas_half_fees,adaptive_economic,2026-09-07,1788739293000,1789154987000,20370756,-14868599,35239355,22680323,264622,0,79248,415915000,168969000
QQQ,5000000000,partial_mint_failure,fixed_20,2026-07-27,1785196800000,1785196800000,0,0,0,0,0,0,0,0,0
QQQ,5000000000,partial_mint_failure,fixed_20,2026-08-03,1785715200000,1785715200000,0,0,0,0,0,0,0,0,0
QQQ,5000000000,partial_mint_failure,fixed_20,2026-08-10,1786320000000,1786320000000,0,0,0,0,0,0,0,0,0
QQQ,5000000000,partial_mint_failure,fixed_20,2026-08-17,1786924800000,1786924800000,0,0,0,0,0,0,0,0,0
QQQ,5000000000,partial_mint_failure,fixed_20,2026-08-24,1787529600000,1788134392000,484743441,-1745320,486488761,529838621,2881448,13,29040,109932000,1096000
QQQ,5000000000,partial_mint_failure,fixed_20,2026-08-31,1788134402000,1788739072000,1578457995,-1028917,1579486912,1891762108,15059014,67,196085,592549000,3144000
QQQ,5000000000,partial_mint_failure,fixed_20,2026-09-07,1788739293000,1789154987000,218115543,-14803287,232918830,427244153,7104099,31,79248,410697000,4335000
QQQ,5000000000,partial_mint_failure,fixed_40,2026-07-27,1785196800000,1785196800000,0,0,0,0,0,0,0,0,0
QQQ,5000000000,partial_mint_failure,fixed_40,2026-08-03,1785715200000,1785715200000,0,0,0,0,0,0,0,0,0
QQQ,5000000000,partial_mint_failure,fixed_40,2026-08-10,1786320000000,1786320000000,0,0,0,0,0,0,0,0,0
QQQ,5000000000,partial_mint_failure,fixed_40,2026-08-17,1786924800000,1786924800000,0,0,0,0,0,0,0,0,0
QQQ,5000000000,partial_mint_failure,fixed_40,2026-08-24,1787529600000,1788134392000,363104585,-1745320,364849905,371903982,418139,2,29040,112961000,530000
QQQ,5000000000,partial_mint_failure,fixed_40,2026-08-31,1788134402000,1788739072000,922072968,-1028917,923101885,1078212964,5159051,23,196085,601239000,937000
QQQ,5000000000,partial_mint_failure,fixed_40,2026-09-07,1788739293000,1789154987000,113710939,-14803287,128514226,224976669,2828053,12,79248,414446000,1132000
QQQ,5000000000,partial_mint_failure,fixed_80,2026-07-27,1785196800000,1785196800000,0,0,0,0,0,0,0,0,0
QQQ,5000000000,partial_mint_failure,fixed_80,2026-08-03,1785715200000,1785715200000,0,0,0,0,0,0,0,0,0
QQQ,5000000000,partial_mint_failure,fixed_80,2026-08-10,1786320000000,1786320000000,0,0,0,0,0,0,0,0,0
QQQ,5000000000,partial_mint_failure,fixed_80,2026-08-17,1786924800000,1786924800000,0,0,0,0,0,0,0,0,0
QQQ,5000000000,partial_mint_failure,fixed_80,2026-08-24,1787529600000,1788134392000,305258504,-1745320,307003824,305203345,185706,1,29040,112961000,21000
QQQ,5000000000,partial_mint_failure,fixed_80,2026-08-31,1788134402000,1788739072000,522421254,-1028917,523450171,592433326,1347871,6,196085,604028000,229000
QQQ,5000000000,partial_mint_failure,fixed_80,2026-09-07,1788739293000,1789154987000,42753252,-14803287,57556539,111083955,1062043,4,79248,415915000,299000
QQQ,5000000000,partial_mint_failure,fixed_160,2026-07-27,1785196800000,1785196800000,0,0,0,0,0,0,0,0,0
QQQ,5000000000,partial_mint_failure,fixed_160,2026-08-03,1785715200000,1785715200000,0,0,0,0,0,0,0,0,0
QQQ,5000000000,partial_mint_failure,fixed_160,2026-08-10,1786320000000,1786320000000,0,0,0,0,0,0,0,0,0
QQQ,5000000000,partial_mint_failure,fixed_160,2026-08-17,1786924800000,1786924800000,0,0,0,0,0,0,0,0,0
QQQ,5000000000,partial_mint_failure,fixed_160,2026-08-24,1787529600000,1788134392000,201067278,-1745320,202812598,199575655,185706,1,29040,108268000,0
QQQ,5000000000,partial_mint_failure,fixed_160,2026-08-31,1788134402000,1788739072000,256818135,-1028917,257847052,302853994,464866,2,196085,604680000,66000
QQQ,5000000000,partial_mint_failure,fixed_160,2026-09-07,1788739293000,1789154987000,37576902,-14803287,52380189,53499347,132311,0,79248,415915000,0
QQQ,5000000000,partial_mint_failure,adaptive_width,2026-07-27,1785196800000,1785196800000,0,0,0,0,0,0,0,0,0
QQQ,5000000000,partial_mint_failure,adaptive_width,2026-08-03,1785715200000,1785715200000,0,0,0,0,0,0,0,0,0
QQQ,5000000000,partial_mint_failure,adaptive_width,2026-08-10,1786320000000,1786320000000,0,0,0,0,0,0,0,0,0
QQQ,5000000000,partial_mint_failure,adaptive_width,2026-08-17,1786924800000,1786924800000,0,0,0,0,0,0,0,0,0
QQQ,5000000000,partial_mint_failure,adaptive_width,2026-08-24,1787529600000,1788134392000,240144933,-1745320,241890253,241949241,185706,1,29040,72315000,6000
QQQ,5000000000,partial_mint_failure,adaptive_width,2026-08-31,1788134402000,1788739072000,409346240,-1028917,410375157,502304724,2928175,13,196085,602214000,961000
QQQ,5000000000,partial_mint_failure,adaptive_width,2026-09-07,1788739293000,1789154987000,29664315,-14803287,44467602,160428260,4408357,19,79248,413343000,2729000
QQQ,5000000000,partial_mint_failure,adaptive_economic,2026-07-27,1785196800000,1785196800000,0,0,0,0,0,0,0,0,0
QQQ,5000000000,partial_mint_failure,adaptive_economic,2026-08-03,1785715200000,1785715200000,0,0,0,0,0,0,0,0,0
QQQ,5000000000,partial_mint_failure,adaptive_economic,2026-08-10,1786320000000,1786320000000,0,0,0,0,0,0,0,0,0
QQQ,5000000000,partial_mint_failure,adaptive_economic,2026-08-17,1786924800000,1786924800000,0,0,0,0,0,0,0,0,0
QQQ,5000000000,partial_mint_failure,adaptive_economic,2026-08-24,1787529600000,1788134392000,240144933,-1745320,241890253,241949241,185706,1,29040,72315000,6000
QQQ,5000000000,partial_mint_failure,adaptive_economic,2026-08-31,1788134402000,1788739072000,284906760,-1028917,285935677,339582129,1347871,6,196085,604030000,243652000
QQQ,5000000000,partial_mint_failure,adaptive_economic,2026-09-07,1788739293000,1789154987000,44522174,-14803287,59325461,47012941,132311,0,79248,415915000,168969000
QQQ,1000000000,pinned_fork_costs,fixed_20,2026-07-27,1785196800000,1785196800000,0,0,0,0,0,0,0,0,0
QQQ,1000000000,pinned_fork_costs,fixed_20,2026-08-03,1785715200000,1785715200000,0,0,0,0,0,0,0,0,0
QQQ,1000000000,pinned_fork_costs,fixed_20,2026-08-10,1786320000000,1786320000000,0,0,0,0,0,0,0,0,0
QQQ,1000000000,pinned_fork_costs,fixed_20,2026-08-17,1786924800000,1786924800000,0,0,0,0,0,0,0,0,0
QQQ,1000000000,pinned_fork_costs,fixed_20,2026-08-24,1787529600000,1788134392000,185953365,1162922,184790443,214187490,5996531,26,29040,112961000,1242000
QQQ,1000000000,pinned_fork_costs,fixed_20,2026-08-31,1788134402000,1788739072000,494030401,-206423,494236824,579641749,14643279,63,196085,604680000,3459000
QQQ,1000000000,pinned_fork_costs,fixed_20,2026-09-07,1788739293000,1789154987000,68311781,-3013808,71325589,124409290,6872868,29,79248,415915000,4548000
QQQ,1000000000,pinned_fork_costs,fixed_40,2026-07-27,1785196800000,1785196800000,0,0,0,0,0,0,0,0,0
QQQ,1000000000,pinned_fork_costs,fixed_40,2026-08-03,1785715200000,1785715200000,0,0,0,0,0,0,0,0,0
QQQ,1000000000,pinned_fork_costs,fixed_40,2026-08-10,1786320000000,1786320000000,0,0,0,0,0,0,0,0,0
QQQ,1000000000,pinned_fork_costs,fixed_40,2026-08-17,1786924800000,1786924800000,0,0,0,0,0,0,0,0,0
QQQ,1000000000,pinned_fork_costs,fixed_40,2026-08-24,1787529600000,1788134392000,156461643,1162922,155298721,165660366,1812737,8,29040,112961000,161000
QQQ,1000000000,pinned_fork_costs,fixed_40,2026-08-31,1788134402000,1788739072000,251200250,-206423,251406673,287221964,4416227,19,196085,604680000,962000
QQQ,1000000000,pinned_fork_costs,fixed_40,2026-09-07,1788739293000,1789154987000,36007500,-3013808,39021308,55384367,1759342,7,79248,415915000,1079000
QQQ,1000000000,pinned_fork_costs,fixed_80,2026-07-27,1785196800000,1785196800000,0,0,0,0,0,0,0,0,0
QQQ,1000000000,pinned_fork_costs,fixed_80,2026-08-03,1785715200000,1785715200000,0,0,0,0,0,0,0,0,0
QQQ,1000000000,pinned_fork_costs,fixed_80,2026-08-10,1786320000000,1786320000000,0,0,0,0,0,0,0,0,0
QQQ,1000000000,pinned_fork_costs,fixed_80,2026-08-17,1786924800000,1786924800000,0,0,0,0,0,0,0,0,0
QQQ,1000000000,pinned_fork_costs,fixed_80,2026-08-24,1787529600000,1788134392000,91218681,1162922,90055759,93741541,418139,2,29040,112961000,16000
QQQ,1000000000,pinned_fork_costs,fixed_80,2026-08-31,1788134402000,1788739072000,121491533,-206423,121697956,136077077,1162165,5,196085,604680000,199000
QQQ,1000000000,pinned_fork_costs,fixed_80,2026-09-07,1788739293000,1789154987000,16900151,-3013808,19913959,24121746,364744,1,79248,415915000,38000
QQQ,1000000000,pinned_fork_costs,fixed_160,2026-07-27,1785196800000,1785196800000,0,0,0,0,0,0,0,0,0
QQQ,1000000000,pinned_fork_costs,fixed_160,2026-08-03,1785715200000,1785715200000,0,0,0,0,0,0,0,0,0
QQQ,1000000000,pinned_fork_costs,fixed_160,2026-08-10,1786320000000,1786320000000,0,0,0,0,0,0,0,0,0
QQQ,1000000000,pinned_fork_costs,fixed_160,2026-08-17,1786924800000,1786924800000,0,0,0,0,0,0,0,0,0
QQQ,1000000000,pinned_fork_costs,fixed_160,2026-08-24,1787529600000,1788134392000,55905179,1162922,54742257,55448975,185706,1,29040,112961000,0
QQQ,1000000000,pinned_fork_costs,fixed_160,2026-08-31,1788134402000,1788739072000,55329854,-206423,55536277,64795418,464866,2,196085,604680000,86000
QQQ,1000000000,pinned_fork_costs,fixed_160,2026-09-07,1788739293000,1789154987000,7773750,-3013808,10787558,11092179,132311,0,79248,415915000,0
QQQ,1000000000,pinned_fork_costs,adaptive_width,2026-07-27,1785196800000,1785196800000,0,0,0,0,0,0,0,0,0
QQQ,1000000000,pinned_fork_costs,adaptive_width,2026-08-03,1785715200000,1785715200000,0,0,0,0,0,0,0,0,0
QQQ,1000000000,pinned_fork_costs,adaptive_width,2026-08-10,1786320000000,1786320000000,0,0,0,0,0,0,0,0,0
QQQ,1000000000,pinned_fork_costs,adaptive_width,2026-08-17,1786924800000,1786924800000,0,0,0,0,0,0,0,0,0
QQQ,1000000000,pinned_fork_costs,adaptive_width,2026-08-24,1787529600000,1788134392000,167156607,1162922,165993685,198609200,7158696,31,29040,100077000,1398000
QQQ,1000000000,pinned_fork_costs,adaptive_width,2026-08-31,1788134402000,1788739072000,184484072,-206423,184690495,221342488,5810825,25,196085,604680000,1336000
QQQ,1000000000,pinned_fork_costs,adaptive_width,2026-09-07,1788739293000,1789154987000,10307825,-3013808,13321633,13606676,132311,0,79248,415915000,0
QQQ,1000000000,pinned_fork_costs,adaptive_economic,2026-07-27,1785196800000,1785196800000,0,0,0,0,0,0,0,0,0
QQQ,1000000000,pinned_fork_costs,adaptive_economic,2026-08-03,1785715200000,1785715200000,0,0,0,0,0,0,0,0,0
QQQ,1000000000,pinned_fork_costs,adaptive_economic,2026-08-10,1786320000000,1786320000000,0,0,0,0,0,0,0,0,0
QQQ,1000000000,pinned_fork_costs,adaptive_economic,2026-08-17,1786924800000,1786924800000,0,0,0,0,0,0,0,0,0
QQQ,1000000000,pinned_fork_costs,adaptive_economic,2026-08-24,1787529600000,1788134392000,154113590,1162922,152950668,160031190,1347871,6,29040,100077000,15940000
QQQ,1000000000,pinned_fork_costs,adaptive_economic,2026-08-31,1788134402000,1788739072000,290509628,-206423,290716051,324711161,3254062,14,196085,604680000,414143000
QQQ,1000000000,pinned_fork_costs,adaptive_economic,2026-09-07,1788739293000,1789154987000,64142041,-3013808,67155849,67820589,364744,1,79248,415915000,363487000
QQQ,1000000000,double_gas_half_fees,fixed_20,2026-07-27,1785196800000,1785196800000,0,0,0,0,0,0,0,0,0
QQQ,1000000000,double_gas_half_fees,fixed_20,2026-08-03,1785715200000,1785715200000,0,0,0,0,0,0,0,0,0
QQQ,1000000000,double_gas_half_fees,fixed_20,2026-08-10,1786320000000,1786320000000,0,0,0,0,0,0,0,0,0
QQQ,1000000000,double_gas_half_fees,fixed_20,2026-08-17,1786924800000,1786924800000,0,0,0,0,0,0,0,0,0
QQQ,1000000000,double_gas_half_fees,fixed_20,2026-08-24,1787529600000,1788134392000,70411005,1109552,69301453,103484034,11993062,26,29040,112961000,1242000
QQQ,1000000000,double_gas_half_fees,fixed_20,2026-08-31,1788134402000,1788739072000,153185405,-206423,153391828,242823913,29286558,63,196085,604680000,3459000
QQQ,1000000000,double_gas_half_fees,fixed_20,2026-09-07,1788739293000,1789154987000,-3703811,-3079120,-624691,46242430,13745736,29,79248,415915000,4548000
QQQ,1000000000,double_gas_half_fees,fixed_40,2026-07-27,1785196800000,1785196800000,0,0,0,0,0,0,0,0,0
QQQ,1000000000,double_gas_half_fees,fixed_40,2026-08-03,1785715200000,1785715200000,0,0,0,0,0,0,0,0,0
QQQ,1000000000,double_gas_half_fees,fixed_40,2026-08-10,1786320000000,1786320000000,0,0,0,0,0,0,0,0,0
QQQ,1000000000,double_gas_half_fees,fixed_40,2026-08-17,1786924800000,1786924800000,0,0,0,0,0,0,0,0,0
QQQ,1000000000,double_gas_half_fees,fixed_40,2026-08-24,1787529600000,1788134392000,70622384,1109552,69512832,81348165,3625474,8,29040,112961000,161000
QQQ,1000000000,double_gas_half_fees,fixed_40,2026-08-31,1788134402000,1788739072000,90489242,-206423,90695665,127903201,8832454,19,196085,604680000,962000
QQQ,1000000000,double_gas_half_fees,fixed_40,2026-09-07,1788739293000,1789154987000,4810287,-3079120,7889407,22957639,3518684,7,79248,415915000,1079000
QQQ,1000000000,double_gas_half_fees,fixed_80,2026-07-27,1785196800000,1785196800000,0,0,0,0,0,0,0,0,0
QQQ,1000000000,double_gas_half_fees,fixed_80,2026-08-03,1785715200000,1785715200000,0,0,0,0,0,0,0,0,0
QQQ,1000000000,double_gas_half_fees,fixed_80,2026-08-10,1786320000000,1786320000000,0,0,0,0,0,0,0,0,0
QQQ,1000000000,double_gas_half_fees,fixed_80,2026-08-17,1786924800000,1786924800000,0,0,0,0,0,0,0,0,0
QQQ,1000000000,double_gas_half_fees,fixed_80,2026-08-24,1787529600000,1788134392000,43884571,1109552,42775019,46770824,836278,2,29040,112961000,16000
QQQ,1000000000,double_gas_half_fees,fixed_80,2026-08-31,1788134402000,1788739072000,48684392,-206423,48890815,63996422,2324330,5,196085,604680000,199000
QQQ,1000000000,double_gas_half_fees,fixed_80,2026-09-07,1788739293000,1789154987000,3923729,-3079120,7002849,10873049,729488,1,79248,415915000,38000
QQQ,1000000000,double_gas_half_fees,fixed_160,2026-07-27,1785196800000,1785196800000,0,0,0,0,0,0,0,0,0
QQQ,1000000000,double_gas_half_fees,fixed_160,2026-08-03,1785715200000,1785715200000,0,0,0,0,0,0,0,0,0
QQQ,1000000000,double_gas_half_fees,fixed_160,2026-08-10,1786320000000,1786320000000,0,0,0,0,0,0,0,0,0
QQQ,1000000000,double_gas_half_fees,fixed_160,2026-08-17,1786924800000,1786924800000,0,0,0,0,0,0,0,0,0
QQQ,1000000000,double_gas_half_fees,fixed_160,2026-08-24,1787529600000,1788134392000,28002479,1109552,26892927,27720704,371412,1,29040,112961000,0
QQQ,1000000000,double_gas_half_fees,fixed_160,2026-08-31,1788134402000,1788739072000,21661568,-206423,21867991,31605894,929732,2,196085,604680000,86000
QQQ,1000000000,double_gas_half_fees,fixed_160,2026-09-07,1788739293000,1789154987000,1949525,-3079120,5028645,5240740,264622,0,79248,415915000,0
QQQ,1000000000,double_gas_half_fees,adaptive_width,2026-07-27,1785196800000,1785196800000,0,0,0,0,0,0,0,0,0
QQQ,1000000000,double_gas_half_fees,adaptive_width,2026-08-03,1785715200000,1785715200000,0,0,0,0,0,0,0,0,0
QQQ,1000000000,double_gas_half_fees,adaptive_width,2026-08-10,1786320000000,1786320000000,0,0,0,0,0,0,0,0,0
QQQ,1000000000,double_gas_half_fees,adaptive_width,2026-08-17,1786924800000,1786924800000,0,0,0,0,0,0,0,0,0
QQQ,1000000000,double_gas_half_fees,adaptive_width,2026-08-24,1787529600000,1788134392000,45497372,1109552,44387820,50164842,1766010,4,29040,100077000,77000
QQQ,1000000000,double_gas_half_fees,adaptive_width,2026-08-31,1788134402000,1788739072000,13536278,-206423,13742701,49193706,8832454,19,196085,604680000,1040000
QQQ,1000000000,double_gas_half_fees,adaptive_width,2026-09-07,1788739293000,1789154987000,-14545640,-3079120,-11466520,13470231,7702478,16,79248,415915000,2964000
QQQ,1000000000,double_gas_half_fees,adaptive_economic,2026-07-27,1785196800000,1785196800000,0,0,0,0,0,0,0,0,0
QQQ,1000000000,double_gas_half_fees,adaptive_economic,2026-08-03,1785715200000,1785715200000,0,0,0,0,0,0,0,0,0
QQQ,1000000000,double_gas_half_fees,adaptive_economic,2026-08-10,1786320000000,1786320000000,0,0,0,0,0,0,0,0,0
QQQ,1000000000,double_gas_half_fees,adaptive_economic,2026-08-17,1786924800000,1786924800000,0,0,0,0,0,0,0,0,0
QQQ,1000000000,double_gas_half_fees,adaptive_economic,2026-08-24,1787529600000,1788134392000,45058333,1109552,43948781,50044755,1766010,4,29040,100077000,636000
QQQ,1000000000,double_gas_half_fees,adaptive_economic,2026-08-31,1788134402000,1788739072000,60200032,-206423,60406455,80443061,2324330,5,196085,604680000,526265000
QQQ,1000000000,double_gas_half_fees,adaptive_economic,2026-09-07,1788739293000,1789154987000,8822504,-3079120,11901624,9102388,264622,0,79248,415915000,401941000
QQQ,1000000000,partial_mint_failure,fixed_20,2026-07-27,1785196800000,1785196800000,0,0,0,0,0,0,0,0,0
QQQ,1000000000,partial_mint_failure,fixed_20,2026-08-03,1785715200000,1785715200000,0,0,0,0,0,0,0,0,0
QQQ,1000000000,partial_mint_failure,fixed_20,2026-08-10,1786320000000,1786320000000,0,0,0,0,0,0,0,0,0
QQQ,1000000000,partial_mint_failure,fixed_20,2026-08-17,1786924800000,1786924800000,0,0,0,0,0,0,0,0,0
QQQ,1000000000,partial_mint_failure,fixed_20,2026-08-24,1787529600000,1788134392000,172946411,1162922,171783489,195912246,5577190,25,29040,106824000,959000
QQQ,1000000000,partial_mint_failure,fixed_20,2026-08-31,1788134402000,1788739072000,457909241,-206423,458115664,536229677,15059014,67,196085,591544000,3284000
QQQ,1000000000,partial_mint_failure,fixed_20,2026-09-07,1788739293000,1789154987000,64659381,-3013808,67673189,116821855,7104099,31,79248,410697000,4335000
QQQ,1000000000,partial_mint_failure,fixed_40,2026-07-27,1785196800000,1785196800000,0,0,0,0,0,0,0,0,0
QQQ,1000000000,partial_mint_failure,fixed_40,2026-08-03,1785715200000,1785715200000,0,0,0,0,0,0,0,0,0
QQQ,1000000000,partial_mint_failure,fixed_40,2026-08-10,1786320000000,1786320000000,0,0,0,0,0,0,0,0,0
QQQ,1000000000,partial_mint_failure,fixed_40,2026-08-17,1786924800000,1786924800000,0,0,0,0,0,0,0,0,0
QQQ,1000000000,partial_mint_failure,fixed_40,2026-08-24,1787529600000,1788134392000,134624150,1162922,133461228,148089526,2463309,11,29040,111390000,278000
QQQ,1000000000,partial_mint_failure,fixed_40,2026-08-31,1788134402000,1788739072000,251698081,-206423,251904504,283264507,4461752,20,196085,602058000,780000
QQQ,1000000000,partial_mint_failure,fixed_40,2026-09-07,1788739293000,1789154987000,28054306,-3013808,31068114,53970752,2828053,12,79248,414446000,1132000
QQQ,1000000000,partial_mint_failure,fixed_80,2026-07-27,1785196800000,1785196800000,0,0,0,0,0,0,0,0,0
QQQ,1000000000,partial_mint_failure,fixed_80,2026-08-03,1785715200000,1785715200000,0,0,0,0,0,0,0,0,0
QQQ,1000000000,partial_mint_failure,fixed_80,2026-08-10,1786320000000,1786320000000,0,0,0,0,0,0,0,0,0
QQQ,1000000000,partial_mint_failure,fixed_80,2026-08-17,1786924800000,1786924800000,0,0,0,0,0,0,0,0,0
QQQ,1000000000,partial_mint_failure,fixed_80,2026-08-24,1787529600000,1788134392000,91218681,1162922,90055759,93741541,418139,2,29040,112961000,16000
QQQ,1000000000,partial_mint_failure,fixed_80,2026-08-31,1788134402000,1788739072000,121212385,-206423,121418808,136067972,1347871,6,196085,603942000,230000
QQQ,1000000000,partial_mint_failure,fixed_80,2026-09-07,1788739293000,1789154987000,14647213,-3013808,17661021,24123255,597177,2,79248,415915000,109000
QQQ,1000000000,partial_mint_failure,fixed_160,2026-07-27,1785196800000,1785196800000,0,0,0,0,0,0,0,0,0
QQQ,1000000000,partial_mint_failure,fixed_160,2026-08-03,1785715200000,1785715200000,0,0,0,0,0,0,0,0,0
QQQ,1000000000,partial_mint_failure,fixed_160,2026-08-10,1786320000000,1786320000000,0,0,0,0,0,0,0,0,0
QQQ,1000000000,partial_mint_failure,fixed_160,2026-08-17,1786924800000,1786924800000,0,0,0,0,0,0,0,0,0
QQQ,1000000000,partial_mint_failure,fixed_160,2026-08-24,1787529600000,1788134392000,55905179,1162922,54742257,55448975,185706,1,29040,112961000,0
QQQ,1000000000,partial_mint_failure,fixed_160,2026-08-31,1788134402000,1788739072000,55329854,-206423,55536277,64795418,464866,2,196085,604680000,86000
QQQ,1000000000,partial_mint_failure,fixed_160,2026-09-07,1788739293000,1789154987000,7773750,-3013808,10787558,11092179,132311,0,79248,415915000,0
QQQ,1000000000,partial_mint_failure,adaptive_width,2026-07-27,1785196800000,1785196800000,0,0,0,0,0,0,0,0,0
QQQ,1000000000,partial_mint_failure,adaptive_width,2026-08-03,1785715200000,1785715200000,0,0,0,0,0,0,0,0,0
QQQ,1000000000,partial_mint_failure,adaptive_width,2026-08-10,1786320000000,1786320000000,0,0,0,0,0,0,0,0,0
QQQ,1000000000,partial_mint_failure,adaptive_width,2026-08-17,1786924800000,1786924800000,0,0,0,0,0,0,0,0,0
QQQ,1000000000,partial_mint_failure,adaptive_width,2026-08-24,1787529600000,1788134392000,185378516,1162922,184215594,204332583,5159051,23,29040,93773000,1098000
QQQ,1000000000,partial_mint_failure,adaptive_width,2026-08-31,1788134402000,1788739072000,127279597,-206423,127486020,164117632,5809623,26,196085,598211000,1345000
QQQ,1000000000,partial_mint_failure,adaptive_width,2026-09-07,1788739293000,1789154987000,32654512,-3013808,35668320,62478621,4175924,18,79248,410812000,2485000
QQQ,1000000000,partial_mint_failure,adaptive_economic,2026-07-27,1785196800000,1785196800000,0,0,0,0,0,0,0,0,0
QQQ,1000000000,partial_mint_failure,adaptive_economic,2026-08-03,1785715200000,1785715200000,0,0,0,0,0,0,0,0,0
QQQ,1000000000,partial_mint_failure,adaptive_economic,2026-08-10,1786320000000,1786320000000,0,0,0,0,0,0,0,0,0
QQQ,1000000000,partial_mint_failure,adaptive_economic,2026-08-17,1786924800000,1786924800000,0,0,0,0,0,0,0,0,0
QQQ,1000000000,partial_mint_failure,adaptive_economic,2026-08-24,1787529600000,1788134392000,153638545,1162922,152475623,159674636,1533577,7,29040,99242000,15940000
QQQ,1000000000,partial_mint_failure,adaptive_economic,2026-08-31,1788134402000,1788739072000,310508222,-206423,310714645,340580166,2928175,13,196085,602558000,406691000
QQQ,1000000000,partial_mint_failure,adaptive_economic,2026-09-07,1788739293000,1789154987000,64944082,-3013808,67957890,68668106,364744,1,79248,415915000,363487000
QQQ,250000000,pinned_fork_costs,fixed_20,2026-07-27,1785196800000,1785196800000,0,0,0,0,0,0,0,0,0
QQQ,250000000,pinned_fork_costs,fixed_20,2026-08-03,1785715200000,1785715200000,0,0,0,0,0,0,0,0,0
QQQ,250000000,pinned_fork_costs,fixed_20,2026-08-10,1786320000000,1786320000000,0,0,0,0,0,0,0,0,0
QQQ,250000000,pinned_fork_costs,fixed_20,2026-08-17,1786924800000,1786924800000,0,0,0,0,0,0,0,0,0
QQQ,250000000,pinned_fork_costs,fixed_20,2026-08-24,1787529600000,1788134392000,61672069,298521,61373548,72822983,5996531,26,29040,112961000,1242000
QQQ,250000000,pinned_fork_costs,fixed_20,2026-08-31,1788134402000,1788739072000,137954849,-51626,138006475,171188647,14643279,63,196085,604680000,3459000
QQQ,250000000,pinned_fork_costs,fixed_20,2026-09-07,1788739293000,1789154987000,15540278,-802328,16342606,35906398,6872868,29,79248,415915000,4548000
QQQ,250000000,pinned_fork_costs,fixed_40,2026-07-27,1785196800000,1785196800000,0,0,0,0,0,0,0,0,0
QQQ,250000000,pinned_fork_costs,fixed_40,2026-08-03,1785715200000,1785715200000,0,0,0,0,0,0,0,0,0
QQQ,250000000,pinned_fork_costs,fixed_40,2026-08-10,1786320000000,1786320000000,0,0,0,0,0,0,0,0,0
QQQ,250000000,pinned_fork_costs,fixed_40,2026-08-17,1786924800000,1786924800000,0,0,0,0,0,0,0,0,0
QQQ,250000000,pinned_fork_costs,fixed_40,2026-08-24,1787529600000,1788134392000,48789354,298521,48490833,52254053,1812737,8,29040,112961000,161000
QQQ,250000000,pinned_fork_costs,fixed_40,2026-08-31,1788134402000,1788739072000,66339722,-51626,66391348,78739063,4416227,19,196085,604680000,962000
QQQ,250000000,pinned_fork_costs,fixed_40,2026-09-07,1788739293000,1789154987000,8455311,-802328,9257639,14803748,1759342,7,79248,415915000,1079000
QQQ,250000000,pinned_fork_costs,fixed_80,2026-07-27,1785196800000,1785196800000,0,0,0,0,0,0,0,0,0
QQQ,250000000,pinned_fork_costs,fixed_80,2026-08-03,1785715200000,1785715200000,0,0,0,0,0,0,0,0,0
QQQ,250000000,pinned_fork_costs,fixed_80,2026-08-10,1786320000000,1786320000000,0,0,0,0,0,0,0,0,0
QQQ,250000000,pinned_fork_costs,fixed_80,2026-08-17,1786924800000,1786924800000,0,0,0,0,0,0,0,0,0
QQQ,250000000,pinned_fork_costs,fixed_80,2026-08-24,1787529600000,1788134392000,25826972,298521,25528451,26724280,418139,2,29040,112961000,16000
QQQ,250000000,pinned_fork_costs,fixed_80,2026-08-31,1788134402000,1788739072000,30858360,-51626,30909986,35332219,1162165,5,196085,604680000,199000
QQQ,250000000,pinned_fork_costs,fixed_80,2026-09-07,1788739293000,1789154987000,4074029,-802328,4876357,6159335,364744,1,79248,415915000,38000
QQQ,250000000,pinned_fork_costs,fixed_160,2026-07-27,1785196800000,1785196800000,0,0,0,0,0,0,0,0,0
QQQ,250000000,pinned_fork_costs,fixed_160,2026-08-03,1785715200000,1785715200000,0,0,0,0,0,0,0,0,0
QQQ,250000000,pinned_fork_costs,fixed_160,2026-08-10,1786320000000,1786320000000,0,0,0,0,0,0,0,0,0
QQQ,250000000,pinned_fork_costs,fixed_160,2026-08-17,1786924800000,1786924800000,0,0,0,0,0,0,0,0,0
QQQ,250000000,pinned_fork_costs,fixed_160,2026-08-24,1787529600000,1788134392000,14972197,298521,14673676,14951595,185706,1,29040,112961000,0
QQQ,250000000,pinned_fork_costs,fixed_160,2026-08-31,1788134402000,1788739072000,13735329,-51626,13786955,16408679,464866,2,196085,604680000,86000
QQQ,250000000,pinned_fork_costs,fixed_160,2026-09-07,1788739293000,1789154987000,1865207,-802328,2667535,2783811,132311,0,79248,415915000,0
QQQ,250000000,pinned_fork_costs,adaptive_width,2026-07-27,1785196800000,1785196800000,0,0,0,0,0,0,0,0,0
QQQ,250000000,pinned_fork_costs,adaptive_width,2026-08-03,1785715200000,1785715200000,0,0,0,0,0,0,0,0,0
QQQ,250000000,pinned_fork_costs,adaptive_width,2026-08-10,1786320000000,1786320000000,0,0,0,0,0,0,0,0,0
QQQ,250000000,pinned_fork_costs,adaptive_width,2026-08-17,1786924800000,1786924800000,0,0,0,0,0,0,0,0,0
QQQ,250000000,pinned_fork_costs,adaptive_width,2026-08-24,1787529600000,1788134392000,57808489,298521,57509968,68869840,5996531,26,29040,100077000,1241000
QQQ,250000000,pinned_fork_costs,adaptive_width,2026-08-31,1788134402000,1788739072000,130947214,-51626,130998840,160102965,13016248,56,196085,604680000,3007000
QQQ,250000000,pinned_fork_costs,adaptive_width,2026-09-07,1788739293000,1789154987000,3389419,-802328,4191747,4570509,132311,0,79248,415915000,0
QQQ,250000000,pinned_fork_costs,adaptive_economic,2026-07-27,1785196800000,1785196800000,0,0,0,0,0,0,0,0,0
QQQ,250000000,pinned_fork_costs,adaptive_economic,2026-08-03,1785715200000,1785715200000,0,0,0,0,0,0,0,0,0
QQQ,250000000,pinned_fork_costs,adaptive_economic,2026-08-10,1786320000000,1786320000000,0,0,0,0,0,0,0,0,0
QQQ,250000000,pinned_fork_costs,adaptive_economic,2026-08-17,1786924800000,1786924800000,0,0,0,0,0,0,0,0,0
QQQ,250000000,pinned_fork_costs,adaptive_economic,2026-08-24,1787529600000,1788134392000,55608708,298521,55310187,57819976,1115438,5,29040,100077000,15807000
QQQ,250000000,pinned_fork_costs,adaptive_economic,2026-08-31,1788134402000,1788739072000,52569684,-51626,52621310,59020256,1162165,5,196085,604680000,525734000
QQQ,250000000,pinned_fork_costs,adaptive_economic,2026-09-07,1788739293000,1789154987000,5821348,-802328,6623676,5963161,132311,0,79248,415915000,401941000
QQQ,250000000,double_gas_half_fees,fixed_20,2026-07-27,1785196800000,1785196800000,0,0,0,0,0,0,0,0,0
QQQ,250000000,double_gas_half_fees,fixed_20,2026-08-03,1785715200000,1785715200000,0,0,0,0,0,0,0,0,0
QQQ,250000000,double_gas_half_fees,fixed_20,2026-08-10,1786320000000,1786320000000,0,0,0,0,0,0,0,0,0
QQQ,250000000,double_gas_half_fees,fixed_20,2026-08-17,1786924800000,1786924800000,0,0,0,0,0,0,0,0,0
QQQ,250000000,double_gas_half_fees,fixed_20,2026-08-24,1787529600000,1788134392000,17761940,245151,17516789,34543266,11993062,26,29040,112961000,1242000
QQQ,250000000,double_gas_half_fees,fixed_20,2026-08-31,1788134402000,1788739072000,23807267,-51626,23858893,68280525,29286558,63,196085,604680000,3459000
QQQ,250000000,double_gas_half_fees,fixed_20,2026-09-07,1788739293000,1789154987000,-10646248,-867640,-9778608,12553803,13745736,29,79248,415915000,4548000
QQQ,250000000,double_gas_half_fees,fixed_40,2026-07-27,1785196800000,1785196800000,0,0,0,0,0,0,0,0,0
QQQ,250000000,double_gas_half_fees,fixed_40,2026-08-03,1785715200000,1785715200000,0,0,0,0,0,0,0,0,0
QQQ,250000000,double_gas_half_fees,fixed_40,2026-08-10,1786320000000,1786320000000,0,0,0,0,0,0,0,0,0
QQQ,250000000,double_gas_half_fees,fixed_40,2026-08-17,1786924800000,1786924800000,0,0,0,0,0,0,0,0,0
QQQ,250000000,double_gas_half_fees,fixed_40,2026-08-24,1787529600000,1788134392000,20261646,245151,20016495,25457198,3625474,8,29040,112961000,161000
QQQ,250000000,double_gas_half_fees,fixed_40,2026-08-31,1788134402000,1788739072000,18288119,-51626,18339745,34200922,8832454,19,196085,604680000,962000
QQQ,250000000,double_gas_half_fees,fixed_40,2026-09-07,1788739293000,1789154987000,-1275143,-867640,-407503,5965819,3518684,7,79248,415915000,1079000
QQQ,250000000,double_gas_half_fees,fixed_80,2026-07-27,1785196800000,1785196800000,0,0,0,0,0,0,0,0,0
QQQ,250000000,double_gas_half_fees,fixed_80,2026-08-03,1785715200000,1785715200000,0,0,0,0,0,0,0,0,0
QQQ,250000000,double_gas_half_fees,fixed_80,2026-08-10,1786320000000,1786320000000,0,0,0,0,0,0,0,0,0
QQQ,250000000,double_gas_half_fees,fixed_80,2026-08-17,1786924800000,1786924800000,0,0,0,0,0,0,0,0,0
QQQ,250000000,double_gas_half_fees,fixed_80,2026-08-24,1787529600000,1788134392000,12028252,245151,11783101,13327749,836278,2,29040,112961000,16000
QQQ,250000000,double_gas_half_fees,fixed_80,2026-08-31,1788134402000,1788739072000,10961430,-51626,11013056,16473344,2324330,5,196085,604680000,199000
QQQ,250000000,double_gas_half_fees,fixed_80,2026-09-07,1788739293000,1789154987000,468063,-867640,1335703,2747050,729488,1,79248,415915000,38000
QQQ,250000000,double_gas_half_fees,fixed_160,2026-07-27,1785196800000,1785196800000,0,0,0,0,0,0,0,0,0
QQQ,250000000,double_gas_half_fees,fixed_160,2026-08-03,1785715200000,1785715200000,0,0,0,0,0,0,0,0,0
QQQ,250000000,double_gas_half_fees,fixed_160,2026-08-10,1786320000000,1786320000000,0,0,0,0,0,0,0,0,0
QQQ,250000000,double_gas_half_fees,fixed_160,2026-08-17,1786924800000,1786924800000,0,0,0,0,0,0,0,0,0
QQQ,250000000,double_gas_half_fees,fixed_160,2026-08-24,1787529600000,1788134392000,7310164,245151,7065013,7472229,371412,1,29040,112961000,0
QQQ,250000000,double_gas_half_fees,fixed_160,2026-08-31,1788134402000,1788739072000,4834788,-51626,4886414,7975564,929732,2,196085,604680000,86000
QQQ,250000000,double_gas_half_fees,fixed_160,2026-09-07,1788739293000,1789154987000,295667,-867640,1163307,1306344,264622,0,79248,415915000,0
QQQ,250000000,double_gas_half_fees,adaptive_width,2026-07-27,1785196800000,1785196800000,0,0,0,0,0,0,0,0,0
QQQ,250000000,double_gas_half_fees,adaptive_width,2026-08-03,1785715200000,1785715200000,0,0,0,0,0,0,0,0,0
QQQ,250000000,double_gas_half_fees,adaptive_width,2026-08-10,1786320000000,1786320000000,0,0,0,0,0,0,0,0,0
QQQ,250000000,double_gas_half_fees,adaptive_width,2026-08-17,1786924800000,1786924800000,0,0,0,0,0,0,0,0,0
QQQ,250000000,double_gas_half_fees,adaptive_width,2026-08-24,1787529600000,1788134392000,4887326,245151,4642175,16645326,9203866,20,29040,100077000,838000
QQQ,250000000,double_gas_half_fees,adaptive_width,2026-08-31,1788134402000,1788739072000,4338755,-51626,4390381,12722887,4648660,10,196085,604680000,620000
QQQ,250000000,double_gas_half_fees,adaptive_width,2026-09-07,1788739293000,1789154987000,-9957793,-867640,-9090153,3460980,8167344,17,79248,415915000,2599000
QQQ,250000000,double_gas_half_fees,adaptive_economic,2026-07-27,1785196800000,1785196800000,0,0,0,0,0,0,0,0,0
QQQ,250000000,double_gas_half_fees,adaptive_economic,2026-08-03,1785715200000,1785715200000,0,0,0,0,0,0,0,0,0
QQQ,250000000,double_gas_half_fees,adaptive_economic,2026-08-10,1786320000000,1786320000000,0,0,0,0,0,0,0,0,0
QQQ,250000000,double_gas_half_fees,adaptive_economic,2026-08-17,1786924800000,1786924800000,0,0,0,0,0,0,0,0,0
QQQ,250000000,double_gas_half_fees,adaptive_economic,2026-08-24,1787529600000,1788134392000,15882522,245151,15637371,17245505,836278,2,29040,100077000,18601000
QQQ,250000000,double_gas_half_fees,adaptive_economic,2026-08-31,1788134402000,1788739072000,316646,-51626,368272,423330,0,0,196085,604680000,586745000
QQQ,250000000,double_gas_half_fees,adaptive_economic,2026-09-07,1788739293000,1789154987000,-1636325,-867640,-768685,178160,264622,0,79248,415915000,391529000
QQQ,250000000,partial_mint_failure,fixed_20,2026-07-27,1785196800000,1785196800000,0,0,0,0,0,0,0,0,0
QQQ,250000000,partial_mint_failure,fixed_20,2026-08-03,1785715200000,1785715200000,0,0,0,0,0,0,0,0,0
QQQ,250000000,partial_mint_failure,fixed_20,2026-08-10,1786320000000,1786320000000,0,0,0,0,0,0,0,0,0
QQQ,250000000,partial_mint_failure,fixed_20,2026-08-17,1786924800000,1786924800000,0,0,0,0,0,0,0,0,0
QQQ,250000000,partial_mint_failure,fixed_20,2026-08-24,1787529600000,1788134392000,37349777,298521,37051256,44702204,4461752,20,29040,104171000,965000
QQQ,250000000,partial_mint_failure,fixed_20,2026-08-31,1788134402000,1788739072000,114546781,-51626,114598407,144849068,14826581,66,196085,591392000,3276000
QQQ,250000000,partial_mint_failure,fixed_20,2026-09-07,1788739293000,1789154987000,12681961,-802328,13484289,31100987,7104099,31,79248,410697000,4335000
QQQ,250000000,partial_mint_failure,fixed_40,2026-07-27,1785196800000,1785196800000,0,0,0,0,0,0,0,0,0
QQQ,250000000,partial_mint_failure,fixed_40,2026-08-03,1785715200000,1785715200000,0,0,0,0,0,0,0,0,0
QQQ,250000000,partial_mint_failure,fixed_40,2026-08-10,1786320000000,1786320000000,0,0,0,0,0,0,0,0,0
QQQ,250000000,partial_mint_failure,fixed_40,2026-08-17,1786924800000,1786924800000,0,0,0,0,0,0,0,0,0
QQQ,250000000,partial_mint_failure,fixed_40,2026-08-24,1787529600000,1788134392000,41005815,298521,40707294,45955663,2463309,11,29040,111390000,278000
QQQ,250000000,partial_mint_failure,fixed_40,2026-08-31,1788134402000,1788739072000,65848280,-51626,65899906,77111988,4461752,20,196085,602058000,780000
QQQ,250000000,partial_mint_failure,fixed_40,2026-09-07,1788739293000,1789154987000,5550827,-802328,6353155,14338632,2828053,12,79248,414446000,1132000
QQQ,250000000,partial_mint_failure,fixed_80,2026-07-27,1785196800000,1785196800000,0,0,0,0,0,0,0,0,0
QQQ,250000000,partial_mint_failure,fixed_80,2026-08-03,1785715200000,1785715200000,0,0,0,0,0,0,0,0,0
QQQ,250000000,partial_mint_failure,fixed_80,2026-08-10,1786320000000,1786320000000,0,0,0,0,0,0,0,0,0
QQQ,250000000,partial_mint_failure,fixed_80,2026-08-17,1786924800000,1786924800000,0,0,0,0,0,0,0,0,0
QQQ,250000000,partial_mint_failure,fixed_80,2026-08-24,1787529600000,1788134392000,25826972,298521,25528451,26724280,418139,2,29040,112961000,16000
QQQ,250000000,partial_mint_failure,fixed_80,2026-08-31,1788134402000,1788739072000,30648882,-51626,30700508,35329936,1347871,6,196085,603942000,230000
QQQ,250000000,partial_mint_failure,fixed_80,2026-09-07,1788739293000,1789154987000,3330262,-802328,4132590,6159745,597177,2,79248,415915000,109000
QQQ,250000000,partial_mint_failure,fixed_160,2026-07-27,1785196800000,1785196800000,0,0,0,0,0,0,0,0,0
QQQ,250000000,partial_mint_failure,fixed_160,2026-08-03,1785715200000,1785715200000,0,0,0,0,0,0,0,0,0
QQQ,250000000,partial_mint_failure,fixed_160,2026-08-10,1786320000000,1786320000000,0,0,0,0,0,0,0,0,0
QQQ,250000000,partial_mint_failure,fixed_160,2026-08-17,1786924800000,1786924800000,0,0,0,0,0,0,0,0,0
QQQ,250000000,partial_mint_failure,fixed_160,2026-08-24,1787529600000,1788134392000,14972197,298521,14673676,14951595,185706,1,29040,112961000,0
QQQ,250000000,partial_mint_failure,fixed_160,2026-08-31,1788134402000,1788739072000,13735329,-51626,13786955,16408679,464866,2,196085,604680000,86000
QQQ,250000000,partial_mint_failure,fixed_160,2026-09-07,1788739293000,1789154987000,1865207,-802328,2667535,2783811,132311,0,79248,415915000,0
QQQ,250000000,partial_mint_failure,adaptive_width,2026-07-27,1785196800000,1785196800000,0,0,0,0,0,0,0,0,0
QQQ,250000000,partial_mint_failure,adaptive_width,2026-08-03,1785715200000,1785715200000,0,0,0,0,0,0,0,0,0
QQQ,250000000,partial_mint_failure,adaptive_width,2026-08-10,1786320000000,1786320000000,0,0,0,0,0,0,0,0,0
QQQ,250000000,partial_mint_failure,adaptive_width,2026-08-17,1786924800000,1786924800000,0,0,0,0,0,0,0,0,0
QQQ,250000000,partial_mint_failure,adaptive_width,2026-08-24,1787529600000,1788134392000,33726852,298521,33428331,41020425,4461752,20,29040,91287000,964000
QQQ,250000000,partial_mint_failure,adaptive_width,2026-08-31,1788134402000,1788739072000,52672577,-51626,52724203,73335369,9899963,44,196085,594567000,2055000
QQQ,250000000,partial_mint_failure,adaptive_width,2026-09-07,1788739293000,1789154987000,2567959,-802328,3370287,3499693,132311,0,79248,415915000,0
QQQ,250000000,partial_mint_failure,adaptive_economic,2026-07-27,1785196800000,1785196800000,0,0,0,0,0,0,0,0,0
QQQ,250000000,partial_mint_failure,adaptive_economic,2026-08-03,1785715200000,1785715200000,0,0,0,0,0,0,0,0,0
QQQ,250000000,partial_mint_failure,adaptive_economic,2026-08-10,1786320000000,1786320000000,0,0,0,0,0,0,0,0,0
QQQ,250000000,partial_mint_failure,adaptive_economic,2026-08-17,1786924800000,1786924800000,0,0,0,0,0,0,0,0,0
QQQ,250000000,partial_mint_failure,adaptive_economic,2026-08-24,1787529600000,1788134392000,55608708,298521,55310187,57819976,1115438,5,29040,100077000,15807000
QQQ,250000000,partial_mint_failure,adaptive_economic,2026-08-31,1788134402000,1788739072000,52830709,-51626,52882335,58784830,1115438,5,196085,603943000,525655000
QQQ,250000000,partial_mint_failure,adaptive_economic,2026-09-07,1788739293000,1789154987000,5824839,-802328,6627167,5966638,132311,0,79248,415915000,401941000
SGOV,5000000000,pinned_fork_costs,fixed_20,2026-07-27,1785196800000,1785196800000,0,0,0,0,0,0,0,0,0
SGOV,5000000000,pinned_fork_costs,fixed_20,2026-08-03,1785715200000,1785715200000,0,0,0,0,0,0,0,0,0
SGOV,5000000000,pinned_fork_costs,fixed_20,2026-08-10,1786320000000,1786320000000,0,0,0,0,0,0,0,0,0
SGOV,5000000000,pinned_fork_costs,fixed_20,2026-08-17,1786924800000,1786924800000,0,0,0,0,0,0,0,0,0
SGOV,5000000000,pinned_fork_costs,fixed_20,2026-08-24,1787529600000,1787529600000,0,0,0,0,0,0,0,0,0
SGOV,5000000000,pinned_fork_costs,fixed_20,2026-08-31,1788134400000,1788739188000,324226568,3499745,320726823,355342223,1526702,7,41795,425437000,747000
SGOV,5000000000,pinned_fork_costs,fixed_20,2026-09-07,1788739245000,1789154908000,51752645,-7906405,59659050,111880243,2362483,10,26227,415720000,1366000
SGOV,5000000000,pinned_fork_costs,fixed_40,2026-07-27,1785196800000,1785196800000,0,0,0,0,0,0,0,0,0
SGOV,5000000000,pinned_fork_costs,fixed_40,2026-08-03,1785715200000,1785715200000,0,0,0,0,0,0,0,0,0
SGOV,5000000000,pinned_fork_costs,fixed_40,2026-08-10,1786320000000,1786320000000,0,0,0,0,0,0,0,0,0
SGOV,5000000000,pinned_fork_costs,fixed_40,2026-08-17,1786924800000,1786924800000,0,0,0,0,0,0,0,0,0
SGOV,5000000000,pinned_fork_costs,fixed_40,2026-08-24,1787529600000,1787529600000,0,0,0,0,0,0,0,0,0
SGOV,5000000000,pinned_fork_costs,fixed_40,2026-08-31,1788134400000,1788739188000,210937148,3499745,207437403,210306037,178556,1,41795,425316000,37000
SGOV,5000000000,pinned_fork_costs,fixed_40,2026-09-07,1788739245000,1789154908000,27432795,-7906405,35339200,63820827,1014337,4,26227,415720000,138000
SGOV,5000000000,pinned_fork_costs,fixed_80,2026-07-27,1785196800000,1785196800000,0,0,0,0,0,0,0,0,0
SGOV,5000000000,pinned_fork_costs,fixed_80,2026-08-03,1785715200000,1785715200000,0,0,0,0,0,0,0,0,0
SGOV,5000000000,pinned_fork_costs,fixed_80,2026-08-10,1786320000000,1786320000000,0,0,0,0,0,0,0,0,0
SGOV,5000000000,pinned_fork_costs,fixed_80,2026-08-17,1786924800000,1786924800000,0,0,0,0,0,0,0,0,0
SGOV,5000000000,pinned_fork_costs,fixed_80,2026-08-24,1787529600000,1787529600000,0,0,0,0,0,0,0,0,0
SGOV,5000000000,pinned_fork_costs,fixed_80,2026-08-31,1788134400000,1788739188000,114147714,3499745,110647969,113537054,178556,1,41795,425316000,12000
SGOV,5000000000,pinned_fork_costs,fixed_80,2026-09-07,1788739245000,1789154908000,24964738,-7906405,32871143,33643266,115573,0,26227,415720000,0
SGOV,5000000000,pinned_fork_costs,fixed_160,2026-07-27,1785196800000,1785196800000,0,0,0,0,0,0,0,0,0
SGOV,5000000000,pinned_fork_costs,fixed_160,2026-08-03,1785715200000,1785715200000,0,0,0,0,0,0,0,0,0
SGOV,5000000000,pinned_fork_costs,fixed_160,2026-08-10,1786320000000,1786320000000,0,0,0,0,0,0,0,0,0
SGOV,5000000000,pinned_fork_costs,fixed_160,2026-08-17,1786924800000,1786924800000,0,0,0,0,0,0,0,0,0
SGOV,5000000000,pinned_fork_costs,fixed_160,2026-08-24,1787529600000,1787529600000,0,0,0,0,0,0,0,0,0
SGOV,5000000000,pinned_fork_costs,fixed_160,2026-08-31,1788134400000,1788739188000,59590031,3499745,56090286,58999566,178556,1,41795,425285000,12000
SGOV,5000000000,pinned_fork_costs,fixed_160,2026-09-07,1788739245000,1789154908000,9089577,-7906405,16995982,17413094,115573,0,26227,415720000,0
SGOV,5000000000,pinned_fork_costs,adaptive_width,2026-07-27,1785196800000,1785196800000,0,0,0,0,0,0,0,0,0
SGOV,5000000000,pinned_fork_costs,adaptive_width,2026-08-03,1785715200000,1785715200000,0,0,0,0,0,0,0,0,0
SGOV,5000000000,pinned_fork_costs,adaptive_width,2026-08-10,1786320000000,1786320000000,0,0,0,0,0,0,0,0,0
SGOV,5000000000,pinned_fork_costs,adaptive_width,2026-08-17,1786924800000,1786924800000,0,0,0,0,0,0,0,0,0
SGOV,5000000000,pinned_fork_costs,adaptive_width,2026-08-24,1787529600000,1787529600000,0,0,0,0,0,0,0,0,0
SGOV,5000000000,pinned_fork_costs,adaptive_width,2026-08-31,1788134400000,1788739188000,38613790,3499745,35114045,44544404,403247,2,41795,412628000,3002000
SGOV,5000000000,pinned_fork_costs,adaptive_width,2026-09-07,1788739245000,1789154908000,10648944,-7906405,18555349,17458125,115573,0,26227,415720000,0
SGOV,5000000000,pinned_fork_costs,adaptive_economic,2026-07-27,1785196800000,1785196800000,0,0,0,0,0,0,0,0,0
SGOV,5000000000,pinned_fork_costs,adaptive_economic,2026-08-03,1785715200000,1785715200000,0,0,0,0,0,0,0,0,0
SGOV,5000000000,pinned_fork_costs,adaptive_economic,2026-08-10,1786320000000,1786320000000,0,0,0,0,0,0,0,0,0
SGOV,5000000000,pinned_fork_costs,adaptive_economic,2026-08-17,1786924800000,1786924800000,0,0,0,0,0,0,0,0,0
SGOV,5000000000,pinned_fork_costs,adaptive_economic,2026-08-24,1787529600000,1787529600000,0,0,0,0,0,0,0,0,0
SGOV,5000000000,pinned_fork_costs,adaptive_economic,2026-08-31,1788134400000,1788739188000,164233539,3499745,160733794,172580327,403247,2,41795,412628000,123478000
SGOV,5000000000,pinned_fork_costs,adaptive_economic,2026-09-07,1788739245000,1789154908000,21635461,-7906405,29541866,24531155,115573,0,26227,415720000,314979000
SGOV,5000000000,double_gas_half_fees,fixed_20,2026-07-27,1785196800000,1785196800000,0,0,0,0,0,0,0,0,0
SGOV,5000000000,double_gas_half_fees,fixed_20,2026-08-03,1785715200000,1785715200000,0,0,0,0,0,0,0,0,0
SGOV,5000000000,double_gas_half_fees,fixed_20,2026-08-10,1786320000000,1786320000000,0,0,0,0,0,0,0,0,0
SGOV,5000000000,double_gas_half_fees,fixed_20,2026-08-17,1786924800000,1786924800000,0,0,0,0,0,0,0,0,0
SGOV,5000000000,double_gas_half_fees,fixed_20,2026-08-24,1787529600000,1787529600000,0,0,0,0,0,0,0,0,0
SGOV,5000000000,double_gas_half_fees,fixed_20,2026-08-31,1788134400000,1788739188000,143494676,3446708,140047968,176130010,3053404,7,41795,425437000,747000
SGOV,5000000000,double_gas_half_fees,fixed_20,2026-09-07,1788739245000,1789154908000,-5829745,-7955376,2125631,54211602,4724966,10,26227,415720000,1366000
SGOV,5000000000,double_gas_half_fees,fixed_40,2026-07-27,1785196800000,1785196800000,0,0,0,0,0,0,0,0,0
SGOV,5000000000,double_gas_half_fees,fixed_40,2026-08-03,1785715200000,1785715200000,0,0,0,0,0,0,0,0,0
SGOV,5000000000,double_gas_half_fees,fixed_40,2026-08-10,1786320000000,1786320000000,0,0,0,0,0,0,0,0,0
SGOV,5000000000,double_gas_half_fees,fixed_40,2026-08-17,1786924800000,1786924800000,0,0,0,0,0,0,0,0,0
SGOV,5000000000,double_gas_half_fees,fixed_40,2026-08-24,1787529600000,1787529600000,0,0,0,0,0,0,0,0,0
SGOV,5000000000,double_gas_half_fees,fixed_40,2026-08-31,1788134400000,1788739188000,105490078,3446708,102043370,105148013,357112,1,41795,425316000,37000
SGOV,5000000000,double_gas_half_fees,fixed_40,2026-09-07,1788739245000,1789154908000,-5102626,-7955376,2852750,31557055,2028674,4,26227,415720000,138000
SGOV,5000000000,double_gas_half_fees,fixed_80,2026-07-27,1785196800000,1785196800000,0,0,0,0,0,0,0,0,0
SGOV,5000000000,double_gas_half_fees,fixed_80,2026-08-03,1785715200000,1785715200000,0,0,0,0,0,0,0,0,0
SGOV,5000000000,double_gas_half_fees,fixed_80,2026-08-10,1786320000000,1786320000000,0,0,0,0,0,0,0,0,0
SGOV,5000000000,double_gas_half_fees,fixed_80,2026-08-17,1786924800000,1786924800000,0,0,0,0,0,0,0,0,0
SGOV,5000000000,double_gas_half_fees,fixed_80,2026-08-24,1787529600000,1787529600000,0,0,0,0,0,0,0,0,0
SGOV,5000000000,double_gas_half_fees,fixed_80,2026-08-31,1788134400000,1788739188000,57134407,3446708,53687699,56763659,357112,1,41795,425316000,12000
SGOV,5000000000,double_gas_half_fees,fixed_80,2026-09-07,1788739245000,1789154908000,8144962,-7955376,16100338,16818017,231146,0,26227,415720000,0
SGOV,5000000000,double_gas_half_fees,fixed_160,2026-07-27,1785196800000,1785196800000,0,0,0,0,0,0,0,0,0
SGOV,5000000000,double_gas_half_fees,fixed_160,2026-08-03,1785715200000,1785715200000,0,0,0,0,0,0,0,0,0
SGOV,5000000000,double_gas_half_fees,fixed_160,2026-08-10,1786320000000,1786320000000,0,0,0,0,0,0,0,0,0
SGOV,5000000000,double_gas_half_fees,fixed_160,2026-08-17,1786924800000,1786924800000,0,0,0,0,0,0,0,0,0
SGOV,5000000000,double_gas_half_fees,fixed_160,2026-08-24,1787529600000,1787529600000,0,0,0,0,0,0,0,0,0
SGOV,5000000000,double_gas_half_fees,fixed_160,2026-08-31,1788134400000,1788739188000,29874716,3446708,26428008,29494809,357112,1,41795,425285000,12000
SGOV,5000000000,double_gas_half_fees,fixed_160,2026-09-07,1788739245000,1789154908000,326587,-7955376,8281963,8702900,231146,0,26227,415720000,0
SGOV,5000000000,double_gas_half_fees,adaptive_width,2026-07-27,1785196800000,1785196800000,0,0,0,0,0,0,0,0,0
SGOV,5000000000,double_gas_half_fees,adaptive_width,2026-08-03,1785715200000,1785715200000,0,0,0,0,0,0,0,0,0
SGOV,5000000000,double_gas_half_fees,adaptive_width,2026-08-10,1786320000000,1786320000000,0,0,0,0,0,0,0,0,0
SGOV,5000000000,double_gas_half_fees,adaptive_width,2026-08-17,1786924800000,1786924800000,0,0,0,0,0,0,0,0,0
SGOV,5000000000,double_gas_half_fees,adaptive_width,2026-08-24,1787529600000,1787529600000,0,0,0,0,0,0,0,0,0
SGOV,5000000000,double_gas_half_fees,adaptive_width,2026-08-31,1788134400000,1788739188000,15892069,3446708,12445361,22244860,806494,2,41795,412628000,3002000
SGOV,5000000000,double_gas_half_fees,adaptive_width,2026-09-07,1788739245000,1789154908000,1833942,-7955376,9789318,8709951,231146,0,26227,415720000,0
SGOV,5000000000,double_gas_half_fees,adaptive_economic,2026-07-27,1785196800000,1785196800000,0,0,0,0,0,0,0,0,0
SGOV,5000000000,double_gas_half_fees,adaptive_economic,2026-08-03,1785715200000,1785715200000,0,0,0,0,0,0,0,0,0
SGOV,5000000000,double_gas_half_fees,adaptive_economic,2026-08-10,1786320000000,1786320000000,0,0,0,0,0,0,0,0,0
SGOV,5000000000,double_gas_half_fees,adaptive_economic,2026-08-17,1786924800000,1786924800000,0,0,0,0,0,0,0,0,0
SGOV,5000000000,double_gas_half_fees,adaptive_economic,2026-08-24,1787529600000,1787529600000,0,0,0,0,0,0,0,0,0
SGOV,5000000000,double_gas_half_fees,adaptive_economic,2026-08-31,1788134400000,1788739188000,48102442,3446708,44655734,54954518,806494,2,41795,412628000,6485000
SGOV,5000000000,double_gas_half_fees,adaptive_economic,2026-09-07,1788739245000,1789154908000,6258897,-7955376,14214273,11412955,231146,0,26227,415720000,39402000
SGOV,5000000000,partial_mint_failure,fixed_20,2026-07-27,1785196800000,1785196800000,0,0,0,0,0,0,0,0,0
SGOV,5000000000,partial_mint_failure,fixed_20,2026-08-03,1785715200000,1785715200000,0,0,0,0,0,0,0,0,0
SGOV,5000000000,partial_mint_failure,fixed_20,2026-08-10,1786320000000,1786320000000,0,0,0,0,0,0,0,0,0
SGOV,5000000000,partial_mint_failure,fixed_20,2026-08-17,1786924800000,1786924800000,0,0,0,0,0,0,0,0,0
SGOV,5000000000,partial_mint_failure,fixed_20,2026-08-24,1787529600000,1787529600000,0,0,0,0,0,0,0,0,0
SGOV,5000000000,partial_mint_failure,fixed_20,2026-08-31,1788134400000,1788739188000,315245914,3499745,311746169,346684634,1705258,8,41795,424607000,747000
SGOV,5000000000,partial_mint_failure,fixed_20,2026-09-07,1788739245000,1789154908000,42575184,-7906405,50481589,110941934,3168977,14,26227,412985000,1697000
SGOV,5000000000,partial_mint_failure,fixed_40,2026-07-27,1785196800000,1785196800000,0,0,0,0,0,0,0,0,0
SGOV,5000000000,partial_mint_failure,fixed_40,2026-08-03,1785715200000,1785715200000,0,0,0,0,0,0,0,0,0
SGOV,5000000000,partial_mint_failure,fixed_40,2026-08-10,1786320000000,1786320000000,0,0,0,0,0,0,0,0,0
SGOV,5000000000,partial_mint_failure,fixed_40,2026-08-17,1786924800000,1786924800000,0,0,0,0,0,0,0,0,0
SGOV,5000000000,partial_mint_failure,fixed_40,2026-08-24,1787529600000,1787529600000,0,0,0,0,0,0,0,0,0
SGOV,5000000000,partial_mint_failure,fixed_40,2026-08-31,1788134400000,1788739188000,210937148,3499745,207437403,210306037,178556,1,41795,425316000,37000
SGOV,5000000000,partial_mint_failure,fixed_40,2026-09-07,1788739245000,1789154908000,27432795,-7906405,35339200,63820827,1014337,4,26227,415720000,138000
SGOV,5000000000,partial_mint_failure,fixed_80,2026-07-27,1785196800000,1785196800000,0,0,0,0,0,0,0,0,0
SGOV,5000000000,partial_mint_failure,fixed_80,2026-08-03,1785715200000,1785715200000,0,0,0,0,0,0,0,0,0
SGOV,5000000000,partial_mint_failure,fixed_80,2026-08-10,1786320000000,1786320000000,0,0,0,0,0,0,0,0,0
SGOV,5000000000,partial_mint_failure,fixed_80,2026-08-17,1786924800000,1786924800000,0,0,0,0,0,0,0,0,0
SGOV,5000000000,partial_mint_failure,fixed_80,2026-08-24,1787529600000,1787529600000,0,0,0,0,0,0,0,0,0
SGOV,5000000000,partial_mint_failure,fixed_80,2026-08-31,1788134400000,1788739188000,114147714,3499745,110647969,113537054,178556,1,41795,425316000,12000
SGOV,5000000000,partial_mint_failure,fixed_80,2026-09-07,1788739245000,1789154908000,24964738,-7906405,32871143,33643266,115573,0,26227,415720000,0
SGOV,5000000000,partial_mint_failure,fixed_160,2026-07-27,1785196800000,1785196800000,0,0,0,0,0,0,0,0,0
SGOV,5000000000,partial_mint_failure,fixed_160,2026-08-03,1785715200000,1785715200000,0,0,0,0,0,0,0,0,0
SGOV,5000000000,partial_mint_failure,fixed_160,2026-08-10,1786320000000,1786320000000,0,0,0,0,0,0,0,0,0
SGOV,5000000000,partial_mint_failure,fixed_160,2026-08-17,1786924800000,1786924800000,0,0,0,0,0,0,0,0,0
SGOV,5000000000,partial_mint_failure,fixed_160,2026-08-24,1787529600000,1787529600000,0,0,0,0,0,0,0,0,0
SGOV,5000000000,partial_mint_failure,fixed_160,2026-08-31,1788134400000,1788739188000,59590031,3499745,56090286,58999566,178556,1,41795,425285000,12000
SGOV,5000000000,partial_mint_failure,fixed_160,2026-09-07,1788739245000,1789154908000,9089577,-7906405,16995982,17413094,115573,0,26227,415720000,0
SGOV,5000000000,partial_mint_failure,adaptive_width,2026-07-27,1785196800000,1785196800000,0,0,0,0,0,0,0,0,0
SGOV,5000000000,partial_mint_failure,adaptive_width,2026-08-03,1785715200000,1785715200000,0,0,0,0,0,0,0,0,0
SGOV,5000000000,partial_mint_failure,adaptive_width,2026-08-10,1786320000000,1786320000000,0,0,0,0,0,0,0,0,0
SGOV,5000000000,partial_mint_failure,adaptive_width,2026-08-17,1786924800000,1786924800000,0,0,0,0,0,0,0,0,0
SGOV,5000000000,partial_mint_failure,adaptive_width,2026-08-24,1787529600000,1787529600000,0,0,0,0,0,0,0,0,0
SGOV,5000000000,partial_mint_failure,adaptive_width,2026-08-31,1788134400000,1788739188000,38613790,3499745,35114045,44544404,403247,2,41795,412628000,3002000
SGOV,5000000000,partial_mint_failure,adaptive_width,2026-09-07,1788739245000,1789154908000,10648944,-7906405,18555349,17458125,115573,0,26227,415720000,0
SGOV,5000000000,partial_mint_failure,adaptive_economic,2026-07-27,1785196800000,1785196800000,0,0,0,0,0,0,0,0,0
SGOV,5000000000,partial_mint_failure,adaptive_economic,2026-08-03,1785715200000,1785715200000,0,0,0,0,0,0,0,0,0
SGOV,5000000000,partial_mint_failure,adaptive_economic,2026-08-10,1786320000000,1786320000000,0,0,0,0,0,0,0,0,0
SGOV,5000000000,partial_mint_failure,adaptive_economic,2026-08-17,1786924800000,1786924800000,0,0,0,0,0,0,0,0,0
SGOV,5000000000,partial_mint_failure,adaptive_economic,2026-08-24,1787529600000,1787529600000,0,0,0,0,0,0,0,0,0
SGOV,5000000000,partial_mint_failure,adaptive_economic,2026-08-31,1788134400000,1788739188000,164233539,3499745,160733794,172580327,403247,2,41795,412628000,123478000
SGOV,5000000000,partial_mint_failure,adaptive_economic,2026-09-07,1788739245000,1789154908000,21635461,-7906405,29541866,24531155,115573,0,26227,415720000,314979000
SGOV,1000000000,pinned_fork_costs,fixed_20,2026-07-27,1785196800000,1785196800000,0,0,0,0,0,0,0,0,0
SGOV,1000000000,pinned_fork_costs,fixed_20,2026-08-03,1785715200000,1785715200000,0,0,0,0,0,0,0,0,0
SGOV,1000000000,pinned_fork_costs,fixed_20,2026-08-10,1786320000000,1786320000000,0,0,0,0,0,0,0,0,0
SGOV,1000000000,pinned_fork_costs,fixed_20,2026-08-17,1786924800000,1786924800000,0,0,0,0,0,0,0,0,0
SGOV,1000000000,pinned_fork_costs,fixed_20,2026-08-24,1787529600000,1787529600000,0,0,0,0,0,0,0,0,0
SGOV,1000000000,pinned_fork_costs,fixed_20,2026-08-31,1788134400000,1788739188000,79589958,1208453,78381505,87875518,1976084,9,41795,425316000,486000
SGOV,1000000000,pinned_fork_costs,fixed_20,2026-09-07,1788739245000,1789154908000,13314524,-1611903,14926427,26956983,2362483,10,26227,415720000,1366000
SGOV,1000000000,pinned_fork_costs,fixed_40,2026-07-27,1785196800000,1785196800000,0,0,0,0,0,0,0,0,0
SGOV,1000000000,pinned_fork_costs,fixed_40,2026-08-03,1785715200000,1785715200000,0,0,0,0,0,0,0,0,0
SGOV,1000000000,pinned_fork_costs,fixed_40,2026-08-10,1786320000000,1786320000000,0,0,0,0,0,0,0,0,0
SGOV,1000000000,pinned_fork_costs,fixed_40,2026-08-17,1786924800000,1786924800000,0,0,0,0,0,0,0,0,0
SGOV,1000000000,pinned_fork_costs,fixed_40,2026-08-24,1787529600000,1787529600000,0,0,0,0,0,0,0,0,0
SGOV,1000000000,pinned_fork_costs,fixed_40,2026-08-31,1788134400000,1788739188000,45101889,1208453,43893436,46983082,627938,3,41795,425316000,144000
SGOV,1000000000,pinned_fork_costs,fixed_40,2026-09-07,1788739245000,1789154908000,6515699,-1611903,8127602,14425166,1014337,4,26227,415720000,138000
SGOV,1000000000,pinned_fork_costs,fixed_80,2026-07-27,1785196800000,1785196800000,0,0,0,0,0,0,0,0,0
SGOV,1000000000,pinned_fork_costs,fixed_80,2026-08-03,1785715200000,1785715200000,0,0,0,0,0,0,0,0,0
SGOV,1000000000,pinned_fork_costs,fixed_80,2026-08-10,1786320000000,1786320000000,0,0,0,0,0,0,0,0,0
SGOV,1000000000,pinned_fork_costs,fixed_80,2026-08-17,1786924800000,1786924800000,0,0,0,0,0,0,0,0,0
SGOV,1000000000,pinned_fork_costs,fixed_80,2026-08-24,1787529600000,1787529600000,0,0,0,0,0,0,0,0,0
SGOV,1000000000,pinned_fork_costs,fixed_80,2026-08-31,1788134400000,1788739188000,24308294,1208453,23099841,24248184,178556,1,41795,425316000,12000
SGOV,1000000000,pinned_fork_costs,fixed_80,2026-09-07,1788739245000,1789154908000,5284497,-1611903,6896400,7094799,115573,0,26227,415720000,0
SGOV,1000000000,pinned_fork_costs,fixed_160,2026-07-27,1785196800000,1785196800000,0,0,0,0,0,0,0,0,0
SGOV,1000000000,pinned_fork_costs,fixed_160,2026-08-03,1785715200000,1785715200000,0,0,0,0,0,0,0,0,0
SGOV,1000000000,pinned_fork_costs,fixed_160,2026-08-10,1786320000000,1786320000000,0,0,0,0,0,0,0,0,0
SGOV,1000000000,pinned_fork_costs,fixed_160,2026-08-17,1786924800000,1786924800000,0,0,0,0,0,0,0,0,0
SGOV,1000000000,pinned_fork_costs,fixed_160,2026-08-24,1787529600000,1787529600000,0,0,0,0,0,0,0,0,0
SGOV,1000000000,pinned_fork_costs,fixed_160,2026-08-31,1788134400000,1788739188000,13873286,1208453,12664833,13598195,178556,1,41795,425804000,12000
SGOV,1000000000,pinned_fork_costs,fixed_160,2026-09-07,1788739245000,1789154908000,1835022,-1611903,3446925,3577212,115573,0,26227,415720000,0
SGOV,1000000000,pinned_fork_costs,adaptive_width,2026-07-27,1785196800000,1785196800000,0,0,0,0,0,0,0,0,0
SGOV,1000000000,pinned_fork_costs,adaptive_width,2026-08-03,1785715200000,1785715200000,0,0,0,0,0,0,0,0,0
SGOV,1000000000,pinned_fork_costs,adaptive_width,2026-08-10,1786320000000,1786320000000,0,0,0,0,0,0,0,0,0
SGOV,1000000000,pinned_fork_costs,adaptive_width,2026-08-17,1786924800000,1786924800000,0,0,0,0,0,0,0,0,0
SGOV,1000000000,pinned_fork_costs,adaptive_width,2026-08-24,1787529600000,1787529600000,0,0,0,0,0,0,0,0,0
SGOV,1000000000,pinned_fork_costs,adaptive_width,2026-08-31,1788134400000,1788739188000,42875453,1208453,41667000,47459795,1302011,6,41795,416121000,310000
SGOV,1000000000,pinned_fork_costs,adaptive_width,2026-09-07,1788739245000,1789154908000,16834778,-1611903,18446681,24336290,1239028,5,26227,415720000,38616000
SGOV,1000000000,pinned_fork_costs,adaptive_economic,2026-07-27,1785196800000,1785196800000,0,0,0,0,0,0,0,0,0
SGOV,1000000000,pinned_fork_costs,adaptive_economic,2026-08-03,1785715200000,1785715200000,0,0,0,0,0,0,0,0,0
SGOV,1000000000,pinned_fork_costs,adaptive_economic,2026-08-10,1786320000000,1786320000000,0,0,0,0,0,0,0,0,0
SGOV,1000000000,pinned_fork_costs,adaptive_economic,2026-08-17,1786924800000,1786924800000,0,0,0,0,0,0,0,0,0
SGOV,1000000000,pinned_fork_costs,adaptive_economic,2026-08-24,1787529600000,1787529600000,0,0,0,0,0,0,0,0,0
SGOV,1000000000,pinned_fork_costs,adaptive_economic,2026-08-31,1788134400000,1788739188000,19974772,1208453,18766319,21972797,403247,2,41795,416121000,217080000
SGOV,1000000000,pinned_fork_costs,adaptive_economic,2026-09-07,1788739245000,1789154908000,5199841,-1611903,6811744,5446437,115573,0,26227,415720000,324636000
SGOV,1000000000,double_gas_half_fees,fixed_20,2026-07-27,1785196800000,1785196800000,0,0,0,0,0,0,0,0,0
SGOV,1000000000,double_gas_half_fees,fixed_20,2026-08-03,1785715200000,1785715200000,0,0,0,0,0,0,0,0,0
SGOV,1000000000,double_gas_half_fees,fixed_20,2026-08-10,1786320000000,1786320000000,0,0,0,0,0,0,0,0,0
SGOV,1000000000,double_gas_half_fees,fixed_20,2026-08-17,1786924800000,1786924800000,0,0,0,0,0,0,0,0,0
SGOV,1000000000,double_gas_half_fees,fixed_20,2026-08-24,1787529600000,1787529600000,0,0,0,0,0,0,0,0,0
SGOV,1000000000,double_gas_half_fees,fixed_20,2026-08-31,1788134400000,1788739188000,33008658,1155416,31853242,43247394,3952168,9,41795,425316000,486000
SGOV,1000000000,double_gas_half_fees,fixed_20,2026-09-07,1788739245000,1789154908000,-2541223,-1660874,-880349,12893031,4724966,10,26227,415720000,1366000
SGOV,1000000000,double_gas_half_fees,fixed_40,2026-07-27,1785196800000,1785196800000,0,0,0,0,0,0,0,0,0
SGOV,1000000000,double_gas_half_fees,fixed_40,2026-08-03,1785715200000,1785715200000,0,0,0,0,0,0,0,0,0
SGOV,1000000000,double_gas_half_fees,fixed_40,2026-08-10,1786320000000,1786320000000,0,0,0,0,0,0,0,0,0
SGOV,1000000000,double_gas_half_fees,fixed_40,2026-08-17,1786924800000,1786924800000,0,0,0,0,0,0,0,0,0
SGOV,1000000000,double_gas_half_fees,fixed_40,2026-08-24,1787529600000,1787529600000,0,0,0,0,0,0,0,0,0
SGOV,1000000000,double_gas_half_fees,fixed_40,2026-08-31,1788134400000,1788739188000,20827741,1155416,19672325,23350590,1255876,3,41795,425316000,144000
SGOV,1000000000,double_gas_half_fees,fixed_40,2026-09-07,1788739245000,1789154908000,-1696738,-1660874,-35864,7037280,2028674,4,26227,415720000,138000
SGOV,1000000000,double_gas_half_fees,fixed_80,2026-07-27,1785196800000,1785196800000,0,0,0,0,0,0,0,0,0
SGOV,1000000000,double_gas_half_fees,fixed_80,2026-08-03,1785715200000,1785715200000,0,0,0,0,0,0,0,0,0
SGOV,1000000000,double_gas_half_fees,fixed_80,2026-08-10,1786320000000,1786320000000,0,0,0,0,0,0,0,0,0
SGOV,1000000000,double_gas_half_fees,fixed_80,2026-08-17,1786924800000,1786924800000,0,0,0,0,0,0,0,0,0
SGOV,1000000000,double_gas_half_fees,fixed_80,2026-08-24,1787529600000,1787529600000,0,0,0,0,0,0,0,0,0
SGOV,1000000000,double_gas_half_fees,fixed_80,2026-08-31,1788134400000,1788739188000,11987513,1155416,10832097,12119155,357112,1,41795,425316000,12000
SGOV,1000000000,double_gas_half_fees,fixed_80,2026-09-07,1788739245000,1789154908000,1643350,-1660874,3304224,3543821,231146,0,26227,415720000,0
SGOV,1000000000,double_gas_half_fees,fixed_160,2026-07-27,1785196800000,1785196800000,0,0,0,0,0,0,0,0,0
SGOV,1000000000,double_gas_half_fees,fixed_160,2026-08-03,1785715200000,1785715200000,0,0,0,0,0,0,0,0,0
SGOV,1000000000,double_gas_half_fees,fixed_160,2026-08-10,1786320000000,1786320000000,0,0,0,0,0,0,0,0,0
SGOV,1000000000,double_gas_half_fees,fixed_160,2026-08-17,1786924800000,1786924800000,0,0,0,0,0,0,0,0,0
SGOV,1000000000,double_gas_half_fees,fixed_160,2026-08-24,1787529600000,1787529600000,0,0,0,0,0,0,0,0,0
SGOV,1000000000,double_gas_half_fees,fixed_160,2026-08-31,1788134400000,1788739188000,6883497,1155416,5728081,6794237,357112,1,41795,425804000,12000
SGOV,1000000000,double_gas_half_fees,fixed_160,2026-09-07,1788739245000,1789154908000,-58868,-1660874,1602006,1785119,231146,0,26227,415720000,0
SGOV,1000000000,double_gas_half_fees,adaptive_width,2026-07-27,1785196800000,1785196800000,0,0,0,0,0,0,0,0,0
SGOV,1000000000,double_gas_half_fees,adaptive_width,2026-08-03,1785715200000,1785715200000,0,0,0,0,0,0,0,0,0
SGOV,1000000000,double_gas_half_fees,adaptive_width,2026-08-10,1786320000000,1786320000000,0,0,0,0,0,0,0,0,0
SGOV,1000000000,double_gas_half_fees,adaptive_width,2026-08-17,1786924800000,1786924800000,0,0,0,0,0,0,0,0,0
SGOV,1000000000,double_gas_half_fees,adaptive_width,2026-08-24,1787529600000,1787529600000,0,0,0,0,0,0,0,0,0
SGOV,1000000000,double_gas_half_fees,adaptive_width,2026-08-31,1788134400000,1788739188000,17675170,1155416,16519754,23565818,2604022,6,41795,416121000,310000
SGOV,1000000000,double_gas_half_fees,adaptive_width,2026-09-07,1788739245000,1789154908000,3313512,-1660874,4974386,11858843,2478056,5,26227,415720000,38616000
SGOV,1000000000,double_gas_half_fees,adaptive_economic,2026-07-27,1785196800000,1785196800000,0,0,0,0,0,0,0,0,0
SGOV,1000000000,double_gas_half_fees,adaptive_economic,2026-08-03,1785715200000,1785715200000,0,0,0,0,0,0,0,0,0
SGOV,1000000000,double_gas_half_fees,adaptive_economic,2026-08-10,1786320000000,1786320000000,0,0,0,0,0,0,0,0,0
SGOV,1000000000,double_gas_half_fees,adaptive_economic,2026-08-17,1786924800000,1786924800000,0,0,0,0,0,0,0,0,0
SGOV,1000000000,double_gas_half_fees,adaptive_economic,2026-08-24,1787529600000,1787529600000,0,0,0,0,0,0,0,0,0
SGOV,1000000000,double_gas_half_fees,adaptive_economic,2026-08-31,1788134400000,1788739188000,22491965,1155416,21336549,22473111,357112,1,41795,416121000,34665000
SGOV,1000000000,double_gas_half_fees,adaptive_economic,2026-09-07,1788739245000,1789154908000,1802224,-1660874,3463098,3210283,231146,0,26227,415720000,49494000
SGOV,1000000000,partial_mint_failure,fixed_20,2026-07-27,1785196800000,1785196800000,0,0,0,0,0,0,0,0,0
SGOV,1000000000,partial_mint_failure,fixed_20,2026-08-03,1785715200000,1785715200000,0,0,0,0,0,0,0,0,0
SGOV,1000000000,partial_mint_failure,fixed_20,2026-08-10,1786320000000,1786320000000,0,0,0,0,0,0,0,0,0
SGOV,1000000000,partial_mint_failure,fixed_20,2026-08-17,1786924800000,1786924800000,0,0,0,0,0,0,0,0,0
SGOV,1000000000,partial_mint_failure,fixed_20,2026-08-24,1787529600000,1787529600000,0,0,0,0,0,0,0,0,0
SGOV,1000000000,partial_mint_failure,fixed_20,2026-08-31,1788134400000,1788739188000,77311802,1208453,76103349,85783414,2154640,10,41795,424486000,486000
SGOV,1000000000,partial_mint_failure,fixed_20,2026-09-07,1788739245000,1789154908000,12896658,-1611903,14508561,26645524,2719595,12,26227,413938000,788000
SGOV,1000000000,partial_mint_failure,fixed_40,2026-07-27,1785196800000,1785196800000,0,0,0,0,0,0,0,0,0
SGOV,1000000000,partial_mint_failure,fixed_40,2026-08-03,1785715200000,1785715200000,0,0,0,0,0,0,0,0,0
SGOV,1000000000,partial_mint_failure,fixed_40,2026-08-10,1786320000000,1786320000000,0,0,0,0,0,0,0,0,0
SGOV,1000000000,partial_mint_failure,fixed_40,2026-08-17,1786924800000,1786924800000,0,0,0,0,0,0,0,0,0
SGOV,1000000000,partial_mint_failure,fixed_40,2026-08-24,1787529600000,1787529600000,0,0,0,0,0,0,0,0,0
SGOV,1000000000,partial_mint_failure,fixed_40,2026-08-31,1788134400000,1788739188000,45101889,1208453,43893436,46983082,627938,3,41795,425316000,144000
SGOV,1000000000,partial_mint_failure,fixed_40,2026-09-07,1788739245000,1789154908000,7929752,-1611903,9541655,14338806,968202,4,26227,414581000,83000
SGOV,1000000000,partial_mint_failure,fixed_80,2026-07-27,1785196800000,1785196800000,0,0,0,0,0,0,0,0,0
SGOV,1000000000,partial_mint_failure,fixed_80,2026-08-03,1785715200000,1785715200000,0,0,0,0,0,0,0,0,0
SGOV,1000000000,partial_mint_failure,fixed_80,2026-08-10,1786320000000,1786320000000,0,0,0,0,0,0,0,0,0
SGOV,1000000000,partial_mint_failure,fixed_80,2026-08-17,1786924800000,1786924800000,0,0,0,0,0,0,0,0,0
SGOV,1000000000,partial_mint_failure,fixed_80,2026-08-24,1787529600000,1787529600000,0,0,0,0,0,0,0,0,0
SGOV,1000000000,partial_mint_failure,fixed_80,2026-08-31,1788134400000,1788739188000,24308294,1208453,23099841,24248184,178556,1,41795,425316000,12000
SGOV,1000000000,partial_mint_failure,fixed_80,2026-09-07,1788739245000,1789154908000,5284497,-1611903,6896400,7094799,115573,0,26227,415720000,0
SGOV,1000000000,partial_mint_failure,fixed_160,2026-07-27,1785196800000,1785196800000,0,0,0,0,0,0,0,0,0
SGOV,1000000000,partial_mint_failure,fixed_160,2026-08-03,1785715200000,1785715200000,0,0,0,0,0,0,0,0,0
SGOV,1000000000,partial_mint_failure,fixed_160,2026-08-10,1786320000000,1786320000000,0,0,0,0,0,0,0,0,0
SGOV,1000000000,partial_mint_failure,fixed_160,2026-08-17,1786924800000,1786924800000,0,0,0,0,0,0,0,0,0
SGOV,1000000000,partial_mint_failure,fixed_160,2026-08-24,1787529600000,1787529600000,0,0,0,0,0,0,0,0,0
SGOV,1000000000,partial_mint_failure,fixed_160,2026-08-31,1788134400000,1788739188000,13873286,1208453,12664833,13598195,178556,1,41795,425804000,12000
SGOV,1000000000,partial_mint_failure,fixed_160,2026-09-07,1788739245000,1789154908000,1835022,-1611903,3446925,3577212,115573,0,26227,415720000,0
SGOV,1000000000,partial_mint_failure,adaptive_width,2026-07-27,1785196800000,1785196800000,0,0,0,0,0,0,0,0,0
SGOV,1000000000,partial_mint_failure,adaptive_width,2026-08-03,1785715200000,1785715200000,0,0,0,0,0,0,0,0,0
SGOV,1000000000,partial_mint_failure,adaptive_width,2026-08-10,1786320000000,1786320000000,0,0,0,0,0,0,0,0,0
SGOV,1000000000,partial_mint_failure,adaptive_width,2026-08-17,1786924800000,1786924800000,0,0,0,0,0,0,0,0,0
SGOV,1000000000,partial_mint_failure,adaptive_width,2026-08-24,1787529600000,1787529600000,0,0,0,0,0,0,0,0,0
SGOV,1000000000,partial_mint_failure,adaptive_width,2026-08-31,1788134400000,1788739188000,42693640,1208453,41485187,47459048,1480567,7,41795,414988000,310000
SGOV,1000000000,partial_mint_failure,adaptive_width,2026-09-07,1788739245000,1789154908000,16579782,-1611903,18191685,24281657,1417584,6,26227,415016000,38616000
SGOV,1000000000,partial_mint_failure,adaptive_economic,2026-07-27,1785196800000,1785196800000,0,0,0,0,0,0,0,0,0
SGOV,1000000000,partial_mint_failure,adaptive_economic,2026-08-03,1785715200000,1785715200000,0,0,0,0,0,0,0,0,0
SGOV,1000000000,partial_mint_failure,adaptive_economic,2026-08-10,1786320000000,1786320000000,0,0,0,0,0,0,0,0,0
SGOV,1000000000,partial_mint_failure,adaptive_economic,2026-08-17,1786924800000,1786924800000,0,0,0,0,0,0,0,0,0
SGOV,1000000000,partial_mint_failure,adaptive_economic,2026-08-24,1787529600000,1787529600000,0,0,0,0,0,0,0,0,0
SGOV,1000000000,partial_mint_failure,adaptive_economic,2026-08-31,1788134400000,1788739188000,19974772,1208453,18766319,21972797,403247,2,41795,416121000,217080000
SGOV,1000000000,partial_mint_failure,adaptive_economic,2026-09-07,1788739245000,1789154908000,5199841,-1611903,6811744,5446437,115573,0,26227,415720000,324636000
SGOV,250000000,pinned_fork_costs,fixed_20,2026-07-27,1785196800000,1785196800000,0,0,0,0,0,0,0,0,0
SGOV,250000000,pinned_fork_costs,fixed_20,2026-08-03,1785715200000,1785715200000,0,0,0,0,0,0,0,0,0
SGOV,250000000,pinned_fork_costs,fixed_20,2026-08-10,1786320000000,1786320000000,0,0,0,0,0,0,0,0,0
SGOV,250000000,pinned_fork_costs,fixed_20,2026-08-17,1786924800000,1786924800000,0,0,0,0,0,0,0,0,0
SGOV,250000000,pinned_fork_costs,fixed_20,2026-08-24,1787529600000,1787529600000,0,0,0,0,0,0,0,0,0
SGOV,250000000,pinned_fork_costs,fixed_20,2026-08-31,1788134400000,1788739188000,19460144,288194,19171950,22983890,1976084,9,41795,425316000,486000
SGOV,250000000,pinned_fork_costs,fixed_20,2026-09-07,1788739245000,1789154908000,1884010,-439302,2323312,7044715,2362483,10,26227,415720000,1366000
SGOV,250000000,pinned_fork_costs,fixed_40,2026-07-27,1785196800000,1785196800000,0,0,0,0,0,0,0,0,0
SGOV,250000000,pinned_fork_costs,fixed_40,2026-08-03,1785715200000,1785715200000,0,0,0,0,0,0,0,0,0
SGOV,250000000,pinned_fork_costs,fixed_40,2026-08-10,1786320000000,1786320000000,0,0,0,0,0,0,0,0,0
SGOV,250000000,pinned_fork_costs,fixed_40,2026-08-17,1786924800000,1786924800000,0,0,0,0,0,0,0,0,0
SGOV,250000000,pinned_fork_costs,fixed_40,2026-08-24,1787529600000,1787529600000,0,0,0,0,0,0,0,0,0
SGOV,250000000,pinned_fork_costs,fixed_40,2026-08-31,1788134400000,1788739188000,11626720,288194,11338526,12225166,627938,3,41795,425316000,51000
SGOV,250000000,pinned_fork_costs,fixed_40,2026-09-07,1788739245000,1789154908000,687100,-439302,1126402,3586517,1014337,4,26227,415720000,225000
SGOV,250000000,pinned_fork_costs,fixed_80,2026-07-27,1785196800000,1785196800000,0,0,0,0,0,0,0,0,0
SGOV,250000000,pinned_fork_costs,fixed_80,2026-08-03,1785715200000,1785715200000,0,0,0,0,0,0,0,0,0
SGOV,250000000,pinned_fork_costs,fixed_80,2026-08-10,1786320000000,1786320000000,0,0,0,0,0,0,0,0,0
SGOV,250000000,pinned_fork_costs,fixed_80,2026-08-17,1786924800000,1786924800000,0,0,0,0,0,0,0,0,0
SGOV,250000000,pinned_fork_costs,fixed_80,2026-08-24,1787529600000,1787529600000,0,0,0,0,0,0,0,0,0
SGOV,250000000,pinned_fork_costs,fixed_80,2026-08-31,1788134400000,1788739188000,6072446,288194,5784252,6180457,178556,1,41795,425316000,12000
SGOV,250000000,pinned_fork_costs,fixed_80,2026-09-07,1788739245000,1789154908000,1254239,-439302,1693541,1787721,115573,0,26227,415720000,0
SGOV,250000000,pinned_fork_costs,fixed_160,2026-07-27,1785196800000,1785196800000,0,0,0,0,0,0,0,0,0
SGOV,250000000,pinned_fork_costs,fixed_160,2026-08-03,1785715200000,1785715200000,0,0,0,0,0,0,0,0,0
SGOV,250000000,pinned_fork_costs,fixed_160,2026-08-10,1786320000000,1786320000000,0,0,0,0,0,0,0,0,0
SGOV,250000000,pinned_fork_costs,fixed_160,2026-08-17,1786924800000,1786924800000,0,0,0,0,0,0,0,0,0
SGOV,250000000,pinned_fork_costs,fixed_160,2026-08-24,1787529600000,1787529600000,0,0,0,0,0,0,0,0,0
SGOV,250000000,pinned_fork_costs,fixed_160,2026-08-31,1788134400000,1788739188000,3411267,288194,3123073,3450927,178556,1,41795,425804000,12000
SGOV,250000000,pinned_fork_costs,fixed_160,2026-09-07,1788739245000,1789154908000,377523,-439302,816825,894357,115573,0,26227,415720000,0
SGOV,250000000,pinned_fork_costs,adaptive_width,2026-07-27,1785196800000,1785196800000,0,0,0,0,0,0,0,0,0
SGOV,250000000,pinned_fork_costs,adaptive_width,2026-08-03,1785715200000,1785715200000,0,0,0,0,0,0,0,0,0
SGOV,250000000,pinned_fork_costs,adaptive_width,2026-08-10,1786320000000,1786320000000,0,0,0,0,0,0,0,0,0
SGOV,250000000,pinned_fork_costs,adaptive_width,2026-08-17,1786924800000,1786924800000,0,0,0,0,0,0,0,0,0
SGOV,250000000,pinned_fork_costs,adaptive_width,2026-08-24,1787529600000,1787529600000,0,0,0,0,0,0,0,0,0
SGOV,250000000,pinned_fork_costs,adaptive_width,2026-08-31,1788134400000,1788739188000,11165345,288194,10877151,13226595,1302011,6,41795,419112000,252000
SGOV,250000000,pinned_fork_costs,adaptive_width,2026-09-07,1788739245000,1789154908000,3556337,-439302,3995639,6351086,1239028,5,26227,415720000,38616000
SGOV,250000000,pinned_fork_costs,adaptive_economic,2026-07-27,1785196800000,1785196800000,0,0,0,0,0,0,0,0,0
SGOV,250000000,pinned_fork_costs,adaptive_economic,2026-08-03,1785715200000,1785715200000,0,0,0,0,0,0,0,0,0
SGOV,250000000,pinned_fork_costs,adaptive_economic,2026-08-10,1786320000000,1786320000000,0,0,0,0,0,0,0,0,0
SGOV,250000000,pinned_fork_costs,adaptive_economic,2026-08-17,1786924800000,1786924800000,0,0,0,0,0,0,0,0,0
SGOV,250000000,pinned_fork_costs,adaptive_economic,2026-08-24,1787529600000,1787529600000,0,0,0,0,0,0,0,0,0
SGOV,250000000,pinned_fork_costs,adaptive_economic,2026-08-31,1788134400000,1788739188000,5744880,288194,5456686,6490325,403247,2,41795,419112000,217022000
SGOV,250000000,pinned_fork_costs,adaptive_economic,2026-09-07,1788739245000,1789154908000,1272333,-439302,1711635,1420746,115573,0,26227,415720000,324636000
SGOV,250000000,double_gas_half_fees,fixed_20,2026-07-27,1785196800000,1785196800000,0,0,0,0,0,0,0,0,0
SGOV,250000000,double_gas_half_fees,fixed_20,2026-08-03,1785715200000,1785715200000,0,0,0,0,0,0,0,0,0
SGOV,250000000,double_gas_half_fees,fixed_20,2026-08-10,1786320000000,1786320000000,0,0,0,0,0,0,0,0,0
SGOV,250000000,double_gas_half_fees,fixed_20,2026-08-17,1786924800000,1786924800000,0,0,0,0,0,0,0,0,0
SGOV,250000000,double_gas_half_fees,fixed_20,2026-08-24,1787529600000,1787529600000,0,0,0,0,0,0,0,0,0
SGOV,250000000,double_gas_half_fees,fixed_20,2026-08-31,1788134400000,1788739188000,5798818,235157,5563661,11292681,3952168,9,41795,425316000,486000
SGOV,250000000,double_gas_half_fees,fixed_20,2026-09-07,1788739245000,1789154908000,-4022351,-488273,-3534078,3354211,4724966,10,26227,415720000,1366000
SGOV,250000000,double_gas_half_fees,fixed_40,2026-07-27,1785196800000,1785196800000,0,0,0,0,0,0,0,0,0
SGOV,250000000,double_gas_half_fees,fixed_40,2026-08-03,1785715200000,1785715200000,0,0,0,0,0,0,0,0,0
SGOV,250000000,double_gas_half_fees,fixed_40,2026-08-10,1786320000000,1786320000000,0,0,0,0,0,0,0,0,0
SGOV,250000000,double_gas_half_fees,fixed_40,2026-08-17,1786924800000,1786924800000,0,0,0,0,0,0,0,0,0
SGOV,250000000,double_gas_half_fees,fixed_40,2026-08-24,1787529600000,1787529600000,0,0,0,0,0,0,0,0,0
SGOV,250000000,double_gas_half_fees,fixed_40,2026-08-31,1788134400000,1788739188000,4826317,235157,4591160,6060467,1255876,3,41795,425316000,51000
SGOV,250000000,double_gas_half_fees,fixed_40,2026-09-07,1788739245000,1789154908000,-2109677,-488273,-1621404,1752443,2028674,4,26227,415720000,225000
SGOV,250000000,double_gas_half_fees,fixed_80,2026-07-27,1785196800000,1785196800000,0,0,0,0,0,0,0,0,0
SGOV,250000000,double_gas_half_fees,fixed_80,2026-08-03,1785715200000,1785715200000,0,0,0,0,0,0,0,0,0
SGOV,250000000,double_gas_half_fees,fixed_80,2026-08-10,1786320000000,1786320000000,0,0,0,0,0,0,0,0,0
SGOV,250000000,double_gas_half_fees,fixed_80,2026-08-17,1786924800000,1786924800000,0,0,0,0,0,0,0,0,0
SGOV,250000000,double_gas_half_fees,fixed_80,2026-08-24,1787529600000,1787529600000,0,0,0,0,0,0,0,0,0
SGOV,250000000,double_gas_half_fees,fixed_80,2026-08-31,1788134400000,1788739188000,2795440,235157,2560283,3085607,357112,1,41795,425316000,12000
SGOV,250000000,double_gas_half_fees,fixed_80,2026-09-07,1788739245000,1789154908000,247716,-488273,735989,890673,231146,0,26227,415720000,0
SGOV,250000000,double_gas_half_fees,fixed_160,2026-07-27,1785196800000,1785196800000,0,0,0,0,0,0,0,0,0
SGOV,250000000,double_gas_half_fees,fixed_160,2026-08-03,1785715200000,1785715200000,0,0,0,0,0,0,0,0,0
SGOV,250000000,double_gas_half_fees,fixed_160,2026-08-10,1786320000000,1786320000000,0,0,0,0,0,0,0,0,0
SGOV,250000000,double_gas_half_fees,fixed_160,2026-08-17,1786924800000,1786924800000,0,0,0,0,0,0,0,0,0
SGOV,250000000,double_gas_half_fees,fixed_160,2026-08-24,1787529600000,1787529600000,0,0,0,0,0,0,0,0,0
SGOV,250000000,double_gas_half_fees,fixed_160,2026-08-31,1788134400000,1788739188000,1500654,235157,1265497,1721082,357112,1,41795,425804000,12000
SGOV,250000000,double_gas_half_fees,fixed_160,2026-09-07,1788739245000,1789154908000,-185078,-488273,303195,444311,231146,0,26227,415720000,0
SGOV,250000000,double_gas_half_fees,adaptive_width,2026-07-27,1785196800000,1785196800000,0,0,0,0,0,0,0,0,0
SGOV,250000000,double_gas_half_fees,adaptive_width,2026-08-03,1785715200000,1785715200000,0,0,0,0,0,0,0,0,0
SGOV,250000000,double_gas_half_fees,adaptive_width,2026-08-10,1786320000000,1786320000000,0,0,0,0,0,0,0,0,0
SGOV,250000000,double_gas_half_fees,adaptive_width,2026-08-17,1786924800000,1786924800000,0,0,0,0,0,0,0,0,0
SGOV,250000000,double_gas_half_fees,adaptive_width,2026-08-24,1787529600000,1787529600000,0,0,0,0,0,0,0,0,0
SGOV,250000000,double_gas_half_fees,adaptive_width,2026-08-31,1788134400000,1788739188000,3192422,235157,2957265,6556063,2604022,6,41795,419112000,252000
SGOV,250000000,double_gas_half_fees,adaptive_width,2026-09-07,1788739245000,1789154908000,-899843,-488273,-411570,3081059,2478056,5,26227,415720000,38616000
SGOV,250000000,double_gas_half_fees,adaptive_economic,2026-07-27,1785196800000,1785196800000,0,0,0,0,0,0,0,0,0
SGOV,250000000,double_gas_half_fees,adaptive_economic,2026-08-03,1785715200000,1785715200000,0,0,0,0,0,0,0,0,0
SGOV,250000000,double_gas_half_fees,adaptive_economic,2026-08-10,1786320000000,1786320000000,0,0,0,0,0,0,0,0,0
SGOV,250000000,double_gas_half_fees,adaptive_economic,2026-08-17,1786924800000,1786924800000,0,0,0,0,0,0,0,0,0
SGOV,250000000,double_gas_half_fees,adaptive_economic,2026-08-24,1787529600000,1787529600000,0,0,0,0,0,0,0,0,0
SGOV,250000000,double_gas_half_fees,adaptive_economic,2026-08-31,1788134400000,1788739188000,2082705,235157,1847548,3233940,806494,2,41795,419112000,217022000
SGOV,250000000,double_gas_half_fees,adaptive_economic,2026-09-07,1788739245000,1789154908000,445711,-488273,933984,706627,231146,0,26227,415720000,324636000
SGOV,250000000,partial_mint_failure,fixed_20,2026-07-27,1785196800000,1785196800000,0,0,0,0,0,0,0,0,0
SGOV,250000000,partial_mint_failure,fixed_20,2026-08-03,1785715200000,1785715200000,0,0,0,0,0,0,0,0,0
SGOV,250000000,partial_mint_failure,fixed_20,2026-08-10,1786320000000,1786320000000,0,0,0,0,0,0,0,0,0
SGOV,250000000,partial_mint_failure,fixed_20,2026-08-17,1786924800000,1786924800000,0,0,0,0,0,0,0,0,0
SGOV,250000000,partial_mint_failure,fixed_20,2026-08-24,1787529600000,1787529600000,0,0,0,0,0,0,0,0,0
SGOV,250000000,partial_mint_failure,fixed_20,2026-08-31,1788134400000,1788739188000,18739963,288194,18451769,22442355,2154640,10,41795,424486000,486000
SGOV,250000000,partial_mint_failure,fixed_20,2026-09-07,1788739245000,1789154908000,1494278,-439302,1933580,6960285,2719595,12,26227,413938000,788000
SGOV,250000000,partial_mint_failure,fixed_40,2026-07-27,1785196800000,1785196800000,0,0,0,0,0,0,0,0,0
SGOV,250000000,partial_mint_failure,fixed_40,2026-08-03,1785715200000,1785715200000,0,0,0,0,0,0,0,0,0
SGOV,250000000,partial_mint_failure,fixed_40,2026-08-10,1786320000000,1786320000000,0,0,0,0,0,0,0,0,0
SGOV,250000000,partial_mint_failure,fixed_40,2026-08-17,1786924800000,1786924800000,0,0,0,0,0,0,0,0,0
SGOV,250000000,partial_mint_failure,fixed_40,2026-08-24,1787529600000,1787529600000,0,0,0,0,0,0,0,0,0
SGOV,250000000,partial_mint_failure,fixed_40,2026-08-31,1788134400000,1788739188000,11626720,288194,11338526,12225166,627938,3,41795,425316000,51000
SGOV,250000000,partial_mint_failure,fixed_40,2026-09-07,1788739245000,1789154908000,1067016,-439302,1506318,3564166,968202,4,26227,414581000,170000
SGOV,250000000,partial_mint_failure,fixed_80,2026-07-27,1785196800000,1785196800000,0,0,0,0,0,0,0,0,0
SGOV,250000000,partial_mint_failure,fixed_80,2026-08-03,1785715200000,1785715200000,0,0,0,0,0,0,0,0,0
SGOV,250000000,partial_mint_failure,fixed_80,2026-08-10,1786320000000,1786320000000,0,0,0,0,0,0,0,0,0
SGOV,250000000,partial_mint_failure,fixed_80,2026-08-17,1786924800000,1786924800000,0,0,0,0,0,0,0,0,0
SGOV,250000000,partial_mint_failure,fixed_80,2026-08-24,1787529600000,1787529600000,0,0,0,0,0,0,0,0,0
SGOV,250000000,partial_mint_failure,fixed_80,2026-08-31,1788134400000,1788739188000,6072446,288194,5784252,6180457,178556,1,41795,425316000,12000
SGOV,250000000,partial_mint_failure,fixed_80,2026-09-07,1788739245000,1789154908000,1254239,-439302,1693541,1787721,115573,0,26227,415720000,0
SGOV,250000000,partial_mint_failure,fixed_160,2026-07-27,1785196800000,1785196800000,0,0,0,0,0,0,0,0,0
SGOV,250000000,partial_mint_failure,fixed_160,2026-08-03,1785715200000,1785715200000,0,0,0,0,0,0,0,0,0
SGOV,250000000,partial_mint_failure,fixed_160,2026-08-10,1786320000000,1786320000000,0,0,0,0,0,0,0,0,0
SGOV,250000000,partial_mint_failure,fixed_160,2026-08-17,1786924800000,1786924800000,0,0,0,0,0,0,0,0,0
SGOV,250000000,partial_mint_failure,fixed_160,2026-08-24,1787529600000,1787529600000,0,0,0,0,0,0,0,0,0
SGOV,250000000,partial_mint_failure,fixed_160,2026-08-31,1788134400000,1788739188000,3411267,288194,3123073,3450927,178556,1,41795,425804000,12000
SGOV,250000000,partial_mint_failure,fixed_160,2026-09-07,1788739245000,1789154908000,377523,-439302,816825,894357,115573,0,26227,415720000,0
SGOV,250000000,partial_mint_failure,adaptive_width,2026-07-27,1785196800000,1785196800000,0,0,0,0,0,0,0,0,0
SGOV,250000000,partial_mint_failure,adaptive_width,2026-08-03,1785715200000,1785715200000,0,0,0,0,0,0,0,0,0
SGOV,250000000,partial_mint_failure,adaptive_width,2026-08-10,1786320000000,1786320000000,0,0,0,0,0,0,0,0,0
SGOV,250000000,partial_mint_failure,adaptive_width,2026-08-17,1786924800000,1786924800000,0,0,0,0,0,0,0,0,0
SGOV,250000000,partial_mint_failure,adaptive_width,2026-08-24,1787529600000,1787529600000,0,0,0,0,0,0,0,0,0
SGOV,250000000,partial_mint_failure,adaptive_width,2026-08-31,1788134400000,1788739188000,10986248,288194,10698054,13226413,1480567,7,41795,417979000,252000
SGOV,250000000,partial_mint_failure,adaptive_width,2026-09-07,1788739245000,1789154908000,3358622,-439302,3797924,6337294,1417584,6,26227,415016000,38616000
SGOV,250000000,partial_mint_failure,adaptive_economic,2026-07-27,1785196800000,1785196800000,0,0,0,0,0,0,0,0,0
SGOV,250000000,partial_mint_failure,adaptive_economic,2026-08-03,1785715200000,1785715200000,0,0,0,0,0,0,0,0,0
SGOV,250000000,partial_mint_failure,adaptive_economic,2026-08-10,1786320000000,1786320000000,0,0,0,0,0,0,0,0,0
SGOV,250000000,partial_mint_failure,adaptive_economic,2026-08-17,1786924800000,1786924800000,0,0,0,0,0,0,0,0,0
SGOV,250000000,partial_mint_failure,adaptive_economic,2026-08-24,1787529600000,1787529600000,0,0,0,0,0,0,0,0,0
SGOV,250000000,partial_mint_failure,adaptive_economic,2026-08-31,1788134400000,1788739188000,5744880,288194,5456686,6490325,403247,2,41795,419112000,217022000
SGOV,250000000,partial_mint_failure,adaptive_economic,2026-09-07,1788739245000,1789154908000,1272333,-439302,1711635,1420746,115573,0,26227,415720000,324636000
SLV,5000000000,pinned_fork_costs,fixed_20,2026-07-27,1785196800000,1785196800000,0,0,0,0,0,0,0,0,0
SLV,5000000000,pinned_fork_costs,fixed_20,2026-08-03,1785715200000,1785715200000,0,0,0,0,0,0,0,0,0
SLV,5000000000,pinned_fork_costs,fixed_20,2026-08-10,1786320000000,1786320000000,0,0,0,0,0,0,0,0,0
SLV,5000000000,pinned_fork_costs,fixed_20,2026-08-17,1786924800000,1786924800000,0,0,0,0,0,0,0,0,0
SLV,5000000000,pinned_fork_costs,fixed_20,2026-08-24,1787529600000,1787529600000,0,0,0,0,0,0,0,0,0
SLV,5000000000,pinned_fork_costs,fixed_20,2026-08-31,1788134400000,1788739193000,-85452157,3965958,-89418115,288729263,17000047,73,15760,185830000,4369000
SLV,5000000000,pinned_fork_costs,fixed_20,2026-09-07,1788739249000,1789154953000,-990651870,-69306227,-921345643,296150099,45046586,193,16946,415760000,62122000
SLV,5000000000,pinned_fork_costs,fixed_40,2026-07-27,1785196800000,1785196800000,0,0,0,0,0,0,0,0,0
SLV,5000000000,pinned_fork_costs,fixed_40,2026-08-03,1785715200000,1785715200000,0,0,0,0,0,0,0,0,0
SLV,5000000000,pinned_fork_costs,fixed_40,2026-08-10,1786320000000,1786320000000,0,0,0,0,0,0,0,0,0
SLV,5000000000,pinned_fork_costs,fixed_40,2026-08-17,1786924800000,1786924800000,0,0,0,0,0,0,0,0,0
SLV,5000000000,pinned_fork_costs,fixed_40,2026-08-24,1787529600000,1787529600000,0,0,0,0,0,0,0,0,0
SLV,5000000000,pinned_fork_costs,fixed_40,2026-08-31,1788134400000,1788739193000,103286895,3965958,99320937,192241394,3462731,15,15760,185830000,664000
SLV,5000000000,pinned_fork_costs,fixed_40,2026-09-07,1788739249000,1789154953000,-570534775,-69306227,-501228548,228476100,16338140,70,16946,415760000,19475000
SLV,5000000000,pinned_fork_costs,fixed_80,2026-07-27,1785196800000,1785196800000,0,0,0,0,0,0,0,0,0
SLV,5000000000,pinned_fork_costs,fixed_80,2026-08-03,1785715200000,1785715200000,0,0,0,0,0,0,0,0,0
SLV,5000000000,pinned_fork_costs,fixed_80,2026-08-10,1786320000000,1786320000000,0,0,0,0,0,0,0,0,0
SLV,5000000000,pinned_fork_costs,fixed_80,2026-08-17,1786924800000,1786924800000,0,0,0,0,0,0,0,0,0
SLV,5000000000,pinned_fork_costs,fixed_80,2026-08-24,1787529600000,1787529600000,0,0,0,0,0,0,0,0,0
SLV,5000000000,pinned_fork_costs,fixed_80,2026-08-31,1788134400000,1788739193000,100322467,3965958,96356509,107346118,428505,2,15760,185944000,0
SLV,5000000000,pinned_fork_costs,fixed_80,2026-09-07,1788739249000,1789154953000,-274036750,-69306227,-204730523,126747200,3967834,17,16946,415760000,50126000
SLV,5000000000,pinned_fork_costs,fixed_160,2026-07-27,1785196800000,1785196800000,0,0,0,0,0,0,0,0,0
SLV,5000000000,pinned_fork_costs,fixed_160,2026-08-03,1785715200000,1785715200000,0,0,0,0,0,0,0,0,0
SLV,5000000000,pinned_fork_costs,fixed_160,2026-08-10,1786320000000,1786320000000,0,0,0,0,0,0,0,0,0
SLV,5000000000,pinned_fork_costs,fixed_160,2026-08-17,1786924800000,1786924800000,0,0,0,0,0,0,0,0,0
SLV,5000000000,pinned_fork_costs,fixed_160,2026-08-24,1787529600000,1787529600000,0,0,0,0,0,0,0,0,0
SLV,5000000000,pinned_fork_costs,fixed_160,2026-08-31,1788134400000,1788739193000,60274794,3965958,56308836,56543986,195103,1,15760,185944000,0
SLV,5000000000,pinned_fork_costs,fixed_160,2026-09-07,1788739249000,1789154953000,-120516937,-69306227,-51210710,60787772,233402,1,16946,415760000,118384000
SLV,5000000000,pinned_fork_costs,adaptive_width,2026-07-27,1785196800000,1785196800000,0,0,0,0,0,0,0,0,0
SLV,5000000000,pinned_fork_costs,adaptive_width,2026-08-03,1785715200000,1785715200000,0,0,0,0,0,0,0,0,0
SLV,5000000000,pinned_fork_costs,adaptive_width,2026-08-10,1786320000000,1786320000000,0,0,0,0,0,0,0,0,0
SLV,5000000000,pinned_fork_costs,adaptive_width,2026-08-17,1786924800000,1786924800000,0,0,0,0,0,0,0,0,0
SLV,5000000000,pinned_fork_costs,adaptive_width,2026-08-24,1787529600000,1787529600000,0,0,0,0,0,0,0,0,0
SLV,5000000000,pinned_fork_costs,adaptive_width,2026-08-31,1788134400000,1788739193000,29131829,3965958,25165871,33443957,195103,1,15760,165894000,0
SLV,5000000000,pinned_fork_costs,adaptive_width,2026-09-07,1788739249000,1789154953000,-242724298,-69306227,-173418071,65880611,2334020,10,16946,415760000,120053000
SLV,5000000000,pinned_fork_costs,adaptive_economic,2026-07-27,1785196800000,1785196800000,0,0,0,0,0,0,0,0,0
SLV,5000000000,pinned_fork_costs,adaptive_economic,2026-08-03,1785715200000,1785715200000,0,0,0,0,0,0,0,0,0
SLV,5000000000,pinned_fork_costs,adaptive_economic,2026-08-10,1786320000000,1786320000000,0,0,0,0,0,0,0,0,0
SLV,5000000000,pinned_fork_costs,adaptive_economic,2026-08-17,1786924800000,1786924800000,0,0,0,0,0,0,0,0,0
SLV,5000000000,pinned_fork_costs,adaptive_economic,2026-08-24,1787529600000,1787529600000,0,0,0,0,0,0,0,0,0
SLV,5000000000,pinned_fork_costs,adaptive_economic,2026-08-31,1788134400000,1788739193000,29131829,3965958,25165871,33443957,195103,1,15760,165894000,0
SLV,5000000000,pinned_fork_costs,adaptive_economic,2026-09-07,1788739249000,1789154953000,-70798691,-69306227,-1492464,51826072,0,0,16946,415760000,152126000
SLV,5000000000,double_gas_half_fees,fixed_20,2026-07-27,1785196800000,1785196800000,0,0,0,0,0,0,0,0,0
SLV,5000000000,double_gas_half_fees,fixed_20,2026-08-03,1785715200000,1785715200000,0,0,0,0,0,0,0,0,0
SLV,5000000000,double_gas_half_fees,fixed_20,2026-08-10,1786320000000,1786320000000,0,0,0,0,0,0,0,0,0
SLV,5000000000,double_gas_half_fees,fixed_20,2026-08-17,1786924800000,1786924800000,0,0,0,0,0,0,0,0,0
SLV,5000000000,double_gas_half_fees,fixed_20,2026-08-24,1787529600000,1787529600000,0,0,0,0,0,0,0,0,0
SLV,5000000000,double_gas_half_fees,fixed_20,2026-08-31,1788134400000,1788739193000,-244089204,3912726,-248001930,142671430,34000094,73,15760,185830000,4369000
SLV,5000000000,double_gas_half_fees,fixed_20,2026-09-07,1788739249000,1789154953000,-1124129339,-69306227,-1054823112,144026466,90093172,193,16946,415760000,62122000
SLV,5000000000,double_gas_half_fees,fixed_40,2026-07-27,1785196800000,1785196800000,0,0,0,0,0,0,0,0,0
SLV,5000000000,double_gas_half_fees,fixed_40,2026-08-03,1785715200000,1785715200000,0,0,0,0,0,0,0,0,0
SLV,5000000000,double_gas_half_fees,fixed_40,2026-08-10,1786320000000,1786320000000,0,0,0,0,0,0,0,0,0
SLV,5000000000,double_gas_half_fees,fixed_40,2026-08-17,1786924800000,1786924800000,0,0,0,0,0,0,0,0,0
SLV,5000000000,double_gas_half_fees,fixed_40,2026-08-24,1787529600000,1787529600000,0,0,0,0,0,0,0,0,0
SLV,5000000000,double_gas_half_fees,fixed_40,2026-08-31,1788134400000,1788739193000,3991537,3912726,78811,95462590,6925462,15,15760,185830000,664000
SLV,5000000000,double_gas_half_fees,fixed_40,2026-09-07,1788739249000,1789154953000,-675009208,-69306227,-605702981,112081228,32676280,70,16946,415760000,19475000
SLV,5000000000,double_gas_half_fees,fixed_80,2026-07-27,1785196800000,1785196800000,0,0,0,0,0,0,0,0,0
SLV,5000000000,double_gas_half_fees,fixed_80,2026-08-03,1785715200000,1785715200000,0,0,0,0,0,0,0,0,0
SLV,5000000000,double_gas_half_fees,fixed_80,2026-08-10,1786320000000,1786320000000,0,0,0,0,0,0,0,0,0
SLV,5000000000,double_gas_half_fees,fixed_80,2026-08-17,1786924800000,1786924800000,0,0,0,0,0,0,0,0,0
SLV,5000000000,double_gas_half_fees,fixed_80,2026-08-24,1787529600000,1787529600000,0,0,0,0,0,0,0,0,0
SLV,5000000000,double_gas_half_fees,fixed_80,2026-08-31,1788134400000,1788739193000,46155195,3912726,42242469,53544956,857010,2,15760,185944000,0
SLV,5000000000,double_gas_half_fees,fixed_80,2026-09-07,1788739249000,1789154953000,-334199208,-69306227,-264892981,62599249,7935668,17,16946,415760000,50126000
SLV,5000000000,double_gas_half_fees,fixed_160,2026-07-27,1785196800000,1785196800000,0,0,0,0,0,0,0,0,0
SLV,5000000000,double_gas_half_fees,fixed_160,2026-08-03,1785715200000,1785715200000,0,0,0,0,0,0,0,0,0
SLV,5000000000,double_gas_half_fees,fixed_160,2026-08-10,1786320000000,1786320000000,0,0,0,0,0,0,0,0,0
SLV,5000000000,double_gas_half_fees,fixed_160,2026-08-17,1786924800000,1786924800000,0,0,0,0,0,0,0,0,0
SLV,5000000000,double_gas_half_fees,fixed_160,2026-08-24,1787529600000,1787529600000,0,0,0,0,0,0,0,0,0
SLV,5000000000,double_gas_half_fees,fixed_160,2026-08-31,1788134400000,1788739193000,31829795,3912726,27917069,28270129,390206,1,15760,185944000,0
SLV,5000000000,double_gas_half_fees,fixed_160,2026-09-07,1788739249000,1789154953000,-149474970,-69306227,-80168743,30323955,466804,1,16946,415760000,118384000
SLV,5000000000,double_gas_half_fees,adaptive_width,2026-07-27,1785196800000,1785196800000,0,0,0,0,0,0,0,0,0
SLV,5000000000,double_gas_half_fees,adaptive_width,2026-08-03,1785715200000,1785715200000,0,0,0,0,0,0,0,0,0
SLV,5000000000,double_gas_half_fees,adaptive_width,2026-08-10,1786320000000,1786320000000,0,0,0,0,0,0,0,0,0
SLV,5000000000,double_gas_half_fees,adaptive_width,2026-08-17,1786924800000,1786924800000,0,0,0,0,0,0,0,0,0
SLV,5000000000,double_gas_half_fees,adaptive_width,2026-08-24,1787529600000,1787529600000,0,0,0,0,0,0,0,0,0
SLV,5000000000,double_gas_half_fees,adaptive_width,2026-08-31,1788134400000,1788739193000,12232857,3912726,8320131,16720381,390206,1,15760,165894000,0
SLV,5000000000,double_gas_half_fees,adaptive_width,2026-09-07,1788739249000,1789154953000,-221474361,-69306227,-152168134,32297014,3267628,7,16946,415760000,119691000
SLV,5000000000,double_gas_half_fees,adaptive_economic,2026-07-27,1785196800000,1785196800000,0,0,0,0,0,0,0,0,0
SLV,5000000000,double_gas_half_fees,adaptive_economic,2026-08-03,1785715200000,1785715200000,0,0,0,0,0,0,0,0,0
SLV,5000000000,double_gas_half_fees,adaptive_economic,2026-08-10,1786320000000,1786320000000,0,0,0,0,0,0,0,0,0
SLV,5000000000,double_gas_half_fees,adaptive_economic,2026-08-17,1786924800000,1786924800000,0,0,0,0,0,0,0,0,0
SLV,5000000000,double_gas_half_fees,adaptive_economic,2026-08-24,1787529600000,1787529600000,0,0,0,0,0,0,0,0,0
SLV,5000000000,double_gas_half_fees,adaptive_economic,2026-08-31,1788134400000,1788739193000,12232857,3912726,8320131,16720381,390206,1,15760,165894000,0
SLV,5000000000,double_gas_half_fees,adaptive_economic,2026-09-07,1788739249000,1789154953000,-96100925,-69306227,-26794698,25911294,0,0,16946,415760000,152126000
SLV,5000000000,partial_mint_failure,fixed_20,2026-07-27,1785196800000,1785196800000,0,0,0,0,0,0,0,0,0
SLV,5000000000,partial_mint_failure,fixed_20,2026-08-03,1785715200000,1785715200000,0,0,0,0,0,0,0,0,0
SLV,5000000000,partial_mint_failure,fixed_20,2026-08-10,1786320000000,1786320000000,0,0,0,0,0,0,0,0,0
SLV,5000000000,partial_mint_failure,fixed_20,2026-08-17,1786924800000,1786924800000,0,0,0,0,0,0,0,0,0
SLV,5000000000,partial_mint_failure,fixed_20,2026-08-24,1787529600000,1787529600000,0,0,0,0,0,0,0,0,0
SLV,5000000000,partial_mint_failure,fixed_20,2026-08-31,1788134400000,1788739193000,-42302797,3965958,-46268755,222070172,13816233,61,15760,172731000,3272000
SLV,5000000000,partial_mint_failure,fixed_20,2026-09-07,1788739249000,1789154953000,-752914464,-69306227,-683608237,258590042,38372566,169,16946,341833000,46534000
SLV,5000000000,partial_mint_failure,fixed_40,2026-07-27,1785196800000,1785196800000,0,0,0,0,0,0,0,0,0
SLV,5000000000,partial_mint_failure,fixed_40,2026-08-03,1785715200000,1785715200000,0,0,0,0,0,0,0,0,0
SLV,5000000000,partial_mint_failure,fixed_40,2026-08-10,1786320000000,1786320000000,0,0,0,0,0,0,0,0,0
SLV,5000000000,partial_mint_failure,fixed_40,2026-08-17,1786924800000,1786924800000,0,0,0,0,0,0,0,0,0
SLV,5000000000,partial_mint_failure,fixed_40,2026-08-24,1787529600000,1787529600000,0,0,0,0,0,0,0,0,0
SLV,5000000000,partial_mint_failure,fixed_40,2026-08-31,1788134400000,1788739193000,121107256,3965958,117141298,186596426,3152731,14,15760,182436000,552000
SLV,5000000000,partial_mint_failure,fixed_40,2026-09-07,1788739249000,1789154953000,-478714729,-69306227,-409408502,211074352,16578758,73,16946,378320000,17353000
SLV,5000000000,partial_mint_failure,fixed_80,2026-07-27,1785196800000,1785196800000,0,0,0,0,0,0,0,0,0
SLV,5000000000,partial_mint_failure,fixed_80,2026-08-03,1785715200000,1785715200000,0,0,0,0,0,0,0,0,0
SLV,5000000000,partial_mint_failure,fixed_80,2026-08-10,1786320000000,1786320000000,0,0,0,0,0,0,0,0,0
SLV,5000000000,partial_mint_failure,fixed_80,2026-08-17,1786924800000,1786924800000,0,0,0,0,0,0,0,0,0
SLV,5000000000,partial_mint_failure,fixed_80,2026-08-24,1787529600000,1787529600000,0,0,0,0,0,0,0,0,0
SLV,5000000000,partial_mint_failure,fixed_80,2026-08-31,1788134400000,1788739193000,100322467,3965958,96356509,107346118,428505,2,15760,185944000,0
SLV,5000000000,partial_mint_failure,fixed_80,2026-09-07,1788739249000,1789154953000,-264579800,-69306227,-195273573,127639328,4207612,18,16947,411661000,44103000
SLV,5000000000,partial_mint_failure,fixed_160,2026-07-27,1785196800000,1785196800000,0,0,0,0,0,0,0,0,0
SLV,5000000000,partial_mint_failure,fixed_160,2026-08-03,1785715200000,1785715200000,0,0,0,0,0,0,0,0,0
SLV,5000000000,partial_mint_failure,fixed_160,2026-08-10,1786320000000,1786320000000,0,0,0,0,0,0,0,0,0
SLV,5000000000,partial_mint_failure,fixed_160,2026-08-17,1786924800000,1786924800000,0,0,0,0,0,0,0,0,0
SLV,5000000000,partial_mint_failure,fixed_160,2026-08-24,1787529600000,1787529600000,0,0,0,0,0,0,0,0,0
SLV,5000000000,partial_mint_failure,fixed_160,2026-08-31,1788134400000,1788739193000,60274794,3965958,56308836,56543986,195103,1,15760,185944000,0
SLV,5000000000,partial_mint_failure,fixed_160,2026-09-07,1788739249000,1789154953000,-120516937,-69306227,-51210710,60787772,233402,1,16946,415760000,118384000
SLV,5000000000,partial_mint_failure,adaptive_width,2026-07-27,1785196800000,1785196800000,0,0,0,0,0,0,0,0,0
SLV,5000000000,partial_mint_failure,adaptive_width,2026-08-03,1785715200000,1785715200000,0,0,0,0,0,0,0,0,0
SLV,5000000000,partial_mint_failure,adaptive_width,2026-08-10,1786320000000,1786320000000,0,0,0,0,0,0,0,0,0
SLV,5000000000,partial_mint_failure,adaptive_width,2026-08-17,1786924800000,1786924800000,0,0,0,0,0,0,0,0,0
SLV,5000000000,partial_mint_failure,adaptive_width,2026-08-24,1787529600000,1787529600000,0,0,0,0,0,0,0,0,0
SLV,5000000000,partial_mint_failure,adaptive_width,2026-08-31,1788134400000,1788739193000,29131829,3965958,25165871,33443957,195103,1,15760,165894000,0
SLV,5000000000,partial_mint_failure,adaptive_width,2026-09-07,1788739249000,1789154953000,-242467363,-69306227,-173161136,64377309,2295721,10,16946,415073000,120022000
SLV,5000000000,partial_mint_failure,adaptive_economic,2026-07-27,1785196800000,1785196800000,0,0,0,0,0,0,0,0,0
SLV,5000000000,partial_mint_failure,adaptive_economic,2026-08-03,1785715200000,1785715200000,0,0,0,0,0,0,0,0,0
SLV,5000000000,partial_mint_failure,adaptive_economic,2026-08-10,1786320000000,1786320000000,0,0,0,0,0,0,0,0,0
SLV,5000000000,partial_mint_failure,adaptive_economic,2026-08-17,1786924800000,1786924800000,0,0,0,0,0,0,0,0,0
SLV,5000000000,partial_mint_failure,adaptive_economic,2026-08-24,1787529600000,1787529600000,0,0,0,0,0,0,0,0,0
SLV,5000000000,partial_mint_failure,adaptive_economic,2026-08-31,1788134400000,1788739193000,29131829,3965958,25165871,33443957,195103,1,15760,165894000,0
SLV,5000000000,partial_mint_failure,adaptive_economic,2026-09-07,1788739249000,1789154953000,-70798691,-69306227,-1492464,51826072,0,0,16946,415760000,152126000
SLV,1000000000,pinned_fork_costs,fixed_20,2026-07-27,1785196800000,1785196800000,0,0,0,0,0,0,0,0,0
SLV,1000000000,pinned_fork_costs,fixed_20,2026-08-03,1785715200000,1785715200000,0,0,0,0,0,0,0,0,0
SLV,1000000000,pinned_fork_costs,fixed_20,2026-08-10,1786320000000,1786320000000,0,0,0,0,0,0,0,0,0
SLV,1000000000,pinned_fork_costs,fixed_20,2026-08-17,1786924800000,1786924800000,0,0,0,0,0,0,0,0,0
SLV,1000000000,pinned_fork_costs,fixed_20,2026-08-24,1787529600000,1787529600000,0,0,0,0,0,0,0,0,0
SLV,1000000000,pinned_fork_costs,fixed_20,2026-08-31,1788134400000,1788739193000,-11957512,890006,-12847518,73197751,17000047,73,15760,184490000,4331000
SLV,1000000000,pinned_fork_costs,fixed_20,2026-09-07,1788739249000,1789154953000,-198434590,-16128643,-182305947,93136452,45046586,193,16947,415760000,62122000
SLV,1000000000,pinned_fork_costs,fixed_40,2026-07-27,1785196800000,1785196800000,0,0,0,0,0,0,0,0,0
SLV,1000000000,pinned_fork_costs,fixed_40,2026-08-03,1785715200000,1785715200000,0,0,0,0,0,0,0,0,0
SLV,1000000000,pinned_fork_costs,fixed_40,2026-08-10,1786320000000,1786320000000,0,0,0,0,0,0,0,0,0
SLV,1000000000,pinned_fork_costs,fixed_40,2026-08-17,1786924800000,1786924800000,0,0,0,0,0,0,0,0,0
SLV,1000000000,pinned_fork_costs,fixed_40,2026-08-24,1787529600000,1787529600000,0,0,0,0,0,0,0,0,0
SLV,1000000000,pinned_fork_costs,fixed_40,2026-08-31,1788134400000,1788739193000,19780800,890006,18890794,44177518,4162937,18,15760,186962000,710000
SLV,1000000000,pinned_fork_costs,fixed_40,2026-09-07,1788739249000,1789154953000,-100220352,-16128643,-84091709,67868002,16571542,71,16947,415760000,19467000
SLV,1000000000,pinned_fork_costs,fixed_80,2026-07-27,1785196800000,1785196800000,0,0,0,0,0,0,0,0,0
SLV,1000000000,pinned_fork_costs,fixed_80,2026-08-03,1785715200000,1785715200000,0,0,0,0,0,0,0,0,0
SLV,1000000000,pinned_fork_costs,fixed_80,2026-08-10,1786320000000,1786320000000,0,0,0,0,0,0,0,0,0
SLV,1000000000,pinned_fork_costs,fixed_80,2026-08-17,1786924800000,1786924800000,0,0,0,0,0,0,0,0,0
SLV,1000000000,pinned_fork_costs,fixed_80,2026-08-24,1787529600000,1787529600000,0,0,0,0,0,0,0,0,0
SLV,1000000000,pinned_fork_costs,fixed_80,2026-08-31,1788134400000,1788739193000,18246132,890006,17356126,23238965,661907,3,15760,186962000,140000
SLV,1000000000,pinned_fork_costs,fixed_80,2026-09-07,1788739249000,1789154953000,-48166607,-16128643,-32037964,40640308,4668040,20,16947,415760000,5979000
SLV,1000000000,pinned_fork_costs,fixed_160,2026-07-27,1785196800000,1785196800000,0,0,0,0,0,0,0,0,0
SLV,1000000000,pinned_fork_costs,fixed_160,2026-08-03,1785715200000,1785715200000,0,0,0,0,0,0,0,0,0
SLV,1000000000,pinned_fork_costs,fixed_160,2026-08-10,1786320000000,1786320000000,0,0,0,0,0,0,0,0,0
SLV,1000000000,pinned_fork_costs,fixed_160,2026-08-17,1786924800000,1786924800000,0,0,0,0,0,0,0,0,0
SLV,1000000000,pinned_fork_costs,fixed_160,2026-08-24,1787529600000,1787529600000,0,0,0,0,0,0,0,0,0
SLV,1000000000,pinned_fork_costs,fixed_160,2026-08-31,1788134400000,1788739193000,12044377,890006,11154371,11936461,195103,1,15760,187246000,0
SLV,1000000000,pinned_fork_costs,fixed_160,2026-09-07,1788739249000,1789154953000,-25507890,-16128643,-9379247,22650584,1167010,5,16947,415760000,1336000
SLV,1000000000,pinned_fork_costs,adaptive_width,2026-07-27,1785196800000,1785196800000,0,0,0,0,0,0,0,0,0
SLV,1000000000,pinned_fork_costs,adaptive_width,2026-08-03,1785715200000,1785715200000,0,0,0,0,0,0,0,0,0
SLV,1000000000,pinned_fork_costs,adaptive_width,2026-08-10,1786320000000,1786320000000,0,0,0,0,0,0,0,0,0
SLV,1000000000,pinned_fork_costs,adaptive_width,2026-08-17,1786924800000,1786924800000,0,0,0,0,0,0,0,0,0
SLV,1000000000,pinned_fork_costs,adaptive_width,2026-08-24,1787529600000,1787529600000,0,0,0,0,0,0,0,0,0
SLV,1000000000,pinned_fork_costs,adaptive_width,2026-08-31,1788134400000,1788739193000,5459743,890006,4569737,15581763,2062319,9,15760,166651000,832000
SLV,1000000000,pinned_fork_costs,adaptive_width,2026-09-07,1788739249000,1789154953000,-38370477,-16128643,-22241834,18547828,1755087,7,16947,415760000,34642000
SLV,1000000000,pinned_fork_costs,adaptive_economic,2026-07-27,1785196800000,1785196800000,0,0,0,0,0,0,0,0,0
SLV,1000000000,pinned_fork_costs,adaptive_economic,2026-08-03,1785715200000,1785715200000,0,0,0,0,0,0,0,0,0
SLV,1000000000,pinned_fork_costs,adaptive_economic,2026-08-10,1786320000000,1786320000000,0,0,0,0,0,0,0,0,0
SLV,1000000000,pinned_fork_costs,adaptive_economic,2026-08-17,1786924800000,1786924800000,0,0,0,0,0,0,0,0,0
SLV,1000000000,pinned_fork_costs,adaptive_economic,2026-08-24,1787529600000,1787529600000,0,0,0,0,0,0,0,0,0
SLV,1000000000,pinned_fork_costs,adaptive_economic,2026-08-31,1788134400000,1788739193000,12711532,890006,11821526,12896843,195103,1,15760,166651000,92613000
SLV,1000000000,pinned_fork_costs,adaptive_economic,2026-09-07,1788739249000,1789154953000,-12298676,-16128643,3829967,32103099,821479,3,16947,415760000,308304000
SLV,1000000000,double_gas_half_fees,fixed_20,2026-07-27,1785196800000,1785196800000,0,0,0,0,0,0,0,0,0
SLV,1000000000,double_gas_half_fees,fixed_20,2026-08-03,1785715200000,1785715200000,0,0,0,0,0,0,0,0,0
SLV,1000000000,double_gas_half_fees,fixed_20,2026-08-10,1786320000000,1786320000000,0,0,0,0,0,0,0,0,0
SLV,1000000000,double_gas_half_fees,fixed_20,2026-08-17,1786924800000,1786924800000,0,0,0,0,0,0,0,0,0
SLV,1000000000,double_gas_half_fees,fixed_20,2026-08-24,1787529600000,1787529600000,0,0,0,0,0,0,0,0,0
SLV,1000000000,double_gas_half_fees,fixed_20,2026-08-31,1788134400000,1788739193000,-65030551,836774,-65867325,35985441,34000094,73,15760,184490000,4331000
SLV,1000000000,double_gas_half_fees,fixed_20,2026-09-07,1788739249000,1789154953000,-275819231,-16178671,-259640560,44535848,90093172,193,16947,415760000,62122000
SLV,1000000000,double_gas_half_fees,fixed_40,2026-07-27,1785196800000,1785196800000,0,0,0,0,0,0,0,0,0
SLV,1000000000,double_gas_half_fees,fixed_40,2026-08-03,1785715200000,1785715200000,0,0,0,0,0,0,0,0,0
SLV,1000000000,double_gas_half_fees,fixed_40,2026-08-10,1786320000000,1786320000000,0,0,0,0,0,0,0,0,0
SLV,1000000000,double_gas_half_fees,fixed_40,2026-08-17,1786924800000,1786924800000,0,0,0,0,0,0,0,0,0
SLV,1000000000,double_gas_half_fees,fixed_40,2026-08-24,1787529600000,1787529600000,0,0,0,0,0,0,0,0,0
SLV,1000000000,double_gas_half_fees,fixed_40,2026-08-31,1788134400000,1788739193000,-6458077,836774,-7294851,21891384,8325874,18,15760,186962000,710000
SLV,1000000000,double_gas_half_fees,fixed_40,2026-09-07,1788739249000,1789154953000,-145174441,-16178671,-128995770,32968847,33143084,71,16947,415760000,19467000
SLV,1000000000,double_gas_half_fees,fixed_80,2026-07-27,1785196800000,1785196800000,0,0,0,0,0,0,0,0,0
SLV,1000000000,double_gas_half_fees,fixed_80,2026-08-03,1785715200000,1785715200000,0,0,0,0,0,0,0,0,0
SLV,1000000000,double_gas_half_fees,fixed_80,2026-08-10,1786320000000,1786320000000,0,0,0,0,0,0,0,0,0
SLV,1000000000,double_gas_half_fees,fixed_80,2026-08-17,1786924800000,1786924800000,0,0,0,0,0,0,0,0,0
SLV,1000000000,double_gas_half_fees,fixed_80,2026-08-24,1787529600000,1787529600000,0,0,0,0,0,0,0,0,0
SLV,1000000000,double_gas_half_fees,fixed_80,2026-08-31,1788134400000,1788739193000,5951916,836774,5115142,11581403,1323814,3,15760,186962000,140000
SLV,1000000000,double_gas_half_fees,fixed_80,2026-09-07,1788739249000,1789154953000,-71469280,-16178671,-55290609,20001612,9336080,20,16947,415760000,5979000
SLV,1000000000,double_gas_half_fees,fixed_160,2026-07-27,1785196800000,1785196800000,0,0,0,0,0,0,0,0,0
SLV,1000000000,double_gas_half_fees,fixed_160,2026-08-03,1785715200000,1785715200000,0,0,0,0,0,0,0,0,0
SLV,1000000000,double_gas_half_fees,fixed_160,2026-08-10,1786320000000,1786320000000,0,0,0,0,0,0,0,0,0
SLV,1000000000,double_gas_half_fees,fixed_160,2026-08-17,1786924800000,1786924800000,0,0,0,0,0,0,0,0,0
SLV,1000000000,double_gas_half_fees,fixed_160,2026-08-24,1787529600000,1787529600000,0,0,0,0,0,0,0,0,0
SLV,1000000000,double_gas_half_fees,fixed_160,2026-08-31,1788134400000,1788739193000,5884095,836774,5047321,5966394,390206,1,15760,187246000,0
SLV,1000000000,double_gas_half_fees,fixed_160,2026-09-07,1788739249000,1789154953000,-37534570,-16178671,-21355899,11251830,2334020,5,16947,415760000,1336000
SLV,1000000000,double_gas_half_fees,adaptive_width,2026-07-27,1785196800000,1785196800000,0,0,0,0,0,0,0,0,0
SLV,1000000000,double_gas_half_fees,adaptive_width,2026-08-03,1785715200000,1785715200000,0,0,0,0,0,0,0,0,0
SLV,1000000000,double_gas_half_fees,adaptive_width,2026-08-10,1786320000000,1786320000000,0,0,0,0,0,0,0,0,0
SLV,1000000000,double_gas_half_fees,adaptive_width,2026-08-17,1786924800000,1786924800000,0,0,0,0,0,0,0,0,0
SLV,1000000000,double_gas_half_fees,adaptive_width,2026-08-24,1787529600000,1787529600000,0,0,0,0,0,0,0,0,0
SLV,1000000000,double_gas_half_fees,adaptive_width,2026-08-31,1788134400000,1788739193000,3058741,836774,2221967,3447850,390206,1,15760,166753000,0
SLV,1000000000,double_gas_half_fees,adaptive_width,2026-09-07,1788739249000,1789154953000,-43245388,-16178671,-27066717,8890058,2109762,4,16947,415760000,34527000
SLV,1000000000,double_gas_half_fees,adaptive_economic,2026-07-27,1785196800000,1785196800000,0,0,0,0,0,0,0,0,0
SLV,1000000000,double_gas_half_fees,adaptive_economic,2026-08-03,1785715200000,1785715200000,0,0,0,0,0,0,0,0,0
SLV,1000000000,double_gas_half_fees,adaptive_economic,2026-08-10,1786320000000,1786320000000,0,0,0,0,0,0,0,0,0
SLV,1000000000,double_gas_half_fees,adaptive_economic,2026-08-17,1786924800000,1786924800000,0,0,0,0,0,0,0,0,0
SLV,1000000000,double_gas_half_fees,adaptive_economic,2026-08-24,1787529600000,1787529600000,0,0,0,0,0,0,0,0,0
SLV,1000000000,double_gas_half_fees,adaptive_economic,2026-08-31,1788134400000,1788739193000,3058741,836774,2221967,3447850,390206,1,15760,166753000,0
SLV,1000000000,double_gas_half_fees,adaptive_economic,2026-09-07,1788739249000,1789154953000,-33744083,-16178671,-17565412,6655776,1176154,2,16947,415760000,132277000
SLV,1000000000,partial_mint_failure,fixed_20,2026-07-27,1785196800000,1785196800000,0,0,0,0,0,0,0,0,0
SLV,1000000000,partial_mint_failure,fixed_20,2026-08-03,1785715200000,1785715200000,0,0,0,0,0,0,0,0,0
SLV,1000000000,partial_mint_failure,fixed_20,2026-08-10,1786320000000,1786320000000,0,0,0,0,0,0,0,0,0
SLV,1000000000,partial_mint_failure,fixed_20,2026-08-17,1786924800000,1786924800000,0,0,0,0,0,0,0,0,0
SLV,1000000000,partial_mint_failure,fixed_20,2026-08-24,1787529600000,1787529600000,0,0,0,0,0,0,0,0,0
SLV,1000000000,partial_mint_failure,fixed_20,2026-08-31,1788134400000,1788739193000,-9356546,890006,-10246552,53038354,13816233,61,15760,170970000,3234000
SLV,1000000000,partial_mint_failure,fixed_20,2026-09-07,1788739249000,1789154953000,-156602806,-16128643,-140474163,66592405,35648340,157,16947,321148000,45461000
SLV,1000000000,partial_mint_failure,fixed_40,2026-07-27,1785196800000,1785196800000,0,0,0,0,0,0,0,0,0
SLV,1000000000,partial_mint_failure,fixed_40,2026-08-03,1785715200000,1785715200000,0,0,0,0,0,0,0,0,0
SLV,1000000000,partial_mint_failure,fixed_40,2026-08-10,1786320000000,1786320000000,0,0,0,0,0,0,0,0,0
SLV,1000000000,partial_mint_failure,fixed_40,2026-08-17,1786924800000,1786924800000,0,0,0,0,0,0,0,0,0
SLV,1000000000,partial_mint_failure,fixed_40,2026-08-24,1787529600000,1787529600000,0,0,0,0,0,0,0,0,0
SLV,1000000000,partial_mint_failure,fixed_40,2026-08-31,1788134400000,1788739193000,16465019,890006,15575013,41638939,4281442,19,15760,183005000,633000
SLV,1000000000,partial_mint_failure,fixed_40,2026-09-07,1788739249000,1789154953000,-81475610,-16128643,-65346967,62231217,15450047,68,16947,388112000,15537000
SLV,1000000000,partial_mint_failure,fixed_80,2026-07-27,1785196800000,1785196800000,0,0,0,0,0,0,0,0,0
SLV,1000000000,partial_mint_failure,fixed_80,2026-08-03,1785715200000,1785715200000,0,0,0,0,0,0,0,0,0
SLV,1000000000,partial_mint_failure,fixed_80,2026-08-10,1786320000000,1786320000000,0,0,0,0,0,0,0,0,0
SLV,1000000000,partial_mint_failure,fixed_80,2026-08-17,1786924800000,1786924800000,0,0,0,0,0,0,0,0,0
SLV,1000000000,partial_mint_failure,fixed_80,2026-08-24,1787529600000,1787529600000,0,0,0,0,0,0,0,0,0
SLV,1000000000,partial_mint_failure,fixed_80,2026-08-31,1788134400000,1788739193000,18246132,890006,17356126,23238965,661907,3,15760,186962000,140000
SLV,1000000000,partial_mint_failure,fixed_80,2026-09-07,1788739249000,1789154953000,-49417118,-16128643,-33288475,40103886,5681854,25,16947,411202000,8042000
SLV,1000000000,partial_mint_failure,fixed_160,2026-07-27,1785196800000,1785196800000,0,0,0,0,0,0,0,0,0
SLV,1000000000,partial_mint_failure,fixed_160,2026-08-03,1785715200000,1785715200000,0,0,0,0,0,0,0,0,0
SLV,1000000000,partial_mint_failure,fixed_160,2026-08-10,1786320000000,1786320000000,0,0,0,0,0,0,0,0,0
SLV,1000000000,partial_mint_failure,fixed_160,2026-08-17,1786924800000,1786924800000,0,0,0,0,0,0,0,0,0
SLV,1000000000,partial_mint_failure,fixed_160,2026-08-24,1787529600000,1787529600000,0,0,0,0,0,0,0,0,0
SLV,1000000000,partial_mint_failure,fixed_160,2026-08-31,1788134400000,1788739193000,12044377,890006,11154371,11936461,195103,1,15760,187246000,0
SLV,1000000000,partial_mint_failure,fixed_160,2026-09-07,1788739249000,1789154953000,-26903040,-16128643,-10774397,22555615,1362113,6,16947,415096000,1336000
SLV,1000000000,partial_mint_failure,adaptive_width,2026-07-27,1785196800000,1785196800000,0,0,0,0,0,0,0,0,0
SLV,1000000000,partial_mint_failure,adaptive_width,2026-08-03,1785715200000,1785715200000,0,0,0,0,0,0,0,0,0
SLV,1000000000,partial_mint_failure,adaptive_width,2026-08-10,1786320000000,1786320000000,0,0,0,0,0,0,0,0,0
SLV,1000000000,partial_mint_failure,adaptive_width,2026-08-17,1786924800000,1786924800000,0,0,0,0,0,0,0,0,0
SLV,1000000000,partial_mint_failure,adaptive_width,2026-08-24,1787529600000,1787529600000,0,0,0,0,0,0,0,0,0
SLV,1000000000,partial_mint_failure,adaptive_width,2026-08-31,1788134400000,1788739193000,4493754,890006,3603748,10654997,1557216,7,15760,165728000,644000
SLV,1000000000,partial_mint_failure,adaptive_width,2026-09-07,1788739249000,1789154953000,-32720279,-16128643,-16591636,17778145,1483386,6,16947,410577000,34086000
SLV,1000000000,partial_mint_failure,adaptive_economic,2026-07-27,1785196800000,1785196800000,0,0,0,0,0,0,0,0,0
SLV,1000000000,partial_mint_failure,adaptive_economic,2026-08-03,1785715200000,1785715200000,0,0,0,0,0,0,0,0,0
SLV,1000000000,partial_mint_failure,adaptive_economic,2026-08-10,1786320000000,1786320000000,0,0,0,0,0,0,0,0,0
SLV,1000000000,partial_mint_failure,adaptive_economic,2026-08-17,1786924800000,1786924800000,0,0,0,0,0,0,0,0,0
SLV,1000000000,partial_mint_failure,adaptive_economic,2026-08-24,1787529600000,1787529600000,0,0,0,0,0,0,0,0,0
SLV,1000000000,partial_mint_failure,adaptive_economic,2026-08-31,1788134400000,1788739193000,12711532,890006,11821526,12896843,195103,1,15760,166651000,92613000
SLV,1000000000,partial_mint_failure,adaptive_economic,2026-09-07,1788739249000,1789154953000,-12298676,-16128643,3829967,32103099,821479,3,16947,415760000,308304000
SLV,250000000,pinned_fork_costs,fixed_20,2026-07-27,1785196800000,1785196800000,0,0,0,0,0,0,0,0,0
SLV,250000000,pinned_fork_costs,fixed_20,2026-08-03,1785715200000,1785715200000,0,0,0,0,0,0,0,0,0
SLV,250000000,pinned_fork_costs,fixed_20,2026-08-10,1786320000000,1786320000000,0,0,0,0,0,0,0,0,0
SLV,250000000,pinned_fork_costs,fixed_20,2026-08-17,1786924800000,1786924800000,0,0,0,0,0,0,0,0,0
SLV,250000000,pinned_fork_costs,fixed_20,2026-08-24,1787529600000,1787529600000,0,0,0,0,0,0,0,0,0
SLV,250000000,pinned_fork_costs,fixed_20,2026-08-31,1788134400000,1788739193000,-14141804,189114,-14330918,19637490,17000047,73,15760,185830000,4369000
SLV,250000000,pinned_fork_costs,fixed_20,2026-09-07,1788739249000,1789154953000,-76385762,-3700884,-72684878,29649138,45167859,193,16947,415760000,62122000
SLV,250000000,pinned_fork_costs,fixed_40,2026-07-27,1785196800000,1785196800000,0,0,0,0,0,0,0,0,0
SLV,250000000,pinned_fork_costs,fixed_40,2026-08-03,1785715200000,1785715200000,0,0,0,0,0,0,0,0,0
SLV,250000000,pinned_fork_costs,fixed_40,2026-08-10,1786320000000,1786320000000,0,0,0,0,0,0,0,0,0
SLV,250000000,pinned_fork_costs,fixed_40,2026-08-17,1786924800000,1786924800000,0,0,0,0,0,0,0,0,0
SLV,250000000,pinned_fork_costs,fixed_40,2026-08-24,1787529600000,1787529600000,0,0,0,0,0,0,0,0,0
SLV,250000000,pinned_fork_costs,fixed_40,2026-08-31,1788134400000,1788739193000,2359408,189114,2170294,11451736,4162937,18,15760,186962000,710000
SLV,250000000,pinned_fork_costs,fixed_40,2026-09-07,1788739249000,1789154953000,-32901761,-3700884,-29200877,20563714,16692815,71,16947,415760000,19467000
SLV,250000000,pinned_fork_costs,fixed_80,2026-07-27,1785196800000,1785196800000,0,0,0,0,0,0,0,0,0
SLV,250000000,pinned_fork_costs,fixed_80,2026-08-03,1785715200000,1785715200000,0,0,0,0,0,0,0,0,0
SLV,250000000,pinned_fork_costs,fixed_80,2026-08-10,1786320000000,1786320000000,0,0,0,0,0,0,0,0,0
SLV,250000000,pinned_fork_costs,fixed_80,2026-08-17,1786924800000,1786924800000,0,0,0,0,0,0,0,0,0
SLV,250000000,pinned_fork_costs,fixed_80,2026-08-24,1787529600000,1787529600000,0,0,0,0,0,0,0,0,0
SLV,250000000,pinned_fork_costs,fixed_80,2026-08-31,1788134400000,1788739193000,4204445,189114,4015331,5927519,661907,3,15760,186962000,140000
SLV,250000000,pinned_fork_costs,fixed_80,2026-09-07,1788739249000,1789154953000,-13782745,-3700884,-10081861,11577419,4789313,20,16947,415760000,5979000
SLV,250000000,pinned_fork_costs,fixed_160,2026-07-27,1785196800000,1785196800000,0,0,0,0,0,0,0,0,0
SLV,250000000,pinned_fork_costs,fixed_160,2026-08-03,1785715200000,1785715200000,0,0,0,0,0,0,0,0,0
SLV,250000000,pinned_fork_costs,fixed_160,2026-08-10,1786320000000,1786320000000,0,0,0,0,0,0,0,0,0
SLV,250000000,pinned_fork_costs,fixed_160,2026-08-17,1786924800000,1786924800000,0,0,0,0,0,0,0,0,0
SLV,250000000,pinned_fork_costs,fixed_160,2026-08-24,1787529600000,1787529600000,0,0,0,0,0,0,0,0,0
SLV,250000000,pinned_fork_costs,fixed_160,2026-08-31,1788134400000,1788739193000,2909745,189114,2720631,3020005,195103,1,15760,187246000,0
SLV,250000000,pinned_fork_costs,fixed_160,2026-09-07,1788739249000,1789154953000,-6692129,-3700884,-2991245,6127855,1288283,5,16947,415760000,1336000
SLV,250000000,pinned_fork_costs,adaptive_width,2026-07-27,1785196800000,1785196800000,0,0,0,0,0,0,0,0,0
SLV,250000000,pinned_fork_costs,adaptive_width,2026-08-03,1785715200000,1785715200000,0,0,0,0,0,0,0,0,0
SLV,250000000,pinned_fork_costs,adaptive_width,2026-08-10,1786320000000,1786320000000,0,0,0,0,0,0,0,0,0
SLV,250000000,pinned_fork_costs,adaptive_width,2026-08-17,1786924800000,1786924800000,0,0,0,0,0,0,0,0,0
SLV,250000000,pinned_fork_costs,adaptive_width,2026-08-24,1787529600000,1787529600000,0,0,0,0,0,0,0,0,0
SLV,250000000,pinned_fork_costs,adaptive_width,2026-08-31,1788134400000,1788739193000,984248,189114,795134,5099586,2062319,9,15760,166651000,832000
SLV,250000000,pinned_fork_costs,adaptive_width,2026-09-07,1788739249000,1789154953000,-10692174,-3700884,-6991290,4928545,1988489,8,16947,415760000,34815000
SLV,250000000,pinned_fork_costs,adaptive_economic,2026-07-27,1785196800000,1785196800000,0,0,0,0,0,0,0,0,0
SLV,250000000,pinned_fork_costs,adaptive_economic,2026-08-03,1785715200000,1785715200000,0,0,0,0,0,0,0,0,0
SLV,250000000,pinned_fork_costs,adaptive_economic,2026-08-10,1786320000000,1786320000000,0,0,0,0,0,0,0,0,0
SLV,250000000,pinned_fork_costs,adaptive_economic,2026-08-17,1786924800000,1786924800000,0,0,0,0,0,0,0,0,0
SLV,250000000,pinned_fork_costs,adaptive_economic,2026-08-24,1787529600000,1787529600000,0,0,0,0,0,0,0,0,0
SLV,250000000,pinned_fork_costs,adaptive_economic,2026-08-31,1788134400000,1788739193000,3109481,189114,2920367,3299400,195103,1,15760,166651000,92613000
SLV,250000000,pinned_fork_costs,adaptive_economic,2026-09-07,1788739249000,1789154953000,1342792,-3700884,5043676,8936522,121273,0,16947,415760000,314050000
SLV,250000000,double_gas_half_fees,fixed_20,2026-07-27,1785196800000,1785196800000,0,0,0,0,0,0,0,0,0
SLV,250000000,double_gas_half_fees,fixed_20,2026-08-03,1785715200000,1785715200000,0,0,0,0,0,0,0,0,0
SLV,250000000,double_gas_half_fees,fixed_20,2026-08-10,1786320000000,1786320000000,0,0,0,0,0,0,0,0,0
SLV,250000000,double_gas_half_fees,fixed_20,2026-08-17,1786924800000,1786924800000,0,0,0,0,0,0,0,0,0
SLV,250000000,double_gas_half_fees,fixed_20,2026-08-24,1787529600000,1787529600000,0,0,0,0,0,0,0,0,0
SLV,250000000,double_gas_half_fees,fixed_20,2026-08-31,1788134400000,1788739193000,-40833786,135882,-40969668,9635782,34000094,73,15760,185830000,4369000
SLV,250000000,double_gas_half_fees,fixed_20,2026-09-07,1788739249000,1789154953000,-132872991,-3750912,-129122079,13980509,90335718,193,16947,415760000,62122000
SLV,250000000,double_gas_half_fees,fixed_40,2026-07-27,1785196800000,1785196800000,0,0,0,0,0,0,0,0,0
SLV,250000000,double_gas_half_fees,fixed_40,2026-08-03,1785715200000,1785715200000,0,0,0,0,0,0,0,0,0
SLV,250000000,double_gas_half_fees,fixed_40,2026-08-10,1786320000000,1786320000000,0,0,0,0,0,0,0,0,0
SLV,250000000,double_gas_half_fees,fixed_40,2026-08-17,1786924800000,1786924800000,0,0,0,0,0,0,0,0,0
SLV,250000000,double_gas_half_fees,fixed_40,2026-08-24,1787529600000,1787529600000,0,0,0,0,0,0,0,0,0
SLV,250000000,double_gas_half_fees,fixed_40,2026-08-31,1788134400000,1788739193000,-7530946,135882,-7666828,5670579,8325874,18,15760,186962000,710000
SLV,250000000,double_gas_half_fees,fixed_40,2026-09-07,1788739249000,1789154953000,-58605372,-3750912,-54854460,9905509,33385630,71,16947,415760000,19467000
SLV,250000000,double_gas_half_fees,fixed_80,2026-07-27,1785196800000,1785196800000,0,0,0,0,0,0,0,0,0
SLV,250000000,double_gas_half_fees,fixed_80,2026-08-03,1785715200000,1785715200000,0,0,0,0,0,0,0,0,0
SLV,250000000,double_gas_half_fees,fixed_80,2026-08-10,1786320000000,1786320000000,0,0,0,0,0,0,0,0,0
SLV,250000000,double_gas_half_fees,fixed_80,2026-08-17,1786924800000,1786924800000,0,0,0,0,0,0,0,0,0
SLV,250000000,double_gas_half_fees,fixed_80,2026-08-24,1787529600000,1787529600000,0,0,0,0,0,0,0,0,0
SLV,250000000,double_gas_half_fees,fixed_80,2026-08-31,1788134400000,1788739193000,573902,135882,438020,2952437,1323814,3,15760,186962000,140000
SLV,250000000,double_gas_half_fees,fixed_80,2026-09-07,1788739249000,1789154953000,-23971856,-3750912,-20220944,5675470,9578626,20,16947,415760000,5979000
SLV,250000000,double_gas_half_fees,fixed_160,2026-07-27,1785196800000,1785196800000,0,0,0,0,0,0,0,0,0
SLV,250000000,double_gas_half_fees,fixed_160,2026-08-03,1785715200000,1785715200000,0,0,0,0,0,0,0,0,0
SLV,250000000,double_gas_half_fees,fixed_160,2026-08-10,1786320000000,1786320000000,0,0,0,0,0,0,0,0,0
SLV,250000000,double_gas_half_fees,fixed_160,2026-08-17,1786924800000,1786924800000,0,0,0,0,0,0,0,0,0
SLV,250000000,double_gas_half_fees,fixed_160,2026-08-24,1787529600000,1787529600000,0,0,0,0,0,0,0,0,0
SLV,250000000,double_gas_half_fees,fixed_160,2026-08-31,1788134400000,1788739193000,1204016,135882,1068134,1508167,390206,1,15760,187246000,0
SLV,250000000,double_gas_half_fees,fixed_160,2026-09-07,1788739249000,1789154953000,-10935453,-3750912,-7184541,3038294,2576566,5,16947,415760000,1336000
SLV,250000000,double_gas_half_fees,adaptive_width,2026-07-27,1785196800000,1785196800000,0,0,0,0,0,0,0,0,0
SLV,250000000,double_gas_half_fees,adaptive_width,2026-08-03,1785715200000,1785715200000,0,0,0,0,0,0,0,0,0
SLV,250000000,double_gas_half_fees,adaptive_width,2026-08-10,1786320000000,1786320000000,0,0,0,0,0,0,0,0,0
SLV,250000000,double_gas_half_fees,adaptive_width,2026-08-17,1786924800000,1786924800000,0,0,0,0,0,0,0,0,0
SLV,250000000,double_gas_half_fees,adaptive_width,2026-08-24,1787529600000,1787529600000,0,0,0,0,0,0,0,0,0
SLV,250000000,double_gas_half_fees,adaptive_width,2026-08-31,1788134400000,1788739193000,481730,135882,345848,863425,390206,1,15760,166753000,0
SLV,250000000,double_gas_half_fees,adaptive_width,2026-09-07,1788739249000,1789154953000,-12014927,-3750912,-8264015,2115607,1642958,3,16947,415760000,54552000
SLV,250000000,double_gas_half_fees,adaptive_economic,2026-07-27,1785196800000,1785196800000,0,0,0,0,0,0,0,0,0
SLV,250000000,double_gas_half_fees,adaptive_economic,2026-08-03,1785715200000,1785715200000,0,0,0,0,0,0,0,0,0
SLV,250000000,double_gas_half_fees,adaptive_economic,2026-08-10,1786320000000,1786320000000,0,0,0,0,0,0,0,0,0
SLV,250000000,double_gas_half_fees,adaptive_economic,2026-08-17,1786924800000,1786924800000,0,0,0,0,0,0,0,0,0
SLV,250000000,double_gas_half_fees,adaptive_economic,2026-08-24,1787529600000,1787529600000,0,0,0,0,0,0,0,0,0
SLV,250000000,double_gas_half_fees,adaptive_economic,2026-08-31,1788134400000,1788739193000,481730,135882,345848,863425,390206,1,15760,166753000,0
SLV,250000000,double_gas_half_fees,adaptive_economic,2026-09-07,1788739249000,1789154953000,-5398850,-3750912,-1647938,1327646,242546,0,16947,415760000,172393000
SLV,250000000,partial_mint_failure,fixed_20,2026-07-27,1785196800000,1785196800000,0,0,0,0,0,0,0,0,0
SLV,250000000,partial_mint_failure,fixed_20,2026-08-03,1785715200000,1785715200000,0,0,0,0,0,0,0,0,0
SLV,250000000,partial_mint_failure,fixed_20,2026-08-10,1786320000000,1786320000000,0,0,0,0,0,0,0,0,0
SLV,250000000,partial_mint_failure,fixed_20,2026-08-17,1786924800000,1786924800000,0,0,0,0,0,0,0,0,0
SLV,250000000,partial_mint_failure,fixed_20,2026-08-24,1787529600000,1787529600000,0,0,0,0,0,0,0,0,0
SLV,250000000,partial_mint_failure,fixed_20,2026-08-31,1788134400000,1788739193000,-11742645,189114,-11931759,14037124,13816233,61,15760,172543000,3272000
SLV,250000000,partial_mint_failure,fixed_20,2026-09-07,1788739249000,1789154953000,-57229314,-3700884,-53528430,23086633,35769613,157,16947,330288000,40040000
SLV,250000000,partial_mint_failure,fixed_40,2026-07-27,1785196800000,1785196800000,0,0,0,0,0,0,0,0,0
SLV,250000000,partial_mint_failure,fixed_40,2026-08-03,1785715200000,1785715200000,0,0,0,0,0,0,0,0,0
SLV,250000000,partial_mint_failure,fixed_40,2026-08-10,1786320000000,1786320000000,0,0,0,0,0,0,0,0,0
SLV,250000000,partial_mint_failure,fixed_40,2026-08-17,1786924800000,1786924800000,0,0,0,0,0,0,0,0,0
SLV,250000000,partial_mint_failure,fixed_40,2026-08-24,1787529600000,1787529600000,0,0,0,0,0,0,0,0,0
SLV,250000000,partial_mint_failure,fixed_40,2026-08-31,1788134400000,1788739193000,1376240,189114,1187126,10797654,4281442,19,15760,183005000,633000
SLV,250000000,partial_mint_failure,fixed_40,2026-09-07,1788739249000,1789154953000,-31538803,-3700884,-27837919,18914909,16933433,74,16947,394514000,14852000
SLV,250000000,partial_mint_failure,fixed_80,2026-07-27,1785196800000,1785196800000,0,0,0,0,0,0,0,0,0
SLV,250000000,partial_mint_failure,fixed_80,2026-08-03,1785715200000,1785715200000,0,0,0,0,0,0,0,0,0
SLV,250000000,partial_mint_failure,fixed_80,2026-08-10,1786320000000,1786320000000,0,0,0,0,0,0,0,0,0
SLV,250000000,partial_mint_failure,fixed_80,2026-08-17,1786924800000,1786924800000,0,0,0,0,0,0,0,0,0
SLV,250000000,partial_mint_failure,fixed_80,2026-08-24,1787529600000,1787529600000,0,0,0,0,0,0,0,0,0
SLV,250000000,partial_mint_failure,fixed_80,2026-08-31,1788134400000,1788739193000,4204445,189114,4015331,5927519,661907,3,15760,186962000,140000
SLV,250000000,partial_mint_failure,fixed_80,2026-09-07,1788739249000,1789154953000,-14173027,-3700884,-10472143,11447158,5803127,25,16947,408640000,7655000
SLV,250000000,partial_mint_failure,fixed_160,2026-07-27,1785196800000,1785196800000,0,0,0,0,0,0,0,0,0
SLV,250000000,partial_mint_failure,fixed_160,2026-08-03,1785715200000,1785715200000,0,0,0,0,0,0,0,0,0
SLV,250000000,partial_mint_failure,fixed_160,2026-08-10,1786320000000,1786320000000,0,0,0,0,0,0,0,0,0
SLV,250000000,partial_mint_failure,fixed_160,2026-08-17,1786924800000,1786924800000,0,0,0,0,0,0,0,0,0
SLV,250000000,partial_mint_failure,fixed_160,2026-08-24,1787529600000,1787529600000,0,0,0,0,0,0,0,0,0
SLV,250000000,partial_mint_failure,fixed_160,2026-08-31,1788134400000,1788739193000,2909745,189114,2720631,3020005,195103,1,15760,187246000,0
SLV,250000000,partial_mint_failure,fixed_160,2026-09-07,1788739249000,1789154953000,-7262605,-3700884,-3561721,6100492,1483386,6,16947,415096000,1336000
SLV,250000000,partial_mint_failure,adaptive_width,2026-07-27,1785196800000,1785196800000,0,0,0,0,0,0,0,0,0
SLV,250000000,partial_mint_failure,adaptive_width,2026-08-03,1785715200000,1785715200000,0,0,0,0,0,0,0,0,0
SLV,250000000,partial_mint_failure,adaptive_width,2026-08-10,1786320000000,1786320000000,0,0,0,0,0,0,0,0,0
SLV,250000000,partial_mint_failure,adaptive_width,2026-08-17,1786924800000,1786924800000,0,0,0,0,0,0,0,0,0
SLV,250000000,partial_mint_failure,adaptive_width,2026-08-24,1787529600000,1787529600000,0,0,0,0,0,0,0,0,0
SLV,250000000,partial_mint_failure,adaptive_width,2026-08-31,1788134400000,1788739193000,51308,189114,-137806,2735164,1557216,7,15760,165728000,644000
SLV,250000000,partial_mint_failure,adaptive_width,2026-09-07,1788739249000,1789154953000,-10914642,-3700884,-7213758,5378665,1950190,8,16947,413553000,26774000
SLV,250000000,partial_mint_failure,adaptive_economic,2026-07-27,1785196800000,1785196800000,0,0,0,0,0,0,0,0,0
SLV,250000000,partial_mint_failure,adaptive_economic,2026-08-03,1785715200000,1785715200000,0,0,0,0,0,0,0,0,0
SLV,250000000,partial_mint_failure,adaptive_economic,2026-08-10,1786320000000,1786320000000,0,0,0,0,0,0,0,0,0
SLV,250000000,partial_mint_failure,adaptive_economic,2026-08-17,1786924800000,1786924800000,0,0,0,0,0,0,0,0,0
SLV,250000000,partial_mint_failure,adaptive_economic,2026-08-24,1787529600000,1787529600000,0,0,0,0,0,0,0,0,0
SLV,250000000,partial_mint_failure,adaptive_economic,2026-08-31,1788134400000,1788739193000,3109481,189114,2920367,3299400,195103,1,15760,166651000,92613000
SLV,250000000,partial_mint_failure,adaptive_economic,2026-09-07,1788739249000,1789154953000,1342792,-3700884,5043676,8936522,121273,0,16947,415760000,314050000
SPCX,5000000000,pinned_fork_costs,fixed_20,2026-07-27,1785196800000,1785715188000,-2328048457,-79789319,-2248259138,1134176080,141954859,636,43481,517773000,61491000
SPCX,5000000000,pinned_fork_costs,fixed_20,2026-08-03,1785715200000,1786319999000,-2059414099,593409888,-2652823987,968133976,252296230,1130,78181,604811000,97978000
SPCX,5000000000,pinned_fork_costs,fixed_20,2026-08-10,1786320000000,1786924756000,-376343504,82351137,-458694641,546798260,160308578,718,62558,604757000,56592000
SPCX,5000000000,pinned_fork_costs,fixed_20,2026-08-17,1786924800000,1787529599000,-234446582,-81687467,-152759115,272720519,98685782,442,72208,604843000,335982000
SPCX,5000000000,pinned_fork_costs,fixed_20,2026-08-24,1787529600000,1788134399000,577990,104572266,-103994276,0,0,0,159859,604800000,604800000
SPCX,5000000000,pinned_fork_costs,fixed_20,2026-08-31,1788134437000,1788739199000,3803,239990916,-239987113,0,0,0,508665,604800000,604800000
SPCX,5000000000,pinned_fork_costs,fixed_20,2026-09-07,1788739200000,1789154999000,-116793,-25391586,25274793,0,116393,0,230437,415800000,415800000
SPCX,5000000000,pinned_fork_costs,fixed_40,2026-07-27,1785196800000,1785715188000,-1525278152,-79789319,-1445488833,1008524525,63586738,285,43481,517773000,22776000
SPCX,5000000000,pinned_fork_costs,fixed_40,2026-08-03,1785715200000,1786319999000,-2020057193,593409888,-2613467081,1169493308,136195310,610,78181,604811000,41032000
SPCX,5000000000,pinned_fork_costs,fixed_40,2026-08-10,1786320000000,1786924756000,-322060579,82351137,-404411716,672334501,74795785,335,62558,604757000,21122000
SPCX,5000000000,pinned_fork_costs,fixed_40,2026-08-17,1786924800000,1787529599000,-155440593,-81687467,-73753126,535756624,58273731,261,72208,604843000,18207000
SPCX,5000000000,pinned_fork_costs,fixed_40,2026-08-24,1787529600000,1788134399000,310624746,104572266,206052480,754462257,37286257,167,159859,604800000,7887000
SPCX,5000000000,pinned_fork_costs,fixed_40,2026-08-31,1788134437000,1788739199000,552491120,239990916,312500204,830334280,23443455,105,508665,604800000,5146000
SPCX,5000000000,pinned_fork_costs,fixed_40,2026-09-07,1788739200000,1789154999000,-173472593,-25391586,-148081007,365364903,29811436,133,230437,415800000,6452000
SPCX,5000000000,pinned_fork_costs,fixed_80,2026-07-27,1785196800000,1785715188000,-707517476,-79789319,-627728157,721271951,20495435,92,43481,517963000,6233000
SPCX,5000000000,pinned_fork_costs,fixed_80,2026-08-03,1785715200000,1786319999000,-1348952982,593409888,-1942362870,1179177796,49342891,221,78181,604811000,18420000
SPCX,5000000000,pinned_fork_costs,fixed_80,2026-08-10,1786320000000,1786924756000,-303036928,82351137,-385388065,740014356,25899436,116,62558,604757000,7441000
SPCX,5000000000,pinned_fork_costs,fixed_80,2026-08-17,1786924800000,1787529599000,-134561639,-81687467,-52874172,606687114,19201306,86,72208,604843000,5367000
SPCX,5000000000,pinned_fork_costs,fixed_80,2026-08-24,1787529600000,1788134399000,399692812,104572266,295120546,767529927,11163550,50,159859,604800000,2317000
SPCX,5000000000,pinned_fork_costs,fixed_80,2026-08-31,1788134437000,1788739199000,574637048,239990916,334646132,741293905,7144672,32,508665,604800000,1418000
SPCX,5000000000,pinned_fork_costs,fixed_80,2026-09-07,1788739200000,1789154999000,-138026041,-25391586,-112634455,327870604,9493775,42,230437,415800000,1973000
SPCX,5000000000,pinned_fork_costs,fixed_160,2026-07-27,1785196800000,1785715188000,-337253953,-79789319,-257464634,438894636,6206091,28,43481,517963000,1957000
SPCX,5000000000,pinned_fork_costs,fixed_160,2026-08-03,1785715200000,1786319999000,-486960033,593409888,-1080369921,861513396,14735886,66,78181,604811000,24715000
SPCX,5000000000,pinned_fork_costs,fixed_160,2026-08-10,1786320000000,1786924756000,-28345171,82351137,-110696308,593502125,6474859,29,62558,604757000,14015000
SPCX,5000000000,pinned_fork_costs,fixed_160,2026-08-17,1786924800000,1787529599000,-123805346,-81687467,-42117879,496452378,5581775,25,72208,604843000,1570000
SPCX,5000000000,pinned_fork_costs,fixed_160,2026-08-24,1787529600000,1788134399000,360185028,104572266,255612762,584889307,3125794,14,159859,604800000,656000
SPCX,5000000000,pinned_fork_costs,fixed_160,2026-08-31,1788134437000,1788739199000,526784017,239990916,286793101,531950918,1786168,8,508665,604800000,332000
SPCX,5000000000,pinned_fork_costs,fixed_160,2026-09-07,1788739200000,1789154999000,-176924074,-25391586,-151532488,231601956,3912000,17,230437,415800000,735000
SPCX,5000000000,pinned_fork_costs,adaptive_width,2026-07-27,1785196800000,1785715188000,-552131004,-79789319,-472341685,539879071,16476557,74,43481,517963000,5601000
SPCX,5000000000,pinned_fork_costs,adaptive_width,2026-08-03,1785715200000,1786319999000,-1496258515,593409888,-2089668403,931917164,74125972,332,78181,604811000,43632000
SPCX,5000000000,pinned_fork_costs,adaptive_width,2026-08-10,1786320000000,1786924756000,-501005667,82351137,-583356804,658790720,52915227,237,62558,604757000,15716000
SPCX,5000000000,pinned_fork_costs,adaptive_width,2026-08-17,1786924800000,1787529599000,-84002836,-81687467,-2315369,764681723,41081864,184,72208,604843000,28108000
SPCX,5000000000,pinned_fork_costs,adaptive_width,2026-08-24,1787529600000,1788134399000,736064249,104572266,631491983,1681438039,56487563,253,159859,604800000,14244000
SPCX,5000000000,pinned_fork_costs,adaptive_width,2026-08-31,1788134437000,1788739199000,558445452,239990916,318454536,646965417,8261027,37,508665,604800000,1984000
SPCX,5000000000,pinned_fork_costs,adaptive_width,2026-09-07,1788739200000,1789154999000,-124243185,-25391586,-98851599,335447301,16415176,73,230437,415800000,3497000
SPCX,5000000000,pinned_fork_costs,adaptive_economic,2026-07-27,1785196800000,1785715188000,1351253,-79789319,81140572,139629165,847587,4,43481,517963000,260442000
SPCX,5000000000,pinned_fork_costs,adaptive_economic,2026-08-03,1785715200000,1786319999000,-1076139,593409888,-594486027,63054135,223271,1,78181,604811000,557072000
SPCX,5000000000,pinned_fork_costs,adaptive_economic,2026-08-10,1786320000000,1786924756000,8606236,82351137,-73744901,22818276,446542,2,62558,604757000,564977000
SPCX,5000000000,pinned_fork_costs,adaptive_economic,2026-08-17,1786924800000,1787529599000,176004354,-81687467,257691821,415303442,1786168,8,72208,604843000,489502000
SPCX,5000000000,pinned_fork_costs,adaptive_economic,2026-08-24,1787529600000,1788134399000,707625328,104572266,603053062,1393423748,17415138,78,159859,604800000,511891000
SPCX,5000000000,pinned_fork_costs,adaptive_economic,2026-08-31,1788134437000,1788739199000,1705597222,239990916,1465606306,2432202578,16968596,76,508665,604800000,367931000
SPCX,5000000000,pinned_fork_costs,adaptive_economic,2026-09-07,1788739200000,1789154999000,94560428,-25391586,119952014,174717493,339664,1,230437,415800000,267142000
SPCX,5000000000,double_gas_half_fees,fixed_20,2026-07-27,1785196800000,1785715188000,-2848831225,-79842574,-2768988651,547163867,283909718,636,43481,517773000,61491000
SPCX,5000000000,double_gas_half_fees,fixed_20,2026-08-03,1785715200000,1786319999000,-2149991722,593409888,-2743401610,358756041,442523122,991,78181,604811000,84440000
SPCX,5000000000,double_gas_half_fees,fixed_20,2026-08-10,1786320000000,1786924756000,0,82351137,-82351137,0,0,0,62558,604757000,0
SPCX,5000000000,double_gas_half_fees,fixed_20,2026-08-17,1786924800000,1787529599000,0,-81687467,81687467,0,0,0,72208,604843000,0
SPCX,5000000000,double_gas_half_fees,fixed_20,2026-08-24,1787529600000,1788134399000,0,104572266,-104572266,0,0,0,159859,604800000,0
SPCX,5000000000,double_gas_half_fees,fixed_20,2026-08-31,1788134437000,1788739199000,0,239990916,-239990916,0,0,0,508665,604800000,0
SPCX,5000000000,double_gas_half_fees,fixed_20,2026-09-07,1788739200000,1789154999000,-232786,-25440994,25208208,0,232786,0,230437,415800000,0
SPCX,5000000000,double_gas_half_fees,fixed_40,2026-07-27,1785196800000,1785715188000,-1968627000,-79842574,-1888784426,486994891,127173476,285,43481,517773000,22776000
SPCX,5000000000,double_gas_half_fees,fixed_40,2026-08-03,1785715200000,1786319999000,-2251631720,593409888,-2845041608,502281122,272837162,611,78181,604811000,40935000
SPCX,5000000000,double_gas_half_fees,fixed_40,2026-08-10,1786320000000,1786924756000,-510379415,82351137,-592730552,233517629,149591570,335,62558,604757000,21122000
SPCX,5000000000,double_gas_half_fees,fixed_40,2026-08-17,1786924800000,1787529599000,-268164269,-81687467,-186476802,104322394,89754942,201,72208,604843000,13706000
SPCX,5000000000,double_gas_half_fees,fixed_40,2026-08-24,1787529600000,1788134399000,1001,104572266,-104571265,0,0,0,159859,604800000,0
SPCX,5000000000,double_gas_half_fees,fixed_40,2026-08-31,1788134437000,1788739199000,2297,239990916,-239988619,0,0,0,508665,604800000,0
SPCX,5000000000,double_gas_half_fees,fixed_40,2026-09-07,1788739200000,1789154999000,-233027,-25440994,25207967,0,232786,0,230437,415800000,0
SPCX,5000000000,double_gas_half_fees,fixed_80,2026-07-27,1785196800000,1785715188000,-1044097610,-79842574,-964255036,350790270,40990870,92,43481,517963000,6233000
SPCX,5000000000,double_gas_half_fees,fixed_80,2026-08-03,1785715200000,1786319999000,-1759471301,593409888,-2352881189,523520916,100918492,226,78181,604811000,18272000
SPCX,5000000000,double_gas_half_fees,fixed_80,2026-08-10,1786320000000,1786924756000,-514061451,82351137,-596412588,285311979,52691956,118,62558,604757000,7398000
SPCX,5000000000,double_gas_half_fees,fixed_80,2026-08-17,1786924800000,1787529599000,-295995180,-81687467,-214307713,206706650,38402612,86,72208,604843000,5367000
SPCX,5000000000,double_gas_half_fees,fixed_80,2026-08-24,1787529600000,1788134399000,3213617,104572266,-101358649,226437688,22327100,50,159859,604800000,2317000
SPCX,5000000000,double_gas_half_fees,fixed_80,2026-08-31,1788134437000,1788739199000,96372187,239990916,-143618729,192548287,14289344,32,508665,604800000,1418000
SPCX,5000000000,double_gas_half_fees,fixed_80,2026-09-07,1788739200000,1789154999000,-156980779,-25440994,-131539785,78277392,18987550,42,230437,415800000,1973000
SPCX,5000000000,double_gas_half_fees,fixed_160,2026-07-27,1785196800000,1785715188000,-549854802,-79842574,-470012228,215608060,12412182,28,43481,517963000,1957000
SPCX,5000000000,double_gas_half_fees,fixed_160,2026-08-03,1785715200000,1786319999000,-855024980,593409888,-1448434868,401678952,29471772,66,78181,604811000,22016000
SPCX,5000000000,double_gas_half_fees,fixed_160,2026-08-10,1786320000000,1786924756000,-381185798,82351137,-463536935,261171046,15628970,35,62558,604757000,3963000
SPCX,5000000000,double_gas_half_fees,fixed_160,2026-08-17,1786924800000,1787529599000,-271783889,-81687467,-190096422,195024965,11163550,25,72208,604843000,1440000
SPCX,5000000000,double_gas_half_fees,fixed_160,2026-08-24,1787529600000,1788134399000,49108551,104572266,-55463715,212859754,6251588,14,159859,604800000,656000
SPCX,5000000000,double_gas_half_fees,fixed_160,2026-08-31,1788134437000,1788739199000,175713654,239990916,-64277262,181281299,3572336,8,508665,604800000,332000
SPCX,5000000000,double_gas_half_fees,fixed_160,2026-09-07,1788739200000,1789154999000,-194791553,-25440994,-169350559,75283922,7824000,17,230437,415800000,735000
SPCX,5000000000,double_gas_half_fees,adaptive_width,2026-07-27,1785196800000,1785715188000,-683882102,-79842574,-604039528,233122302,17770686,40,43481,517963000,2695000
SPCX,5000000000,double_gas_half_fees,adaptive_width,2026-08-03,1785715200000,1786319999000,-1030589659,593409888,-1623999547,387996756,61176254,137,78181,604811000,32556000
SPCX,5000000000,double_gas_half_fees,adaptive_width,2026-08-10,1786320000000,1786924756000,-504578372,82351137,-586929509,252953008,26345978,59,62558,604757000,4895000
SPCX,5000000000,double_gas_half_fees,adaptive_width,2026-08-17,1786924800000,1787529599000,-267897491,-81687467,-186210024,207045428,19647848,44,72208,604843000,2636000
SPCX,5000000000,double_gas_half_fees,adaptive_width,2026-08-24,1787529600000,1788134399000,37378708,104572266,-67193558,507823517,47333452,106,159859,604800000,5606000
SPCX,5000000000,double_gas_half_fees,adaptive_width,2026-08-31,1788134437000,1788739199000,209910287,239990916,-30080629,305464222,16968596,38,508665,604800000,1540000
SPCX,5000000000,double_gas_half_fees,adaptive_width,2026-09-07,1788739200000,1789154999000,-136651181,-25440994,-111210187,73112853,7824000,17,230437,415800000,742000
SPCX,5000000000,double_gas_half_fees,adaptive_economic,2026-07-27,1785196800000,1785715188000,-73317340,-79842574,6525234,61320077,1248632,3,43481,517963000,258266000
SPCX,5000000000,double_gas_half_fees,adaptive_economic,2026-08-03,1785715200000,1786319999000,-26052906,593409888,-619462794,31446883,446542,1,78181,604811000,555092000
SPCX,5000000000,double_gas_half_fees,adaptive_economic,2026-08-10,1786320000000,1786924756000,400788,82351137,-81950349,0,0,0,62558,604757000,604757000
SPCX,5000000000,double_gas_half_fees,adaptive_economic,2026-08-17,1786924800000,1787529599000,84799939,-81687467,166487406,86334914,446542,1,72208,604843000,597086000
SPCX,5000000000,double_gas_half_fees,adaptive_economic,2026-08-24,1787529600000,1788134399000,55299113,104572266,-49273153,368197472,21434016,48,159859,604800000,554362000
SPCX,5000000000,double_gas_half_fees,adaptive_economic,2026-08-31,1788134437000,1788739199000,128912906,239990916,-111078010,195699529,4018878,9,508665,604800000,572671000
SPCX,5000000000,double_gas_half_fees,adaptive_economic,2026-09-07,1788739200000,1789154999000,62035865,-25440994,87476859,56527337,679328,1,230437,415800000,240489000
SPCX,5000000000,partial_mint_failure,fixed_20,2026-07-27,1785196800000,1785715188000,-1320986532,-79789319,-1241197213,786534913,85590288,397,43481,400204000,35348000
SPCX,5000000000,partial_mint_failure,fixed_20,2026-08-03,1785715200000,1786319999000,-1215698725,593409888,-1809108613,651996798,122317939,567,78181,392349000,43335000
SPCX,5000000000,partial_mint_failure,fixed_20,2026-08-10,1786320000000,1786924756000,-266811714,82351137,-349162851,594022295,70329508,326,62558,446742000,23144000
SPCX,5000000000,partial_mint_failure,fixed_20,2026-08-17,1786924800000,1787529599000,-375470109,-81687467,-293782642,624238721,80637043,374,72208,472467000,32630000
SPCX,5000000000,partial_mint_failure,fixed_20,2026-08-24,1787529600000,1788134399000,327547996,104572266,222975730,891813098,55870818,259,159859,512796000,11610000
SPCX,5000000000,partial_mint_failure,fixed_20,2026-08-31,1788134437000,1788739199000,1192421064,239990916,952430148,1677351260,43553844,202,508665,538089000,7970000
SPCX,5000000000,partial_mint_failure,fixed_20,2026-09-07,1788739200000,1789154999000,-233294591,-25391586,-207903005,658858405,45410908,210,230437,362502000,9090000
SPCX,5000000000,partial_mint_failure,fixed_40,2026-07-27,1785196800000,1785715188000,-868353356,-79789319,-788564037,728414269,43107302,200,43481,451777000,13855000
SPCX,5000000000,partial_mint_failure,fixed_40,2026-08-03,1785715200000,1786319999000,-1184405093,593409888,-1777814981,723838840,73141037,339,78181,468250000,18117000
SPCX,5000000000,partial_mint_failure,fixed_40,2026-08-10,1786320000000,1786924756000,-332894856,82351137,-415245993,739393965,47882773,222,62558,521864000,11906000
SPCX,5000000000,partial_mint_failure,fixed_40,2026-08-17,1786924800000,1787529599000,-62979718,-81687467,18707749,699731023,40965586,190,72208,541159000,11766000
SPCX,5000000000,partial_mint_failure,fixed_40,2026-08-24,1787529600000,1788134399000,407689205,104572266,303116939,849662476,24588451,114,159859,569295000,4917000
SPCX,5000000000,partial_mint_failure,fixed_40,2026-08-31,1788134437000,1788739199000,982862623,239990916,742871707,1317683539,18965393,88,508665,574412000,3332000
SPCX,5000000000,partial_mint_failure,fixed_40,2026-09-07,1788739200000,1789154999000,-4200674,-25391586,21190912,591504050,19974870,92,230437,394034000,3754000
SPCX,5000000000,partial_mint_failure,fixed_80,2026-07-27,1785196800000,1785715188000,-553212899,-79789319,-473423580,605631478,18742122,87,43481,491093000,5828000
SPCX,5000000000,partial_mint_failure,fixed_80,2026-08-03,1785715200000,1786319999000,-724186651,593409888,-1317596539,874450326,35789070,166,78181,542432000,14767000
SPCX,5000000000,partial_mint_failure,fixed_80,2026-08-10,1786320000000,1786924756000,-244143003,82351137,-326494140,723509781,21599148,100,62558,568086000,5485000
SPCX,5000000000,partial_mint_failure,fixed_80,2026-08-17,1786924800000,1787529599000,-153095775,-81687467,-71408308,685816993,19188664,89,72208,584127000,4226000
SPCX,5000000000,partial_mint_failure,fixed_80,2026-08-24,1787529600000,1788134399000,367337486,104572266,262765220,752807968,11647161,54,159859,591424000,2074000
SPCX,5000000000,partial_mint_failure,fixed_80,2026-08-31,1788134437000,1788739199000,629847957,239990916,389857041,874235651,8612361,40,508665,597192000,1288000
SPCX,5000000000,partial_mint_failure,fixed_80,2026-09-07,1788739200000,1789154999000,-96418088,-25391586,-71026502,374076389,9398567,43,230437,405826000,1750000
SPCX,5000000000,partial_mint_failure,fixed_160,2026-07-27,1785196800000,1785715188000,-421015109,-79789319,-341225790,428269015,7942548,37,43481,511329000,2721000
SPCX,5000000000,partial_mint_failure,fixed_160,2026-08-03,1785715200000,1786319999000,-301392263,593409888,-894802151,725187369,13611103,63,78181,584908000,26140000
SPCX,5000000000,partial_mint_failure,fixed_160,2026-08-10,1786320000000,1786924756000,-4421717,82351137,-86772854,558453310,6024103,28,62558,586911000,14874000
SPCX,5000000000,partial_mint_failure,fixed_160,2026-08-17,1786924800000,1787529599000,-54777697,-81687467,26909770,486509793,5623058,26,72208,597626000,1170000
SPCX,5000000000,partial_mint_failure,fixed_160,2026-08-24,1787529600000,1788134399000,329860958,104572266,225288692,495556308,2811529,13,159859,602522000,485000
SPCX,5000000000,partial_mint_failure,fixed_160,2026-08-31,1788134437000,1788739199000,537676066,239990916,297685150,548051236,2141716,10,508665,603328000,356000
SPCX,5000000000,partial_mint_failure,fixed_160,2026-09-07,1788739200000,1789154999000,-199121761,-25391586,-173730175,231112572,4222051,19,230437,413199000,783000
SPCX,5000000000,partial_mint_failure,adaptive_width,2026-07-27,1785196800000,1785715188000,-392970406,-79789319,-313181087,526042836,13119064,61,43481,503837000,3474000
SPCX,5000000000,partial_mint_failure,adaptive_width,2026-08-03,1785715200000,1786319999000,-371365538,593409888,-964775426,693307901,32353225,150,78181,550393000,36842000
SPCX,5000000000,partial_mint_failure,adaptive_width,2026-08-10,1786320000000,1786924756000,-167079183,82351137,-249430320,762518695,18117806,84,62558,575252000,11977000
SPCX,5000000000,partial_mint_failure,adaptive_width,2026-08-17,1786924800000,1787529599000,-160151896,-81687467,-78464429,601496446,15529548,72,72208,582674000,4652000
SPCX,5000000000,partial_mint_failure,adaptive_width,2026-08-24,1787529600000,1788134399000,556502211,104572266,451929945,1220707442,35611296,165,159859,544914000,7257000
SPCX,5000000000,partial_mint_failure,adaptive_width,2026-08-31,1788134437000,1788739199000,1698839844,239990916,1458848928,2315084556,31683412,147,508665,562905000,5825000
SPCX,5000000000,partial_mint_failure,adaptive_width,2026-09-07,1788739200000,1789154999000,-79665469,-25391586,-54273883,462503236,11139238,51,230437,401706000,2134000
SPCX,5000000000,partial_mint_failure,adaptive_economic,2026-07-27,1785196800000,1785715188000,1351253,-79789319,81140572,139629165,847587,4,43481,517963000,260442000
SPCX,5000000000,partial_mint_failure,adaptive_economic,2026-08-03,1785715200000,1786319999000,-1076139,593409888,-594486027,63054135,223271,1,78181,604811000,557072000
SPCX,5000000000,partial_mint_failure,adaptive_economic,2026-08-10,1786320000000,1786924756000,8270752,82351137,-74080385,22702357,624316,3,62558,604120000,564977000
SPCX,5000000000,partial_mint_failure,adaptive_economic,2026-08-17,1786924800000,1787529599000,184557989,-81687467,266245456,408951203,1517400,7,72208,604185000,485850000
SPCX,5000000000,partial_mint_failure,adaptive_economic,2026-08-24,1787529600000,1788134399000,415431915,104572266,310859649,833311430,11647161,54,159859,583345000,503625000
SPCX,5000000000,partial_mint_failure,adaptive_economic,2026-08-31,1788134437000,1788739199000,1648032565,239990916,1408041649,2133151939,12718019,59,508665,589507000,359522000
SPCX,5000000000,partial_mint_failure,adaptive_economic,2026-09-07,1788739200000,1789154999000,90351313,-25391586,115742899,166816785,339664,1,230437,415800000,267142000
SPCX,1000000000,pinned_fork_costs,fixed_20,2026-07-27,1785196800000,1785715188000,-441393292,-15742448,-425650844,388491957,140838504,631,43481,515009000,60633000
SPCX,1000000000,pinned_fork_costs,fixed_20,2026-08-03,1785715200000,1786319999000,-557955053,118745240,-676700293,299549606,199157732,892,78181,604811000,75379000
SPCX,1000000000,pinned_fork_costs,fixed_20,2026-08-10,1786320000000,1786924756000,295,16479006,-16478711,0,0,0,62558,604757000,0
SPCX,1000000000,pinned_fork_costs,fixed_20,2026-08-17,1786924800000,1787529599000,-293,-16346202,16345909,0,0,0,72208,604843000,0
SPCX,1000000000,pinned_fork_costs,fixed_20,2026-08-24,1787529600000,1788134399000,375,20925602,-20925227,0,0,0,159859,604800000,0
SPCX,1000000000,pinned_fork_costs,fixed_20,2026-08-31,1788134437000,1788739199000,859,48023768,-48022909,0,0,0,508665,604800000,0
SPCX,1000000000,pinned_fork_costs,fixed_20,2026-09-07,1788739200000,1789154999000,-116483,-5104246,4987763,0,116393,0,230437,415800000,0
SPCX,1000000000,pinned_fork_costs,fixed_40,2026-07-27,1785196800000,1785715188000,-256261798,-15742448,-240519350,290139744,63586738,285,43481,517773000,22776000
SPCX,1000000000,pinned_fork_costs,fixed_40,2026-08-03,1785715200000,1786319999000,-464613462,118745240,-583358702,396575194,136418581,611,78181,604811000,40935000
SPCX,1000000000,pinned_fork_costs,fixed_40,2026-08-10,1786320000000,1786924756000,-103329232,16479006,-119808238,237645926,74795785,335,62558,604757000,21122000
SPCX,1000000000,pinned_fork_costs,fixed_40,2026-08-17,1786924800000,1787529599000,-68242162,-16346202,-51895960,192001038,58273731,261,72208,604843000,18207000
SPCX,1000000000,pinned_fork_costs,fixed_40,2026-08-24,1787529600000,1788134399000,88490088,20925602,67564486,262766373,37286257,167,159859,604800000,7887000
SPCX,1000000000,pinned_fork_costs,fixed_40,2026-08-31,1788134437000,1788739199000,178652034,48023768,130628266,288578322,23443455,105,508665,604800000,5146000
SPCX,1000000000,pinned_fork_costs,fixed_40,2026-09-07,1788739200000,1789154999000,-77934894,-5104246,-72830648,126604318,29811436,133,230437,415800000,6452000
SPCX,1000000000,pinned_fork_costs,fixed_80,2026-07-27,1785196800000,1785715188000,-122659391,-15742448,-106916943,178898974,21835061,98,43481,517963000,6923000
SPCX,1000000000,pinned_fork_costs,fixed_80,2026-08-03,1785715200000,1786319999000,-224127849,118745240,-342873089,346785602,51575601,231,78181,604811000,14776000
SPCX,1000000000,pinned_fork_costs,fixed_80,2026-08-10,1786320000000,1786924756000,-62503352,16479006,-78982358,213026803,28132146,126,62558,604757000,7590000
SPCX,1000000000,pinned_fork_costs,fixed_80,2026-08-17,1786924800000,1787529599000,-24983031,-16346202,-8636829,172035851,19201306,86,72208,604843000,5367000
SPCX,1000000000,pinned_fork_costs,fixed_80,2026-08-24,1787529600000,1788134399000,104132279,20925602,83206677,207822548,11163550,50,159859,604800000,2317000
SPCX,1000000000,pinned_fork_costs,fixed_80,2026-08-31,1788134437000,1788739199000,150297803,48023768,102274035,199019397,7144672,32,508665,604800000,1418000
SPCX,1000000000,pinned_fork_costs,fixed_80,2026-09-07,1788739200000,1789154999000,-42593769,-5104246,-37489523,87593803,9493775,42,230437,415800000,1973000
SPCX,1000000000,pinned_fork_costs,fixed_160,2026-07-27,1785196800000,1785715188000,-52908822,-15742448,-37166374,99162427,6206091,28,43481,517963000,1957000
SPCX,1000000000,pinned_fork_costs,fixed_160,2026-08-03,1785715200000,1786319999000,-134374154,118745240,-253119394,229471762,19201306,86,78181,604811000,5351000
SPCX,1000000000,pinned_fork_costs,fixed_160,2026-08-10,1786320000000,1786924756000,9914209,16479006,-6564797,145451223,6921401,31,62558,604757000,1943000
SPCX,1000000000,pinned_fork_costs,fixed_160,2026-08-17,1786924800000,1787529599000,-9501474,-16346202,6844728,113559956,5581775,25,72208,604843000,1492000
SPCX,1000000000,pinned_fork_costs,fixed_160,2026-08-24,1787529600000,1788134399000,76925631,20925602,56000029,125734424,3125794,14,159859,604800000,656000
SPCX,1000000000,pinned_fork_costs,fixed_160,2026-08-31,1788134437000,1788739199000,111233371,48023768,63209603,113219226,1786168,8,508665,604800000,332000
SPCX,1000000000,pinned_fork_costs,fixed_160,2026-09-07,1788739200000,1789154999000,-39851982,-5104246,-34747736,49066897,3912000,17,230437,415800000,735000
SPCX,1000000000,pinned_fork_costs,adaptive_width,2026-07-27,1785196800000,1785715188000,-265803913,-15742448,-250061465,155799611,51083562,229,43481,517963000,19482000
SPCX,1000000000,pinned_fork_costs,adaptive_width,2026-08-03,1785715200000,1786319999000,-521576874,118745240,-640322114,342424096,175267735,785,78181,604811000,67607000
SPCX,1000000000,pinned_fork_costs,adaptive_width,2026-08-10,1786320000000,1786924756000,-217885333,16479006,-234364339,210370570,132399703,593,62558,604757000,45766000
SPCX,1000000000,pinned_fork_costs,adaptive_width,2026-08-17,1786924800000,1787529599000,-9326567,-16346202,7019635,0,0,0,72208,604843000,0
SPCX,1000000000,pinned_fork_costs,adaptive_width,2026-08-24,1787529600000,1788134399000,11939411,20925602,-8986191,0,0,0,159859,604800000,0
SPCX,1000000000,pinned_fork_costs,adaptive_width,2026-08-31,1788134437000,1788739199000,3056630,48023768,-44967138,0,0,0,508665,604800000,0
SPCX,1000000000,pinned_fork_costs,adaptive_width,2026-09-07,1788739200000,1789154999000,-116393,-5104246,4987853,0,116393,0,230437,415800000,0
SPCX,1000000000,pinned_fork_costs,adaptive_economic,2026-07-27,1785196800000,1785715188000,17049912,-15742448,32792360,46193526,1740671,8,43481,517963000,295913000
SPCX,1000000000,pinned_fork_costs,adaptive_economic,2026-08-03,1785715200000,1786319999000,-140669199,118745240,-259414439,92402662,18531493,83,78181,604811000,517603000
SPCX,1000000000,pinned_fork_costs,adaptive_economic,2026-08-10,1786320000000,1786924756000,30869255,16479006,14390249,35690316,669813,3,62558,604757000,533719000
SPCX,1000000000,pinned_fork_costs,adaptive_economic,2026-08-17,1786924800000,1787529599000,33311193,-16346202,49657395,156236894,14066073,63,72208,604843000,541751000
SPCX,1000000000,pinned_fork_costs,adaptive_economic,2026-08-24,1787529600000,1788134399000,265142686,20925602,244217084,428955086,19424577,87,159859,604800000,484819000
SPCX,1000000000,pinned_fork_costs,adaptive_economic,2026-08-31,1788134437000,1788739199000,383915458,48023768,335891690,549203503,16075512,72,508665,604800000,419916000
SPCX,1000000000,pinned_fork_costs,adaptive_economic,2026-09-07,1788739200000,1789154999000,-404903,-5104246,4699343,24771653,1009477,4,230437,415800000,390203000
SPCX,1000000000,double_gas_half_fees,fixed_20,2026-07-27,1785196800000,1785715188000,-724302487,-15795703,-708506784,178214819,281677008,631,43481,515009000,60633000
SPCX,1000000000,double_gas_half_fees,fixed_20,2026-08-03,1785715200000,1786319999000,-269087052,118745240,-387832292,50829808,134409142,301,78181,604811000,474377000
SPCX,1000000000,double_gas_half_fees,fixed_20,2026-08-10,1786320000000,1786924756000,3125,16479006,-16475881,0,0,0,62558,604757000,604757000
SPCX,1000000000,double_gas_half_fees,fixed_20,2026-08-17,1786924800000,1787529599000,-3100,-16346202,16343102,0,0,0,72208,604843000,604843000
SPCX,1000000000,double_gas_half_fees,fixed_20,2026-08-24,1787529600000,1788134399000,3968,20925602,-20921634,0,0,0,159859,604800000,604800000
SPCX,1000000000,double_gas_half_fees,fixed_20,2026-08-31,1788134437000,1788739199000,9108,48023768,-48014660,0,0,0,508665,604800000,604800000
SPCX,1000000000,double_gas_half_fees,fixed_20,2026-09-07,1788739200000,1789154999000,-233744,-5153654,4919910,0,232786,0,230437,415800000,415800000
SPCX,1000000000,double_gas_half_fees,fixed_40,2026-07-27,1785196800000,1785715188000,-437577191,-15795703,-421781488,135796406,127173476,285,43481,517773000,22776000
SPCX,1000000000,double_gas_half_fees,fixed_40,2026-08-03,1785715200000,1786319999000,-561047969,118745240,-679793209,120686559,210767824,472,78181,604811000,254480000
SPCX,1000000000,double_gas_half_fees,fixed_40,2026-08-10,1786320000000,1786924756000,5876,16479006,-16473130,0,0,0,62558,604757000,604757000
SPCX,1000000000,double_gas_half_fees,fixed_40,2026-08-17,1786924800000,1787529599000,-5829,-16346202,16340373,0,0,0,72208,604843000,604843000
SPCX,1000000000,double_gas_half_fees,fixed_40,2026-08-24,1787529600000,1788134399000,7462,20925602,-20918140,0,0,0,159859,604800000,604800000
SPCX,1000000000,double_gas_half_fees,fixed_40,2026-08-31,1788134437000,1788739199000,17123,48023768,-48006645,0,0,0,508665,604800000,604800000
SPCX,1000000000,double_gas_half_fees,fixed_40,2026-09-07,1788739200000,1789154999000,-234587,-5153654,4919067,0,232786,0,230437,415800000,415800000
SPCX,1000000000,double_gas_half_fees,fixed_80,2026-07-27,1785196800000,1785715188000,-225000008,-15795703,-209204305,85778414,43670122,98,43481,517963000,6923000
SPCX,1000000000,double_gas_half_fees,fixed_80,2026-08-03,1785715200000,1786319999000,-388950803,118745240,-507696043,145142854,103151202,231,78181,604811000,14776000
SPCX,1000000000,double_gas_half_fees,fixed_80,2026-08-10,1786320000000,1786924756000,-151467818,16479006,-167946824,74124653,56264292,126,62558,604757000,7590000
SPCX,1000000000,double_gas_half_fees,fixed_80,2026-08-17,1786924800000,1787529599000,-91832268,-16346202,-75486066,52102140,38402612,86,72208,604843000,5367000
SPCX,1000000000,double_gas_half_fees,fixed_80,2026-08-24,1787529600000,1788134399000,-14847641,20925602,-35773243,54758579,22327100,50,159859,604800000,2317000
SPCX,1000000000,double_gas_half_fees,fixed_80,2026-08-31,1788134437000,1788739199000,12576063,48023768,-35447705,46124508,14289344,32,508665,604800000,1418000
SPCX,1000000000,double_gas_half_fees,fixed_80,2026-09-07,1788739200000,1789154999000,-51735023,-5153654,-46581369,18682329,18987550,42,230437,415800000,1973000
SPCX,1000000000,double_gas_half_fees,fixed_160,2026-07-27,1785196800000,1785715188000,-106351858,-15795703,-90556155,48478486,12412182,28,43481,517963000,1957000
SPCX,1000000000,double_gas_half_fees,fixed_160,2026-08-03,1785715200000,1786319999000,-244122834,118745240,-362868074,103280994,38402612,86,78181,604811000,5351000
SPCX,1000000000,double_gas_half_fees,fixed_160,2026-08-10,1786320000000,1786924756000,-57603208,16479006,-74082214,58829245,13842802,31,62558,604757000,1943000
SPCX,1000000000,double_gas_half_fees,fixed_160,2026-08-17,1786924800000,1787529599000,-55949162,-16346202,-39602960,42556756,11163550,25,72208,604843000,1492000
SPCX,1000000000,double_gas_half_fees,fixed_160,2026-08-24,1787529600000,1788134399000,6190305,20925602,-14735297,43998978,6251588,14,159859,604800000,656000
SPCX,1000000000,double_gas_half_fees,fixed_160,2026-08-31,1788134437000,1788739199000,33395355,48023768,-14628413,37083275,3572336,8,508665,604800000,332000
SPCX,1000000000,double_gas_half_fees,fixed_160,2026-09-07,1788739200000,1789154999000,-45732218,-5153654,-40578564,15341852,7824000,17,230437,415800000,735000
SPCX,1000000000,double_gas_half_fees,adaptive_width,2026-07-27,1785196800000,1785715188000,-139998265,-15795703,-124202562,50394186,18663770,42,43481,517963000,2697000
SPCX,1000000000,double_gas_half_fees,adaptive_width,2026-08-03,1785715200000,1786319999000,-436941021,118745240,-555686261,126641515,130390264,292,78181,604811000,21658000
SPCX,1000000000,double_gas_half_fees,adaptive_width,2026-08-10,1786320000000,1786924756000,-124336598,16479006,-140815604,55661968,49566162,111,62558,604757000,7296000
SPCX,1000000000,double_gas_half_fees,adaptive_width,2026-08-17,1786924800000,1787529599000,-67487757,-16346202,-51141555,46887202,30811398,69,72208,604843000,4013000
SPCX,1000000000,double_gas_half_fees,adaptive_width,2026-08-24,1787529600000,1788134399000,-13154895,20925602,-34080497,74369698,34383734,77,159859,604800000,4572000
SPCX,1000000000,double_gas_half_fees,adaptive_width,2026-08-31,1788134437000,1788739199000,15292152,48023768,-32731616,71370463,26792520,60,508665,604800000,2723000
SPCX,1000000000,double_gas_half_fees,adaptive_width,2026-09-07,1788739200000,1789154999000,-30552239,-5153654,-25398585,12996074,7824000,17,230437,415800000,742000
SPCX,1000000000,double_gas_half_fees,adaptive_economic,2026-07-27,1785196800000,1785715188000,-9652744,-15795703,6142959,17856764,355548,1,43481,517963000,349496000
SPCX,1000000000,double_gas_half_fees,adaptive_economic,2026-08-03,1785715200000,1786319999000,59040171,118745240,-59705069,23625263,0,0,78181,604811000,534591000
SPCX,1000000000,double_gas_half_fees,adaptive_economic,2026-08-10,1786320000000,1786924756000,683633,16479006,-15795373,0,0,0,62558,604757000,604757000
SPCX,1000000000,double_gas_half_fees,adaptive_economic,2026-08-17,1786924800000,1787529599000,19681366,-16346202,36027568,21140572,446542,1,72208,604843000,597116000
SPCX,1000000000,double_gas_half_fees,adaptive_economic,2026-08-24,1787529600000,1788134399000,27852099,20925602,6926497,123360931,24113268,54,159859,604800000,543949000
SPCX,1000000000,double_gas_half_fees,adaptive_economic,2026-08-31,1788134437000,1788739199000,267892,48023768,-47755876,0,0,0,508665,604800000,604800000
SPCX,1000000000,double_gas_half_fees,adaptive_economic,2026-09-07,1788739200000,1789154999000,-260961,-5153654,4892693,0,232786,0,230437,415800000,415800000
SPCX,1000000000,partial_mint_failure,fixed_20,2026-07-27,1785196800000,1785715188000,-219769651,-15742448,-204027203,210474253,80413772,373,43481,388840000,35453000
SPCX,1000000000,partial_mint_failure,fixed_20,2026-08-03,1785715200000,1786319999000,-228474736,118745240,-347219976,247836656,112589223,522,78181,380758000,39308000
SPCX,1000000000,partial_mint_failure,fixed_20,2026-08-10,1786320000000,1786924756000,-64424076,16479006,-80903082,226724052,69705192,323,62558,439066000,22900000
SPCX,1000000000,partial_mint_failure,fixed_20,2026-08-17,1786924800000,1787529599000,-110187594,-16346202,-93841392,239238273,80637043,374,72208,467451000,33354000
SPCX,1000000000,partial_mint_failure,fixed_20,2026-08-24,1787529600000,1788134399000,90519147,20925602,69593545,319166387,55870818,259,159859,512275000,11528000
SPCX,1000000000,partial_mint_failure,fixed_20,2026-08-31,1788134437000,1788739199000,400981220,48023768,352957452,593364109,43553844,202,508665,538029000,7970000
SPCX,1000000000,partial_mint_failure,fixed_20,2026-09-07,1788739200000,1789154999000,-104750421,-5104246,-99646175,231999514,45410908,210,230437,362502000,9090000
SPCX,1000000000,partial_mint_failure,fixed_40,2026-07-27,1785196800000,1785715188000,-145634335,-15742448,-129891887,210860283,44401431,206,43481,449292000,15544000
SPCX,1000000000,partial_mint_failure,fixed_40,2026-08-03,1785715200000,1786319999000,-153367061,118745240,-272112301,238958055,64082134,297,78181,451672000,16007000
SPCX,1000000000,partial_mint_failure,fixed_40,2026-08-10,1786320000000,1786924756000,-19232575,16479006,-35711581,261059289,45294515,210,62558,510233000,11467000
SPCX,1000000000,partial_mint_failure,fixed_40,2026-08-17,1786924800000,1787529599000,17928532,-16346202,34274734,250210999,39671457,184,72208,534220000,10971000
SPCX,1000000000,partial_mint_failure,fixed_40,2026-08-24,1787529600000,1788134399000,135081335,20925602,114155733,287262839,23517593,109,159859,567767000,4706000
SPCX,1000000000,partial_mint_failure,fixed_40,2026-08-31,1788134437000,1788739199000,308971051,48023768,260947283,446309523,20036251,93,508665,574917000,3550000
SPCX,1000000000,partial_mint_failure,fixed_40,2026-09-07,1788739200000,1789154999000,-10735306,-5104246,-5631060,197634899,19974870,92,230437,394034000,3754000
SPCX,1000000000,partial_mint_failure,fixed_80,2026-07-27,1785196800000,1785715188000,-81665525,-15742448,-65923077,150627331,18742122,87,43481,491093000,5828000
SPCX,1000000000,partial_mint_failure,fixed_80,2026-08-03,1785715200000,1786319999000,-114431074,118745240,-233176314,233515285,39270412,182,78181,540219000,9592000
SPCX,1000000000,partial_mint_failure,fixed_80,2026-08-10,1786320000000,1786924756000,-404226,16479006,-16883232,200282864,20706064,96,62558,570721000,4480000
SPCX,1000000000,partial_mint_failure,fixed_80,2026-08-17,1786924800000,1787529599000,-17060585,-16346202,-714383,194674546,19188664,89,72208,583188000,4224000
SPCX,1000000000,partial_mint_failure,fixed_80,2026-08-24,1787529600000,1788134399000,94411388,20925602,73485786,201875506,11647161,54,159859,591424000,2074000
SPCX,1000000000,partial_mint_failure,fixed_80,2026-08-31,1788134437000,1788739199000,163295722,48023768,115271954,232121552,8612361,40,508665,597192000,1288000
SPCX,1000000000,partial_mint_failure,fixed_80,2026-09-07,1788739200000,1789154999000,-30790857,-5104246,-25686611,98753155,9398567,43,230437,405826000,1750000
SPCX,1000000000,partial_mint_failure,fixed_160,2026-07-27,1785196800000,1785715188000,-57388673,-15742448,-41646225,91776272,6648419,31,43481,507579000,2280000
SPCX,1000000000,partial_mint_failure,fixed_160,2026-08-03,1785715200000,1786319999000,-9165347,118745240,-127910587,204492066,15529548,72,78181,577555000,3475000
SPCX,1000000000,partial_mint_failure,fixed_160,2026-08-10,1786320000000,1786924756000,-5466514,16479006,-21945520,148708043,8657858,40,62558,595074000,1709000
SPCX,1000000000,partial_mint_failure,fixed_160,2026-08-17,1786924800000,1787529599000,9056499,-16346202,25402701,124064296,5176516,24,72208,599786000,1235000
SPCX,1000000000,partial_mint_failure,fixed_160,2026-08-24,1787529600000,1788134399000,90923488,20925602,69997886,140980590,3435845,16,159859,602261000,641000
SPCX,1000000000,partial_mint_failure,fixed_160,2026-08-31,1788134437000,1788739199000,111113458,48023768,63089690,127624258,2588258,12,508665,602886000,500000
SPCX,1000000000,partial_mint_failure,fixed_160,2026-09-07,1788739200000,1789154999000,-48439970,-5104246,-43335724,53495996,4222051,19,230437,413199000,783000
SPCX,1000000000,partial_mint_failure,adaptive_width,2026-07-27,1785196800000,1785715188000,-130209184,-15742448,-114466736,107534334,24989496,116,43481,485459000,9542000
SPCX,1000000000,partial_mint_failure,adaptive_width,2026-08-03,1785715200000,1786319999000,-121857915,118745240,-240603155,168013635,50917573,236,78181,477404000,17835000
SPCX,1000000000,partial_mint_failure,adaptive_width,2026-08-10,1786320000000,1786924756000,-125050769,16479006,-141529775,176536703,56271863,261,62558,481828000,14990000
SPCX,1000000000,partial_mint_failure,adaptive_width,2026-08-17,1786924800000,1787529599000,-104109731,-16346202,-87763529,176126956,62118192,288,72208,510528000,22824000
SPCX,1000000000,partial_mint_failure,adaptive_width,2026-08-24,1787529600000,1788134399000,137700639,20925602,116775037,287789397,34093896,158,159859,541964000,6928000
SPCX,1000000000,partial_mint_failure,adaptive_width,2026-08-31,1788134437000,1788739199000,335025964,48023768,287002196,477830013,33200812,154,508665,556306000,6053000
SPCX,1000000000,partial_mint_failure,adaptive_width,2026-09-07,1788739200000,1789154999000,-27230227,-5104246,-22125981,164992378,22339857,103,230437,393799000,4356000
SPCX,1000000000,partial_mint_failure,adaptive_economic,2026-07-27,1785196800000,1785715188000,14902974,-15742448,30645422,45734092,1918445,9,43481,517296000,291409000
SPCX,1000000000,partial_mint_failure,adaptive_economic,2026-08-03,1785715200000,1786319999000,-73256855,118745240,-192002095,82875380,15752819,73,78181,566089000,463655000
SPCX,1000000000,partial_mint_failure,adaptive_economic,2026-08-10,1786320000000,1786924756000,32344244,16479006,15865238,37681632,847587,4,62558,604097000,533719000
SPCX,1000000000,partial_mint_failure,adaptive_economic,2026-08-17,1786924800000,1787529599000,48698022,-16346202,65044224,159205829,10576303,49,72208,588332000,530003000
SPCX,1000000000,partial_mint_failure,adaptive_economic,2026-08-24,1787529600000,1788134399000,116543329,20925602,95617727,202622329,12093703,56,159859,575837000,475005000
SPCX,1000000000,partial_mint_failure,adaptive_economic,2026-08-31,1788134437000,1788739199000,344458079,48023768,296434311,459733746,12271477,57,508665,591034000,420988000
SPCX,1000000000,partial_mint_failure,adaptive_economic,2026-09-07,1788739200000,1789154999000,14205036,-5104246,19309282,39003927,2080335,9,230437,414996000,349448000
SPCX,250000000,pinned_fork_costs,fixed_20,2026-07-27,1785196800000,1785715188000,-200920852,-3963451,-196957401,114948340,140838504,631,43481,515009000,60633000
SPCX,250000000,pinned_fork_costs,fixed_20,2026-08-03,1785715200000,1786319999000,-48693741,29689277,-78383018,19474184,36169902,162,78181,604811000,517423000
SPCX,250000000,pinned_fork_costs,fixed_20,2026-08-10,1786320000000,1786924756000,1908,4120163,-4118255,0,0,0,62558,604757000,604757000
SPCX,250000000,pinned_fork_costs,fixed_20,2026-08-17,1786924800000,1787529599000,-1893,-4086959,4085066,0,0,0,72208,604843000,604843000
SPCX,250000000,pinned_fork_costs,fixed_20,2026-08-24,1787529600000,1788134399000,2423,5231924,-5229501,0,0,0,159859,604800000,604800000
SPCX,250000000,pinned_fork_costs,fixed_20,2026-08-31,1788134437000,1788739199000,5561,12007142,-12001581,0,0,0,508665,604800000,604800000
SPCX,250000000,pinned_fork_costs,fixed_20,2026-09-07,1788739200000,1789154999000,-116978,-1312480,1195502,0,116393,0,230437,415800000,415800000
SPCX,250000000,pinned_fork_costs,fixed_40,2026-07-27,1785196800000,1785715188000,-103274635,-3963451,-99311184,79877715,63586738,285,43481,517773000,22776000
SPCX,250000000,pinned_fork_costs,fixed_40,2026-08-03,1785715200000,1786319999000,-146231806,29689277,-175921083,76488716,81940457,367,78181,604811000,25323000
SPCX,250000000,pinned_fork_costs,fixed_40,2026-08-10,1786320000000,1786924756000,0,4120163,-4120163,0,0,0,62558,604757000,0
SPCX,250000000,pinned_fork_costs,fixed_40,2026-08-17,1786924800000,1787529599000,0,-4086959,4086959,0,0,0,72208,604843000,0
SPCX,250000000,pinned_fork_costs,fixed_40,2026-08-24,1787529600000,1788134399000,0,5231924,-5231924,0,0,0,159859,604800000,0
SPCX,250000000,pinned_fork_costs,fixed_40,2026-08-31,1788134437000,1788739199000,0,12007142,-12007142,0,0,0,508665,604800000,0
SPCX,250000000,pinned_fork_costs,fixed_40,2026-09-07,1788739200000,1789154999000,-116393,-1312480,1196087,0,116393,0,230437,415800000,0
SPCX,250000000,pinned_fork_costs,fixed_80,2026-07-27,1785196800000,1785715188000,-45903615,-3963451,-41940164,46913043,22728145,102,43481,517963000,7065000
SPCX,250000000,pinned_fork_costs,fixed_80,2026-08-03,1785715200000,1786319999000,-84066327,29689277,-113755604,97879857,51798872,232,78181,604811000,14835000
SPCX,250000000,pinned_fork_costs,fixed_80,2026-08-10,1786320000000,1786924756000,-32957831,4120163,-37077994,60404102,28132146,126,62558,604757000,7590000
SPCX,250000000,pinned_fork_costs,fixed_80,2026-08-17,1786924800000,1787529599000,-18843526,-4086959,-14756567,48686275,19201306,86,72208,604843000,5367000
SPCX,250000000,pinned_fork_costs,fixed_80,2026-08-24,1787529600000,1788134399000,21337110,5231924,16105186,58029799,11163550,50,159859,604800000,2317000
SPCX,250000000,pinned_fork_costs,fixed_80,2026-08-31,1788134437000,1788739199000,36831856,12007142,24824714,55385177,7144672,32,508665,604800000,1418000
SPCX,250000000,pinned_fork_costs,fixed_80,2026-09-07,1788739200000,1789154999000,-18617697,-1312480,-17305217,24344699,9493775,42,230437,415800000,1973000
SPCX,250000000,pinned_fork_costs,fixed_160,2026-07-27,1785196800000,1785715188000,-16777448,-3963451,-12813997,25420518,6206091,28,43481,517963000,1957000
SPCX,250000000,pinned_fork_costs,fixed_160,2026-08-03,1785715200000,1786319999000,-40911409,29689277,-70600686,61362460,18978035,85,78181,604811000,5178000
SPCX,250000000,pinned_fork_costs,fixed_160,2026-08-10,1786320000000,1786924756000,-699746,4120163,-4819909,38999616,6921401,31,62558,604757000,1943000
SPCX,250000000,pinned_fork_costs,fixed_160,2026-08-17,1786924800000,1787529599000,-5785601,-4086959,-1698642,30268426,5581775,25,72208,604843000,1492000
SPCX,250000000,pinned_fork_costs,fixed_160,2026-08-24,1787529600000,1788134399000,18102613,5231924,12870689,33156495,3125794,14,159859,604800000,656000
SPCX,250000000,pinned_fork_costs,fixed_160,2026-08-31,1788134437000,1788739199000,28009842,12007142,16002700,29730389,1786168,8,508665,604800000,332000
SPCX,250000000,pinned_fork_costs,fixed_160,2026-09-07,1788739200000,1789154999000,-13332575,-1312480,-12020095,12872397,3912000,17,230437,415800000,735000
SPCX,250000000,pinned_fork_costs,adaptive_width,2026-07-27,1785196800000,1785715188000,-113289360,-3963451,-109325909,56617336,66935803,300,43481,515954000,26827000
SPCX,250000000,pinned_fork_costs,adaptive_width,2026-08-03,1785715200000,1786319999000,-136789374,29689277,-166478651,55864411,85289522,382,78181,604811000,33975000
SPCX,250000000,pinned_fork_costs,adaptive_width,2026-08-10,1786320000000,1786924756000,0,4120163,-4120163,0,0,0,62558,604757000,0
SPCX,250000000,pinned_fork_costs,adaptive_width,2026-08-17,1786924800000,1787529599000,0,-4086959,4086959,0,0,0,72208,604843000,0
SPCX,250000000,pinned_fork_costs,adaptive_width,2026-08-24,1787529600000,1788134399000,0,5231924,-5231924,0,0,0,159859,604800000,0
SPCX,250000000,pinned_fork_costs,adaptive_width,2026-08-31,1788134437000,1788739199000,0,12007142,-12007142,0,0,0,508665,604800000,0
SPCX,250000000,pinned_fork_costs,adaptive_width,2026-09-07,1788739200000,1789154999000,-116393,-1312480,1196087,0,116393,0,230437,415800000,0
SPCX,250000000,pinned_fork_costs,adaptive_economic,2026-07-27,1785196800000,1785715188000,1271036,-3963451,5234487,7526806,177774,1,43481,515954000,474584000
SPCX,250000000,pinned_fork_costs,adaptive_economic,2026-08-03,1785715200000,1786319999000,-66617429,29689277,-96306706,49123324,43984387,197,78181,604811000,551357000
SPCX,250000000,pinned_fork_costs,adaptive_economic,2026-08-10,1786320000000,1786924756000,3866429,4120163,-253734,4498935,223271,1,62558,604757000,544592000
SPCX,250000000,pinned_fork_costs,adaptive_economic,2026-08-17,1786924800000,1787529599000,18869956,-4086959,22956915,26439215,893084,4,72208,604843000,578837000
SPCX,250000000,pinned_fork_costs,adaptive_economic,2026-08-24,1787529600000,1788134399000,37206096,5231924,31974172,75725077,13842802,62,159859,604800000,543260000
SPCX,250000000,pinned_fork_costs,adaptive_economic,2026-08-31,1788134437000,1788739199000,49752351,12007142,37745209,78162588,8930840,40,508665,604800000,512178000
SPCX,250000000,pinned_fork_costs,adaptive_economic,2026-09-07,1788739200000,1789154999000,16266271,-1312480,17578751,16329642,116393,0,230437,415800000,373329000
SPCX,250000000,double_gas_half_fees,fixed_20,2026-07-27,1785196800000,1785715188000,-260941937,-4016706,-256925231,35922054,180758516,405,43481,515009000,33341000
SPCX,250000000,double_gas_half_fees,fixed_20,2026-08-03,1785715200000,1786319999000,10891493,29689277,-18797784,0,0,0,78181,604811000,0
SPCX,250000000,double_gas_half_fees,fixed_20,2026-08-10,1786320000000,1786924756000,0,4120163,-4120163,0,0,0,62558,604757000,0
SPCX,250000000,double_gas_half_fees,fixed_20,2026-08-17,1786924800000,1787529599000,0,-4086959,4086959,0,0,0,72208,604843000,0
SPCX,250000000,double_gas_half_fees,fixed_20,2026-08-24,1787529600000,1788134399000,0,5231924,-5231924,0,0,0,159859,604800000,0
SPCX,250000000,double_gas_half_fees,fixed_20,2026-08-31,1788134437000,1788739199000,0,12007142,-12007142,0,0,0,508665,604800000,0
SPCX,250000000,double_gas_half_fees,fixed_20,2026-09-07,1788739200000,1789154999000,-232786,-1361888,1129102,0,232786,0,230437,415800000,0
SPCX,250000000,double_gas_half_fees,fixed_40,2026-07-27,1785196800000,1785715188000,-200186650,-4016706,-196169944,36923537,127173476,285,43481,517773000,22776000
SPCX,250000000,double_gas_half_fees,fixed_40,2026-08-03,1785715200000,1786319999000,-49041039,29689277,-78730316,7611124,37956070,85,78181,604811000,480721000
SPCX,250000000,double_gas_half_fees,fixed_40,2026-08-10,1786320000000,1786924756000,1257,4120163,-4118906,0,0,0,62558,604757000,604757000
SPCX,250000000,double_gas_half_fees,fixed_40,2026-08-17,1786924800000,1787529599000,-1247,-4086959,4085712,0,0,0,72208,604843000,604843000
SPCX,250000000,double_gas_half_fees,fixed_40,2026-08-24,1787529600000,1788134399000,1596,5231924,-5230328,0,0,0,159859,604800000,604800000
SPCX,250000000,double_gas_half_fees,fixed_40,2026-08-31,1788134437000,1788739199000,3662,12007142,-12003480,0,0,0,508665,604800000,604800000
SPCX,250000000,double_gas_half_fees,fixed_40,2026-09-07,1788739200000,1789154999000,-233171,-1361888,1128717,0,232786,0,230437,415800000,415800000
SPCX,250000000,double_gas_half_fees,fixed_80,2026-07-27,1785196800000,1785715188000,-89852084,-4016706,-85835378,22400693,45456290,102,43481,517963000,7065000
SPCX,250000000,double_gas_half_fees,fixed_80,2026-08-03,1785715200000,1786319999000,-158952248,29689277,-188641525,33241212,92434194,207,78181,604811000,218177000
SPCX,250000000,double_gas_half_fees,fixed_80,2026-08-10,1786320000000,1786924756000,2413,4120163,-4117750,0,0,0,62558,604757000,604757000
SPCX,250000000,double_gas_half_fees,fixed_80,2026-08-17,1786924800000,1787529599000,-2393,-4086959,4084566,0,0,0,72208,604843000,604843000
SPCX,250000000,double_gas_half_fees,fixed_80,2026-08-24,1787529600000,1788134399000,3063,5231924,-5228861,0,0,0,159859,604800000,604800000
SPCX,250000000,double_gas_half_fees,fixed_80,2026-08-31,1788134437000,1788739199000,7032,12007142,-12000110,0,0,0,508665,604800000,604800000
SPCX,250000000,double_gas_half_fees,fixed_80,2026-09-07,1788739200000,1789154999000,-233526,-1361888,1128362,0,232786,0,230437,415800000,415800000
SPCX,250000000,double_gas_half_fees,fixed_160,2026-07-27,1785196800000,1785715188000,-35134400,-4016706,-31117694,12409351,12412182,28,43481,517963000,1957000
SPCX,250000000,double_gas_half_fees,fixed_160,2026-08-03,1785715200000,1786319999000,-85149558,29689277,-114838835,27352890,37956070,85,78181,604811000,5178000
SPCX,250000000,double_gas_half_fees,fixed_160,2026-08-10,1786320000000,1786924756000,-24282519,4120163,-28402682,15513687,13842802,31,62558,604757000,1943000
SPCX,250000000,double_gas_half_fees,fixed_160,2026-08-17,1786924800000,1787529599000,-22424514,-4086959,-18337555,11136745,11163550,25,72208,604843000,1492000
SPCX,250000000,double_gas_half_fees,fixed_160,2026-08-24,1787529600000,1788134399000,-2970794,5231924,-8202718,11401624,6251588,14,159859,604800000,656000
SPCX,250000000,double_gas_half_fees,fixed_160,2026-08-31,1788134437000,1788739199000,6024806,12007142,-5982336,9526924,3572336,8,508665,604800000,332000
SPCX,250000000,double_gas_half_fees,fixed_160,2026-09-07,1788739200000,1789154999000,-17633791,-1361888,-16271903,3937775,7824000,17,230437,415800000,735000
SPCX,250000000,double_gas_half_fees,adaptive_width,2026-07-27,1785196800000,1785715188000,-56635310,-4016706,-52618604,13829184,24915358,56,43481,517963000,4208000
SPCX,250000000,double_gas_half_fees,adaptive_width,2026-08-03,1785715200000,1786319999000,-193377047,29689277,-223066324,29044449,119673256,268,78181,604811000,20706000
SPCX,250000000,double_gas_half_fees,adaptive_width,2026-08-10,1786320000000,1786924756000,0,4120163,-4120163,0,0,0,62558,604757000,0
SPCX,250000000,double_gas_half_fees,adaptive_width,2026-08-17,1786924800000,1787529599000,0,-4086959,4086959,0,0,0,72208,604843000,0
SPCX,250000000,double_gas_half_fees,adaptive_width,2026-08-24,1787529600000,1788134399000,0,5231924,-5231924,0,0,0,159859,604800000,0
SPCX,250000000,double_gas_half_fees,adaptive_width,2026-08-31,1788134437000,1788739199000,0,12007142,-12007142,0,0,0,508665,604800000,0
SPCX,250000000,double_gas_half_fees,adaptive_width,2026-09-07,1788739200000,1789154999000,-232786,-1361888,1129102,0,232786,0,230437,415800000,0
SPCX,250000000,double_gas_half_fees,adaptive_economic,2026-07-27,1785196800000,1785715188000,-2560340,-4016706,1456366,4570501,355548,1,43481,517963000,349496000
SPCX,250000000,double_gas_half_fees,adaptive_economic,2026-08-03,1785715200000,1786319999000,14925480,29689277,-14763797,6041041,0,0,78181,604811000,534591000
SPCX,250000000,double_gas_half_fees,adaptive_economic,2026-08-10,1786320000000,1786924756000,174939,4120163,-3945224,0,0,0,62558,604757000,604757000
SPCX,250000000,double_gas_half_fees,adaptive_economic,2026-08-17,1786924800000,1787529599000,-173529,-4086959,3913430,0,0,0,72208,604843000,604843000
SPCX,250000000,double_gas_half_fees,adaptive_economic,2026-08-24,1787529600000,1788134399000,222143,5231924,-5009781,0,0,0,159859,604800000,604800000
SPCX,250000000,double_gas_half_fees,adaptive_economic,2026-08-31,1788134437000,1788739199000,509814,12007142,-11497328,0,0,0,508665,604800000,604800000
SPCX,250000000,double_gas_half_fees,adaptive_economic,2026-09-07,1788739200000,1789154999000,-286404,-1361888,1075484,0,232786,0,230437,415800000,415800000
SPCX,250000000,partial_mint_failure,fixed_20,2026-07-27,1785196800000,1785715188000,-93563446,-3963451,-89599995,61512772,75237256,349,43481,382906000,33467000
SPCX,250000000,partial_mint_failure,fixed_20,2026-08-03,1785715200000,1786319999000,-120923842,29689277,-150613119,80598744,108706836,504,78181,376311000,37637000
SPCX,250000000,partial_mint_failure,fixed_20,2026-08-10,1786320000000,1786924756000,-35592258,4120163,-39712421,21651812,29363922,136,62558,526328000,10343000
SPCX,250000000,partial_mint_failure,fixed_20,2026-08-17,1786924800000,1787529599000,0,-4086959,4086959,0,0,0,72208,604843000,0
SPCX,250000000,partial_mint_failure,fixed_20,2026-08-24,1787529600000,1788134399000,0,5231924,-5231924,0,0,0,159859,604800000,0
SPCX,250000000,partial_mint_failure,fixed_20,2026-08-31,1788134437000,1788739199000,0,12007142,-12007142,0,0,0,508665,604800000,0
SPCX,250000000,partial_mint_failure,fixed_20,2026-09-07,1788739200000,1789154999000,-116393,-1312480,1196087,0,116393,0,230437,415800000,0
SPCX,250000000,partial_mint_failure,fixed_40,2026-07-27,1785196800000,1785715188000,-55419445,-3963451,-51455994,57080758,41813173,194,43481,450251000,13962000
SPCX,250000000,partial_mint_failure,fixed_40,2026-08-03,1785715200000,1786319999000,-76103505,29689277,-105792782,72653767,65376263,303,78181,451242000,16516000
SPCX,250000000,partial_mint_failure,fixed_40,2026-08-10,1786320000000,1786924756000,-27627190,4120163,-31747353,76853753,44000386,204,62558,501137000,11489000
SPCX,250000000,partial_mint_failure,fixed_40,2026-08-17,1786924800000,1787529599000,-21323939,-4086959,-17236980,79995027,40965586,190,72208,541588000,11173000
SPCX,250000000,partial_mint_failure,fixed_40,2026-08-24,1787529600000,1788134399000,24703094,5231924,19471170,85893468,23517593,109,159859,568559000,4706000
SPCX,250000000,partial_mint_failure,fixed_40,2026-08-31,1788134437000,1788739199000,76703459,12007142,64696317,131737773,20036251,93,508665,572943000,3563000
SPCX,250000000,partial_mint_failure,fixed_40,2026-09-07,1788739200000,1789154999000,-16827307,-1312480,-15514827,58457663,19974870,92,230437,394034000,3754000
SPCX,250000000,partial_mint_failure,fixed_80,2026-07-27,1785196800000,1785715188000,-29144903,-3963451,-25181452,39132608,17671264,82,43481,489971000,5239000
SPCX,250000000,partial_mint_failure,fixed_80,2026-08-03,1785715200000,1786319999000,-39483630,29689277,-69172907,62829099,35565799,165,78181,532581000,9047000
SPCX,250000000,partial_mint_failure,fixed_80,2026-08-10,1786320000000,1786924756000,-12426171,4120163,-16546334,60151134,21599148,100,62558,564601000,5443000
SPCX,250000000,partial_mint_failure,fixed_80,2026-08-17,1786924800000,1787529599000,-15665718,-4086959,-11578759,55876426,19188664,89,72208,583188000,4224000
SPCX,250000000,partial_mint_failure,fixed_80,2026-08-24,1787529600000,1788134399000,18612003,5231924,13380079,56969018,11647161,54,159859,591424000,2074000
SPCX,250000000,partial_mint_failure,fixed_80,2026-08-31,1788134437000,1788739199000,39971556,12007142,27964414,65278988,8612361,40,508665,597192000,1288000
SPCX,250000000,partial_mint_failure,fixed_80,2026-09-07,1788739200000,1789154999000,-15299593,-1312480,-13987113,27729609,9398567,43,230437,405826000,1750000
SPCX,250000000,partial_mint_failure,fixed_160,2026-07-27,1785196800000,1785715188000,-18265852,-3963451,-14302401,23522021,6648419,31,43481,507579000,2280000
SPCX,250000000,partial_mint_failure,fixed_160,2026-08-03,1785715200000,1786319999000,-10471821,29689277,-40161098,54082113,15529548,72,78181,577620000,3474000
SPCX,250000000,partial_mint_failure,fixed_160,2026-08-10,1786320000000,1786924756000,-9923126,4120163,-14043289,37815144,9282174,43,62558,584771000,1828000
SPCX,250000000,partial_mint_failure,fixed_160,2026-08-17,1786924800000,1787529599000,-5361883,-4086959,-1274924,28817713,5623058,26,72208,591587000,1289000
SPCX,250000000,partial_mint_failure,fixed_160,2026-08-24,1787529600000,1788134399000,22573638,5231924,17341714,35289937,2811529,13,159859,602940000,512000
SPCX,250000000,partial_mint_failure,fixed_160,2026-08-31,1788134437000,1788739199000,30047791,12007142,18040649,32414191,2141716,10,508665,603328000,356000
SPCX,250000000,partial_mint_failure,fixed_160,2026-09-07,1788739200000,1789154999000,-15436557,-1312480,-14124077,13590323,4222051,19,230437,413199000,783000
SPCX,250000000,partial_mint_failure,adaptive_width,2026-07-27,1785196800000,1785715188000,-47997571,-3963451,-44034120,34738666,33200812,154,43481,455591000,13272000
SPCX,250000000,partial_mint_failure,adaptive_width,2026-08-03,1785715200000,1786319999000,-99511255,29689277,-129200532,69569854,87554230,406,78181,406334000,29949000
SPCX,250000000,partial_mint_failure,adaptive_width,2026-08-10,1786320000000,1786924756000,-79922570,4120163,-84042733,52585614,65777308,305,62558,444313000,20712000
SPCX,250000000,partial_mint_failure,adaptive_width,2026-08-17,1786924800000,1787529599000,-31052573,-4086959,-26965614,16911656,20929335,97,72208,572861000,478071000
SPCX,250000000,partial_mint_failure,adaptive_width,2026-08-24,1787529600000,1788134399000,6897947,5231924,1666023,0,0,0,159859,604800000,604800000
SPCX,250000000,partial_mint_failure,adaptive_width,2026-08-31,1788134437000,1788739199000,2818290,12007142,-9188852,0,0,0,508665,604800000,604800000
SPCX,250000000,partial_mint_failure,adaptive_width,2026-09-07,1788739200000,1789154999000,-117964,-1312480,1194516,0,116393,0,230437,415800000,415800000
SPCX,250000000,partial_mint_failure,adaptive_economic,2026-07-27,1785196800000,1785715188000,1271036,-3963451,5234487,7526806,177774,1,43481,515954000,474584000
SPCX,250000000,partial_mint_failure,adaptive_economic,2026-08-03,1785715200000,1786319999000,-15533536,29689277,-45222813,18642920,15529548,72,78181,559316000,526000000
SPCX,250000000,partial_mint_failure,adaptive_economic,2026-08-10,1786320000000,1786924756000,5001857,4120163,881694,5699920,223271,1,62558,604757000,544411000
SPCX,250000000,partial_mint_failure,adaptive_economic,2026-08-17,1786924800000,1787529599000,23445208,-4086959,27532167,30867357,446542,2,72208,604843000,578689000
SPCX,250000000,partial_mint_failure,adaptive_economic,2026-08-24,1787529600000,1788134399000,14150008,5231924,8918084,35636818,7318232,34,159859,586008000,538602000
SPCX,250000000,partial_mint_failure,adaptive_economic,2026-08-31,1788134437000,1788739199000,32261020,12007142,20253878,44489359,3882387,18,508665,592199000,543367000
SPCX,250000000,partial_mint_failure,adaptive_economic,2026-09-07,1788739200000,1789154999000,13992121,-1312480,15304601,14051536,116393,0,230437,415800000,380119000
SPY,5000000000,pinned_fork_costs,fixed_20,2026-07-27,1785196800000,1785196800000,0,0,0,0,0,0,0,0,0
SPY,5000000000,pinned_fork_costs,fixed_20,2026-08-03,1785715200000,1785715200000,0,0,0,0,0,0,0,0,0
SPY,5000000000,pinned_fork_costs,fixed_20,2026-08-10,1786320000000,1786571054000,0,-849670,849670,0,0,0,10,0,0
SPY,5000000000,pinned_fork_costs,fixed_20,2026-08-17,1787110772000,1787529597000,-72725060,-7397573,-65327487,79160877,6099110,26,4268,418762000,22733000
SPY,5000000000,pinned_fork_costs,fixed_20,2026-08-24,1787529601000,1788134399000,105798833,13397363,92401470,276754196,8978374,38,17203,604802000,10991000
SPY,5000000000,pinned_fork_costs,fixed_20,2026-08-31,1788134422000,1788739165000,357268139,-8148279,365416418,573389701,11104831,47,55588,604766000,4832000
SPY,5000000000,pinned_fork_costs,fixed_20,2026-09-07,1788739373000,1789154978000,105863403,-26627887,132491290,250993982,5788829,24,23568,415813000,5528000
SPY,5000000000,pinned_fork_costs,fixed_40,2026-07-27,1785196800000,1785196800000,0,0,0,0,0,0,0,0,0
SPY,5000000000,pinned_fork_costs,fixed_40,2026-08-03,1785715200000,1785715200000,0,0,0,0,0,0,0,0,0
SPY,5000000000,pinned_fork_costs,fixed_40,2026-08-10,1786320000000,1786571054000,0,-849670,849670,0,0,0,10,0,0
SPY,5000000000,pinned_fork_costs,fixed_40,2026-08-17,1787110772000,1787529597000,-11893180,-7397573,-4495607,65133946,1609923,7,4268,418762000,9470000
SPY,5000000000,pinned_fork_costs,fixed_40,2026-08-24,1787529601000,1788134399000,125112063,13397363,111714700,184869367,2362730,10,17203,604802000,1627000
SPY,5000000000,pinned_fork_costs,fixed_40,2026-08-31,1788134422000,1788739165000,245297558,-8148279,253445837,338174465,2835276,12,55588,604766000,880000
SPY,5000000000,pinned_fork_costs,fixed_40,2026-09-07,1788739373000,1789154978000,64155719,-26627887,90783606,137092267,1535915,6,23568,415813000,1004000
SPY,5000000000,pinned_fork_costs,fixed_80,2026-07-27,1785196800000,1785196800000,0,0,0,0,0,0,0,0,0
SPY,5000000000,pinned_fork_costs,fixed_80,2026-08-03,1785715200000,1785715200000,0,0,0,0,0,0,0,0,0
SPY,5000000000,pinned_fork_costs,fixed_80,2026-08-10,1786320000000,1786571054000,0,-849670,849670,0,0,0,10,0,0
SPY,5000000000,pinned_fork_costs,fixed_80,2026-08-17,1787110772000,1787529597000,6398790,-7397573,13796363,37823242,664831,3,4268,365828000,1992000
SPY,5000000000,pinned_fork_costs,fixed_80,2026-08-24,1787529601000,1788134399000,80392134,13397363,66994771,109771606,708819,3,17203,604802000,224000
SPY,5000000000,pinned_fork_costs,fixed_80,2026-08-31,1788134422000,1788739165000,136586929,-8148279,144735208,181440288,708819,3,55588,604766000,188000
SPY,5000000000,pinned_fork_costs,fixed_80,2026-09-07,1788739373000,1789154978000,6167991,-26627887,32795878,69769966,827096,3,23568,415813000,164000
SPY,5000000000,pinned_fork_costs,fixed_160,2026-07-27,1785196800000,1785196800000,0,0,0,0,0,0,0,0,0
SPY,5000000000,pinned_fork_costs,fixed_160,2026-08-03,1785715200000,1785715200000,0,0,0,0,0,0,0,0,0
SPY,5000000000,pinned_fork_costs,fixed_160,2026-08-10,1786320000000,1786571054000,0,-849670,849670,0,0,0,10,0,0
SPY,5000000000,pinned_fork_costs,fixed_160,2026-08-17,1787110772000,1787529597000,29279510,-7397573,36677083,18834581,192285,1,4268,256891000,0
SPY,5000000000,pinned_fork_costs,fixed_160,2026-08-24,1787529601000,1788134399000,58384351,13397363,44986988,60465378,236273,1,17203,604802000,105000
SPY,5000000000,pinned_fork_costs,fixed_160,2026-08-31,1788134422000,1788739165000,52409998,-8148279,60558277,93973164,236273,1,55588,604766000,49000
SPY,5000000000,pinned_fork_costs,fixed_160,2026-09-07,1788739373000,1789154978000,17806246,-26627887,44434133,34903915,118277,0,23568,415813000,0
SPY,5000000000,pinned_fork_costs,adaptive_width,2026-07-27,1785196800000,1785196800000,0,0,0,0,0,0,0,0,0
SPY,5000000000,pinned_fork_costs,adaptive_width,2026-08-03,1785715200000,1785715200000,0,0,0,0,0,0,0,0,0
SPY,5000000000,pinned_fork_costs,adaptive_width,2026-08-10,1786320000000,1786571054000,0,-849670,849670,0,0,0,10,0,0
SPY,5000000000,pinned_fork_costs,adaptive_width,2026-08-17,1787110772000,1787529597000,32674761,-7397573,40072334,43410167,1137377,5,4268,221123000,3883000
SPY,5000000000,pinned_fork_costs,adaptive_width,2026-08-24,1787529601000,1788134399000,113673651,13397363,100276288,173751011,2599003,11,17203,604802000,15050000
SPY,5000000000,pinned_fork_costs,adaptive_width,2026-08-31,1788134422000,1788739165000,298159016,-8148279,306307295,465401881,7088190,30,55588,604766000,12097000
SPY,5000000000,pinned_fork_costs,adaptive_width,2026-09-07,1788739373000,1789154978000,102006551,-26627887,128634438,251505959,5788829,24,23568,415813000,5518000
SPY,5000000000,pinned_fork_costs,adaptive_economic,2026-07-27,1785196800000,1785196800000,0,0,0,0,0,0,0,0,0
SPY,5000000000,pinned_fork_costs,adaptive_economic,2026-08-03,1785715200000,1785715200000,0,0,0,0,0,0,0,0,0
SPY,5000000000,pinned_fork_costs,adaptive_economic,2026-08-10,1786320000000,1786571054000,0,-849670,849670,0,0,0,10,0,0
SPY,5000000000,pinned_fork_costs,adaptive_economic,2026-08-17,1787110772000,1787529597000,32505420,-7397573,39902993,31166729,192285,1,4268,221123000,30687000
SPY,5000000000,pinned_fork_costs,adaptive_economic,2026-08-24,1787529601000,1788134399000,55742465,13397363,42345102,55290587,0,0,17203,604802000,349830000
SPY,5000000000,pinned_fork_costs,adaptive_economic,2026-08-31,1788134422000,1788739165000,88444357,-8148279,96592636,127631302,708819,3,55588,604766000,445503000
SPY,5000000000,pinned_fork_costs,adaptive_economic,2026-09-07,1788739373000,1789154978000,21810164,-26627887,48438051,31470080,354550,1,23568,415813000,355922000
SPY,5000000000,double_gas_half_fees,fixed_20,2026-07-27,1785196800000,1785196800000,0,0,0,0,0,0,0,0,0
SPY,5000000000,double_gas_half_fees,fixed_20,2026-08-03,1785715200000,1785715200000,0,0,0,0,0,0,0,0,0
SPY,5000000000,double_gas_half_fees,fixed_20,2026-08-10,1786320000000,1786571054000,0,-909558,909558,0,0,0,10,0,0
SPY,5000000000,double_gas_half_fees,fixed_20,2026-08-17,1787110772000,1787529597000,-118197100,-7397573,-110799527,39525989,12198220,26,4268,418762000,22733000
SPY,5000000000,double_gas_half_fees,fixed_20,2026-08-24,1787529601000,1788134399000,-40796963,13397363,-54194326,136634937,17956748,38,17203,604802000,10991000
SPY,5000000000,double_gas_half_fees,fixed_20,2026-08-31,1788134422000,1788739165000,56028049,-8148279,64176328,273141820,22209662,47,55588,604766000,4832000
SPY,5000000000,double_gas_half_fees,fixed_20,2026-09-07,1788739373000,1789154978000,-21883440,-26679210,4795770,115236913,11577658,24,23568,415813000,5528000
SPY,5000000000,double_gas_half_fees,fixed_40,2026-07-27,1785196800000,1785196800000,0,0,0,0,0,0,0,0,0
SPY,5000000000,double_gas_half_fees,fixed_40,2026-08-03,1785715200000,1785715200000,0,0,0,0,0,0,0,0,0
SPY,5000000000,double_gas_half_fees,fixed_40,2026-08-10,1786320000000,1786571054000,0,-909558,909558,0,0,0,10,0,0
SPY,5000000000,double_gas_half_fees,fixed_40,2026-08-17,1787110772000,1787529597000,-46137995,-7397573,-38740422,32524159,3219846,7,4268,418762000,9470000
SPY,5000000000,double_gas_half_fees,fixed_40,2026-08-24,1787529601000,1788134399000,29873923,13397363,16476560,91453036,4725460,10,17203,604802000,1627000
SPY,5000000000,double_gas_half_fees,fixed_40,2026-08-31,1788134422000,1788739165000,70614389,-8148279,78762668,163461478,5670552,12,55588,604766000,880000
SPY,5000000000,double_gas_half_fees,fixed_40,2026-09-07,1788739373000,1789154978000,-5209773,-26679210,21469437,64883439,3071830,6,23568,415813000,1004000
SPY,5000000000,double_gas_half_fees,fixed_80,2026-07-27,1785196800000,1785196800000,0,0,0,0,0,0,0,0,0
SPY,5000000000,double_gas_half_fees,fixed_80,2026-08-03,1785715200000,1785715200000,0,0,0,0,0,0,0,0,0
SPY,5000000000,double_gas_half_fees,fixed_80,2026-08-10,1786320000000,1786571054000,0,-909558,909558,0,0,0,10,0,0
SPY,5000000000,double_gas_half_fees,fixed_80,2026-08-17,1787110772000,1787529597000,-13231678,-7397573,-5834105,18898520,1329662,3,4268,365828000,1992000
SPY,5000000000,double_gas_half_fees,fixed_80,2026-08-24,1787529601000,1788134399000,24454501,13397363,11057138,54545844,1417638,3,17203,604802000,224000
SPY,5000000000,double_gas_half_fees,fixed_80,2026-08-31,1788134422000,1788739165000,43935793,-8148279,52084072,89000475,1417638,3,55588,604766000,188000
SPY,5000000000,double_gas_half_fees,fixed_80,2026-09-07,1788739373000,1789154978000,-28472104,-26679210,-1792894,33857487,1654192,3,23568,415813000,164000
SPY,5000000000,double_gas_half_fees,fixed_160,2026-07-27,1785196800000,1785196800000,0,0,0,0,0,0,0,0,0
SPY,5000000000,double_gas_half_fees,fixed_160,2026-08-03,1785715200000,1785715200000,0,0,0,0,0,0,0,0,0
SPY,5000000000,double_gas_half_fees,fixed_160,2026-08-10,1786320000000,1786571054000,0,-909558,909558,0,0,0,10,0,0
SPY,5000000000,double_gas_half_fees,fixed_160,2026-08-17,1787110772000,1787529597000,19645039,-7397573,27042612,9416953,384570,1,4268,256891000,0
SPY,5000000000,double_gas_half_fees,fixed_160,2026-08-24,1787529601000,1788134399000,27752637,13397363,14355274,30196757,472546,1,17203,604802000,105000
SPY,5000000000,double_gas_half_fees,fixed_160,2026-08-31,1788134422000,1788739165000,4964892,-8148279,13113171,46560058,472546,1,55588,604766000,49000
SPY,5000000000,double_gas_half_fees,fixed_160,2026-09-07,1788739373000,1789154978000,438168,-26679210,27117378,17276391,236554,0,23568,415813000,0
SPY,5000000000,double_gas_half_fees,adaptive_width,2026-07-27,1785196800000,1785196800000,0,0,0,0,0,0,0,0,0
SPY,5000000000,double_gas_half_fees,adaptive_width,2026-08-03,1785715200000,1785715200000,0,0,0,0,0,0,0,0,0
SPY,5000000000,double_gas_half_fees,adaptive_width,2026-08-10,1786320000000,1786571054000,0,-909558,909558,0,0,0,10,0,0
SPY,5000000000,double_gas_half_fees,adaptive_width,2026-08-17,1787110772000,1787529597000,9831261,-7397573,17228834,21695063,2274754,5,4268,221123000,3883000
SPY,5000000000,double_gas_half_fees,adaptive_width,2026-08-24,1787529601000,1788134399000,23865787,13397363,10468424,86222924,5198006,11,17203,604802000,15050000
SPY,5000000000,double_gas_half_fees,adaptive_width,2026-08-31,1788134422000,1788739165000,-1819800,-8148279,6328479,87844882,5198006,11,55588,604766000,1095000
SPY,5000000000,double_gas_half_fees,adaptive_width,2026-09-07,1788739373000,1789154978000,-1202893,-26679210,25476317,17271675,236554,0,23568,415813000,0
SPY,5000000000,double_gas_half_fees,adaptive_economic,2026-07-27,1785196800000,1785196800000,0,0,0,0,0,0,0,0,0
SPY,5000000000,double_gas_half_fees,adaptive_economic,2026-08-03,1785715200000,1785715200000,0,0,0,0,0,0,0,0,0
SPY,5000000000,double_gas_half_fees,adaptive_economic,2026-08-10,1786320000000,1786571054000,0,-909558,909558,0,0,0,10,0,0
SPY,5000000000,double_gas_half_fees,adaptive_economic,2026-08-17,1787110772000,1787529597000,16681282,-7397573,24078855,15583096,384570,1,4268,221123000,30687000
SPY,5000000000,double_gas_half_fees,adaptive_economic,2026-08-24,1787529601000,1788134399000,27871233,13397363,14473870,27644886,0,0,17203,604802000,349830000
SPY,5000000000,double_gas_half_fees,adaptive_economic,2026-08-31,1788134422000,1788739165000,24181440,-8148279,32329719,63385691,1417638,3,55588,604766000,445503000
SPY,5000000000,double_gas_half_fees,adaptive_economic,2026-09-07,1788739373000,1789154978000,5596263,-26679210,32275473,15457433,709100,1,23568,415813000,355922000
SPY,5000000000,partial_mint_failure,fixed_20,2026-07-27,1785196800000,1785196800000,0,0,0,0,0,0,0,0,0
SPY,5000000000,partial_mint_failure,fixed_20,2026-08-03,1785715200000,1785715200000,0,0,0,0,0,0,0,0,0
SPY,5000000000,partial_mint_failure,fixed_20,2026-08-10,1786320000000,1786571054000,0,-849670,849670,0,0,0,10,0,0
SPY,5000000000,partial_mint_failure,fixed_20,2026-08-17,1787110772000,1787529597000,-66794802,-7397573,-59397229,76574733,6631977,29,4268,406063000,22118000
SPY,5000000000,partial_mint_failure,fixed_20,2026-08-24,1787529601000,1788134399000,92843469,13397363,79446106,268544902,10516654,46,17203,594808000,11153000
SPY,5000000000,partial_mint_failure,fixed_20,2026-08-31,1788134422000,1788739165000,348803683,-8148279,356951962,550887563,11890304,52,55588,591788000,4362000
SPY,5000000000,partial_mint_failure,fixed_20,2026-09-07,1788739373000,1789154978000,116292321,-26627887,142920208,239909411,5612877,24,23568,410324000,4412000
SPY,5000000000,partial_mint_failure,fixed_40,2026-07-27,1785196800000,1785196800000,0,0,0,0,0,0,0,0,0
SPY,5000000000,partial_mint_failure,fixed_40,2026-08-03,1785715200000,1785715200000,0,0,0,0,0,0,0,0,0
SPY,5000000000,partial_mint_failure,fixed_40,2026-08-10,1786320000000,1786571054000,0,-849670,849670,0,0,0,10,0,0
SPY,5000000000,partial_mint_failure,fixed_40,2026-08-17,1787110772000,1787529597000,-11888080,-7397573,-4490507,65000253,1802208,8,4268,418070000,9470000
SPY,5000000000,partial_mint_failure,fixed_40,2026-08-24,1787529601000,1788134399000,129097237,13397363,115699874,183509158,2511027,11,17203,602179000,1548000
SPY,5000000000,partial_mint_failure,fixed_40,2026-08-31,1788134422000,1788739165000,239347359,-8148279,247495638,338456060,3456119,15,55588,603389000,843000
SPY,5000000000,partial_mint_failure,fixed_40,2026-09-07,1788739373000,1789154978000,54052902,-26627887,80680789,137370523,2156758,9,23568,413579000,694000
SPY,5000000000,partial_mint_failure,fixed_80,2026-07-27,1785196800000,1785196800000,0,0,0,0,0,0,0,0,0
SPY,5000000000,partial_mint_failure,fixed_80,2026-08-03,1785715200000,1785715200000,0,0,0,0,0,0,0,0,0
SPY,5000000000,partial_mint_failure,fixed_80,2026-08-10,1786320000000,1786571054000,0,-849670,849670,0,0,0,10,0,0
SPY,5000000000,partial_mint_failure,fixed_80,2026-08-17,1787110772000,1787529597000,6398790,-7397573,13796363,37823242,664831,3,4268,365828000,1992000
SPY,5000000000,partial_mint_failure,fixed_80,2026-08-24,1787529601000,1788134399000,79965755,13397363,66568392,109554111,901104,4,17203,604145000,224000
SPY,5000000000,partial_mint_failure,fixed_80,2026-08-31,1788134422000,1788739165000,136581218,-8148279,144729497,181432930,708819,3,55588,604766000,188000
SPY,5000000000,partial_mint_failure,fixed_80,2026-09-07,1788739373000,1789154978000,5575141,-26627887,32203028,69187298,1019381,4,23568,414878000,203000
SPY,5000000000,partial_mint_failure,fixed_160,2026-07-27,1785196800000,1785196800000,0,0,0,0,0,0,0,0,0
SPY,5000000000,partial_mint_failure,fixed_160,2026-08-03,1785715200000,1785715200000,0,0,0,0,0,0,0,0,0
SPY,5000000000,partial_mint_failure,fixed_160,2026-08-10,1786320000000,1786571054000,0,-849670,849670,0,0,0,10,0,0
SPY,5000000000,partial_mint_failure,fixed_160,2026-08-17,1787110772000,1787529597000,29279510,-7397573,36677083,18834581,192285,1,4268,256891000,0
SPY,5000000000,partial_mint_failure,fixed_160,2026-08-24,1787529601000,1788134399000,58384351,13397363,44986988,60465378,236273,1,17203,604802000,105000
SPY,5000000000,partial_mint_failure,fixed_160,2026-08-31,1788134422000,1788739165000,52409998,-8148279,60558277,93973164,236273,1,55588,604766000,49000
SPY,5000000000,partial_mint_failure,fixed_160,2026-09-07,1788739373000,1789154978000,17806246,-26627887,44434133,34903915,118277,0,23568,415813000,0
SPY,5000000000,partial_mint_failure,adaptive_width,2026-07-27,1785196800000,1785196800000,0,0,0,0,0,0,0,0,0
SPY,5000000000,partial_mint_failure,adaptive_width,2026-08-03,1785715200000,1785715200000,0,0,0,0,0,0,0,0,0
SPY,5000000000,partial_mint_failure,adaptive_width,2026-08-10,1786320000000,1786571054000,0,-849670,849670,0,0,0,10,0,0
SPY,5000000000,partial_mint_failure,adaptive_width,2026-08-17,1787110772000,1787529597000,32674761,-7397573,40072334,43410167,1137377,5,4268,221123000,3883000
SPY,5000000000,partial_mint_failure,adaptive_width,2026-08-24,1787529601000,1788134399000,57529805,13397363,44132442,61700789,428558,2,17203,603154000,354000
SPY,5000000000,partial_mint_failure,adaptive_width,2026-08-31,1788134422000,1788739165000,89289809,-8148279,97438088,93134401,0,0,55588,604766000,0
SPY,5000000000,partial_mint_failure,adaptive_width,2026-09-07,1788739373000,1789154978000,8698739,-26627887,35326626,34565671,118277,0,23568,415813000,0
SPY,5000000000,partial_mint_failure,adaptive_economic,2026-07-27,1785196800000,1785196800000,0,0,0,0,0,0,0,0,0
SPY,5000000000,partial_mint_failure,adaptive_economic,2026-08-03,1785715200000,1785715200000,0,0,0,0,0,0,0,0,0
SPY,5000000000,partial_mint_failure,adaptive_economic,2026-08-10,1786320000000,1786571054000,0,-849670,849670,0,0,0,10,0,0
SPY,5000000000,partial_mint_failure,adaptive_economic,2026-08-17,1787110772000,1787529597000,32505420,-7397573,39902993,31166729,192285,1,4268,221123000,30687000
SPY,5000000000,partial_mint_failure,adaptive_economic,2026-08-24,1787529601000,1788134399000,55742465,13397363,42345102,55290587,0,0,17203,604802000,349830000
SPY,5000000000,partial_mint_failure,adaptive_economic,2026-08-31,1788134422000,1788739165000,88444357,-8148279,96592636,127631302,708819,3,55588,604766000,445503000
SPY,5000000000,partial_mint_failure,adaptive_economic,2026-09-07,1788739373000,1789154978000,21810164,-26627887,48438051,31470080,354550,1,23568,415813000,355922000
SPY,1000000000,pinned_fork_costs,fixed_20,2026-07-27,1785196800000,1785196800000,0,0,0,0,0,0,0,0,0
SPY,1000000000,pinned_fork_costs,fixed_20,2026-08-03,1785715200000,1785715200000,0,0,0,0,0,0,0,0,0
SPY,1000000000,pinned_fork_costs,fixed_20,2026-08-10,1786320000000,1786571054000,0,30981,-30981,0,0,0,10,0,0
SPY,1000000000,pinned_fork_costs,fixed_20,2026-08-17,1787110772000,1787529597000,4843041,-1480251,6323292,38384184,6099110,26,4268,418762000,22733000
SPY,1000000000,pinned_fork_costs,fixed_20,2026-08-24,1787529601000,1788134399000,48710603,2680806,46029797,88139060,8978374,38,17203,604802000,10991000
SPY,1000000000,pinned_fork_costs,fixed_20,2026-08-31,1788134422000,1788739165000,100027012,-1630467,101657479,152304461,11104831,47,55588,604766000,4832000
SPY,1000000000,pinned_fork_costs,fixed_20,2026-09-07,1788739373000,1789154978000,27178893,-5321330,32500223,62435901,5788829,24,23568,415813000,5528000
SPY,1000000000,pinned_fork_costs,fixed_40,2026-07-27,1785196800000,1785196800000,0,0,0,0,0,0,0,0,0
SPY,1000000000,pinned_fork_costs,fixed_40,2026-08-03,1785715200000,1785715200000,0,0,0,0,0,0,0,0,0
SPY,1000000000,pinned_fork_costs,fixed_40,2026-08-10,1786320000000,1786571054000,0,30981,-30981,0,0,0,10,0,0
SPY,1000000000,pinned_fork_costs,fixed_40,2026-08-17,1787110772000,1787529597000,10185182,-1480251,11665433,25583764,1609923,7,4268,418762000,9470000
SPY,1000000000,pinned_fork_costs,fixed_40,2026-08-24,1787529601000,1788134399000,36918888,2680806,34238082,49083470,2362730,10,17203,604802000,1627000
SPY,1000000000,pinned_fork_costs,fixed_40,2026-08-31,1788134422000,1788739165000,58731952,-1630467,60362419,78838447,2835276,12,55588,604766000,880000
SPY,1000000000,pinned_fork_costs,fixed_40,2026-09-07,1788739373000,1789154978000,14716653,-5321330,20037983,30461021,1535915,6,23568,415813000,1004000
SPY,1000000000,pinned_fork_costs,fixed_80,2026-07-27,1785196800000,1785196800000,0,0,0,0,0,0,0,0,0
SPY,1000000000,pinned_fork_costs,fixed_80,2026-08-03,1785715200000,1785715200000,0,0,0,0,0,0,0,0,0
SPY,1000000000,pinned_fork_costs,fixed_80,2026-08-10,1786320000000,1786571054000,0,30981,-30981,0,0,0,10,0,0
SPY,1000000000,pinned_fork_costs,fixed_80,2026-08-17,1787110772000,1787529597000,16274834,-1480251,17755085,15434992,192285,1,4268,412811000,0
SPY,1000000000,pinned_fork_costs,fixed_80,2026-08-24,1787529601000,1788134399000,26956713,2680806,24275907,25666675,236273,1,17203,604802000,46000
SPY,1000000000,pinned_fork_costs,fixed_80,2026-08-31,1788134422000,1788739165000,28156251,-1630467,29786718,39630043,945092,4,55588,604766000,158000
SPY,1000000000,pinned_fork_costs,fixed_80,2026-09-07,1788739373000,1789154978000,2734361,-5321330,8055691,14817770,590823,2,23568,415813000,109000
SPY,1000000000,pinned_fork_costs,fixed_160,2026-07-27,1785196800000,1785196800000,0,0,0,0,0,0,0,0,0
SPY,1000000000,pinned_fork_costs,fixed_160,2026-08-03,1785715200000,1785715200000,0,0,0,0,0,0,0,0,0
SPY,1000000000,pinned_fork_costs,fixed_160,2026-08-10,1786320000000,1786571054000,0,30981,-30981,0,0,0,10,0,0
SPY,1000000000,pinned_fork_costs,fixed_160,2026-08-17,1787110772000,1787529597000,9752489,-1480251,11232740,8663051,192285,1,4268,412811000,0
SPY,1000000000,pinned_fork_costs,fixed_160,2026-08-24,1787529601000,1788134399000,14634223,2680806,11953417,13234498,0,0,17203,604802000,1000
SPY,1000000000,pinned_fork_costs,fixed_160,2026-08-31,1788134422000,1788739165000,18514359,-1630467,20144826,19182376,0,0,55588,604766000,0
SPY,1000000000,pinned_fork_costs,fixed_160,2026-09-07,1788739373000,1789154978000,2112737,-5321330,7434067,7006472,118277,0,23568,415813000,0
SPY,1000000000,pinned_fork_costs,adaptive_width,2026-07-27,1785196800000,1785196800000,0,0,0,0,0,0,0,0,0
SPY,1000000000,pinned_fork_costs,adaptive_width,2026-08-03,1785715200000,1785715200000,0,0,0,0,0,0,0,0,0
SPY,1000000000,pinned_fork_costs,adaptive_width,2026-08-10,1786320000000,1786571054000,0,30981,-30981,0,0,0,10,0,0
SPY,1000000000,pinned_fork_costs,adaptive_width,2026-08-17,1787110772000,1787529597000,6063423,-1480251,7543674,6090921,192285,1,4268,361150000,0
SPY,1000000000,pinned_fork_costs,adaptive_width,2026-08-24,1787529601000,1788134399000,15248338,2680806,12567532,13187401,0,0,17203,604802000,0
SPY,1000000000,pinned_fork_costs,adaptive_width,2026-08-31,1788134422000,1788739165000,18082395,-1630467,19712862,19152990,0,0,55588,604766000,0
SPY,1000000000,pinned_fork_costs,adaptive_width,2026-09-07,1788739373000,1789154978000,-581434,-5321330,4739896,14387653,1535915,6,23568,415813000,881000
SPY,1000000000,pinned_fork_costs,adaptive_economic,2026-07-27,1785196800000,1785196800000,0,0,0,0,0,0,0,0,0
SPY,1000000000,pinned_fork_costs,adaptive_economic,2026-08-03,1785715200000,1785715200000,0,0,0,0,0,0,0,0,0
SPY,1000000000,pinned_fork_costs,adaptive_economic,2026-08-10,1786320000000,1786571054000,0,30981,-30981,0,0,0,10,0,0
SPY,1000000000,pinned_fork_costs,adaptive_economic,2026-08-17,1787110772000,1787529597000,6063423,-1480251,7543674,6090921,192285,1,4268,361150000,0
SPY,1000000000,pinned_fork_costs,adaptive_economic,2026-08-24,1787529601000,1788134399000,15248338,2680806,12567532,13187401,0,0,17203,604802000,0
SPY,1000000000,pinned_fork_costs,adaptive_economic,2026-08-31,1788134422000,1788739165000,18082395,-1630467,19712862,19152990,0,0,55588,604766000,0
SPY,1000000000,pinned_fork_costs,adaptive_economic,2026-09-07,1788739373000,1789154978000,617813,-5321330,5939143,6815059,118277,0,23568,415813000,18579000
SPY,1000000000,double_gas_half_fees,fixed_20,2026-07-27,1785196800000,1785196800000,0,0,0,0,0,0,0,0,0
SPY,1000000000,double_gas_half_fees,fixed_20,2026-08-03,1785715200000,1785715200000,0,0,0,0,0,0,0,0,0
SPY,1000000000,double_gas_half_fees,fixed_20,2026-08-10,1786320000000,1786571054000,0,-28907,28907,0,0,0,10,0,0
SPY,1000000000,double_gas_half_fees,fixed_20,2026-08-17,1787110772000,1787529597000,-20428785,-1480251,-18948534,19070792,12198220,26,4268,418762000,22733000
SPY,1000000000,double_gas_half_fees,fixed_20,2026-08-24,1787529601000,1788134399000,-4881190,2680806,-7561996,42590484,17956748,38,17203,604802000,10991000
SPY,1000000000,double_gas_half_fees,fixed_20,2026-08-31,1788134422000,1788739165000,9450040,-1630467,11080507,69685432,22209662,47,55588,604766000,4832000
SPY,1000000000,double_gas_half_fees,fixed_20,2026-09-07,1788739373000,1789154978000,-9856842,-5372653,-4484189,27252629,11577658,24,23568,415813000,5528000
SPY,1000000000,double_gas_half_fees,fixed_40,2026-07-27,1785196800000,1785196800000,0,0,0,0,0,0,0,0,0
SPY,1000000000,double_gas_half_fees,fixed_40,2026-08-03,1785715200000,1785715200000,0,0,0,0,0,0,0,0,0
SPY,1000000000,double_gas_half_fees,fixed_40,2026-08-10,1786320000000,1786571054000,0,-28907,28907,0,0,0,10,0,0
SPY,1000000000,double_gas_half_fees,fixed_40,2026-08-17,1787110772000,1787529597000,-4272638,-1480251,-2792387,12739809,3219846,7,4268,418762000,9470000
SPY,1000000000,double_gas_half_fees,fixed_40,2026-08-24,1787529601000,1788134399000,9640119,2680806,6959313,24021040,4725460,10,17203,604802000,1627000
SPY,1000000000,double_gas_half_fees,fixed_40,2026-08-31,1788134422000,1788739165000,15249800,-1630467,16880267,37455904,5670552,12,55588,604766000,880000
SPY,1000000000,double_gas_half_fees,fixed_40,2026-09-07,1788739373000,1789154978000,-2083147,-5372653,3289506,14132777,3071830,6,23568,415813000,1004000
SPY,1000000000,double_gas_half_fees,fixed_80,2026-07-27,1785196800000,1785196800000,0,0,0,0,0,0,0,0,0
SPY,1000000000,double_gas_half_fees,fixed_80,2026-08-03,1785715200000,1785715200000,0,0,0,0,0,0,0,0,0
SPY,1000000000,double_gas_half_fees,fixed_80,2026-08-10,1786320000000,1786571054000,0,-28907,28907,0,0,0,10,0,0
SPY,1000000000,double_gas_half_fees,fixed_80,2026-08-17,1787110772000,1787529597000,8345488,-1480251,9825739,7716974,384570,1,4268,412811000,0
SPY,1000000000,double_gas_half_fees,fixed_80,2026-08-24,1787529601000,1788134399000,13744790,2680806,11063984,12749942,472546,1,17203,604802000,46000
SPY,1000000000,double_gas_half_fees,fixed_80,2026-08-31,1788134422000,1788739165000,7071773,-1630467,8702240,19295074,1890184,4,55588,604766000,158000
SPY,1000000000,double_gas_half_fees,fixed_80,2026-09-07,1788739373000,1789154978000,-5100521,-5372653,272132,7131786,1181646,2,23568,415813000,109000
SPY,1000000000,double_gas_half_fees,fixed_160,2026-07-27,1785196800000,1785196800000,0,0,0,0,0,0,0,0,0
SPY,1000000000,double_gas_half_fees,fixed_160,2026-08-03,1785715200000,1785715200000,0,0,0,0,0,0,0,0,0
SPY,1000000000,double_gas_half_fees,fixed_160,2026-08-10,1786320000000,1786571054000,0,-28907,28907,0,0,0,10,0,0
SPY,1000000000,double_gas_half_fees,fixed_160,2026-08-17,1787110772000,1787529597000,5217846,-1480251,6698097,4331034,384570,1,4268,412811000,0
SPY,1000000000,double_gas_half_fees,fixed_160,2026-08-24,1787529601000,1788134399000,7980287,2680806,5299481,6614912,0,0,17203,604802000,1000
SPY,1000000000,double_gas_half_fees,fixed_160,2026-08-31,1788134422000,1788739165000,8907761,-1630467,10538228,9584715,0,0,55588,604766000,0
SPY,1000000000,double_gas_half_fees,fixed_160,2026-09-07,1788739373000,1789154978000,-1399410,-5372653,3973243,3500572,236554,0,23568,415813000,0
SPY,1000000000,double_gas_half_fees,adaptive_width,2026-07-27,1785196800000,1785196800000,0,0,0,0,0,0,0,0,0
SPY,1000000000,double_gas_half_fees,adaptive_width,2026-08-03,1785715200000,1785715200000,0,0,0,0,0,0,0,0,0
SPY,1000000000,double_gas_half_fees,adaptive_width,2026-08-10,1786320000000,1786571054000,0,-28907,28907,0,0,0,10,0,0
SPY,1000000000,double_gas_half_fees,adaptive_width,2026-08-17,1787110772000,1787529597000,5544563,-1480251,7024814,5610776,384570,1,4268,365828000,1816000
SPY,1000000000,double_gas_half_fees,adaptive_width,2026-08-24,1787529601000,1788134399000,7284891,2680806,4604085,24665556,6615644,14,17203,604802000,29390000
SPY,1000000000,double_gas_half_fees,adaptive_width,2026-08-31,1788134422000,1788739165000,16428987,-1630467,18059454,32668797,2835276,6,55588,604766000,489000
SPY,1000000000,double_gas_half_fees,adaptive_width,2026-09-07,1788739373000,1789154978000,-9526036,-5372653,-4153383,25461507,10632566,22,23568,415813000,5374000
SPY,1000000000,double_gas_half_fees,adaptive_economic,2026-07-27,1785196800000,1785196800000,0,0,0,0,0,0,0,0,0
SPY,1000000000,double_gas_half_fees,adaptive_economic,2026-08-03,1785715200000,1785715200000,0,0,0,0,0,0,0,0,0
SPY,1000000000,double_gas_half_fees,adaptive_economic,2026-08-10,1786320000000,1786571054000,0,-28907,28907,0,0,0,10,0,0
SPY,1000000000,double_gas_half_fees,adaptive_economic,2026-08-17,1787110772000,1787529597000,5544563,-1480251,7024814,5610776,384570,1,4268,365828000,1816000
SPY,1000000000,double_gas_half_fees,adaptive_economic,2026-08-24,1787529601000,1788134399000,10887518,2680806,8206712,9861707,0,0,17203,604802000,46644000
SPY,1000000000,double_gas_half_fees,adaptive_economic,2026-08-31,1788134422000,1788739165000,15230780,-1630467,16861247,15588166,0,0,55588,604766000,93179000
SPY,1000000000,double_gas_half_fees,adaptive_economic,2026-09-07,1788739373000,1789154978000,-1558045,-5372653,3814608,4647835,236554,0,23568,415813000,146495000
SPY,1000000000,partial_mint_failure,fixed_20,2026-07-27,1785196800000,1785196800000,0,0,0,0,0,0,0,0,0
SPY,1000000000,partial_mint_failure,fixed_20,2026-08-03,1785715200000,1785715200000,0,0,0,0,0,0,0,0,0
SPY,1000000000,partial_mint_failure,fixed_20,2026-08-10,1786320000000,1786571054000,0,30981,-30981,0,0,0,10,0,0
SPY,1000000000,partial_mint_failure,fixed_20,2026-08-17,1787110772000,1787529597000,3817798,-1480251,5298049,36439499,6631977,29,4268,404207000,22118000
SPY,1000000000,partial_mint_failure,fixed_20,2026-08-24,1787529601000,1788134399000,43325744,2680806,40644938,85207660,10516654,46,17203,594808000,11153000
SPY,1000000000,partial_mint_failure,fixed_20,2026-08-31,1788134422000,1788739165000,94697119,-1630467,96327586,145393317,11890304,52,55588,591401000,4362000
SPY,1000000000,partial_mint_failure,fixed_20,2026-09-07,1788739373000,1789154978000,28665746,-5321330,33987076,59343948,5612877,24,23568,410324000,4412000
SPY,1000000000,partial_mint_failure,fixed_40,2026-07-27,1785196800000,1785196800000,0,0,0,0,0,0,0,0,0
SPY,1000000000,partial_mint_failure,fixed_40,2026-08-03,1785715200000,1785715200000,0,0,0,0,0,0,0,0,0
SPY,1000000000,partial_mint_failure,fixed_40,2026-08-10,1786320000000,1786571054000,0,30981,-30981,0,0,0,10,0,0
SPY,1000000000,partial_mint_failure,fixed_40,2026-08-17,1787110772000,1787529597000,9933595,-1480251,11413846,25534571,1802208,8,4268,418070000,9470000
SPY,1000000000,partial_mint_failure,fixed_40,2026-08-24,1787529601000,1788134399000,36746660,2680806,34065854,48686822,2511027,11,17203,602179000,1548000
SPY,1000000000,partial_mint_failure,fixed_40,2026-08-31,1788134422000,1788739165000,57060714,-1630467,58691181,78855669,3456119,15,55588,603389000,843000
SPY,1000000000,partial_mint_failure,fixed_40,2026-09-07,1788739373000,1789154978000,11967021,-5321330,17288351,30523705,2156758,9,23568,413579000,694000
SPY,1000000000,partial_mint_failure,fixed_80,2026-07-27,1785196800000,1785196800000,0,0,0,0,0,0,0,0,0
SPY,1000000000,partial_mint_failure,fixed_80,2026-08-03,1785715200000,1785715200000,0,0,0,0,0,0,0,0,0
SPY,1000000000,partial_mint_failure,fixed_80,2026-08-10,1786320000000,1786571054000,0,30981,-30981,0,0,0,10,0,0
SPY,1000000000,partial_mint_failure,fixed_80,2026-08-17,1787110772000,1787529597000,16274834,-1480251,17755085,15434992,192285,1,4268,412811000,0
SPY,1000000000,partial_mint_failure,fixed_80,2026-08-24,1787529601000,1788134399000,26956713,2680806,24275907,25666675,236273,1,17203,604802000,46000
SPY,1000000000,partial_mint_failure,fixed_80,2026-08-31,1788134422000,1788739165000,27892090,-1630467,29522557,39564695,1137377,5,55588,603755000,158000
SPY,1000000000,partial_mint_failure,fixed_80,2026-09-07,1788739373000,1789154978000,2734453,-5321330,8055783,14817192,590823,2,23568,415813000,109000
SPY,1000000000,partial_mint_failure,fixed_160,2026-07-27,1785196800000,1785196800000,0,0,0,0,0,0,0,0,0
SPY,1000000000,partial_mint_failure,fixed_160,2026-08-03,1785715200000,1785715200000,0,0,0,0,0,0,0,0,0
SPY,1000000000,partial_mint_failure,fixed_160,2026-08-10,1786320000000,1786571054000,0,30981,-30981,0,0,0,10,0,0
SPY,1000000000,partial_mint_failure,fixed_160,2026-08-17,1787110772000,1787529597000,9752489,-1480251,11232740,8663051,192285,1,4268,412811000,0
SPY,1000000000,partial_mint_failure,fixed_160,2026-08-24,1787529601000,1788134399000,14634223,2680806,11953417,13234498,0,0,17203,604802000,1000
SPY,1000000000,partial_mint_failure,fixed_160,2026-08-31,1788134422000,1788739165000,18514359,-1630467,20144826,19182376,0,0,55588,604766000,0
SPY,1000000000,partial_mint_failure,fixed_160,2026-09-07,1788739373000,1789154978000,2112737,-5321330,7434067,7006472,118277,0,23568,415813000,0
SPY,1000000000,partial_mint_failure,adaptive_width,2026-07-27,1785196800000,1785196800000,0,0,0,0,0,0,0,0,0
SPY,1000000000,partial_mint_failure,adaptive_width,2026-08-03,1785715200000,1785715200000,0,0,0,0,0,0,0,0,0
SPY,1000000000,partial_mint_failure,adaptive_width,2026-08-10,1786320000000,1786571054000,0,30981,-30981,0,0,0,10,0,0
SPY,1000000000,partial_mint_failure,adaptive_width,2026-08-17,1787110772000,1787529597000,6063423,-1480251,7543674,6090921,192285,1,4268,361150000,0
SPY,1000000000,partial_mint_failure,adaptive_width,2026-08-24,1787529601000,1788134399000,15248338,2680806,12567532,13187401,0,0,17203,604802000,0
SPY,1000000000,partial_mint_failure,adaptive_width,2026-08-31,1788134422000,1788739165000,18082395,-1630467,19712862,19152990,0,0,55588,604766000,0
SPY,1000000000,partial_mint_failure,adaptive_width,2026-09-07,1788739373000,1789154978000,-861307,-5321330,4460023,14328256,1728200,7,23568,413591000,881000
SPY,1000000000,partial_mint_failure,adaptive_economic,2026-07-27,1785196800000,1785196800000,0,0,0,0,0,0,0,0,0
SPY,1000000000,partial_mint_failure,adaptive_economic,2026-08-03,1785715200000,1785715200000,0,0,0,0,0,0,0,0,0
SPY,1000000000,partial_mint_failure,adaptive_economic,2026-08-10,1786320000000,1786571054000,0,30981,-30981,0,0,0,10,0,0
SPY,1000000000,partial_mint_failure,adaptive_economic,2026-08-17,1787110772000,1787529597000,6063423,-1480251,7543674,6090921,192285,1,4268,361150000,0
SPY,1000000000,partial_mint_failure,adaptive_economic,2026-08-24,1787529601000,1788134399000,15248338,2680806,12567532,13187401,0,0,17203,604802000,0
SPY,1000000000,partial_mint_failure,adaptive_economic,2026-08-31,1788134422000,1788739165000,18082395,-1630467,19712862,19152990,0,0,55588,604766000,0
SPY,1000000000,partial_mint_failure,adaptive_economic,2026-09-07,1788739373000,1789154978000,617813,-5321330,5939143,6815059,118277,0,23568,415813000,18579000
SPY,250000000,pinned_fork_costs,fixed_20,2026-07-27,1785196800000,1785196800000,0,0,0,0,0,0,0,0,0
SPY,250000000,pinned_fork_costs,fixed_20,2026-08-03,1785715200000,1785715200000,0,0,0,0,0,0,0,0,0
SPY,250000000,pinned_fork_costs,fixed_20,2026-08-10,1786320000000,1786571054000,0,-25501,25501,0,0,0,10,0,0
SPY,250000000,pinned_fork_costs,fixed_20,2026-08-17,1787110772000,1787529597000,1465705,-370097,1835802,14126441,6099110,26,4268,418762000,22733000
SPY,250000000,pinned_fork_costs,fixed_20,2026-08-24,1787529601000,1788134399000,8893882,670264,8223618,25368508,8978374,38,17203,604802000,10991000
SPY,250000000,pinned_fork_costs,fixed_20,2026-08-31,1788134422000,1788739165000,19960101,-407655,20367756,41494162,11104831,47,55588,604766000,4832000
SPY,250000000,pinned_fork_costs,fixed_20,2026-09-07,1788739373000,1789154978000,3339362,-1366698,4706060,16714891,5788829,24,23568,415813000,5528000
SPY,250000000,pinned_fork_costs,fixed_40,2026-07-27,1785196800000,1785196800000,0,0,0,0,0,0,0,0,0
SPY,250000000,pinned_fork_costs,fixed_40,2026-08-03,1785715200000,1785715200000,0,0,0,0,0,0,0,0,0
SPY,250000000,pinned_fork_costs,fixed_40,2026-08-10,1786320000000,1786571054000,0,-25501,25501,0,0,0,10,0,0
SPY,250000000,pinned_fork_costs,fixed_40,2026-08-17,1787110772000,1787529597000,3365696,-370097,3735793,8217941,1609923,7,4268,418762000,9470000
SPY,250000000,pinned_fork_costs,fixed_40,2026-08-24,1787529601000,1788134399000,8486535,670264,7816271,13184411,2362730,10,17203,604802000,1627000
SPY,250000000,pinned_fork_costs,fixed_40,2026-08-31,1788134422000,1788739165000,13365524,-407655,13773179,20484226,2835276,12,55588,604766000,880000
SPY,250000000,pinned_fork_costs,fixed_40,2026-09-07,1788739373000,1789154978000,2730799,-1366698,4097497,7827554,1535915,6,23568,415813000,1004000
SPY,250000000,pinned_fork_costs,fixed_80,2026-07-27,1785196800000,1785196800000,0,0,0,0,0,0,0,0,0
SPY,250000000,pinned_fork_costs,fixed_80,2026-08-03,1785715200000,1785715200000,0,0,0,0,0,0,0,0,0
SPY,250000000,pinned_fork_costs,fixed_80,2026-08-10,1786320000000,1786571054000,0,-25501,25501,0,0,0,10,0,0
SPY,250000000,pinned_fork_costs,fixed_80,2026-08-17,1787110772000,1787529597000,4670149,-370097,5040246,4475235,192285,1,4268,412811000,0
SPY,250000000,pinned_fork_costs,fixed_80,2026-08-24,1787529601000,1788134399000,6804563,670264,6134299,6633469,236273,1,17203,604802000,46000
SPY,250000000,pinned_fork_costs,fixed_80,2026-08-31,1788134422000,1788739165000,6527316,-407655,6934971,10069900,945092,4,55588,604766000,158000
SPY,250000000,pinned_fork_costs,fixed_80,2026-09-07,1788739373000,1789154978000,278705,-1366698,1645403,3742650,590823,2,23568,415813000,109000
SPY,250000000,pinned_fork_costs,fixed_160,2026-07-27,1785196800000,1785196800000,0,0,0,0,0,0,0,0,0
SPY,250000000,pinned_fork_costs,fixed_160,2026-08-03,1785715200000,1785715200000,0,0,0,0,0,0,0,0,0
SPY,250000000,pinned_fork_costs,fixed_160,2026-08-10,1786320000000,1786571054000,0,-25501,25501,0,0,0,10,0,0
SPY,250000000,pinned_fork_costs,fixed_160,2026-08-17,1787110772000,1787529597000,2652212,-370097,3022309,2351480,192285,1,4268,412811000,0
SPY,250000000,pinned_fork_costs,fixed_160,2026-08-24,1787529601000,1788134399000,3716182,670264,3045918,3361765,0,0,17203,604802000,1000
SPY,250000000,pinned_fork_costs,fixed_160,2026-08-31,1788134422000,1788739165000,4662197,-407655,5069852,4819925,0,0,55588,604766000,0
SPY,250000000,pinned_fork_costs,fixed_160,2026-09-07,1788739373000,1789154978000,447488,-1366698,1814186,1754579,118277,0,23568,415813000,0
SPY,250000000,pinned_fork_costs,adaptive_width,2026-07-27,1785196800000,1785196800000,0,0,0,0,0,0,0,0,0
SPY,250000000,pinned_fork_costs,adaptive_width,2026-08-03,1785715200000,1785715200000,0,0,0,0,0,0,0,0,0
SPY,250000000,pinned_fork_costs,adaptive_width,2026-08-10,1786320000000,1786571054000,0,-25501,25501,0,0,0,10,0,0
SPY,250000000,pinned_fork_costs,adaptive_width,2026-08-17,1787110772000,1787529597000,1539498,-370097,1909595,1601204,192285,1,4268,361150000,0
SPY,250000000,pinned_fork_costs,adaptive_width,2026-08-24,1787529601000,1788134399000,3867924,670264,3197660,3348581,0,0,17203,604802000,0
SPY,250000000,pinned_fork_costs,adaptive_width,2026-08-31,1788134422000,1788739165000,4552707,-407655,4960362,4810932,0,0,55588,604766000,0
SPY,250000000,pinned_fork_costs,adaptive_width,2026-09-07,1788739373000,1789154978000,-1222682,-1366698,144016,3657348,1535915,6,23568,415813000,881000
SPY,250000000,pinned_fork_costs,adaptive_economic,2026-07-27,1785196800000,1785196800000,0,0,0,0,0,0,0,0,0
SPY,250000000,pinned_fork_costs,adaptive_economic,2026-08-03,1785715200000,1785715200000,0,0,0,0,0,0,0,0,0
SPY,250000000,pinned_fork_costs,adaptive_economic,2026-08-10,1786320000000,1786571054000,0,-25501,25501,0,0,0,10,0,0
SPY,250000000,pinned_fork_costs,adaptive_economic,2026-08-17,1787110772000,1787529597000,1539498,-370097,1909595,1601204,192285,1,4268,361150000,0
SPY,250000000,pinned_fork_costs,adaptive_economic,2026-08-24,1787529601000,1788134399000,3867924,670264,3197660,3348581,0,0,17203,604802000,0
SPY,250000000,pinned_fork_costs,adaptive_economic,2026-08-31,1788134422000,1788739165000,4552707,-407655,4960362,4810932,0,0,55588,604766000,0
SPY,250000000,pinned_fork_costs,adaptive_economic,2026-09-07,1788739373000,1789154978000,75297,-1366698,1441995,1706042,118277,0,23568,415813000,18579000
SPY,250000000,double_gas_half_fees,fixed_20,2026-07-27,1785196800000,1785196800000,0,0,0,0,0,0,0,0,0
SPY,250000000,double_gas_half_fees,fixed_20,2026-08-03,1785715200000,1785715200000,0,0,0,0,0,0,0,0,0
SPY,250000000,double_gas_half_fees,fixed_20,2026-08-10,1786320000000,1786571054000,0,-85389,85389,0,0,0,10,0,0
SPY,250000000,double_gas_half_fees,fixed_20,2026-08-17,1787110772000,1787529597000,-11723823,-370097,-11353726,6981621,12198220,26,4268,418762000,22733000
SPY,250000000,double_gas_half_fees,fixed_20,2026-08-24,1787529601000,1788134399000,-13072446,670264,-13742710,12079508,17956748,38,17203,604802000,10991000
SPY,250000000,double_gas_half_fees,fixed_20,2026-08-31,1788134422000,1788739165000,-13099234,-407655,-12691579,18605170,22209662,47,55588,604766000,4832000
SPY,250000000,double_gas_half_fees,fixed_20,2026-09-07,1788739373000,1789154978000,-10902887,-1418021,-9484866,7134533,11577658,24,23568,415813000,5528000
SPY,250000000,double_gas_half_fees,fixed_40,2026-07-27,1785196800000,1785196800000,0,0,0,0,0,0,0,0,0
SPY,250000000,double_gas_half_fees,fixed_40,2026-08-03,1785715200000,1785715200000,0,0,0,0,0,0,0,0,0
SPY,250000000,double_gas_half_fees,fixed_40,2026-08-10,1786320000000,1786571054000,0,-85389,85389,0,0,0,10,0,0
SPY,250000000,double_gas_half_fees,fixed_40,2026-08-17,1787110772000,1787529597000,-2378400,-370097,-2008303,4084367,3219846,7,4268,418762000,9470000
SPY,250000000,double_gas_half_fees,fixed_40,2026-08-24,1787529601000,1788134399000,-603637,670264,-1273901,6416064,4725460,10,17203,604802000,1627000
SPY,250000000,double_gas_half_fees,fixed_40,2026-08-31,1788134422000,1788739165000,-91166,-407655,316489,9661238,5670552,12,55588,604766000,880000
SPY,250000000,double_gas_half_fees,fixed_40,2026-09-07,1788739373000,1789154978000,-2744082,-1418021,-1326061,3603537,3071830,6,23568,415813000,1004000
SPY,250000000,double_gas_half_fees,fixed_80,2026-07-27,1785196800000,1785196800000,0,0,0,0,0,0,0,0,0
SPY,250000000,double_gas_half_fees,fixed_80,2026-08-03,1785715200000,1785715200000,0,0,0,0,0,0,0,0,0
SPY,250000000,double_gas_half_fees,fixed_80,2026-08-10,1786320000000,1786571054000,0,-85389,85389,0,0,0,10,0,0
SPY,250000000,double_gas_half_fees,fixed_80,2026-08-17,1787110772000,1787529597000,2234264,-370097,2604361,2237115,384570,1,4268,412811000,0
SPY,250000000,double_gas_half_fees,fixed_80,2026-08-24,1787529601000,1788134399000,3210002,670264,2539738,3291148,472546,1,17203,604802000,46000
SPY,250000000,double_gas_half_fees,fixed_80,2026-08-31,1788134422000,1788739165000,452170,-407655,859825,4888171,1890184,4,55588,604766000,158000
SPY,250000000,double_gas_half_fees,fixed_80,2026-09-07,1788739373000,1789154978000,-2143848,-1418021,-725827,1795554,1181646,2,23568,415813000,109000
SPY,250000000,double_gas_half_fees,fixed_160,2026-07-27,1785196800000,1785196800000,0,0,0,0,0,0,0,0,0
SPY,250000000,double_gas_half_fees,fixed_160,2026-08-03,1785715200000,1785715200000,0,0,0,0,0,0,0,0,0
SPY,250000000,double_gas_half_fees,fixed_160,2026-08-10,1786320000000,1786571054000,0,-85389,85389,0,0,0,10,0,0
SPY,250000000,double_gas_half_fees,fixed_160,2026-08-17,1787110772000,1787529597000,1280893,-370097,1650990,1175233,384570,1,4268,412811000,0
SPY,250000000,double_gas_half_fees,fixed_160,2026-08-24,1787529601000,1788134399000,2023999,670264,1353735,1678713,0,0,17203,604802000,1000
SPY,250000000,double_gas_half_fees,fixed_160,2026-08-31,1788134422000,1788739165000,2243684,-407655,2651339,2403492,0,0,55588,604766000,0
SPY,250000000,double_gas_half_fees,fixed_160,2026-09-07,1788739373000,1789154978000,-522120,-1418021,895901,874686,236554,0,23568,415813000,0
SPY,250000000,double_gas_half_fees,adaptive_width,2026-07-27,1785196800000,1785196800000,0,0,0,0,0,0,0,0,0
SPY,250000000,double_gas_half_fees,adaptive_width,2026-08-03,1785715200000,1785715200000,0,0,0,0,0,0,0,0,0
SPY,250000000,double_gas_half_fees,adaptive_width,2026-08-10,1786320000000,1786571054000,0,-85389,85389,0,0,0,10,0,0
SPY,250000000,double_gas_half_fees,adaptive_width,2026-08-17,1787110772000,1787529597000,578324,-370097,948421,803659,384570,1,4268,365828000,0
SPY,250000000,double_gas_half_fees,adaptive_width,2026-08-24,1787529601000,1788134399000,2145722,670264,1475458,1676138,0,0,17203,604802000,0
SPY,250000000,double_gas_half_fees,adaptive_width,2026-08-31,1788134422000,1788739165000,2163967,-407655,2571622,2399408,0,0,55588,604766000,0
SPY,250000000,double_gas_half_fees,adaptive_width,2026-09-07,1788739373000,1789154978000,-5508944,-1418021,-4090923,1627864,3544376,7,23568,415813000,3157000
SPY,250000000,double_gas_half_fees,adaptive_economic,2026-07-27,1785196800000,1785196800000,0,0,0,0,0,0,0,0,0
SPY,250000000,double_gas_half_fees,adaptive_economic,2026-08-03,1785715200000,1785715200000,0,0,0,0,0,0,0,0,0
SPY,250000000,double_gas_half_fees,adaptive_economic,2026-08-10,1786320000000,1786571054000,0,-85389,85389,0,0,0,10,0,0
SPY,250000000,double_gas_half_fees,adaptive_economic,2026-08-17,1787110772000,1787529597000,578324,-370097,948421,803659,384570,1,4268,365828000,0
SPY,250000000,double_gas_half_fees,adaptive_economic,2026-08-24,1787529601000,1788134399000,2145722,670264,1475458,1676138,0,0,17203,604802000,0
SPY,250000000,double_gas_half_fees,adaptive_economic,2026-08-31,1788134422000,1788739165000,2163967,-407655,2571622,2399408,0,0,55588,604766000,0
SPY,250000000,double_gas_half_fees,adaptive_economic,2026-09-07,1788739373000,1789154978000,-768103,-1418021,649918,872022,236554,0,23568,415813000,422000
SPY,250000000,partial_mint_failure,fixed_20,2026-07-27,1785196800000,1785196800000,0,0,0,0,0,0,0,0,0
SPY,250000000,partial_mint_failure,fixed_20,2026-08-03,1785715200000,1785715200000,0,0,0,0,0,0,0,0,0
SPY,250000000,partial_mint_failure,fixed_20,2026-08-10,1786320000000,1786571054000,0,-25501,25501,0,0,0,10,0,0
SPY,250000000,partial_mint_failure,fixed_20,2026-08-17,1787110772000,1787529597000,468422,-370097,838519,13345979,6631977,29,4268,404207000,22118000
SPY,250000000,partial_mint_failure,fixed_20,2026-08-24,1787529601000,1788134399000,6230824,670264,5560560,24475345,10516654,46,17203,594808000,11153000
SPY,250000000,partial_mint_failure,fixed_20,2026-08-31,1788134422000,1788739165000,17752960,-407655,18160615,39515499,11890304,52,55588,591401000,4362000
SPY,250000000,partial_mint_failure,fixed_20,2026-09-07,1788739373000,1789154978000,3779086,-1366698,5145784,15847485,5612877,24,23568,410324000,4412000
SPY,250000000,partial_mint_failure,fixed_40,2026-07-27,1785196800000,1785196800000,0,0,0,0,0,0,0,0,0
SPY,250000000,partial_mint_failure,fixed_40,2026-08-03,1785715200000,1785715200000,0,0,0,0,0,0,0,0,0
SPY,250000000,partial_mint_failure,fixed_40,2026-08-10,1786320000000,1786571054000,0,-25501,25501,0,0,0,10,0,0
SPY,250000000,partial_mint_failure,fixed_40,2026-08-17,1787110772000,1787529597000,3156721,-370097,3526818,8203347,1802208,8,4268,418070000,9470000
SPY,250000000,partial_mint_failure,fixed_40,2026-08-24,1787529601000,1788134399000,8273862,670264,7603598,13075385,2511027,11,17203,602179000,1548000
SPY,250000000,partial_mint_failure,fixed_40,2026-08-31,1788134422000,1788739165000,12481227,-407655,12888882,20485134,3456119,15,55588,603389000,843000
SPY,250000000,partial_mint_failure,fixed_40,2026-09-07,1788739373000,1789154978000,1557753,-1366698,2924451,7843669,2156758,9,23568,413579000,694000
SPY,250000000,partial_mint_failure,fixed_80,2026-07-27,1785196800000,1785196800000,0,0,0,0,0,0,0,0,0
SPY,250000000,partial_mint_failure,fixed_80,2026-08-03,1785715200000,1785715200000,0,0,0,0,0,0,0,0,0
SPY,250000000,partial_mint_failure,fixed_80,2026-08-10,1786320000000,1786571054000,0,-25501,25501,0,0,0,10,0,0
SPY,250000000,partial_mint_failure,fixed_80,2026-08-17,1787110772000,1787529597000,4670149,-370097,5040246,4475235,192285,1,4268,412811000,0
SPY,250000000,partial_mint_failure,fixed_80,2026-08-24,1787529601000,1788134399000,6804563,670264,6134299,6633469,236273,1,17203,604802000,46000
SPY,250000000,partial_mint_failure,fixed_80,2026-08-31,1788134422000,1788739165000,6316406,-407655,6724061,10053247,1137377,5,55588,603755000,158000
SPY,250000000,partial_mint_failure,fixed_80,2026-09-07,1788739373000,1789154978000,278726,-1366698,1645424,3742490,590823,2,23568,415813000,109000
SPY,250000000,partial_mint_failure,fixed_160,2026-07-27,1785196800000,1785196800000,0,0,0,0,0,0,0,0,0
SPY,250000000,partial_mint_failure,fixed_160,2026-08-03,1785715200000,1785715200000,0,0,0,0,0,0,0,0,0
SPY,250000000,partial_mint_failure,fixed_160,2026-08-10,1786320000000,1786571054000,0,-25501,25501,0,0,0,10,0,0
SPY,250000000,partial_mint_failure,fixed_160,2026-08-17,1787110772000,1787529597000,2652212,-370097,3022309,2351480,192285,1,4268,412811000,0
SPY,250000000,partial_mint_failure,fixed_160,2026-08-24,1787529601000,1788134399000,3716182,670264,3045918,3361765,0,0,17203,604802000,1000
SPY,250000000,partial_mint_failure,fixed_160,2026-08-31,1788134422000,1788739165000,4662197,-407655,5069852,4819925,0,0,55588,604766000,0
SPY,250000000,partial_mint_failure,fixed_160,2026-09-07,1788739373000,1789154978000,447488,-1366698,1814186,1754579,118277,0,23568,415813000,0
SPY,250000000,partial_mint_failure,adaptive_width,2026-07-27,1785196800000,1785196800000,0,0,0,0,0,0,0,0,0
SPY,250000000,partial_mint_failure,adaptive_width,2026-08-03,1785715200000,1785715200000,0,0,0,0,0,0,0,0,0
SPY,250000000,partial_mint_failure,adaptive_width,2026-08-10,1786320000000,1786571054000,0,-25501,25501,0,0,0,10,0,0
SPY,250000000,partial_mint_failure,adaptive_width,2026-08-17,1787110772000,1787529597000,1539498,-370097,1909595,1601204,192285,1,4268,361150000,0
SPY,250000000,partial_mint_failure,adaptive_width,2026-08-24,1787529601000,1788134399000,3867924,670264,3197660,3348581,0,0,17203,604802000,0
SPY,250000000,partial_mint_failure,adaptive_width,2026-08-31,1788134422000,1788739165000,4552707,-407655,4960362,4810932,0,0,55588,604766000,0
SPY,250000000,partial_mint_failure,adaptive_width,2026-09-07,1788739373000,1789154978000,-1436868,-1366698,-70170,3642101,1728200,7,23568,413591000,881000
SPY,250000000,partial_mint_failure,adaptive_economic,2026-07-27,1785196800000,1785196800000,0,0,0,0,0,0,0,0,0
SPY,250000000,partial_mint_failure,adaptive_economic,2026-08-03,1785715200000,1785715200000,0,0,0,0,0,0,0,0,0
SPY,250000000,partial_mint_failure,adaptive_economic,2026-08-10,1786320000000,1786571054000,0,-25501,25501,0,0,0,10,0,0
SPY,250000000,partial_mint_failure,adaptive_economic,2026-08-17,1787110772000,1787529597000,1539498,-370097,1909595,1601204,192285,1,4268,361150000,0
SPY,250000000,partial_mint_failure,adaptive_economic,2026-08-24,1787529601000,1788134399000,3867924,670264,3197660,3348581,0,0,17203,604802000,0
SPY,250000000,partial_mint_failure,adaptive_economic,2026-08-31,1788134422000,1788739165000,4552707,-407655,4960362,4810932,0,0,55588,604766000,0
SPY,250000000,partial_mint_failure,adaptive_economic,2026-09-07,1788739373000,1789154978000,75297,-1366698,1441995,1706042,118277,0,23568,415813000,18579000
TSLA,5000000000,pinned_fork_costs,fixed_20,2026-07-27,1785196800000,1785196800000,0,0,0,0,0,0,0,0,0
TSLA,5000000000,pinned_fork_costs,fixed_20,2026-08-03,1785715200000,1785715200000,0,0,0,0,0,0,0,0,0
TSLA,5000000000,pinned_fork_costs,fixed_20,2026-08-10,1786320000000,1786320000000,0,0,0,0,0,0,0,0,0
TSLA,5000000000,pinned_fork_costs,fixed_20,2026-08-17,1786924800000,1786924800000,0,0,0,0,0,0,0,0,0
TSLA,5000000000,pinned_fork_costs,fixed_20,2026-08-24,1787529600000,1787529600000,0,0,0,0,0,0,0,0,0
TSLA,5000000000,pinned_fork_costs,fixed_20,2026-08-31,1788134400000,1788739176000,436061375,13320538,422740837,601632737,8957373,36,28921,194266000,9491000
TSLA,5000000000,pinned_fork_costs,fixed_20,2026-09-07,1788739258000,1789154999000,-824327984,52330980,-876658964,477799753,52750633,211,20568,415823000,25730000
TSLA,5000000000,pinned_fork_costs,fixed_40,2026-07-27,1785196800000,1785196800000,0,0,0,0,0,0,0,0,0
TSLA,5000000000,pinned_fork_costs,fixed_40,2026-08-03,1785715200000,1785715200000,0,0,0,0,0,0,0,0,0
TSLA,5000000000,pinned_fork_costs,fixed_40,2026-08-10,1786320000000,1786320000000,0,0,0,0,0,0,0,0,0
TSLA,5000000000,pinned_fork_costs,fixed_40,2026-08-17,1786924800000,1786924800000,0,0,0,0,0,0,0,0,0
TSLA,5000000000,pinned_fork_costs,fixed_40,2026-08-24,1787529600000,1787529600000,0,0,0,0,0,0,0,0,0
TSLA,5000000000,pinned_fork_costs,fixed_40,2026-08-31,1788134400000,1788739176000,390849342,13320538,377528804,430382716,1957289,8,28921,194266000,557000
TSLA,5000000000,pinned_fork_costs,fixed_40,2026-09-07,1788739258000,1789154999000,-316886678,52330980,-369217658,378398395,17500210,70,20568,415823000,7507000
TSLA,5000000000,pinned_fork_costs,fixed_80,2026-07-27,1785196800000,1785196800000,0,0,0,0,0,0,0,0,0
TSLA,5000000000,pinned_fork_costs,fixed_80,2026-08-03,1785715200000,1785715200000,0,0,0,0,0,0,0,0,0
TSLA,5000000000,pinned_fork_costs,fixed_80,2026-08-10,1786320000000,1786320000000,0,0,0,0,0,0,0,0,0
TSLA,5000000000,pinned_fork_costs,fixed_80,2026-08-17,1786924800000,1786924800000,0,0,0,0,0,0,0,0,0
TSLA,5000000000,pinned_fork_costs,fixed_80,2026-08-24,1787529600000,1787529600000,0,0,0,0,0,0,0,0,0
TSLA,5000000000,pinned_fork_costs,fixed_80,2026-08-31,1788134400000,1788739176000,231394136,13320538,218073598,253631703,957277,4,28921,194266000,373000
TSLA,5000000000,pinned_fork_costs,fixed_80,2026-09-07,1788739258000,1789154999000,-45811930,52330980,-98142910,254439439,4880018,19,20568,415823000,2459000
TSLA,5000000000,pinned_fork_costs,fixed_160,2026-07-27,1785196800000,1785196800000,0,0,0,0,0,0,0,0,0
TSLA,5000000000,pinned_fork_costs,fixed_160,2026-08-03,1785715200000,1785715200000,0,0,0,0,0,0,0,0,0
TSLA,5000000000,pinned_fork_costs,fixed_160,2026-08-10,1786320000000,1786320000000,0,0,0,0,0,0,0,0,0
TSLA,5000000000,pinned_fork_costs,fixed_160,2026-08-17,1786924800000,1786924800000,0,0,0,0,0,0,0,0,0
TSLA,5000000000,pinned_fork_costs,fixed_160,2026-08-24,1787529600000,1787529600000,0,0,0,0,0,0,0,0,0
TSLA,5000000000,pinned_fork_costs,fixed_160,2026-08-31,1788134400000,1788739176000,128762367,13320538,115441829,140971027,457271,2,28921,194338000,255000
TSLA,5000000000,pinned_fork_costs,fixed_160,2026-09-07,1788739258000,1789154999000,137959348,52330980,85628368,144385098,879970,3,20568,415823000,6772000
TSLA,5000000000,pinned_fork_costs,adaptive_width,2026-07-27,1785196800000,1785196800000,0,0,0,0,0,0,0,0,0
TSLA,5000000000,pinned_fork_costs,adaptive_width,2026-08-03,1785715200000,1785715200000,0,0,0,0,0,0,0,0,0
TSLA,5000000000,pinned_fork_costs,adaptive_width,2026-08-10,1786320000000,1786320000000,0,0,0,0,0,0,0,0,0
TSLA,5000000000,pinned_fork_costs,adaptive_width,2026-08-17,1786924800000,1786924800000,0,0,0,0,0,0,0,0,0
TSLA,5000000000,pinned_fork_costs,adaptive_width,2026-08-24,1787529600000,1787529600000,0,0,0,0,0,0,0,0,0
TSLA,5000000000,pinned_fork_costs,adaptive_width,2026-08-31,1788134400000,1788739176000,109123352,13320538,95802814,99141434,207268,1,28921,170816000,0
TSLA,5000000000,pinned_fork_costs,adaptive_width,2026-09-07,1788739258000,1789154999000,-8251614,52330980,-60582594,165452815,3129997,12,20568,415823000,7312000
TSLA,5000000000,pinned_fork_costs,adaptive_economic,2026-07-27,1785196800000,1785196800000,0,0,0,0,0,0,0,0,0
TSLA,5000000000,pinned_fork_costs,adaptive_economic,2026-08-03,1785715200000,1785715200000,0,0,0,0,0,0,0,0,0
TSLA,5000000000,pinned_fork_costs,adaptive_economic,2026-08-10,1786320000000,1786320000000,0,0,0,0,0,0,0,0,0
TSLA,5000000000,pinned_fork_costs,adaptive_economic,2026-08-17,1786924800000,1786924800000,0,0,0,0,0,0,0,0,0
TSLA,5000000000,pinned_fork_costs,adaptive_economic,2026-08-24,1787529600000,1787529600000,0,0,0,0,0,0,0,0,0
TSLA,5000000000,pinned_fork_costs,adaptive_economic,2026-08-31,1788134400000,1788739176000,109123352,13320538,95802814,99141434,207268,1,28921,170816000,0
TSLA,5000000000,pinned_fork_costs,adaptive_economic,2026-09-07,1788739258000,1789154999000,44198403,52330980,-8132577,35133557,129961,0,20568,415823000,279675000
TSLA,5000000000,double_gas_half_fees,fixed_20,2026-07-27,1785196800000,1785196800000,0,0,0,0,0,0,0,0,0
TSLA,5000000000,double_gas_half_fees,fixed_20,2026-08-03,1785715200000,1785715200000,0,0,0,0,0,0,0,0,0
TSLA,5000000000,double_gas_half_fees,fixed_20,2026-08-10,1786320000000,1786320000000,0,0,0,0,0,0,0,0,0
TSLA,5000000000,double_gas_half_fees,fixed_20,2026-08-17,1786924800000,1786924800000,0,0,0,0,0,0,0,0,0
TSLA,5000000000,double_gas_half_fees,fixed_20,2026-08-24,1787529600000,1787529600000,0,0,0,0,0,0,0,0,0
TSLA,5000000000,double_gas_half_fees,fixed_20,2026-08-31,1788134400000,1788739176000,125970775,13255573,112715202,295332021,17914746,36,28921,194266000,9491000
TSLA,5000000000,double_gas_half_fees,fixed_20,2026-09-07,1788739258000,1789154999000,-1017221280,52273035,-1069494315,230590165,105501266,211,20568,415823000,25730000
TSLA,5000000000,double_gas_half_fees,fixed_40,2026-07-27,1785196800000,1785196800000,0,0,0,0,0,0,0,0,0
TSLA,5000000000,double_gas_half_fees,fixed_40,2026-08-03,1785715200000,1785715200000,0,0,0,0,0,0,0,0,0
TSLA,5000000000,double_gas_half_fees,fixed_40,2026-08-10,1786320000000,1786320000000,0,0,0,0,0,0,0,0,0
TSLA,5000000000,double_gas_half_fees,fixed_40,2026-08-17,1786924800000,1786924800000,0,0,0,0,0,0,0,0,0
TSLA,5000000000,double_gas_half_fees,fixed_40,2026-08-24,1787529600000,1787529600000,0,0,0,0,0,0,0,0,0
TSLA,5000000000,double_gas_half_fees,fixed_40,2026-08-31,1788134400000,1788739176000,1909998,13255573,-11345575,679439,414536,1,28921,194266000,194114000
TSLA,5000000000,double_gas_half_fees,fixed_40,2026-09-07,1788739258000,1789154999000,-251455,52273035,-52524490,0,259922,0,20568,415823000,415823000
TSLA,5000000000,double_gas_half_fees,fixed_80,2026-07-27,1785196800000,1785196800000,0,0,0,0,0,0,0,0,0
TSLA,5000000000,double_gas_half_fees,fixed_80,2026-08-03,1785715200000,1785715200000,0,0,0,0,0,0,0,0,0
TSLA,5000000000,double_gas_half_fees,fixed_80,2026-08-10,1786320000000,1786320000000,0,0,0,0,0,0,0,0,0
TSLA,5000000000,double_gas_half_fees,fixed_80,2026-08-17,1786924800000,1786924800000,0,0,0,0,0,0,0,0,0
TSLA,5000000000,double_gas_half_fees,fixed_80,2026-08-24,1787529600000,1787529600000,0,0,0,0,0,0,0,0,0
TSLA,5000000000,double_gas_half_fees,fixed_80,2026-08-31,1788134400000,1788739176000,5406392,13255573,-7849181,471185,414536,1,28921,194266000,194114000
TSLA,5000000000,double_gas_half_fees,fixed_80,2026-09-07,1788739258000,1789154999000,-254041,52273035,-52527076,0,259922,0,20568,415823000,415823000
TSLA,5000000000,double_gas_half_fees,fixed_160,2026-07-27,1785196800000,1785196800000,0,0,0,0,0,0,0,0,0
TSLA,5000000000,double_gas_half_fees,fixed_160,2026-08-03,1785715200000,1785715200000,0,0,0,0,0,0,0,0,0
TSLA,5000000000,double_gas_half_fees,fixed_160,2026-08-10,1786320000000,1786320000000,0,0,0,0,0,0,0,0,0
TSLA,5000000000,double_gas_half_fees,fixed_160,2026-08-17,1786924800000,1786924800000,0,0,0,0,0,0,0,0,0
TSLA,5000000000,double_gas_half_fees,fixed_160,2026-08-24,1787529600000,1787529600000,0,0,0,0,0,0,0,0,0
TSLA,5000000000,double_gas_half_fees,fixed_160,2026-08-31,1788134400000,1788739176000,10368684,13255573,-2886889,312403,414536,1,28921,194338000,194114000
TSLA,5000000000,double_gas_half_fees,fixed_160,2026-09-07,1788739258000,1789154999000,3393456,52273035,-48879579,0,259922,0,20568,415823000,415823000
TSLA,5000000000,double_gas_half_fees,adaptive_width,2026-07-27,1785196800000,1785196800000,0,0,0,0,0,0,0,0,0
TSLA,5000000000,double_gas_half_fees,adaptive_width,2026-08-03,1785715200000,1785715200000,0,0,0,0,0,0,0,0,0
TSLA,5000000000,double_gas_half_fees,adaptive_width,2026-08-10,1786320000000,1786320000000,0,0,0,0,0,0,0,0,0
TSLA,5000000000,double_gas_half_fees,adaptive_width,2026-08-17,1786924800000,1786924800000,0,0,0,0,0,0,0,0,0
TSLA,5000000000,double_gas_half_fees,adaptive_width,2026-08-24,1787529600000,1787529600000,0,0,0,0,0,0,0,0,0
TSLA,5000000000,double_gas_half_fees,adaptive_width,2026-08-31,1788134400000,1788739176000,59382625,13255573,46127052,49567541,414536,1,28921,170816000,0
TSLA,5000000000,double_gas_half_fees,adaptive_width,2026-09-07,1788739258000,1789154999000,-26392869,52273035,-78665904,75368751,4259970,8,20568,415823000,4664000
TSLA,5000000000,double_gas_half_fees,adaptive_economic,2026-07-27,1785196800000,1785196800000,0,0,0,0,0,0,0,0,0
TSLA,5000000000,double_gas_half_fees,adaptive_economic,2026-08-03,1785715200000,1785715200000,0,0,0,0,0,0,0,0,0
TSLA,5000000000,double_gas_half_fees,adaptive_economic,2026-08-10,1786320000000,1786320000000,0,0,0,0,0,0,0,0,0
TSLA,5000000000,double_gas_half_fees,adaptive_economic,2026-08-17,1786924800000,1786924800000,0,0,0,0,0,0,0,0,0
TSLA,5000000000,double_gas_half_fees,adaptive_economic,2026-08-24,1787529600000,1787529600000,0,0,0,0,0,0,0,0,0
TSLA,5000000000,double_gas_half_fees,adaptive_economic,2026-08-31,1788134400000,1788739176000,59382625,13255573,46127052,49567541,414536,1,28921,170816000,0
TSLA,5000000000,double_gas_half_fees,adaptive_economic,2026-09-07,1788739258000,1789154999000,25689623,52273035,-26583412,17565377,259922,0,20568,415823000,279675000
TSLA,5000000000,partial_mint_failure,fixed_20,2026-07-27,1785196800000,1785196800000,0,0,0,0,0,0,0,0,0
TSLA,5000000000,partial_mint_failure,fixed_20,2026-08-03,1785715200000,1785715200000,0,0,0,0,0,0,0,0,0
TSLA,5000000000,partial_mint_failure,fixed_20,2026-08-10,1786320000000,1786320000000,0,0,0,0,0,0,0,0,0
TSLA,5000000000,partial_mint_failure,fixed_20,2026-08-17,1786924800000,1786924800000,0,0,0,0,0,0,0,0,0
TSLA,5000000000,partial_mint_failure,fixed_20,2026-08-24,1787529600000,1787529600000,0,0,0,0,0,0,0,0,0
TSLA,5000000000,partial_mint_failure,fixed_20,2026-08-31,1788134400000,1788739176000,374289845,13320538,360969307,530879039,10658252,44,28921,184932000,9325000
TSLA,5000000000,partial_mint_failure,fixed_20,2026-09-07,1788739258000,1789154999000,-475017804,52330980,-527348784,427370519,45175773,186,20568,373881000,20874000
TSLA,5000000000,partial_mint_failure,fixed_40,2026-07-27,1785196800000,1785196800000,0,0,0,0,0,0,0,0,0
TSLA,5000000000,partial_mint_failure,fixed_40,2026-08-03,1785715200000,1785715200000,0,0,0,0,0,0,0,0,0
TSLA,5000000000,partial_mint_failure,fixed_40,2026-08-10,1786320000000,1786320000000,0,0,0,0,0,0,0,0,0
TSLA,5000000000,partial_mint_failure,fixed_40,2026-08-17,1786924800000,1786924800000,0,0,0,0,0,0,0,0,0
TSLA,5000000000,partial_mint_failure,fixed_40,2026-08-24,1787529600000,1787529600000,0,0,0,0,0,0,0,0,0
TSLA,5000000000,partial_mint_failure,fixed_40,2026-08-31,1788134400000,1788739176000,384198817,13320538,370878279,426259055,2164557,9,28921,193441000,572000
TSLA,5000000000,partial_mint_failure,fixed_40,2026-09-07,1788739258000,1789154999000,-226156607,52330980,-278487587,357095172,17237393,71,20568,396747000,6388000
TSLA,5000000000,partial_mint_failure,fixed_80,2026-07-27,1785196800000,1785196800000,0,0,0,0,0,0,0,0,0
TSLA,5000000000,partial_mint_failure,fixed_80,2026-08-03,1785715200000,1785715200000,0,0,0,0,0,0,0,0,0
TSLA,5000000000,partial_mint_failure,fixed_80,2026-08-10,1786320000000,1786320000000,0,0,0,0,0,0,0,0,0
TSLA,5000000000,partial_mint_failure,fixed_80,2026-08-17,1786924800000,1786924800000,0,0,0,0,0,0,0,0,0
TSLA,5000000000,partial_mint_failure,fixed_80,2026-08-24,1787529600000,1787529600000,0,0,0,0,0,0,0,0,0
TSLA,5000000000,partial_mint_failure,fixed_80,2026-08-31,1788134400000,1788739176000,231394136,13320538,218073598,253631703,957277,4,28921,194266000,373000
TSLA,5000000000,partial_mint_failure,fixed_80,2026-09-07,1788739258000,1789154999000,-11288880,52330980,-63619860,245821623,5209084,21,20568,409808000,2600000
TSLA,5000000000,partial_mint_failure,fixed_160,2026-07-27,1785196800000,1785196800000,0,0,0,0,0,0,0,0,0
TSLA,5000000000,partial_mint_failure,fixed_160,2026-08-03,1785715200000,1785715200000,0,0,0,0,0,0,0,0,0
TSLA,5000000000,partial_mint_failure,fixed_160,2026-08-10,1786320000000,1786320000000,0,0,0,0,0,0,0,0,0
TSLA,5000000000,partial_mint_failure,fixed_160,2026-08-17,1786924800000,1786924800000,0,0,0,0,0,0,0,0,0
TSLA,5000000000,partial_mint_failure,fixed_160,2026-08-24,1787529600000,1787529600000,0,0,0,0,0,0,0,0,0
TSLA,5000000000,partial_mint_failure,fixed_160,2026-08-31,1788134400000,1788739176000,128762367,13320538,115441829,140971027,457271,2,28921,194338000,255000
TSLA,5000000000,partial_mint_failure,fixed_160,2026-09-07,1788739258000,1789154999000,137959348,52330980,85628368,144385098,879970,3,20568,415823000,6772000
TSLA,5000000000,partial_mint_failure,adaptive_width,2026-07-27,1785196800000,1785196800000,0,0,0,0,0,0,0,0,0
TSLA,5000000000,partial_mint_failure,adaptive_width,2026-08-03,1785715200000,1785715200000,0,0,0,0,0,0,0,0,0
TSLA,5000000000,partial_mint_failure,adaptive_width,2026-08-10,1786320000000,1786320000000,0,0,0,0,0,0,0,0,0
TSLA,5000000000,partial_mint_failure,adaptive_width,2026-08-17,1786924800000,1786924800000,0,0,0,0,0,0,0,0,0
TSLA,5000000000,partial_mint_failure,adaptive_width,2026-08-24,1787529600000,1787529600000,0,0,0,0,0,0,0,0,0
TSLA,5000000000,partial_mint_failure,adaptive_width,2026-08-31,1788134400000,1788739176000,109123352,13320538,95802814,99141434,207268,1,28921,170816000,0
TSLA,5000000000,partial_mint_failure,adaptive_width,2026-09-07,1788739258000,1789154999000,76743015,52330980,24412035,169380958,3044527,12,20568,414307000,6458000
TSLA,5000000000,partial_mint_failure,adaptive_economic,2026-07-27,1785196800000,1785196800000,0,0,0,0,0,0,0,0,0
TSLA,5000000000,partial_mint_failure,adaptive_economic,2026-08-03,1785715200000,1785715200000,0,0,0,0,0,0,0,0,0
TSLA,5000000000,partial_mint_failure,adaptive_economic,2026-08-10,1786320000000,1786320000000,0,0,0,0,0,0,0,0,0
TSLA,5000000000,partial_mint_failure,adaptive_economic,2026-08-17,1786924800000,1786924800000,0,0,0,0,0,0,0,0,0
TSLA,5000000000,partial_mint_failure,adaptive_economic,2026-08-24,1787529600000,1787529600000,0,0,0,0,0,0,0,0,0
TSLA,5000000000,partial_mint_failure,adaptive_economic,2026-08-31,1788134400000,1788739176000,109123352,13320538,95802814,99141434,207268,1,28921,170816000,0
TSLA,5000000000,partial_mint_failure,adaptive_economic,2026-09-07,1788739258000,1789154999000,44198403,52330980,-8132577,35133557,129961,0,20568,415823000,279675000
TSLA,1000000000,pinned_fork_costs,fixed_20,2026-07-27,1785196800000,1785196800000,0,0,0,0,0,0,0,0,0
TSLA,1000000000,pinned_fork_costs,fixed_20,2026-08-03,1785715200000,1785715200000,0,0,0,0,0,0,0,0,0
TSLA,1000000000,pinned_fork_costs,fixed_20,2026-08-10,1786320000000,1786320000000,0,0,0,0,0,0,0,0,0
TSLA,1000000000,pinned_fork_costs,fixed_20,2026-08-17,1786924800000,1786924800000,0,0,0,0,0,0,0,0,0
TSLA,1000000000,pinned_fork_costs,fixed_20,2026-08-24,1787529600000,1787529600000,0,0,0,0,0,0,0,0,0
TSLA,1000000000,pinned_fork_costs,fixed_20,2026-08-31,1788134400000,1788739176000,147506042,3623135,143882907,194765725,10707394,43,28921,194266000,3364000
TSLA,1000000000,pinned_fork_costs,fixed_20,2026-09-07,1788739258000,1789154999000,-121009347,11864686,-132874033,190975131,52880594,211,20568,415823000,25730000
TSLA,1000000000,pinned_fork_costs,fixed_40,2026-07-27,1785196800000,1785196800000,0,0,0,0,0,0,0,0,0
TSLA,1000000000,pinned_fork_costs,fixed_40,2026-08-03,1785715200000,1785715200000,0,0,0,0,0,0,0,0,0
TSLA,1000000000,pinned_fork_costs,fixed_40,2026-08-10,1786320000000,1786320000000,0,0,0,0,0,0,0,0,0
TSLA,1000000000,pinned_fork_costs,fixed_40,2026-08-17,1786924800000,1786924800000,0,0,0,0,0,0,0,0,0
TSLA,1000000000,pinned_fork_costs,fixed_40,2026-08-24,1787529600000,1787529600000,0,0,0,0,0,0,0,0,0
TSLA,1000000000,pinned_fork_costs,fixed_40,2026-08-31,1788134400000,1788739176000,107367216,3623135,103744081,115446850,1957289,8,28921,194266000,557000
TSLA,1000000000,pinned_fork_costs,fixed_40,2026-09-07,1788739258000,1789154999000,-17400168,11864686,-29264854,126121803,17630171,70,20568,415823000,7507000
TSLA,1000000000,pinned_fork_costs,fixed_80,2026-07-27,1785196800000,1785196800000,0,0,0,0,0,0,0,0,0
TSLA,1000000000,pinned_fork_costs,fixed_80,2026-08-03,1785715200000,1785715200000,0,0,0,0,0,0,0,0,0
TSLA,1000000000,pinned_fork_costs,fixed_80,2026-08-10,1786320000000,1786320000000,0,0,0,0,0,0,0,0,0
TSLA,1000000000,pinned_fork_costs,fixed_80,2026-08-17,1786924800000,1786924800000,0,0,0,0,0,0,0,0,0
TSLA,1000000000,pinned_fork_costs,fixed_80,2026-08-24,1787529600000,1787529600000,0,0,0,0,0,0,0,0,0
TSLA,1000000000,pinned_fork_costs,fixed_80,2026-08-31,1788134400000,1788739176000,1617281,3623135,-2005854,272961,207268,1,28921,194266000,194114000
TSLA,1000000000,pinned_fork_costs,fixed_80,2026-09-07,1788739258000,1789154999000,-126513,11864686,-11991199,0,129961,0,20568,415823000,415823000
TSLA,1000000000,pinned_fork_costs,fixed_160,2026-07-27,1785196800000,1785196800000,0,0,0,0,0,0,0,0,0
TSLA,1000000000,pinned_fork_costs,fixed_160,2026-08-03,1785715200000,1785715200000,0,0,0,0,0,0,0,0,0
TSLA,1000000000,pinned_fork_costs,fixed_160,2026-08-10,1786320000000,1786320000000,0,0,0,0,0,0,0,0,0
TSLA,1000000000,pinned_fork_costs,fixed_160,2026-08-17,1786924800000,1786924800000,0,0,0,0,0,0,0,0,0
TSLA,1000000000,pinned_fork_costs,fixed_160,2026-08-24,1787529600000,1787529600000,0,0,0,0,0,0,0,0,0
TSLA,1000000000,pinned_fork_costs,fixed_160,2026-08-31,1788134400000,1788739176000,2711811,3623135,-911324,154729,207268,1,28921,194338000,194114000
TSLA,1000000000,pinned_fork_costs,fixed_160,2026-09-07,1788739258000,1789154999000,602399,11864686,-11262287,0,129961,0,20568,415823000,415823000
TSLA,1000000000,pinned_fork_costs,adaptive_width,2026-07-27,1785196800000,1785196800000,0,0,0,0,0,0,0,0,0
TSLA,1000000000,pinned_fork_costs,adaptive_width,2026-08-03,1785715200000,1785715200000,0,0,0,0,0,0,0,0,0
TSLA,1000000000,pinned_fork_costs,adaptive_width,2026-08-10,1786320000000,1786320000000,0,0,0,0,0,0,0,0,0
TSLA,1000000000,pinned_fork_costs,adaptive_width,2026-08-17,1786924800000,1786924800000,0,0,0,0,0,0,0,0,0
TSLA,1000000000,pinned_fork_costs,adaptive_width,2026-08-24,1787529600000,1787529600000,0,0,0,0,0,0,0,0,0
TSLA,1000000000,pinned_fork_costs,adaptive_width,2026-08-31,1788134400000,1788739176000,106046236,3623135,102423101,139378069,7457355,30,28921,170053000,1673000
TSLA,1000000000,pinned_fork_costs,adaptive_width,2026-09-07,1788739258000,1789154999000,11739152,11864686,-125534,88916850,10630087,42,20568,415823000,4206000
TSLA,1000000000,pinned_fork_costs,adaptive_economic,2026-07-27,1785196800000,1785196800000,0,0,0,0,0,0,0,0,0
TSLA,1000000000,pinned_fork_costs,adaptive_economic,2026-08-03,1785715200000,1785715200000,0,0,0,0,0,0,0,0,0
TSLA,1000000000,pinned_fork_costs,adaptive_economic,2026-08-10,1786320000000,1786320000000,0,0,0,0,0,0,0,0,0
TSLA,1000000000,pinned_fork_costs,adaptive_economic,2026-08-17,1786924800000,1786924800000,0,0,0,0,0,0,0,0,0
TSLA,1000000000,pinned_fork_costs,adaptive_economic,2026-08-24,1787529600000,1787529600000,0,0,0,0,0,0,0,0,0
TSLA,1000000000,pinned_fork_costs,adaptive_economic,2026-08-31,1788134400000,1788739176000,16927648,3623135,13304513,16804104,207268,1,28921,170053000,156725000
TSLA,1000000000,pinned_fork_costs,adaptive_economic,2026-09-07,1788739258000,1789154999000,4970650,11864686,-6894036,4825521,129961,0,20568,415823000,401430000
TSLA,1000000000,double_gas_half_fees,fixed_20,2026-07-27,1785196800000,1785196800000,0,0,0,0,0,0,0,0,0
TSLA,1000000000,double_gas_half_fees,fixed_20,2026-08-03,1785715200000,1785715200000,0,0,0,0,0,0,0,0,0
TSLA,1000000000,double_gas_half_fees,fixed_20,2026-08-10,1786320000000,1786320000000,0,0,0,0,0,0,0,0,0
TSLA,1000000000,double_gas_half_fees,fixed_20,2026-08-17,1786924800000,1786924800000,0,0,0,0,0,0,0,0,0
TSLA,1000000000,double_gas_half_fees,fixed_20,2026-08-24,1787529600000,1787529600000,0,0,0,0,0,0,0,0,0
TSLA,1000000000,double_gas_half_fees,fixed_20,2026-08-31,1788134400000,1788739176000,149619,3558170,-3408551,398494,414536,1,28921,194266000,194114000
TSLA,1000000000,double_gas_half_fees,fixed_20,2026-09-07,1788739258000,1789154999000,-254942,11806741,-12061683,0,259922,0,20568,415823000,415823000
TSLA,1000000000,double_gas_half_fees,fixed_40,2026-07-27,1785196800000,1785196800000,0,0,0,0,0,0,0,0,0
TSLA,1000000000,double_gas_half_fees,fixed_40,2026-08-03,1785715200000,1785715200000,0,0,0,0,0,0,0,0,0
TSLA,1000000000,double_gas_half_fees,fixed_40,2026-08-10,1786320000000,1786320000000,0,0,0,0,0,0,0,0,0
TSLA,1000000000,double_gas_half_fees,fixed_40,2026-08-17,1786924800000,1786924800000,0,0,0,0,0,0,0,0,0
TSLA,1000000000,double_gas_half_fees,fixed_40,2026-08-24,1787529600000,1787529600000,0,0,0,0,0,0,0,0,0
TSLA,1000000000,double_gas_half_fees,fixed_40,2026-08-31,1788134400000,1788739176000,425058,3558170,-3133112,245289,414536,1,28921,194266000,194114000
TSLA,1000000000,double_gas_half_fees,fixed_40,2026-09-07,1788739258000,1789154999000,-256846,11806741,-12063587,0,259922,0,20568,415823000,415823000
TSLA,1000000000,double_gas_half_fees,fixed_80,2026-07-27,1785196800000,1785196800000,0,0,0,0,0,0,0,0,0
TSLA,1000000000,double_gas_half_fees,fixed_80,2026-08-03,1785715200000,1785715200000,0,0,0,0,0,0,0,0,0
TSLA,1000000000,double_gas_half_fees,fixed_80,2026-08-10,1786320000000,1786320000000,0,0,0,0,0,0,0,0,0
TSLA,1000000000,double_gas_half_fees,fixed_80,2026-08-17,1786924800000,1786924800000,0,0,0,0,0,0,0,0,0
TSLA,1000000000,double_gas_half_fees,fixed_80,2026-08-24,1787529600000,1787529600000,0,0,0,0,0,0,0,0,0
TSLA,1000000000,double_gas_half_fees,fixed_80,2026-08-31,1788134400000,1788739176000,1270674,3558170,-2287496,136473,414536,1,28921,194266000,194114000
TSLA,1000000000,double_gas_half_fees,fixed_80,2026-09-07,1788739258000,1789154999000,-258198,11806741,-12064939,0,259922,0,20568,415823000,415823000
TSLA,1000000000,double_gas_half_fees,fixed_160,2026-07-27,1785196800000,1785196800000,0,0,0,0,0,0,0,0,0
TSLA,1000000000,double_gas_half_fees,fixed_160,2026-08-03,1785715200000,1785715200000,0,0,0,0,0,0,0,0,0
TSLA,1000000000,double_gas_half_fees,fixed_160,2026-08-10,1786320000000,1786320000000,0,0,0,0,0,0,0,0,0
TSLA,1000000000,double_gas_half_fees,fixed_160,2026-08-17,1786924800000,1786924800000,0,0,0,0,0,0,0,0,0
TSLA,1000000000,double_gas_half_fees,fixed_160,2026-08-24,1787529600000,1787529600000,0,0,0,0,0,0,0,0,0
TSLA,1000000000,double_gas_half_fees,fixed_160,2026-08-31,1788134400000,1788739176000,2425174,3558170,-1132996,77355,414536,1,28921,194338000,194114000
TSLA,1000000000,double_gas_half_fees,fixed_160,2026-09-07,1788739258000,1789154999000,471445,11806741,-11335296,0,259922,0,20568,415823000,415823000
TSLA,1000000000,double_gas_half_fees,adaptive_width,2026-07-27,1785196800000,1785196800000,0,0,0,0,0,0,0,0,0
TSLA,1000000000,double_gas_half_fees,adaptive_width,2026-08-03,1785715200000,1785715200000,0,0,0,0,0,0,0,0,0
TSLA,1000000000,double_gas_half_fees,adaptive_width,2026-08-10,1786320000000,1786320000000,0,0,0,0,0,0,0,0,0
TSLA,1000000000,double_gas_half_fees,adaptive_width,2026-08-17,1786924800000,1786924800000,0,0,0,0,0,0,0,0,0
TSLA,1000000000,double_gas_half_fees,adaptive_width,2026-08-24,1787529600000,1787529600000,0,0,0,0,0,0,0,0,0
TSLA,1000000000,double_gas_half_fees,adaptive_width,2026-08-31,1788134400000,1788739176000,12757486,3558170,9199316,10531464,414536,1,28921,171588000,0
TSLA,1000000000,double_gas_half_fees,adaptive_width,2026-09-07,1788739258000,1789154999000,-14883470,11806741,-26690211,18965944,5259982,10,20568,415823000,1002000
TSLA,1000000000,double_gas_half_fees,adaptive_economic,2026-07-27,1785196800000,1785196800000,0,0,0,0,0,0,0,0,0
TSLA,1000000000,double_gas_half_fees,adaptive_economic,2026-08-03,1785715200000,1785715200000,0,0,0,0,0,0,0,0,0
TSLA,1000000000,double_gas_half_fees,adaptive_economic,2026-08-10,1786320000000,1786320000000,0,0,0,0,0,0,0,0,0
TSLA,1000000000,double_gas_half_fees,adaptive_economic,2026-08-17,1786924800000,1786924800000,0,0,0,0,0,0,0,0,0
TSLA,1000000000,double_gas_half_fees,adaptive_economic,2026-08-24,1787529600000,1787529600000,0,0,0,0,0,0,0,0,0
TSLA,1000000000,double_gas_half_fees,adaptive_economic,2026-08-31,1788134400000,1788739176000,12757486,3558170,9199316,10531464,414536,1,28921,171588000,0
TSLA,1000000000,double_gas_half_fees,adaptive_economic,2026-09-07,1788739258000,1789154999000,4792823,11806741,-7013918,3655914,259922,0,20568,415823000,279769000
TSLA,1000000000,partial_mint_failure,fixed_20,2026-07-27,1785196800000,1785196800000,0,0,0,0,0,0,0,0,0
TSLA,1000000000,partial_mint_failure,fixed_20,2026-08-03,1785715200000,1785715200000,0,0,0,0,0,0,0,0,0
TSLA,1000000000,partial_mint_failure,fixed_20,2026-08-10,1786320000000,1786320000000,0,0,0,0,0,0,0,0,0
TSLA,1000000000,partial_mint_failure,fixed_20,2026-08-17,1786924800000,1786924800000,0,0,0,0,0,0,0,0,0
TSLA,1000000000,partial_mint_failure,fixed_20,2026-08-24,1787529600000,1787529600000,0,0,0,0,0,0,0,0,0
TSLA,1000000000,partial_mint_failure,fixed_20,2026-08-31,1788134400000,1788739176000,127867706,3623135,124244571,171708335,12115535,50,28921,183997000,3096000
TSLA,1000000000,partial_mint_failure,fixed_20,2026-09-07,1788739258000,1789154999000,-27321289,11864686,-39185975,159223950,37312045,153,20568,371144000,16533000
TSLA,1000000000,partial_mint_failure,fixed_40,2026-07-27,1785196800000,1785196800000,0,0,0,0,0,0,0,0,0
TSLA,1000000000,partial_mint_failure,fixed_40,2026-08-03,1785715200000,1785715200000,0,0,0,0,0,0,0,0,0
TSLA,1000000000,partial_mint_failure,fixed_40,2026-08-10,1786320000000,1786320000000,0,0,0,0,0,0,0,0,0
TSLA,1000000000,partial_mint_failure,fixed_40,2026-08-17,1786924800000,1786924800000,0,0,0,0,0,0,0,0,0
TSLA,1000000000,partial_mint_failure,fixed_40,2026-08-24,1787529600000,1787529600000,0,0,0,0,0,0,0,0,0
TSLA,1000000000,partial_mint_failure,fixed_40,2026-08-31,1788134400000,1788739176000,105499013,3623135,101875878,114363842,2164557,9,28921,193441000,572000
TSLA,1000000000,partial_mint_failure,fixed_40,2026-09-07,1788739258000,1789154999000,-2295625,11864686,-14160311,111207341,15910071,65,20568,390433000,6168000
TSLA,1000000000,partial_mint_failure,fixed_80,2026-07-27,1785196800000,1785196800000,0,0,0,0,0,0,0,0,0
TSLA,1000000000,partial_mint_failure,fixed_80,2026-08-03,1785715200000,1785715200000,0,0,0,0,0,0,0,0,0
TSLA,1000000000,partial_mint_failure,fixed_80,2026-08-10,1786320000000,1786320000000,0,0,0,0,0,0,0,0,0
TSLA,1000000000,partial_mint_failure,fixed_80,2026-08-17,1786924800000,1786924800000,0,0,0,0,0,0,0,0,0
TSLA,1000000000,partial_mint_failure,fixed_80,2026-08-24,1787529600000,1787529600000,0,0,0,0,0,0,0,0,0
TSLA,1000000000,partial_mint_failure,fixed_80,2026-08-31,1788134400000,1788739176000,1617281,3623135,-2005854,272961,207268,1,28921,194266000,194114000
TSLA,1000000000,partial_mint_failure,fixed_80,2026-09-07,1788739258000,1789154999000,-126513,11864686,-11991199,0,129961,0,20568,415823000,415823000
TSLA,1000000000,partial_mint_failure,fixed_160,2026-07-27,1785196800000,1785196800000,0,0,0,0,0,0,0,0,0
TSLA,1000000000,partial_mint_failure,fixed_160,2026-08-03,1785715200000,1785715200000,0,0,0,0,0,0,0,0,0
TSLA,1000000000,partial_mint_failure,fixed_160,2026-08-10,1786320000000,1786320000000,0,0,0,0,0,0,0,0,0
TSLA,1000000000,partial_mint_failure,fixed_160,2026-08-17,1786924800000,1786924800000,0,0,0,0,0,0,0,0,0
TSLA,1000000000,partial_mint_failure,fixed_160,2026-08-24,1787529600000,1787529600000,0,0,0,0,0,0,0,0,0
TSLA,1000000000,partial_mint_failure,fixed_160,2026-08-31,1788134400000,1788739176000,2711811,3623135,-911324,154729,207268,1,28921,194338000,194114000
TSLA,1000000000,partial_mint_failure,fixed_160,2026-09-07,1788739258000,1789154999000,602399,11864686,-11262287,0,129961,0,20568,415823000,415823000
TSLA,1000000000,partial_mint_failure,adaptive_width,2026-07-27,1785196800000,1785196800000,0,0,0,0,0,0,0,0,0
TSLA,1000000000,partial_mint_failure,adaptive_width,2026-08-03,1785715200000,1785715200000,0,0,0,0,0,0,0,0,0
TSLA,1000000000,partial_mint_failure,adaptive_width,2026-08-10,1786320000000,1786320000000,0,0,0,0,0,0,0,0,0
TSLA,1000000000,partial_mint_failure,adaptive_width,2026-08-17,1786924800000,1786924800000,0,0,0,0,0,0,0,0,0
TSLA,1000000000,partial_mint_failure,adaptive_width,2026-08-24,1787529600000,1787529600000,0,0,0,0,0,0,0,0,0
TSLA,1000000000,partial_mint_failure,adaptive_width,2026-08-31,1788134400000,1788739176000,91495307,3623135,87872172,119874206,7493683,31,28921,162232000,1364000
TSLA,1000000000,partial_mint_failure,adaptive_width,2026-09-07,1788739258000,1789154999000,11641149,11864686,-223537,60365185,5959093,24,20568,411259000,2404000
TSLA,1000000000,partial_mint_failure,adaptive_economic,2026-07-27,1785196800000,1785196800000,0,0,0,0,0,0,0,0,0
TSLA,1000000000,partial_mint_failure,adaptive_economic,2026-08-03,1785715200000,1785715200000,0,0,0,0,0,0,0,0,0
TSLA,1000000000,partial_mint_failure,adaptive_economic,2026-08-10,1786320000000,1786320000000,0,0,0,0,0,0,0,0,0
TSLA,1000000000,partial_mint_failure,adaptive_economic,2026-08-17,1786924800000,1786924800000,0,0,0,0,0,0,0,0,0
TSLA,1000000000,partial_mint_failure,adaptive_economic,2026-08-24,1787529600000,1787529600000,0,0,0,0,0,0,0,0,0
TSLA,1000000000,partial_mint_failure,adaptive_economic,2026-08-31,1788134400000,1788739176000,16927648,3623135,13304513,16804104,207268,1,28921,170053000,156725000
TSLA,1000000000,partial_mint_failure,adaptive_economic,2026-09-07,1788739258000,1789154999000,4970650,11864686,-6894036,4825521,129961,0,20568,415823000,401430000
TSLA,250000000,pinned_fork_costs,fixed_20,2026-07-27,1785196800000,1785196800000,0,0,0,0,0,0,0,0,0
TSLA,250000000,pinned_fork_costs,fixed_20,2026-08-03,1785715200000,1785715200000,0,0,0,0,0,0,0,0,0
TSLA,250000000,pinned_fork_costs,fixed_20,2026-08-10,1786320000000,1786320000000,0,0,0,0,0,0,0,0,0
TSLA,250000000,pinned_fork_costs,fixed_20,2026-08-17,1786924800000,1786924800000,0,0,0,0,0,0,0,0,0
TSLA,250000000,pinned_fork_costs,fixed_20,2026-08-24,1787529600000,1787529600000,0,0,0,0,0,0,0,0,0
TSLA,250000000,pinned_fork_costs,fixed_20,2026-08-31,1788134400000,1788739176000,117754,904564,-786810,266099,207268,1,28921,194266000,194114000
TSLA,250000000,pinned_fork_costs,fixed_20,2026-09-07,1788739258000,1789154999000,-126597,2990981,-3117578,0,129961,0,20568,415823000,415823000
TSLA,250000000,pinned_fork_costs,fixed_40,2026-07-27,1785196800000,1785196800000,0,0,0,0,0,0,0,0,0
TSLA,250000000,pinned_fork_costs,fixed_40,2026-08-03,1785715200000,1785715200000,0,0,0,0,0,0,0,0,0
TSLA,250000000,pinned_fork_costs,fixed_40,2026-08-10,1786320000000,1786320000000,0,0,0,0,0,0,0,0,0
TSLA,250000000,pinned_fork_costs,fixed_40,2026-08-17,1786924800000,1786924800000,0,0,0,0,0,0,0,0,0
TSLA,250000000,pinned_fork_costs,fixed_40,2026-08-24,1787529600000,1787529600000,0,0,0,0,0,0,0,0,0
TSLA,250000000,pinned_fork_costs,fixed_40,2026-08-31,1788134400000,1788739176000,114841,904564,-789723,144452,207268,1,28921,194266000,194114000
TSLA,250000000,pinned_fork_costs,fixed_40,2026-09-07,1788739258000,1789154999000,-128114,2990981,-3119095,0,129961,0,20568,415823000,415823000
TSLA,250000000,pinned_fork_costs,fixed_80,2026-07-27,1785196800000,1785196800000,0,0,0,0,0,0,0,0,0
TSLA,250000000,pinned_fork_costs,fixed_80,2026-08-03,1785715200000,1785715200000,0,0,0,0,0,0,0,0,0
TSLA,250000000,pinned_fork_costs,fixed_80,2026-08-10,1786320000000,1786320000000,0,0,0,0,0,0,0,0,0
TSLA,250000000,pinned_fork_costs,fixed_80,2026-08-17,1786924800000,1786924800000,0,0,0,0,0,0,0,0,0
TSLA,250000000,pinned_fork_costs,fixed_80,2026-08-24,1787529600000,1787529600000,0,0,0,0,0,0,0,0,0
TSLA,250000000,pinned_fork_costs,fixed_80,2026-08-31,1788134400000,1788739176000,291810,904564,-612754,74495,207268,1,28921,194266000,194114000
TSLA,250000000,pinned_fork_costs,fixed_80,2026-09-07,1788739258000,1789154999000,-128990,2990981,-3119971,0,129961,0,20568,415823000,415823000
TSLA,250000000,pinned_fork_costs,fixed_160,2026-07-27,1785196800000,1785196800000,0,0,0,0,0,0,0,0,0
TSLA,250000000,pinned_fork_costs,fixed_160,2026-08-03,1785715200000,1785715200000,0,0,0,0,0,0,0,0,0
TSLA,250000000,pinned_fork_costs,fixed_160,2026-08-10,1786320000000,1786320000000,0,0,0,0,0,0,0,0,0
TSLA,250000000,pinned_fork_costs,fixed_160,2026-08-17,1786924800000,1786924800000,0,0,0,0,0,0,0,0,0
TSLA,250000000,pinned_fork_costs,fixed_160,2026-08-24,1787529600000,1787529600000,0,0,0,0,0,0,0,0,0
TSLA,250000000,pinned_fork_costs,fixed_160,2026-08-31,1788134400000,1788739176000,565694,904564,-338870,40483,207268,1,28921,194338000,194114000
TSLA,250000000,pinned_fork_costs,fixed_160,2026-09-07,1788739258000,1789154999000,53203,2990981,-2937778,0,129961,0,20568,415823000,415823000
TSLA,250000000,pinned_fork_costs,adaptive_width,2026-07-27,1785196800000,1785196800000,0,0,0,0,0,0,0,0,0
TSLA,250000000,pinned_fork_costs,adaptive_width,2026-08-03,1785715200000,1785715200000,0,0,0,0,0,0,0,0,0
TSLA,250000000,pinned_fork_costs,adaptive_width,2026-08-10,1786320000000,1786320000000,0,0,0,0,0,0,0,0,0
TSLA,250000000,pinned_fork_costs,adaptive_width,2026-08-17,1786924800000,1786924800000,0,0,0,0,0,0,0,0,0
TSLA,250000000,pinned_fork_costs,adaptive_width,2026-08-24,1787529600000,1787529600000,0,0,0,0,0,0,0,0,0
TSLA,250000000,pinned_fork_costs,adaptive_width,2026-08-31,1788134400000,1788739176000,25238893,904564,24334329,39293229,7707358,31,28921,170166000,1690000
TSLA,250000000,pinned_fork_costs,adaptive_width,2026-09-07,1788739258000,1789154999000,-4121943,2990981,-7112924,22888288,10380084,41,20568,415823000,4596000
TSLA,250000000,pinned_fork_costs,adaptive_economic,2026-07-27,1785196800000,1785196800000,0,0,0,0,0,0,0,0,0
TSLA,250000000,pinned_fork_costs,adaptive_economic,2026-08-03,1785715200000,1785715200000,0,0,0,0,0,0,0,0,0
TSLA,250000000,pinned_fork_costs,adaptive_economic,2026-08-10,1786320000000,1786320000000,0,0,0,0,0,0,0,0,0
TSLA,250000000,pinned_fork_costs,adaptive_economic,2026-08-17,1786924800000,1786924800000,0,0,0,0,0,0,0,0,0
TSLA,250000000,pinned_fork_costs,adaptive_economic,2026-08-24,1787529600000,1787529600000,0,0,0,0,0,0,0,0,0
TSLA,250000000,pinned_fork_costs,adaptive_economic,2026-08-31,1788134400000,1788739176000,4484545,904564,3579981,4603066,207268,1,28921,170166000,156725000
TSLA,250000000,pinned_fork_costs,adaptive_economic,2026-09-07,1788739258000,1789154999000,1284129,2990981,-1706852,1338320,129961,0,20568,415823000,401430000
TSLA,250000000,double_gas_half_fees,fixed_20,2026-07-27,1785196800000,1785196800000,0,0,0,0,0,0,0,0,0
TSLA,250000000,double_gas_half_fees,fixed_20,2026-08-03,1785715200000,1785715200000,0,0,0,0,0,0,0,0,0
TSLA,250000000,double_gas_half_fees,fixed_20,2026-08-10,1786320000000,1786320000000,0,0,0,0,0,0,0,0,0
TSLA,250000000,double_gas_half_fees,fixed_20,2026-08-17,1786924800000,1786924800000,0,0,0,0,0,0,0,0,0
TSLA,250000000,double_gas_half_fees,fixed_20,2026-08-24,1787529600000,1787529600000,0,0,0,0,0,0,0,0,0
TSLA,250000000,double_gas_half_fees,fixed_20,2026-08-31,1788134400000,1788739176000,-225409,839599,-1065008,133043,414536,1,28921,194266000,194114000
TSLA,250000000,double_gas_half_fees,fixed_20,2026-09-07,1788739258000,1789154999000,-258240,2933036,-3191276,0,259922,0,20568,415823000,415823000
TSLA,250000000,double_gas_half_fees,fixed_40,2026-07-27,1785196800000,1785196800000,0,0,0,0,0,0,0,0,0
TSLA,250000000,double_gas_half_fees,fixed_40,2026-08-03,1785715200000,1785715200000,0,0,0,0,0,0,0,0,0
TSLA,250000000,double_gas_half_fees,fixed_40,2026-08-10,1786320000000,1786320000000,0,0,0,0,0,0,0,0,0
TSLA,250000000,double_gas_half_fees,fixed_40,2026-08-17,1786924800000,1786924800000,0,0,0,0,0,0,0,0,0
TSLA,250000000,double_gas_half_fees,fixed_40,2026-08-24,1787529600000,1787529600000,0,0,0,0,0,0,0,0,0
TSLA,250000000,double_gas_half_fees,fixed_40,2026-08-31,1788134400000,1788739176000,-166629,839599,-1006228,72220,414536,1,28921,194266000,194114000
TSLA,250000000,double_gas_half_fees,fixed_40,2026-09-07,1788739258000,1789154999000,-258998,2933036,-3192034,0,259922,0,20568,415823000,415823000
TSLA,250000000,double_gas_half_fees,fixed_80,2026-07-27,1785196800000,1785196800000,0,0,0,0,0,0,0,0,0
TSLA,250000000,double_gas_half_fees,fixed_80,2026-08-03,1785715200000,1785715200000,0,0,0,0,0,0,0,0,0
TSLA,250000000,double_gas_half_fees,fixed_80,2026-08-10,1786320000000,1786320000000,0,0,0,0,0,0,0,0,0
TSLA,250000000,double_gas_half_fees,fixed_80,2026-08-17,1786924800000,1786924800000,0,0,0,0,0,0,0,0,0
TSLA,250000000,double_gas_half_fees,fixed_80,2026-08-24,1787529600000,1787529600000,0,0,0,0,0,0,0,0,0
TSLA,250000000,double_gas_half_fees,fixed_80,2026-08-31,1788134400000,1788739176000,45911,839599,-793688,37241,414536,1,28921,194266000,194114000
TSLA,250000000,double_gas_half_fees,fixed_80,2026-09-07,1788739258000,1789154999000,-259437,2933036,-3192473,0,259922,0,20568,415823000,415823000
TSLA,250000000,double_gas_half_fees,fixed_160,2026-07-27,1785196800000,1785196800000,0,0,0,0,0,0,0,0,0
TSLA,250000000,double_gas_half_fees,fixed_160,2026-08-03,1785715200000,1785715200000,0,0,0,0,0,0,0,0,0
TSLA,250000000,double_gas_half_fees,fixed_160,2026-08-10,1786320000000,1786320000000,0,0,0,0,0,0,0,0,0
TSLA,250000000,double_gas_half_fees,fixed_160,2026-08-17,1786924800000,1786924800000,0,0,0,0,0,0,0,0,0
TSLA,250000000,double_gas_half_fees,fixed_160,2026-08-24,1787529600000,1787529600000,0,0,0,0,0,0,0,0,0
TSLA,250000000,double_gas_half_fees,fixed_160,2026-08-31,1788134400000,1788739176000,337235,839599,-502364,20233,414536,1,28921,194338000,194114000
TSLA,250000000,double_gas_half_fees,fixed_160,2026-09-07,1788739258000,1789154999000,-77028,2933036,-3010064,0,259922,0,20568,415823000,415823000
TSLA,250000000,double_gas_half_fees,adaptive_width,2026-07-27,1785196800000,1785196800000,0,0,0,0,0,0,0,0,0
TSLA,250000000,double_gas_half_fees,adaptive_width,2026-08-03,1785715200000,1785715200000,0,0,0,0,0,0,0,0,0
TSLA,250000000,double_gas_half_fees,adaptive_width,2026-08-10,1786320000000,1786320000000,0,0,0,0,0,0,0,0,0
TSLA,250000000,double_gas_half_fees,adaptive_width,2026-08-17,1786924800000,1786924800000,0,0,0,0,0,0,0,0,0
TSLA,250000000,double_gas_half_fees,adaptive_width,2026-08-24,1787529600000,1787529600000,0,0,0,0,0,0,0,0,0
TSLA,250000000,double_gas_half_fees,adaptive_width,2026-08-31,1788134400000,1788739176000,2747373,839599,1907774,2634227,414536,1,28921,170557000,0
TSLA,250000000,double_gas_half_fees,adaptive_width,2026-09-07,1788739258000,1789154999000,-2630875,2933036,-5563911,5188219,3759964,7,20568,415823000,1010000
TSLA,250000000,double_gas_half_fees,adaptive_economic,2026-07-27,1785196800000,1785196800000,0,0,0,0,0,0,0,0,0
TSLA,250000000,double_gas_half_fees,adaptive_economic,2026-08-03,1785715200000,1785715200000,0,0,0,0,0,0,0,0,0
TSLA,250000000,double_gas_half_fees,adaptive_economic,2026-08-10,1786320000000,1786320000000,0,0,0,0,0,0,0,0,0
TSLA,250000000,double_gas_half_fees,adaptive_economic,2026-08-17,1786924800000,1786924800000,0,0,0,0,0,0,0,0,0
TSLA,250000000,double_gas_half_fees,adaptive_economic,2026-08-24,1787529600000,1787529600000,0,0,0,0,0,0,0,0,0
TSLA,250000000,double_gas_half_fees,adaptive_economic,2026-08-31,1788134400000,1788739176000,2747373,839599,1907774,2634227,414536,1,28921,170557000,0
TSLA,250000000,double_gas_half_fees,adaptive_economic,2026-09-07,1788739258000,1789154999000,1195676,2933036,-1737360,949914,259922,0,20568,415823000,279094000
TSLA,250000000,partial_mint_failure,fixed_20,2026-07-27,1785196800000,1785196800000,0,0,0,0,0,0,0,0,0
TSLA,250000000,partial_mint_failure,fixed_20,2026-08-03,1785715200000,1785715200000,0,0,0,0,0,0,0,0,0
TSLA,250000000,partial_mint_failure,fixed_20,2026-08-10,1786320000000,1786320000000,0,0,0,0,0,0,0,0,0
TSLA,250000000,partial_mint_failure,fixed_20,2026-08-17,1786924800000,1786924800000,0,0,0,0,0,0,0,0,0
TSLA,250000000,partial_mint_failure,fixed_20,2026-08-24,1787529600000,1787529600000,0,0,0,0,0,0,0,0,0
TSLA,250000000,partial_mint_failure,fixed_20,2026-08-31,1788134400000,1788739176000,117754,904564,-786810,266099,207268,1,28921,194266000,194114000
TSLA,250000000,partial_mint_failure,fixed_20,2026-09-07,1788739258000,1789154999000,-126597,2990981,-3117578,0,129961,0,20568,415823000,415823000
TSLA,250000000,partial_mint_failure,fixed_40,2026-07-27,1785196800000,1785196800000,0,0,0,0,0,0,0,0,0
TSLA,250000000,partial_mint_failure,fixed_40,2026-08-03,1785715200000,1785715200000,0,0,0,0,0,0,0,0,0
TSLA,250000000,partial_mint_failure,fixed_40,2026-08-10,1786320000000,1786320000000,0,0,0,0,0,0,0,0,0
TSLA,250000000,partial_mint_failure,fixed_40,2026-08-17,1786924800000,1786924800000,0,0,0,0,0,0,0,0,0
TSLA,250000000,partial_mint_failure,fixed_40,2026-08-24,1787529600000,1787529600000,0,0,0,0,0,0,0,0,0
TSLA,250000000,partial_mint_failure,fixed_40,2026-08-31,1788134400000,1788739176000,114841,904564,-789723,144452,207268,1,28921,194266000,194114000
TSLA,250000000,partial_mint_failure,fixed_40,2026-09-07,1788739258000,1789154999000,-128114,2990981,-3119095,0,129961,0,20568,415823000,415823000
TSLA,250000000,partial_mint_failure,fixed_80,2026-07-27,1785196800000,1785196800000,0,0,0,0,0,0,0,0,0
TSLA,250000000,partial_mint_failure,fixed_80,2026-08-03,1785715200000,1785715200000,0,0,0,0,0,0,0,0,0
TSLA,250000000,partial_mint_failure,fixed_80,2026-08-10,1786320000000,1786320000000,0,0,0,0,0,0,0,0,0
TSLA,250000000,partial_mint_failure,fixed_80,2026-08-17,1786924800000,1786924800000,0,0,0,0,0,0,0,0,0
TSLA,250000000,partial_mint_failure,fixed_80,2026-08-24,1787529600000,1787529600000,0,0,0,0,0,0,0,0,0
TSLA,250000000,partial_mint_failure,fixed_80,2026-08-31,1788134400000,1788739176000,291810,904564,-612754,74495,207268,1,28921,194266000,194114000
TSLA,250000000,partial_mint_failure,fixed_80,2026-09-07,1788739258000,1789154999000,-128990,2990981,-3119971,0,129961,0,20568,415823000,415823000
TSLA,250000000,partial_mint_failure,fixed_160,2026-07-27,1785196800000,1785196800000,0,0,0,0,0,0,0,0,0
TSLA,250000000,partial_mint_failure,fixed_160,2026-08-03,1785715200000,1785715200000,0,0,0,0,0,0,0,0,0
TSLA,250000000,partial_mint_failure,fixed_160,2026-08-10,1786320000000,1786320000000,0,0,0,0,0,0,0,0,0
TSLA,250000000,partial_mint_failure,fixed_160,2026-08-17,1786924800000,1786924800000,0,0,0,0,0,0,0,0,0
TSLA,250000000,partial_mint_failure,fixed_160,2026-08-24,1787529600000,1787529600000,0,0,0,0,0,0,0,0,0
TSLA,250000000,partial_mint_failure,fixed_160,2026-08-31,1788134400000,1788739176000,565694,904564,-338870,40483,207268,1,28921,194338000,194114000
TSLA,250000000,partial_mint_failure,fixed_160,2026-09-07,1788739258000,1789154999000,53203,2990981,-2937778,0,129961,0,20568,415823000,415823000
TSLA,250000000,partial_mint_failure,adaptive_width,2026-07-27,1785196800000,1785196800000,0,0,0,0,0,0,0,0,0
TSLA,250000000,partial_mint_failure,adaptive_width,2026-08-03,1785715200000,1785715200000,0,0,0,0,0,0,0,0,0
TSLA,250000000,partial_mint_failure,adaptive_width,2026-08-10,1786320000000,1786320000000,0,0,0,0,0,0,0,0,0
TSLA,250000000,partial_mint_failure,adaptive_width,2026-08-17,1786924800000,1786924800000,0,0,0,0,0,0,0,0,0
TSLA,250000000,partial_mint_failure,adaptive_width,2026-08-24,1787529600000,1787529600000,0,0,0,0,0,0,0,0,0
TSLA,250000000,partial_mint_failure,adaptive_width,2026-08-31,1788134400000,1788739176000,22845348,904564,21940784,34508200,6786409,28,28921,164453000,1278000
TSLA,250000000,partial_mint_failure,adaptive_width,2026-09-07,1788739258000,1789154999000,1120527,2990981,-1870454,22645067,9580933,39,20568,407086000,5032000
TSLA,250000000,partial_mint_failure,adaptive_economic,2026-07-27,1785196800000,1785196800000,0,0,0,0,0,0,0,0,0
TSLA,250000000,partial_mint_failure,adaptive_economic,2026-08-03,1785715200000,1785715200000,0,0,0,0,0,0,0,0,0
TSLA,250000000,partial_mint_failure,adaptive_economic,2026-08-10,1786320000000,1786320000000,0,0,0,0,0,0,0,0,0
TSLA,250000000,partial_mint_failure,adaptive_economic,2026-08-17,1786924800000,1786924800000,0,0,0,0,0,0,0,0,0
TSLA,250000000,partial_mint_failure,adaptive_economic,2026-08-24,1787529600000,1787529600000,0,0,0,0,0,0,0,0,0
TSLA,250000000,partial_mint_failure,adaptive_economic,2026-08-31,1788134400000,1788739176000,4484545,904564,3579981,4603066,207268,1,28921,170166000,156725000
TSLA,250000000,partial_mint_failure,adaptive_economic,2026-09-07,1788739258000,1789154999000,1284129,2990981,-1706852,1338320,129961,0,20568,415823000,401430000
