session,allocation,budget,horizonMinutes,profile,guards,startAt,endAt,net,pnl,hold,alpha,fees,gas,maxExposurePpm,outsideSeconds,holdingSeconds,exitReason,exitAt,exitTick,error,baselineNet,delta,baselineExitReason,baselineFees,baselineHoldingSeconds,baselineOutsideSeconds
5,550000,1000000000,30,recorded_session,inventory_only,2026-09-08T09:01:35.000Z,2026-09-08T09:32:17.000Z,999420225,-579775,999782240,-362015,459818,869274,362226,0,1842,,,,,999550879,-130654,,668171,1842,0
5,550000,1000000000,30,recorded_session,legacy_checkpoints,2026-09-08T09:01:35.000Z,2026-09-08T09:32:17.000Z,999420225,-579775,999782240,-362015,459818,869274,362226,0,1842,,,,,999550879,-130654,,668171,1842,0
5,550000,1000000000,30,fresh55_common,inventory_only,2026-09-08T09:01:35.000Z,2026-09-08T09:32:17.000Z,999844302,-155698,999859001,-14699,459818,445197,362073,0,1842,,,,,999974956,-130654,,668171,1842,0
5,550000,1000000000,30,fresh55_common,legacy_checkpoints,2026-09-08T09:01:35.000Z,2026-09-08T09:32:17.000Z,999844302,-155698,999859001,-14699,459818,445197,362073,0,1842,,,,,999974956,-130654,,668171,1842,0
5,550000,1000000000,120,recorded_session,inventory_only,2026-09-08T09:01:35.000Z,2026-09-08T11:02:25.000Z,999811858,-188142,1000084157,-272299,615260,869274,362226,4611,7250,,,,,1000120681,-308823,,894097,7250,4611
5,550000,1000000000,120,recorded_session,legacy_checkpoints,2026-09-08T09:01:35.000Z,2026-09-08T11:02:25.000Z,999757571,-242429,1000084157,-326586,545187,869274,362226,2581,4791,historical_guard,2026-09-08T10:21:26.000Z,221858,,1000042402,-284831,historical_guard,792249,4791,2581
5,550000,1000000000,120,fresh55_common,inventory_only,2026-09-08T09:01:35.000Z,2026-09-08T11:02:25.000Z,1000235935,235935,1000160918,75017,615260,445197,362073,4611,7250,,,,,1000544758,-308823,,894097,7250,4611
5,550000,1000000000,120,fresh55_common,legacy_checkpoints,2026-09-08T09:01:35.000Z,2026-09-08T11:02:25.000Z,1000181648,181648,1000160918,20730,545187,445197,362073,2581,4791,historical_guard,2026-09-08T10:21:26.000Z,221858,,1000466479,-284831,historical_guard,792249,4791,2581
5,550000,1000000000,360,recorded_session,inventory_only,2026-09-08T09:01:35.000Z,2026-09-08T15:02:06.000Z,993125085,-6874915,996407385,-3282300,2019117,869274,550276,15181,21631,,,,,1000783386,-7658301,inventory_cap,2806123,16901,10574
5,550000,1000000000,360,recorded_session,legacy_checkpoints,2026-09-08T09:01:35.000Z,2026-09-08T15:02:06.000Z,999757571,-242429,996407385,3350186,545187,869274,362226,2581,4791,historical_guard,2026-09-08T10:21:26.000Z,221858,,1000042402,-284831,historical_guard,792249,4791,2581
5,550000,1000000000,360,fresh55_common,inventory_only,2026-09-08T09:01:35.000Z,2026-09-08T15:02:06.000Z,993549162,-6450838,996484146,-2934984,2019117,445197,550043,15181,21631,,,,,1001207463,-7658301,inventory_cap,2806123,16901,10574
5,550000,1000000000,360,fresh55_common,legacy_checkpoints,2026-09-08T09:01:35.000Z,2026-09-08T15:02:06.000Z,1000181648,181648,996484146,3697502,545187,445197,362073,2581,4791,historical_guard,2026-09-08T10:21:26.000Z,221858,,1000466479,-284831,historical_guard,792249,4791,2581
6,550000,1000043983,30,recorded_session,inventory_only,2026-09-08T11:59:46.000Z,2026-09-08T12:30:27.000Z,999329053,-714930,999945665,-616612,200505,835229,316928,0,1841,,,,,999383249,-54196,,291415,1841,0
6,550000,1000043983,30,recorded_session,legacy_checkpoints,2026-09-08T11:59:46.000Z,2026-09-08T12:30:27.000Z,999329053,-714930,999945665,-616612,200505,835229,316928,0,1841,,,,,999383249,-54196,,291415,1841,0
6,550000,1000043983,30,fresh55_common,inventory_only,2026-09-08T11:59:46.000Z,2026-09-08T12:30:27.000Z,999719085,-324898,1000016366,-297281,200505,445197,316804,0,1841,,,,,999773281,-54196,,291415,1841,0
6,550000,1000043983,30,fresh55_common,legacy_checkpoints,2026-09-08T11:59:46.000Z,2026-09-08T12:30:27.000Z,999719085,-324898,1000016366,-297281,200505,445197,316804,0,1841,,,,,999773281,-54196,,291415,1841,0
6,550000,1000043983,120,recorded_session,inventory_only,2026-09-08T11:59:46.000Z,2026-09-08T14:00:39.000Z,995310410,-4733573,997489444,-2179034,677247,835229,549573,4430,7253,,,,,997547354,-2236944,inventory_cap,984009,5842,3019
6,550000,1000043983,120,recorded_session,legacy_checkpoints,2026-09-08T11:59:46.000Z,2026-09-08T14:00:39.000Z,999729917,-314066,997489444,2240473,335971,835229,316928,862,3623,historical_guard,2026-09-08T13:00:09.000Z,221840,,999966796,-236879,historical_guard,488302,3623,862
6,550000,1000043983,120,fresh55_common,inventory_only,2026-09-08T11:59:46.000Z,2026-09-08T14:00:39.000Z,995700442,-4343541,997560145,-1859703,677247,445197,549358,4430,7253,,,,,997937386,-2236944,inventory_cap,984009,5842,3019
6,550000,1000043983,120,fresh55_common,legacy_checkpoints,2026-09-08T11:59:46.000Z,2026-09-08T14:00:39.000Z,1000119949,75966,997560145,2559804,335971,445197,316804,862,3623,historical_guard,2026-09-08T13:00:09.000Z,221840,,1000356828,-236879,historical_guard,488302,3623,862
6,550000,1000043983,360,recorded_session,inventory_only,2026-09-08T11:59:46.000Z,2026-09-08T18:00:16.000Z,986465941,-13578042,992974360,-6508419,677247,835229,549573,18807,21630,,,,,997547354,-11081413,inventory_cap,984009,5842,3019
6,550000,1000043983,360,recorded_session,legacy_checkpoints,2026-09-08T11:59:46.000Z,2026-09-08T18:00:16.000Z,999729917,-314066,992974360,6755557,335971,835229,316928,862,3623,historical_guard,2026-09-08T13:00:09.000Z,221840,,999966796,-236879,historical_guard,488302,3623,862
6,550000,1000043983,360,fresh55_common,inventory_only,2026-09-08T11:59:46.000Z,2026-09-08T18:00:16.000Z,986855973,-13188010,993045061,-6189088,677247,445197,549358,18807,21630,,,,,997937386,-11081413,inventory_cap,984009,5842,3019
6,550000,1000043983,360,fresh55_common,legacy_checkpoints,2026-09-08T11:59:46.000Z,2026-09-08T18:00:16.000Z,1000119949,75966,993045061,7074888,335971,445197,316804,862,3623,historical_guard,2026-09-08T13:00:09.000Z,221840,,1000356828,-236879,historical_guard,488302,3623,862
7,550000,999967410,30,recorded_session,inventory_only,2026-09-08T13:12:25.000Z,2026-09-08T13:43:16.000Z,995977770,-3989640,997658225,-1680455,778723,816984,543871,554,1851,,,,,995133038,844732,inventory_cap,1132302,1421,124
7,550000,999967410,30,recorded_session,legacy_checkpoints,2026-09-08T13:12:25.000Z,2026-09-08T13:43:16.000Z,995977770,-3989640,997658225,-1680455,778723,816984,543871,554,1851,,,,,995133038,844732,inventory_cap,1132302,1421,124
7,550000,999967410,30,fresh55_common,inventory_only,2026-09-08T13:12:25.000Z,2026-09-08T13:43:16.000Z,996349557,-3617853,997725767,-1376210,778723,445197,543668,554,1851,,,,,995504825,844732,inventory_cap,1132302,1421,124
7,550000,999967410,30,fresh55_common,legacy_checkpoints,2026-09-08T13:12:25.000Z,2026-09-08T13:43:16.000Z,996349557,-3617853,997725767,-1376210,778723,445197,543668,554,1851,,,,,995504825,844732,inventory_cap,1132302,1421,124
7,550000,999967410,120,recorded_session,inventory_only,2026-09-08T13:12:25.000Z,2026-09-08T15:13:20.000Z,989229050,-10738360,994033207,-4804157,778723,816984,543871,5958,7255,,,,,995133038,-5903988,inventory_cap,1132302,1421,124
7,550000,999967410,120,recorded_session,legacy_checkpoints,2026-09-08T13:12:25.000Z,2026-09-08T15:13:20.000Z,989229050,-10738360,994033207,-4804157,778723,816984,543871,5958,7255,,,,,995133038,-5903988,inventory_cap,1132302,1421,124
7,550000,999967410,120,fresh55_common,inventory_only,2026-09-08T13:12:25.000Z,2026-09-08T15:13:20.000Z,989600837,-10366573,994100749,-4499912,778723,445197,543668,5958,7255,,,,,995504825,-5903988,inventory_cap,1132302,1421,124
7,550000,999967410,120,fresh55_common,legacy_checkpoints,2026-09-08T13:12:25.000Z,2026-09-08T15:13:20.000Z,989600837,-10366573,994100749,-4499912,778723,445197,543668,5958,7255,,,,,995504825,-5903988,inventory_cap,1132302,1421,124
7,550000,999967410,360,recorded_session,inventory_only,2026-09-08T13:12:25.000Z,2026-09-08T19:14:55.000Z,984350316,-15617094,991412621,-7062305,778723,816984,543871,20453,21750,,,,,995133038,-10782722,inventory_cap,1132302,1421,124
7,550000,999967410,360,recorded_session,legacy_checkpoints,2026-09-08T13:12:25.000Z,2026-09-08T19:14:55.000Z,987581736,-12385674,991412621,-3830885,778723,816984,543871,7125,8422,historical_guard,2026-09-08T15:32:47.000Z,222067,,995133038,-7551302,inventory_cap,1132302,1421,124
7,550000,999967410,360,fresh55_common,inventory_only,2026-09-08T13:12:25.000Z,2026-09-08T19:14:55.000Z,984722103,-15245307,991480163,-6758060,778723,445197,543668,20453,21750,,,,,995504825,-10782722,inventory_cap,1132302,1421,124
7,550000,999967410,360,fresh55_common,legacy_checkpoints,2026-09-08T13:12:25.000Z,2026-09-08T19:14:55.000Z,987953523,-12013887,991480163,-3526640,778723,445197,543668,7125,8422,historical_guard,2026-09-08T15:32:47.000Z,222067,,995504825,-7551302,inventory_cap,1132302,1421,124
8,550000,995136631,30,recorded_session,inventory_only,2026-09-08T14:25:17.000Z,2026-09-08T14:56:00.000Z,993219074,-1917557,994134207,-915133,38274,854380,269696,1471,1843,,,,,992734453,484621,,55679,1843,1471
8,550000,995136631,30,recorded_session,legacy_checkpoints,2026-09-08T14:25:17.000Z,2026-09-08T14:56:00.000Z,993219074,-1917557,994134207,-915133,38274,854380,269696,1471,1843,,,,,992734453,484621,,55679,1843,1471
8,550000,995136631,30,fresh55_common,inventory_only,2026-09-08T14:25:17.000Z,2026-09-08T14:56:00.000Z,993628257,-1508374,994204048,-575791,38274,445197,269585,1471,1843,,,,,993143636,484621,,55679,1843,1471
8,550000,995136631,30,fresh55_common,legacy_checkpoints,2026-09-08T14:25:17.000Z,2026-09-08T14:56:00.000Z,993628257,-1508374,994204048,-575791,38274,445197,269585,1471,1843,,,,,993143636,484621,,55679,1843,1471
8,550000,995136631,120,recorded_session,inventory_only,2026-09-08T14:25:17.000Z,2026-09-08T16:26:05.000Z,991654875,-3481756,992785023,-1130148,38274,854380,269696,6876,7248,,,,,990458135,1196740,,55679,7248,6876
8,550000,995136631,120,recorded_session,legacy_checkpoints,2026-09-08T14:25:17.000Z,2026-09-08T16:26:05.000Z,992676044,-2460587,992785023,-108979,38274,854380,269696,3678,4050,historical_guard,2026-09-08T15:32:47.000Z,222067,,991944222,731822,historical_guard,55679,4050,3678
8,550000,995136631,120,fresh55_common,inventory_only,2026-09-08T14:25:17.000Z,2026-09-08T16:26:05.000Z,992064058,-3072573,992854864,-790806,38274,445197,269585,6876,7248,,,,,990867318,1196740,,55679,7248,6876
8,550000,995136631,120,fresh55_common,legacy_checkpoints,2026-09-08T14:25:17.000Z,2026-09-08T16:26:05.000Z,993085227,-2051404,992854864,230363,38274,445197,269585,3678,4050,historical_guard,2026-09-08T15:32:47.000Z,222067,,992353405,731822,historical_guard,55679,4050,3678
8,550000,995136631,360,recorded_session,inventory_only,2026-09-08T14:25:17.000Z,2026-09-08T20:25:42.000Z,991228700,-3907931,992417401,-1188701,38274,854380,269696,21253,21625,,,,,989837962,1390738,,55679,21625,21253
8,550000,995136631,360,recorded_session,legacy_checkpoints,2026-09-08T14:25:17.000Z,2026-09-08T20:25:42.000Z,992676044,-2460587,992417401,258643,38274,854380,269696,3678,4050,historical_guard,2026-09-08T15:32:47.000Z,222067,,991944222,731822,historical_guard,55679,4050,3678
8,550000,995136631,360,fresh55_common,inventory_only,2026-09-08T14:25:17.000Z,2026-09-08T20:25:42.000Z,991637883,-3498748,992487242,-849359,38274,445197,269585,21253,21625,,,,,990247145,1390738,,55679,21625,21253
8,550000,995136631,360,fresh55_common,legacy_checkpoints,2026-09-08T14:25:17.000Z,2026-09-08T20:25:42.000Z,993085227,-2051404,992487242,597985,38274,445197,269585,3678,4050,historical_guard,2026-09-08T15:32:47.000Z,222067,,992353405,731822,historical_guard,55679,4050,3678
9,550000,992872139,30,recorded_session,inventory_only,2026-09-08T15:23:32.000Z,2026-09-08T15:54:18.000Z,991785461,-1086678,992347499,-562038,320291,815510,360808,62,1846,,,,,991661067,124394,,465920,1846,62
9,550000,992872139,30,recorded_session,legacy_checkpoints,2026-09-08T15:23:32.000Z,2026-09-08T15:54:18.000Z,992015647,-856492,992347499,-331852,71511,815510,296594,0,555,historical_guard,2026-09-08T15:32:47.000Z,222067,,991996393,19254,historical_guard,104026,555,0
9,550000,992872139,30,fresh55_common,inventory_only,2026-09-08T15:23:32.000Z,2026-09-08T15:54:18.000Z,992155774,-716365,992414914,-259140,320291,445197,360674,62,1846,,,,,992031380,124394,,465920,1846,62
9,550000,992872139,30,fresh55_common,legacy_checkpoints,2026-09-08T15:23:32.000Z,2026-09-08T15:54:18.000Z,992385960,-486179,992414914,-28954,71511,445197,296483,0,555,historical_guard,2026-09-08T15:32:47.000Z,222067,,992366706,19254,historical_guard,104026,555,0
9,550000,992872139,120,recorded_session,inventory_only,2026-09-08T15:23:32.000Z,2026-09-08T17:24:28.000Z,990677939,-2194200,991438358,-760419,320291,815510,360808,5472,7256,,,,,990049003,628936,,465920,7256,5472
9,550000,992872139,120,recorded_session,legacy_checkpoints,2026-09-08T15:23:32.000Z,2026-09-08T17:24:28.000Z,992015647,-856492,991438358,577289,71511,815510,296594,0,555,historical_guard,2026-09-08T15:32:47.000Z,222067,,991996393,19254,historical_guard,104026,555,0
9,550000,992872139,120,fresh55_common,inventory_only,2026-09-08T15:23:32.000Z,2026-09-08T17:24:28.000Z,991048252,-1823887,991505773,-457521,320291,445197,360674,5472,7256,,,,,990419316,628936,,465920,7256,5472
9,550000,992872139,120,fresh55_common,legacy_checkpoints,2026-09-08T15:23:32.000Z,2026-09-08T17:24:28.000Z,992385960,-486179,991505773,880187,71511,445197,296483,0,555,historical_guard,2026-09-08T15:32:47.000Z,222067,,992366706,19254,historical_guard,104026,555,0
9,550000,992872139,360,recorded_session,inventory_only,2026-09-08T15:23:32.000Z,2026-09-08T21:24:04.000Z,990282291,-2589848,991113423,-831132,320291,815510,360808,19848,21632,,,,,989473241,809050,,465920,21632,19848
9,550000,992872139,360,recorded_session,legacy_checkpoints,2026-09-08T15:23:32.000Z,2026-09-08T21:24:04.000Z,992015647,-856492,991113423,902224,71511,815510,296594,0,555,historical_guard,2026-09-08T15:32:47.000Z,222067,,991996393,19254,historical_guard,104026,555,0
9,550000,992872139,360,fresh55_common,inventory_only,2026-09-08T15:23:32.000Z,2026-09-08T21:24:04.000Z,990652604,-2219535,991180838,-528234,320291,445197,360674,19848,21632,,,,,989843554,809050,,465920,21632,19848
9,550000,992872139,360,fresh55_common,legacy_checkpoints,2026-09-08T15:23:32.000Z,2026-09-08T21:24:04.000Z,992385960,-486179,991180838,1205122,71511,445197,296483,0,555,historical_guard,2026-09-08T15:32:47.000Z,222067,,992366706,19254,historical_guard,104026,555,0
10,550000,991996569,30,recorded_session,inventory_only,2026-09-08T15:46:05.000Z,2026-09-08T16:16:53.000Z,989300788,-2695781,990490890,-1190102,94727,822428,448719,1417,1848,,,,,990034886,-734098,inventory_cap,105457,247,0
10,550000,991996569,30,recorded_session,legacy_checkpoints,2026-09-08T15:46:05.000Z,2026-09-08T16:16:53.000Z,989300788,-2695781,990490890,-1190102,94727,822428,448719,1417,1848,,,,,990034886,-734098,inventory_cap,105457,247,0
10,550000,991996569,30,fresh55_common,inventory_only,2026-09-08T15:46:05.000Z,2026-09-08T16:16:53.000Z,989678019,-2318550,990560678,-882659,94727,445197,448548,1417,1848,,,,,990412117,-734098,inventory_cap,105457,247,0
10,550000,991996569,30,fresh55_common,legacy_checkpoints,2026-09-08T15:46:05.000Z,2026-09-08T16:16:53.000Z,989678019,-2318550,990560678,-882659,94727,445197,448548,1417,1848,,,,,990412117,-734098,inventory_cap,105457,247,0
10,550000,991996569,120,recorded_session,inventory_only,2026-09-08T15:46:05.000Z,2026-09-08T17:47:00.000Z,989197540,-2799029,990415516,-1217976,94727,822428,448719,6824,7255,,,,,990034886,-837346,inventory_cap,105457,247,0
10,550000,991996569,120,recorded_session,legacy_checkpoints,2026-09-08T15:46:05.000Z,2026-09-08T17:47:00.000Z,989197540,-2799029,990415516,-1217976,94727,822428,448719,6824,7255,,,,,990034886,-837346,inventory_cap,105457,247,0
10,550000,991996569,120,fresh55_common,inventory_only,2026-09-08T15:46:05.000Z,2026-09-08T17:47:00.000Z,989574771,-2421798,990485304,-910533,94727,445197,448548,6824,7255,,,,,990412117,-837346,inventory_cap,105457,247,0
10,550000,991996569,120,fresh55_common,legacy_checkpoints,2026-09-08T15:46:05.000Z,2026-09-08T17:47:00.000Z,989574771,-2421798,990485304,-910533,94727,445197,448548,6824,7255,,,,,990412117,-837346,inventory_cap,105457,247,0
10,550000,991996569,360,recorded_session,inventory_only,2026-09-08T15:46:05.000Z,2026-09-08T21:46:37.000Z,988385142,-3611427,989823988,-1438846,94727,822428,448719,21201,21632,,,,,990034886,-1649744,inventory_cap,105457,247,0
10,550000,991996569,360,recorded_session,legacy_checkpoints,2026-09-08T15:46:05.000Z,2026-09-08T21:46:37.000Z,989149422,-2847147,989823988,-674566,94727,822428,448719,9029,9460,historical_guard,2026-09-08T18:23:45.000Z,222109,,990034886,-885464,inventory_cap,105457,247,0
10,550000,991996569,360,fresh55_common,inventory_only,2026-09-08T15:46:05.000Z,2026-09-08T21:46:37.000Z,988762373,-3234196,989893776,-1131403,94727,445197,448548,21201,21632,,,,,990412117,-1649744,inventory_cap,105457,247,0
10,550000,991996569,360,fresh55_common,legacy_checkpoints,2026-09-08T15:46:05.000Z,2026-09-08T21:46:37.000Z,989526653,-2469916,989893776,-367123,94727,445197,448548,9029,9460,historical_guard,2026-09-08T18:23:45.000Z,222109,,990412117,-885464,inventory_cap,105457,247,0
11,550000,990035106,30,recorded_session,inventory_only,2026-09-08T16:04:32.000Z,2026-09-08T16:35:18.000Z,988983671,-1051435,989319103,-335432,877920,835638,525706,0,1846,,,,,988550768,432903,inventory_cap,623817,802,0
11,550000,990035106,30,recorded_session,legacy_checkpoints,2026-09-08T16:04:32.000Z,2026-09-08T16:35:18.000Z,988983671,-1051435,989319103,-335432,877920,835638,525706,0,1846,,,,,988550768,432903,inventory_cap,623817,802,0
11,550000,990035106,30,fresh55_common,inventory_only,2026-09-08T16:04:32.000Z,2026-09-08T16:35:18.000Z,989374112,-660994,989392089,-17977,877920,445197,525498,0,1846,,,,,988941209,432903,inventory_cap,623817,802,0
11,550000,990035106,30,fresh55_common,legacy_checkpoints,2026-09-08T16:04:32.000Z,2026-09-08T16:35:18.000Z,989374112,-660994,989392089,-17977,877920,445197,525498,0,1846,,,,,988941209,432903,inventory_cap,623817,802,0
11,550000,990035106,120,recorded_session,inventory_only,2026-09-08T16:04:32.000Z,2026-09-08T18:05:24.000Z,989467950,-567156,989134231,333719,1811784,835638,532090,1289,7252,,,,,988550768,917182,inventory_cap,623817,802,0
11,550000,990035106,120,recorded_session,legacy_checkpoints,2026-09-08T16:04:32.000Z,2026-09-08T18:05:24.000Z,989467950,-567156,989134231,333719,1811784,835638,532090,1289,7252,,,,,988550768,917182,inventory_cap,623817,802,0
11,550000,990035106,120,fresh55_common,inventory_only,2026-09-08T16:04:32.000Z,2026-09-08T18:05:24.000Z,989858391,-176715,989207217,651174,1811784,445197,531880,1289,7252,,,,,988941209,917182,inventory_cap,623817,802,0
11,550000,990035106,120,fresh55_common,legacy_checkpoints,2026-09-08T16:04:32.000Z,2026-09-08T18:05:24.000Z,989858391,-176715,989207217,651174,1811784,445197,531880,1289,7252,,,,,988941209,917182,inventory_cap,623817,802,0
11,550000,990035106,360,recorded_session,inventory_only,2026-09-08T16:04:32.000Z,2026-09-08T22:05:04.000Z,989415727,-619379,988964324,451403,2161281,835638,532090,14626,21632,,,,,988550768,864959,inventory_cap,623817,802,0
11,550000,990035106,360,recorded_session,legacy_checkpoints,2026-09-08T16:04:32.000Z,2026-09-08T22:05:04.000Z,989789281,-245825,988964324,824957,1813652,835638,532090,2390,8353,historical_guard,2026-09-08T18:23:45.000Z,222109,,988550768,1238513,inventory_cap,623817,802,0
11,550000,990035106,360,fresh55_common,inventory_only,2026-09-08T16:04:32.000Z,2026-09-08T22:05:04.000Z,989806168,-228938,989037310,768858,2161281,445197,531880,14626,21632,,,,,988941209,864959,inventory_cap,623817,802,0
11,550000,990035106,360,fresh55_common,legacy_checkpoints,2026-09-08T16:04:32.000Z,2026-09-08T22:05:04.000Z,990179722,144616,989037310,1142412,1813652,445197,531880,2390,8353,historical_guard,2026-09-08T18:23:45.000Z,222109,,988941209,1238513,inventory_cap,623817,802,0
12,550000,988551911,30,recorded_session,inventory_only,2026-09-08T16:30:11.000Z,2026-09-08T17:00:55.000Z,987980919,-570992,988237796,-256877,563652,821152,275086,0,1844,,,,,988092793,-111874,,818748,1844,0
12,550000,988551911,30,recorded_session,legacy_checkpoints,2026-09-08T16:30:11.000Z,2026-09-08T17:00:55.000Z,987980919,-570992,988237796,-256877,563652,821152,275086,0,1844,,,,,988092793,-111874,,818748,1844,0
12,550000,988551911,30,fresh55_common,inventory_only,2026-09-08T16:30:11.000Z,2026-09-08T17:00:55.000Z,988356874,-195037,988304207,52667,563652,445197,274982,0,1844,,,,,988468748,-111874,,818748,1844,0
12,550000,988551911,30,fresh55_common,legacy_checkpoints,2026-09-08T16:30:11.000Z,2026-09-08T17:00:55.000Z,988356874,-195037,988304207,52667,563652,445197,274982,0,1844,,,,,988468748,-111874,,818748,1844,0
12,550000,988551911,120,recorded_session,inventory_only,2026-09-08T16:30:11.000Z,2026-09-08T18:30:55.000Z,989061401,509490,988273137,788264,1596091,821152,399679,0,7244,,,,,989662576,-601175,,2318567,7244,0
12,550000,988551911,120,recorded_session,legacy_checkpoints,2026-09-08T16:30:11.000Z,2026-09-08T18:30:55.000Z,988965778,413867,988273137,692641,1544357,821152,399679,0,6814,historical_guard,2026-09-08T18:23:45.000Z,222109,,989523523,-557745,historical_guard,2243410,6814,0
12,550000,988551911,120,fresh55_common,inventory_only,2026-09-08T16:30:11.000Z,2026-09-08T18:30:55.000Z,989437356,885445,988339548,1097808,1596091,445197,399527,0,7244,,,,,990038531,-601175,,2318567,7244,0
12,550000,988551911,120,fresh55_common,legacy_checkpoints,2026-09-08T16:30:11.000Z,2026-09-08T18:30:55.000Z,989341733,789822,988339548,1002185,1544357,445197,399527,0,6814,historical_guard,2026-09-08T18:23:45.000Z,222109,,989899478,-557745,historical_guard,2243410,6814,0
12,550000,988551911,360,recorded_session,inventory_only,2026-09-08T16:30:11.000Z,2026-09-08T22:30:34.000Z,990671056,2119145,987946840,2724216,3760617,821152,550197,1601,21623,,,,,989511960,1159096,inventory_cap,3120911,8410,0
12,550000,988551911,360,recorded_session,legacy_checkpoints,2026-09-08T16:30:11.000Z,2026-09-08T22:30:34.000Z,988965778,413867,987946840,1018938,1544357,821152,399679,0,6814,historical_guard,2026-09-08T18:23:45.000Z,222109,,989523523,-557745,historical_guard,2243410,6814,0
12,550000,988551911,360,fresh55_common,inventory_only,2026-09-08T16:30:11.000Z,2026-09-08T22:30:34.000Z,991047011,2495100,988013251,3033760,3760617,445197,549988,1601,21623,,,,,989887915,1159096,inventory_cap,3120911,8410,0
12,550000,988551911,360,fresh55_common,legacy_checkpoints,2026-09-08T16:30:11.000Z,2026-09-08T22:30:34.000Z,989341733,789822,988013251,1328482,1544357,445197,399527,0,6814,historical_guard,2026-09-08T18:23:45.000Z,222109,,989899478,-557745,historical_guard,2243410,6814,0
13,550000,989511551,30,recorded_session,inventory_only,2026-09-08T18:37:02.000Z,2026-09-08T19:07:43.000Z,988577894,-933657,988860122,-282228,822314,823409,494945,0,1841,,,,,988013211,564683,inventory_cap,699988,799,0
13,550000,989511551,30,recorded_session,legacy_checkpoints,2026-09-08T18:37:02.000Z,2026-09-08T19:07:43.000Z,988598297,-913254,988860122,-261825,549820,823409,494945,0,1106,historical_guard,2026-09-08T18:55:28.000Z,222117,,988555587,42710,inventory_cap,798823,1106,0
13,550000,989511551,30,fresh55_common,inventory_only,2026-09-08T18:37:02.000Z,2026-09-08T19:07:43.000Z,988956106,-555445,988928168,27938,822314,445197,494756,0,1841,,,,,988391423,564683,inventory_cap,699988,799,0
13,550000,989511551,30,fresh55_common,legacy_checkpoints,2026-09-08T18:37:02.000Z,2026-09-08T19:07:43.000Z,988976509,-535042,988928168,48341,549820,445197,494756,0,1106,historical_guard,2026-09-08T18:55:28.000Z,222117,,988933799,42710,inventory_cap,798823,1106,0
13,550000,989511551,120,recorded_session,inventory_only,2026-09-08T18:37:02.000Z,2026-09-08T20:38:00.000Z,989121589,-389962,988821242,300347,1456450,823409,550274,1601,7258,,,,,988013211,1108378,inventory_cap,699988,799,0
13,550000,989511551,120,recorded_session,legacy_checkpoints,2026-09-08T18:37:02.000Z,2026-09-08T20:38:00.000Z,988598297,-913254,988821242,-222945,549820,823409,494945,0,1106,historical_guard,2026-09-08T18:55:28.000Z,222117,,988555587,42710,inventory_cap,798823,1106,0
13,550000,989511551,120,fresh55_common,inventory_only,2026-09-08T18:37:02.000Z,2026-09-08T20:38:00.000Z,989499801,-11750,988889288,610513,1456450,445197,550064,1601,7258,,,,,988391423,1108378,inventory_cap,699988,799,0
13,550000,989511551,120,fresh55_common,legacy_checkpoints,2026-09-08T18:37:02.000Z,2026-09-08T20:38:00.000Z,988976509,-535042,988889288,87221,549820,445197,494756,0,1106,historical_guard,2026-09-08T18:55:28.000Z,222117,,988933799,42710,inventory_cap,798823,1106,0
13,550000,989511551,360,recorded_session,inventory_only,2026-09-08T18:37:02.000Z,2026-09-09T00:37:34.000Z,990229471,717920,988797528,1431943,2621570,823409,550274,2587,21632,,,,,988013211,2216260,inventory_cap,699988,799,0
13,550000,989511551,360,recorded_session,legacy_checkpoints,2026-09-08T18:37:02.000Z,2026-09-09T00:37:34.000Z,988598297,-913254,988797528,-199231,549820,823409,494945,0,1106,historical_guard,2026-09-08T18:55:28.000Z,222117,,988555587,42710,inventory_cap,798823,1106,0
13,550000,989511551,360,fresh55_common,inventory_only,2026-09-08T18:37:02.000Z,2026-09-09T00:37:34.000Z,990607683,1096132,988865574,1742109,2621570,445197,550064,2587,21632,,,,,988391423,2216260,inventory_cap,699988,799,0
13,550000,989511551,360,fresh55_common,legacy_checkpoints,2026-09-08T18:37:02.000Z,2026-09-09T00:37:34.000Z,988976509,-535042,988865574,110935,549820,445197,494756,0,1106,historical_guard,2026-09-08T18:55:28.000Z,222117,,988933799,42710,inventory_cap,798823,1106,0
14,550000,988618471,30,recorded_session,inventory_only,2026-09-08T19:08:45.000Z,2026-09-08T19:39:32.000Z,987817090,-801381,988354594,-537504,290719,814757,475488,0,1847,,,,,986819195,997895,inventory_cap,157880,617,0
14,550000,988618471,30,recorded_session,legacy_checkpoints,2026-09-08T19:08:45.000Z,2026-09-08T19:39:32.000Z,987128081,-1490390,988354594,-1226513,108723,814757,475488,0,617,historical_guard,2026-09-08T19:19:02.000Z,222133,,986819195,308886,historical_guard,157880,617,0
14,550000,988618471,30,fresh55_common,inventory_only,2026-09-08T19:08:45.000Z,2026-09-08T19:39:32.000Z,988186650,-431821,988420982,-234332,290719,445197,475311,0,1847,,,,,987188755,997895,inventory_cap,157880,617,0
14,550000,988618471,30,fresh55_common,legacy_checkpoints,2026-09-08T19:08:45.000Z,2026-09-08T19:39:32.000Z,987497641,-1120830,988420982,-923341,108723,445197,475311,0,617,historical_guard,2026-09-08T19:19:02.000Z,222133,,987188755,308886,historical_guard,157880,617,0
14,550000,988618471,120,recorded_session,inventory_only,2026-09-08T19:08:45.000Z,2026-09-08T21:09:42.000Z,988746806,128335,988336575,410231,1241553,814757,550585,62,7257,,,,,986819195,1927611,inventory_cap,157880,617,0
14,550000,988618471,120,recorded_session,legacy_checkpoints,2026-09-08T19:08:45.000Z,2026-09-08T21:09:42.000Z,987128081,-1490390,988336575,-1208494,108723,814757,475488,0,617,historical_guard,2026-09-08T19:19:02.000Z,222133,,986819195,308886,historical_guard,157880,617,0
14,550000,988618471,120,fresh55_common,inventory_only,2026-09-08T19:08:45.000Z,2026-09-08T21:09:42.000Z,989116366,497895,988402963,713403,1241553,445197,550379,62,7257,,,,,987188755,1927611,inventory_cap,157880,617,0
14,550000,988618471,120,fresh55_common,legacy_checkpoints,2026-09-08T19:08:45.000Z,2026-09-08T21:09:42.000Z,987497641,-1120830,988402963,-905322,108723,445197,475311,0,617,historical_guard,2026-09-08T19:19:02.000Z,222133,,987188755,308886,historical_guard,157880,617,0
14,550000,988618471,360,recorded_session,inventory_only,2026-09-08T19:08:45.000Z,2026-09-09T01:09:19.000Z,990415198,1796727,988799734,1615464,2499832,814757,550585,62,21634,,,,,986819195,3596003,inventory_cap,157880,617,0
14,550000,988618471,360,recorded_session,legacy_checkpoints,2026-09-08T19:08:45.000Z,2026-09-09T01:09:19.000Z,987128081,-1490390,988799734,-1671653,108723,814757,475488,0,617,historical_guard,2026-09-08T19:19:02.000Z,222133,,986819195,308886,historical_guard,157880,617,0
14,550000,988618471,360,fresh55_common,inventory_only,2026-09-08T19:08:45.000Z,2026-09-09T01:09:19.000Z,990784758,2166287,988866122,1918636,2499832,445197,550379,62,21634,,,,,987188755,3596003,inventory_cap,157880,617,0
14,550000,988618471,360,fresh55_common,legacy_checkpoints,2026-09-08T19:08:45.000Z,2026-09-09T01:09:19.000Z,987497641,-1120830,988866122,-1368481,108723,445197,475311,0,617,historical_guard,2026-09-08T19:19:02.000Z,222133,,987188755,308886,historical_guard,157880,617,0
15,550000,986819587,30,recorded_session,inventory_only,2026-09-08T19:31:20.000Z,2026-09-08T20:02:08.000Z,986619155,-200432,986891828,-272673,579544,832751,442976,0,1848,,,,,986011196,607959,inventory_cap,652101,1479,0
15,550000,986819587,30,recorded_session,legacy_checkpoints,2026-09-08T19:31:20.000Z,2026-09-08T20:02:08.000Z,986095549,-724038,986891828,-796279,78775,832751,296699,0,492,historical_guard,2026-09-08T19:39:32.000Z,222122,,986144674,-49125,historical_guard,114592,492,0
15,550000,986819587,30,fresh55_common,inventory_only,2026-09-08T19:31:20.000Z,2026-09-08T20:02:08.000Z,987006709,187122,986962714,43995,579544,445197,442803,0,1848,,,,,986398750,607959,inventory_cap,652101,1479,0
15,550000,986819587,30,fresh55_common,legacy_checkpoints,2026-09-08T19:31:20.000Z,2026-09-08T20:02:08.000Z,986483103,-336484,986962714,-479611,78775,445197,296582,0,492,historical_guard,2026-09-08T19:39:32.000Z,222122,,986532228,-49125,historical_guard,114592,492,0
15,550000,986819587,120,recorded_session,inventory_only,2026-09-08T19:31:20.000Z,2026-09-08T21:32:16.000Z,987083104,263517,986827712,255392,1090723,832751,442976,0,7256,,,,,986011196,1071908,inventory_cap,652101,1479,0
15,550000,986819587,120,recorded_session,legacy_checkpoints,2026-09-08T19:31:20.000Z,2026-09-08T21:32:16.000Z,986095549,-724038,986827712,-732163,78775,832751,296699,0,492,historical_guard,2026-09-08T19:39:32.000Z,222122,,986144674,-49125,historical_guard,114592,492,0
15,550000,986819587,120,fresh55_common,inventory_only,2026-09-08T19:31:20.000Z,2026-09-08T21:32:16.000Z,987470658,651071,986898598,572060,1090723,445197,442803,0,7256,,,,,986398750,1071908,inventory_cap,652101,1479,0
15,550000,986819587,120,fresh55_common,legacy_checkpoints,2026-09-08T19:31:20.000Z,2026-09-08T21:32:16.000Z,986483103,-336484,986898598,-415495,78775,445197,296582,0,492,historical_guard,2026-09-08T19:39:32.000Z,222122,,986532228,-49125,historical_guard,114592,492,0
15,550000,986819587,360,recorded_session,inventory_only,2026-09-08T19:31:20.000Z,2026-09-09T01:31:52.000Z,988443113,1623526,987198634,1244479,2259345,832751,442976,308,21632,,,,,986011196,2431917,inventory_cap,652101,1479,0
15,550000,986819587,360,recorded_session,legacy_checkpoints,2026-09-08T19:31:20.000Z,2026-09-09T01:31:52.000Z,986095549,-724038,987198634,-1103085,78775,832751,296699,0,492,historical_guard,2026-09-08T19:39:32.000Z,222122,,986144674,-49125,historical_guard,114592,492,0
15,550000,986819587,360,fresh55_common,inventory_only,2026-09-08T19:31:20.000Z,2026-09-09T01:31:52.000Z,988830667,2011080,987269520,1561147,2259345,445197,442803,308,21632,,,,,986398750,2431917,inventory_cap,652101,1479,0
15,550000,986819587,360,fresh55_common,legacy_checkpoints,2026-09-08T19:31:20.000Z,2026-09-09T01:31:52.000Z,986483103,-336484,987269520,-786417,78775,445197,296582,0,492,historical_guard,2026-09-08T19:39:32.000Z,222122,,986532228,-49125,historical_guard,114592,492,0
16,550000,986144946,30,recorded_session,inventory_only,2026-09-08T19:53:55.000Z,2026-09-08T20:24:42.000Z,985720279,-424667,986125506,-405227,412430,814751,493327,0,1847,,,,,984698632,1021647,inventory_cap,196023,124,0
16,550000,986144946,30,recorded_session,legacy_checkpoints,2026-09-08T19:53:55.000Z,2026-09-08T20:24:42.000Z,985720279,-424667,986125506,-405227,412430,814751,493327,0,1847,,,,,984698632,1021647,inventory_cap,196023,124,0
16,550000,986144946,30,fresh55_common,inventory_only,2026-09-08T19:53:55.000Z,2026-09-08T20:24:42.000Z,986089833,-55113,986192886,-103053,412430,445197,493142,0,1847,,,,,985068186,1021647,inventory_cap,196023,124,0
16,550000,986144946,30,fresh55_common,legacy_checkpoints,2026-09-08T19:53:55.000Z,2026-09-08T20:24:42.000Z,986089833,-55113,986192886,-103053,412430,445197,493142,0,1847,,,,,985068186,1021647,inventory_cap,196023,124,0
16,550000,986144946,120,recorded_session,inventory_only,2026-09-08T19:53:55.000Z,2026-09-08T21:54:50.000Z,986033496,-111450,985978835,54661,862676,814751,493327,0,7255,,,,,984698632,1334864,inventory_cap,196023,124,0
16,550000,986144946,120,recorded_session,legacy_checkpoints,2026-09-08T19:53:55.000Z,2026-09-08T21:54:50.000Z,985729249,-415697,985978835,-249586,415041,814751,493327,0,1907,historical_guard,2026-09-08T20:25:42.000Z,222121,,984698632,1030617,inventory_cap,196023,124,0
16,550000,986144946,120,fresh55_common,inventory_only,2026-09-08T19:53:55.000Z,2026-09-08T21:54:50.000Z,986403050,258104,986046215,356835,862676,445197,493142,0,7255,,,,,985068186,1334864,inventory_cap,196023,124,0
16,550000,986144946,120,fresh55_common,legacy_checkpoints,2026-09-08T19:53:55.000Z,2026-09-08T21:54:50.000Z,986098803,-46143,986046215,52588,415041,445197,493142,0,1907,historical_guard,2026-09-08T20:25:42.000Z,222121,,985068186,1030617,inventory_cap,196023,124,0
16,550000,986144946,360,recorded_session,inventory_only,2026-09-08T19:53:55.000Z,2026-09-09T01:54:27.000Z,987544701,1399755,986582564,962137,2019102,814751,493327,1353,21632,,,,,984698632,2846069,inventory_cap,196023,124,0
16,550000,986144946,360,recorded_session,legacy_checkpoints,2026-09-08T19:53:55.000Z,2026-09-09T01:54:27.000Z,985729249,-415697,986582564,-853315,415041,814751,493327,0,1907,historical_guard,2026-09-08T20:25:42.000Z,222121,,984698632,1030617,inventory_cap,196023,124,0
16,550000,986144946,360,fresh55_common,inventory_only,2026-09-08T19:53:55.000Z,2026-09-09T01:54:27.000Z,987914255,1769309,986649944,1264311,2019102,445197,493142,1353,21632,,,,,985068186,2846069,inventory_cap,196023,124,0
16,550000,986144946,360,fresh55_common,legacy_checkpoints,2026-09-08T19:53:55.000Z,2026-09-09T01:54:27.000Z,986098803,-46143,986649944,-551141,415041,445197,493142,0,1907,historical_guard,2026-09-08T20:25:42.000Z,222121,,985068186,1030617,inventory_cap,196023,124,0
17,550000,984699163,30,recorded_session,inventory_only,2026-09-08T20:10:19.000Z,2026-09-08T20:41:04.000Z,983626303,-1072860,984262604,-636301,243770,824001,360383,0,1845,,,,,983511769,114534,,354110,1845,0
17,550000,984699163,30,recorded_session,legacy_checkpoints,2026-09-08T20:10:19.000Z,2026-09-08T20:41:04.000Z,983647317,-1051846,984262604,-615287,117247,824001,306182,0,923,historical_guard,2026-09-08T20:25:42.000Z,222121,,983542755,104562,historical_guard,170315,923,0
17,550000,984699163,30,fresh55_common,inventory_only,2026-09-08T20:10:19.000Z,2026-09-08T20:41:04.000Z,984005107,-694056,984330465,-325358,243770,445197,360244,0,1845,,,,,983890573,114534,,354110,1845,0
17,550000,984699163,30,fresh55_common,legacy_checkpoints,2026-09-08T20:10:19.000Z,2026-09-08T20:41:04.000Z,984026121,-673042,984330465,-304344,117247,445197,306064,0,923,historical_guard,2026-09-08T20:25:42.000Z,222121,,983921559,104562,historical_guard,170315,923,0
17,550000,984699163,120,recorded_session,inventory_only,2026-09-08T20:10:19.000Z,2026-09-08T22:11:12.000Z,984175314,-523849,984330828,-155514,692108,824001,379681,0,7253,,,,,984309596,-134282,,1005411,7253,0
17,550000,984699163,120,recorded_session,legacy_checkpoints,2026-09-08T20:10:19.000Z,2026-09-08T22:11:12.000Z,983647317,-1051846,984330828,-683511,117247,824001,306182,0,923,historical_guard,2026-09-08T20:25:42.000Z,222121,,983542755,104562,historical_guard,170315,923,0
17,550000,984699163,120,fresh55_common,inventory_only,2026-09-08T20:10:19.000Z,2026-09-08T22:11:12.000Z,984554118,-145045,984398689,155429,692108,445197,379535,0,7253,,,,,984688400,-134282,,1005411,7253,0
17,550000,984699163,120,fresh55_common,legacy_checkpoints,2026-09-08T20:10:19.000Z,2026-09-08T22:11:12.000Z,984026121,-673042,984398689,-372568,117247,445197,306064,0,923,historical_guard,2026-09-08T20:25:42.000Z,222121,,983921559,104562,historical_guard,170315,923,0
17,550000,984699163,360,recorded_session,inventory_only,2026-09-08T20:10:19.000Z,2026-09-09T02:10:55.000Z,985938316,1239153,984729152,1209164,2035427,824001,476470,0,21636,,,,,984742840,1195476,inventory_cap,1826565,12959,0
17,550000,984699163,360,recorded_session,legacy_checkpoints,2026-09-08T20:10:19.000Z,2026-09-09T02:10:55.000Z,983647317,-1051846,984729152,-1081835,117247,824001,306182,0,923,historical_guard,2026-09-08T20:25:42.000Z,222121,,983542755,104562,historical_guard,170315,923,0
17,550000,984699163,360,fresh55_common,inventory_only,2026-09-08T20:10:19.000Z,2026-09-09T02:10:55.000Z,986317120,1617957,984797013,1520107,2035427,445197,476286,0,21636,,,,,985121644,1195476,inventory_cap,1826565,12959,0
17,550000,984699163,360,fresh55_common,legacy_checkpoints,2026-09-08T20:10:19.000Z,2026-09-09T02:10:55.000Z,984026121,-673042,984797013,-770892,117247,445197,306064,0,923,historical_guard,2026-09-08T20:25:42.000Z,222121,,983921559,104562,historical_guard,170315,923,0
18,550000,983543123,30,recorded_session,inventory_only,2026-09-08T20:38:00.000Z,2026-09-08T21:08:41.000Z,982627322,-915801,983288187,-660865,180778,824051,350943,0,1841,,,,,982584738,42584,,262970,1841,0
18,550000,983543123,30,recorded_session,legacy_checkpoints,2026-09-08T20:38:00.000Z,2026-09-08T21:08:41.000Z,982627322,-915801,983288187,-660865,180778,824051,350943,0,1841,,,,,982584738,42584,,262970,1841,0
18,550000,983543123,30,fresh55_common,inventory_only,2026-09-08T20:38:00.000Z,2026-09-08T21:08:41.000Z,983006176,-536947,983356479,-350303,180778,445197,350807,0,1841,,,,,982963592,42584,,262970,1841,0
18,550000,983543123,30,fresh55_common,legacy_checkpoints,2026-09-08T20:38:00.000Z,2026-09-08T21:08:41.000Z,983006176,-536947,983356479,-350303,180778,445197,350807,0,1841,,,,,982963592,42584,,262970,1841,0
18,550000,983543123,120,recorded_session,inventory_only,2026-09-08T20:38:00.000Z,2026-09-08T22:38:45.000Z,983184004,-359119,983331970,-147966,688965,824051,370559,0,7245,,,,,983394546,-210542,,1002171,7245,0
18,550000,983543123,120,recorded_session,legacy_checkpoints,2026-09-08T20:38:00.000Z,2026-09-08T22:38:45.000Z,983184004,-359119,983331970,-147966,688965,824051,370559,0,7245,,,,,983394546,-210542,,1002171,7245,0
18,550000,983543123,120,fresh55_common,inventory_only,2026-09-08T20:38:00.000Z,2026-09-08T22:38:45.000Z,983562858,19735,983400262,162596,688965,445197,370416,0,7245,,,,,983773400,-210542,,1002171,7245,0
18,550000,983543123,120,fresh55_common,legacy_checkpoints,2026-09-08T20:38:00.000Z,2026-09-08T22:38:45.000Z,983562858,19735,983400262,162596,688965,445197,370416,0,7245,,,,,983773400,-210542,,1002171,7245,0
18,550000,983543123,360,recorded_session,inventory_only,2026-09-08T20:38:00.000Z,2026-09-09T02:38:39.000Z,984879884,1336761,983798233,1081651,2007336,824051,468932,0,21639,,,,,983382842,1497042,inventory_cap,1537908,11420,0
18,550000,983543123,360,recorded_session,legacy_checkpoints,2026-09-08T20:38:00.000Z,2026-09-09T02:38:39.000Z,983142886,-400237,983798233,-655347,1106451,824051,446315,0,12097,historical_guard,2026-09-08T23:59:37.000Z,222132,,983382842,-239956,inventory_cap,1537908,11420,0
18,550000,983543123,360,fresh55_common,inventory_only,2026-09-08T20:38:00.000Z,2026-09-09T02:38:39.000Z,985258738,1715615,983866525,1392213,2007336,445197,468752,0,21639,,,,,983761696,1497042,inventory_cap,1537908,11420,0
18,550000,983543123,360,fresh55_common,legacy_checkpoints,2026-09-08T20:38:00.000Z,2026-09-09T02:38:39.000Z,983521740,-21383,983866525,-344785,1106451,445197,446143,0,12097,historical_guard,2026-09-08T23:59:37.000Z,222132,,983761696,-239956,inventory_cap,1537908,11420,0
19,550000,982735585,30,recorded_session,inventory_only,2026-09-08T21:45:36.000Z,2026-09-08T22:16:19.000Z,980507400,-2228185,982106411,-1599011,158221,2193784,238566,0,1843,,,,,980491033,16367,,229870,1843,0
19,550000,982735585,30,recorded_session,legacy_checkpoints,2026-09-08T21:45:36.000Z,2026-09-08T22:16:19.000Z,980507400,-2228185,982106411,-1599011,158221,2193784,238566,0,1843,,,,,980491033,16367,,229870,1843,0
19,550000,982735585,30,fresh55_common,inventory_only,2026-09-08T21:45:36.000Z,2026-09-08T22:16:19.000Z,982255987,-479598,982576640,-320653,158221,445197,238141,0,1843,,,,,982239620,16367,,229870,1843,0
19,550000,982735585,30,fresh55_common,legacy_checkpoints,2026-09-08T21:45:36.000Z,2026-09-08T22:16:19.000Z,982255987,-479598,982576640,-320653,158221,445197,238141,0,1843,,,,,982239620,16367,,229870,1843,0
19,550000,982735585,120,recorded_session,inventory_only,2026-09-08T21:45:36.000Z,2026-09-08T23:46:18.000Z,980953126,-1782459,982028297,-1075171,707233,2193784,278180,0,7242,,,,,981138291,-185165,,1027520,7242,0
19,550000,982735585,120,recorded_session,legacy_checkpoints,2026-09-08T21:45:36.000Z,2026-09-08T23:46:18.000Z,980953126,-1782459,982028297,-1075171,707233,2193784,278180,0,7242,,,,,981138291,-185165,,1027520,7242,0
19,550000,982735585,120,fresh55_common,inventory_only,2026-09-08T21:45:36.000Z,2026-09-08T23:46:18.000Z,982701713,-33872,982498526,203187,707233,445197,277685,0,7242,,,,,982886878,-185165,,1027520,7242,0
19,550000,982735585,120,fresh55_common,legacy_checkpoints,2026-09-08T21:45:36.000Z,2026-09-08T23:46:18.000Z,982701713,-33872,982498526,203187,707233,445197,277685,0,7242,,,,,982886878,-185165,,1027520,7242,0
19,550000,982735585,360,recorded_session,inventory_only,2026-09-08T21:45:36.000Z,2026-09-09T03:46:14.000Z,981869028,-866557,982473988,-604960,1245841,2193784,338116,8060,21638,,,,,982470351,-601323,,1810067,21638,8060
19,550000,982735585,360,recorded_session,legacy_checkpoints,2026-09-08T21:45:36.000Z,2026-09-09T03:46:14.000Z,980883936,-1851649,982473988,-1590052,769684,2193784,315250,0,8041,historical_guard,2026-09-08T23:59:37.000Z,222132,,981037344,-153408,historical_guard,1118245,8041,0
19,550000,982735585,360,fresh55_common,inventory_only,2026-09-08T21:45:36.000Z,2026-09-09T03:46:14.000Z,983617615,882030,982944217,673398,1245841,445197,337515,8060,21638,,,,,984218938,-601323,,1810067,21638,8060
19,550000,982735585,360,fresh55_common,legacy_checkpoints,2026-09-08T21:45:36.000Z,2026-09-09T03:46:14.000Z,982632523,-103062,982944217,-311694,769684,445197,314689,0,8041,historical_guard,2026-09-08T23:59:37.000Z,222132,,982785931,-153408,historical_guard,1118245,8041,0
20,550000,981039753,30,recorded_session,inventory_only,2026-09-09T00:11:52.000Z,2026-09-09T00:42:40.000Z,979921409,-1118344,980669031,-747622,90316,799487,370074,0,1848,,,,,979775385,146024,,131189,1848,0
20,550000,981039753,30,recorded_session,legacy_checkpoints,2026-09-09T00:11:52.000Z,2026-09-09T00:42:40.000Z,979921409,-1118344,980669031,-747622,90316,799487,370074,0,1848,,,,,979775385,146024,,131189,1848,0
20,550000,981039753,30,fresh55_common,inventory_only,2026-09-09T00:11:52.000Z,2026-09-09T00:42:40.000Z,980275699,-764054,980732658,-456959,90316,445197,369940,0,1848,,,,,980129675,146024,,131189,1848,0
20,550000,981039753,30,fresh55_common,legacy_checkpoints,2026-09-09T00:11:52.000Z,2026-09-09T00:42:40.000Z,980275699,-764054,980732658,-456959,90316,445197,369940,0,1848,,,,,980129675,146024,,131189,1848,0
20,550000,981039753,120,recorded_session,inventory_only,2026-09-09T00:11:52.000Z,2026-09-09T02:11:56.000Z,980976610,-63143,981196601,-219991,640167,799487,370074,0,7204,,,,,981309973,-333363,,929881,7204,0
20,550000,981039753,120,recorded_session,legacy_checkpoints,2026-09-09T00:11:52.000Z,2026-09-09T02:11:56.000Z,980976610,-63143,981196601,-219991,640167,799487,370074,0,7204,,,,,981309973,-333363,,929881,7204,0
20,550000,981039753,120,fresh55_common,inventory_only,2026-09-09T00:11:52.000Z,2026-09-09T02:11:56.000Z,981330900,291147,981260228,70672,640167,445197,369940,0,7204,,,,,981664263,-333363,,929881,7204,0
20,550000,981039753,120,fresh55_common,legacy_checkpoints,2026-09-09T00:11:52.000Z,2026-09-09T02:11:56.000Z,981330900,291147,981260228,70672,640167,445197,369940,0,7204,,,,,981664263,-333363,,929881,7204,0
20,550000,981039753,360,recorded_session,inventory_only,2026-09-09T00:11:52.000Z,2026-09-09T06:12:48.000Z,981922710,882957,981361389,561321,1509252,799487,370074,0,21656,,,,,982684765,-762055,,2192417,21656,0
20,550000,981039753,360,recorded_session,legacy_checkpoints,2026-09-09T00:11:52.000Z,2026-09-09T06:12:48.000Z,981744034,704281,981361389,382645,1405223,799487,370074,0,19077,historical_guard,2026-09-09T05:29:49.000Z,222107,,982424795,-680761,historical_guard,2041277,19077,0
20,550000,981039753,360,fresh55_common,inventory_only,2026-09-09T00:11:52.000Z,2026-09-09T06:12:48.000Z,982277000,1237247,981425016,851984,1509252,445197,369940,0,21656,,,,,983039055,-762055,,2192417,21656,0
20,550000,981039753,360,fresh55_common,legacy_checkpoints,2026-09-09T00:11:52.000Z,2026-09-09T06:12:48.000Z,982098324,1058571,981425016,673308,1405223,445197,369940,0,19077,historical_guard,2026-09-09T05:29:49.000Z,222107,,982779085,-680761,historical_guard,2041277,19077,0
21,550000,979842038,30,recorded_session,inventory_only,2026-09-09T01:01:08.000Z,2026-09-09T01:31:52.000Z,979104557,-737481,979643402,-538845,254276,780060,346350,0,1844,,,,,979122678,-18121,,369309,1844,0
21,550000,979842038,30,recorded_session,legacy_checkpoints,2026-09-09T01:01:08.000Z,2026-09-09T01:31:52.000Z,979104557,-737481,979643402,-538845,254276,780060,346350,0,1844,,,,,979122678,-18121,,369309,1844,0
21,550000,979842038,30,fresh55_common,inventory_only,2026-09-09T01:01:08.000Z,2026-09-09T01:31:52.000Z,979439420,-402618,979704573,-265153,254276,445197,346232,0,1844,,,,,979457541,-18121,,369309,1844,0
21,550000,979842038,30,fresh55_common,legacy_checkpoints,2026-09-09T01:01:08.000Z,2026-09-09T01:31:52.000Z,979439420,-402618,979704573,-265153,254276,445197,346232,0,1844,,,,,979457541,-18121,,369309,1844,0
21,550000,979842038,120,recorded_session,inventory_only,2026-09-09T01:01:08.000Z,2026-09-09T03:01:14.000Z,979836766,-5272,979859761,-22995,782095,780060,346350,0,7206,,,,,980186933,-350167,,1135934,7206,0
21,550000,979842038,120,recorded_session,legacy_checkpoints,2026-09-09T01:01:08.000Z,2026-09-09T03:01:14.000Z,979836766,-5272,979859761,-22995,782095,780060,346350,0,7206,,,,,980186933,-350167,,1135934,7206,0
21,550000,979842038,120,fresh55_common,inventory_only,2026-09-09T01:01:08.000Z,2026-09-09T03:01:14.000Z,980171629,329591,979920932,250697,782095,445197,346232,0,7206,,,,,980521796,-350167,,1135934,7206,0
21,550000,979842038,120,fresh55_common,legacy_checkpoints,2026-09-09T01:01:08.000Z,2026-09-09T03:01:14.000Z,980171629,329591,979920932,250697,782095,445197,346232,0,7206,,,,,980521796,-350167,,1135934,7206,0
21,550000,979842038,360,recorded_session,inventory_only,2026-09-09T01:01:08.000Z,2026-09-09T07:01:59.000Z,980842040,1000002,979800009,1042031,1838000,780060,346350,0,21651,,,,,981647044,-805004,,2669794,21651,0
21,550000,979842038,360,recorded_session,legacy_checkpoints,2026-09-09T01:01:08.000Z,2026-09-09T07:01:59.000Z,980171341,329303,979800009,371332,1224937,780060,346350,0,16121,historical_guard,2026-09-09T05:29:49.000Z,222107,,980672545,-501204,historical_guard,1779221,16121,0
21,550000,979842038,360,fresh55_common,inventory_only,2026-09-09T01:01:08.000Z,2026-09-09T07:01:59.000Z,981176903,1334865,979861180,1315723,1838000,445197,346232,0,21651,,,,,981981907,-805004,,2669794,21651,0
21,550000,979842038,360,fresh55_common,legacy_checkpoints,2026-09-09T01:01:08.000Z,2026-09-09T07:01:59.000Z,980506204,664166,979861180,645024,1224937,445197,346232,0,16121,historical_guard,2026-09-09T05:29:49.000Z,222107,,981007408,-501204,historical_guard,1779221,16121,0
22,550000,979595025,30,recorded_session,inventory_only,2026-09-09T02:29:27.000Z,2026-09-09T03:00:12.000Z,978897241,-697784,979448170,-550929,186809,758835,262050,0,1845,,,,,978924690,-27449,,271728,1845,0
22,550000,979595025,30,recorded_session,legacy_checkpoints,2026-09-09T02:29:27.000Z,2026-09-09T03:00:12.000Z,978897241,-697784,979448170,-550929,186809,758835,262050,0,1845,,,,,978924690,-27449,,271728,1845,0
22,550000,979595025,30,fresh55_common,inventory_only,2026-09-09T02:29:27.000Z,2026-09-09T03:00:12.000Z,979210879,-384146,979505282,-294403,186809,445197,261966,0,1845,,,,,979238328,-27449,,271728,1845,0
22,550000,979595025,30,fresh55_common,legacy_checkpoints,2026-09-09T02:29:27.000Z,2026-09-09T03:00:12.000Z,979210879,-384146,979505282,-294403,186809,445197,261966,0,1845,,,,,979238328,-27449,,271728,1845,0
22,550000,979595025,120,recorded_session,inventory_only,2026-09-09T02:29:27.000Z,2026-09-09T04:30:17.000Z,979033839,-561186,979296925,-263086,503805,758835,308782,0,7250,,,,,979123192,-89353,,732860,7250,0
22,550000,979595025,120,recorded_session,legacy_checkpoints,2026-09-09T02:29:27.000Z,2026-09-09T04:30:17.000Z,979033839,-561186,979296925,-263086,503805,758835,308782,0,7250,,,,,979123192,-89353,,732860,7250,0
22,550000,979595025,120,fresh55_common,inventory_only,2026-09-09T02:29:27.000Z,2026-09-09T04:30:17.000Z,979347477,-247548,979354037,-6560,503805,445197,308683,0,7250,,,,,979436830,-89353,,732860,7250,0
22,550000,979595025,120,fresh55_common,legacy_checkpoints,2026-09-09T02:29:27.000Z,2026-09-09T04:30:17.000Z,979347477,-247548,979354037,-6560,503805,445197,308683,0,7250,,,,,979436830,-89353,,732860,7250,0
22,550000,979595025,360,recorded_session,inventory_only,2026-09-09T02:29:27.000Z,2026-09-09T08:29:53.000Z,980661692,1066667,979609580,1052112,1811297,758835,308782,0,21626,,,,,981491675,-829983,,2635021,21626,0
22,550000,979595025,360,recorded_session,legacy_checkpoints,2026-09-09T02:29:27.000Z,2026-09-09T08:29:53.000Z,979249379,-345646,979609580,-360201,634418,758835,308782,0,10822,historical_guard,2026-09-09T05:29:49.000Z,222107,,979436839,-187460,historical_guard,922884,10822,0
22,550000,979595025,360,fresh55_common,inventory_only,2026-09-09T02:29:27.000Z,2026-09-09T08:29:53.000Z,980975330,1380305,979666692,1308638,1811297,445197,308683,0,21626,,,,,981805313,-829983,,2635021,21626,0
22,550000,979595025,360,fresh55_common,legacy_checkpoints,2026-09-09T02:29:27.000Z,2026-09-09T08:29:53.000Z,979563017,-32008,979666692,-103675,634418,445197,308683,0,10822,historical_guard,2026-09-09T05:29:49.000Z,222107,,979750477,-187460,historical_guard,922884,10822,0
23,550000,978803647,30,recorded_session,inventory_only,2026-09-09T03:00:12.000Z,2026-09-09T03:30:55.000Z,977599545,-1204102,978375490,-775945,53350,759481,392734,0,1843,,,,,977396410,203135,,77498,1843,0
23,550000,978803647,30,recorded_session,legacy_checkpoints,2026-09-09T03:00:12.000Z,2026-09-09T03:30:55.000Z,977599545,-1204102,978375490,-775945,53350,759481,392734,0,1843,,,,,977396410,203135,,77498,1843,0
23,550000,978803647,30,fresh55_common,inventory_only,2026-09-09T03:00:12.000Z,2026-09-09T03:30:55.000Z,977913829,-889818,978434434,-520605,53350,445197,392607,0,1843,,,,,977710694,203135,,77498,1843,0
23,550000,978803647,30,fresh55_common,legacy_checkpoints,2026-09-09T03:00:12.000Z,2026-09-09T03:30:55.000Z,977913829,-889818,978434434,-520605,53350,445197,392607,0,1843,,,,,977710694,203135,,77498,1843,0
23,550000,978803647,120,recorded_session,inventory_only,2026-09-09T03:00:12.000Z,2026-09-09T05:01:05.000Z,977960267,-843380,978401892,-441625,378387,759481,449532,0,7253,,,,,977396802,563465,inventory_cap,170112,3007,0
23,550000,978803647,120,recorded_session,legacy_checkpoints,2026-09-09T03:00:12.000Z,2026-09-09T05:01:05.000Z,977960267,-843380,978401892,-441625,378387,759481,449532,0,7253,,,,,977396802,563465,inventory_cap,170112,3007,0
23,550000,978803647,120,fresh55_common,inventory_only,2026-09-09T03:00:12.000Z,2026-09-09T05:01:05.000Z,978274551,-529096,978460836,-186285,378387,445197,449387,0,7253,,,,,977711086,563465,inventory_cap,170112,3007,0
23,550000,978803647,120,fresh55_common,legacy_checkpoints,2026-09-09T03:00:12.000Z,2026-09-09T05:01:05.000Z,978274551,-529096,978460836,-186285,378387,445197,449387,0,7253,,,,,977711086,563465,inventory_cap,170112,3007,0
23,550000,978803647,360,recorded_session,inventory_only,2026-09-09T03:00:12.000Z,2026-09-09T09:00:41.000Z,979456810,653163,978456991,999819,1803864,759481,449532,0,21629,,,,,977396802,2060008,inventory_cap,170112,3007,0
23,550000,978803647,360,recorded_session,legacy_checkpoints,2026-09-09T03:00:12.000Z,2026-09-09T09:00:41.000Z,978021250,-782397,978456991,-435741,450562,759481,449532,0,8977,historical_guard,2026-09-09T05:29:49.000Z,222107,,977396802,624448,inventory_cap,170112,3007,0
23,550000,978803647,360,fresh55_common,inventory_only,2026-09-09T03:00:12.000Z,2026-09-09T09:00:41.000Z,979771094,967447,978515935,1255159,1803864,445197,449387,0,21629,,,,,977711086,2060008,inventory_cap,170112,3007,0
23,550000,978803647,360,fresh55_common,legacy_checkpoints,2026-09-09T03:00:12.000Z,2026-09-09T09:00:41.000Z,978335534,-468113,978515935,-180401,450562,445197,449387,0,8977,historical_guard,2026-09-09T05:29:49.000Z,222107,,977711086,624448,inventory_cap,170112,3007,0
24,550000,977336080,30,recorded_session,inventory_only,2026-09-09T04:03:38.000Z,2026-09-09T04:34:24.000Z,976358592,-977488,977009824,-651232,110809,745344,276803,0,1846,,,,,976252645,105947,,161184,1846,0
24,550000,977336080,30,recorded_session,legacy_checkpoints,2026-09-09T04:03:38.000Z,2026-09-09T04:34:24.000Z,976358592,-977488,977009824,-651232,110809,745344,276803,0,1846,,,,,976252645,105947,,161184,1846,0
24,550000,977336080,30,fresh55_common,inventory_only,2026-09-09T04:03:38.000Z,2026-09-09T04:34:24.000Z,976658739,-677341,977065487,-406748,110809,445197,276717,0,1846,,,,,976552792,105947,,161184,1846,0
24,550000,977336080,30,fresh55_common,legacy_checkpoints,2026-09-09T04:03:38.000Z,2026-09-09T04:34:24.000Z,976658739,-677341,977065487,-406748,110809,445197,276717,0,1846,,,,,976552792,105947,,161184,1846,0
24,550000,977336080,120,recorded_session,inventory_only,2026-09-09T04:03:38.000Z,2026-09-09T06:04:35.000Z,976586431,-749649,977036470,-450039,297992,745344,276803,0,7257,,,,,976584093,2338,,433478,7257,0
24,550000,977336080,120,recorded_session,legacy_checkpoints,2026-09-09T04:03:38.000Z,2026-09-09T06:04:35.000Z,976564606,-771474,977036470,-471864,235911,745344,276803,0,5171,historical_guard,2026-09-09T05:29:49.000Z,222107,,976552393,12213,historical_guard,343166,5171,0
24,550000,977336080,120,fresh55_common,inventory_only,2026-09-09T04:03:38.000Z,2026-09-09T06:04:35.000Z,976886578,-449502,977092133,-205555,297992,445197,276717,0,7257,,,,,976884240,2338,,433478,7257,0
24,550000,977336080,120,fresh55_common,legacy_checkpoints,2026-09-09T04:03:38.000Z,2026-09-09T06:04:35.000Z,976864753,-471327,977092133,-227380,235911,445197,276717,0,5171,historical_guard,2026-09-09T05:29:49.000Z,222107,,976852540,12213,historical_guard,343166,5171,0
24,550000,977336080,360,recorded_session,inventory_only,2026-09-09T04:03:38.000Z,2026-09-09T10:04:20.000Z,974389236,-2946844,975456986,-1067750,1840011,745344,538634,925,21642,,,,,978040697,-3651461,inventory_cap,2577892,20038,0
24,550000,977336080,360,recorded_session,legacy_checkpoints,2026-09-09T04:03:38.000Z,2026-09-09T10:04:20.000Z,976564606,-771474,975456986,1107620,235911,745344,276803,0,5171,historical_guard,2026-09-09T05:29:49.000Z,222107,,976552393,12213,historical_guard,343166,5171,0
24,550000,977336080,360,fresh55_common,inventory_only,2026-09-09T04:03:38.000Z,2026-09-09T10:04:20.000Z,974689383,-2646697,975512649,-823266,1840011,445197,538468,925,21642,,,,,978340844,-3651461,inventory_cap,2577892,20038,0
24,550000,977336080,360,fresh55_common,legacy_checkpoints,2026-09-09T04:03:38.000Z,2026-09-09T10:04:20.000Z,976864753,-471327,975512649,1352104,235911,445197,276717,0,5171,historical_guard,2026-09-09T05:29:49.000Z,222107,,976852540,12213,historical_guard,343166,5171,0
25,550000,976522051,30,recorded_session,inventory_only,2026-09-09T05:17:28.000Z,2026-09-09T05:48:16.000Z,975555805,-966246,976236618,-680813,60221,739786,260789,0,1848,,,,,975452483,103322,,87603,1848,0
25,550000,976522051,30,recorded_session,legacy_checkpoints,2026-09-09T05:17:28.000Z,2026-09-09T05:48:16.000Z,975545957,-976094,976236618,-690661,17016,739786,246212,0,741,historical_guard,2026-09-09T05:29:49.000Z,222107,,975438197,107760,historical_guard,24752,741,0
25,550000,976522051,30,fresh55_common,inventory_only,2026-09-09T05:17:28.000Z,2026-09-09T05:48:16.000Z,975850394,-671657,976291120,-440726,60221,445197,260710,0,1848,,,,,975747072,103322,,87603,1848,0
25,550000,976522051,30,fresh55_common,legacy_checkpoints,2026-09-09T05:17:28.000Z,2026-09-09T05:48:16.000Z,975840546,-681505,976291120,-450574,17016,445197,246138,0,741,historical_guard,2026-09-09T05:29:49.000Z,222107,,975732786,107760,historical_guard,24752,741,0
25,550000,976522051,120,recorded_session,inventory_only,2026-09-09T05:17:28.000Z,2026-09-09T07:18:19.000Z,976440983,-81068,976289248,151735,875564,739786,266056,0,7251,,,,,976740167,-299184,,1273627,7251,0
25,550000,976522051,120,recorded_session,legacy_checkpoints,2026-09-09T05:17:28.000Z,2026-09-09T07:18:19.000Z,975545957,-976094,976289248,-743291,17016,739786,246212,0,741,historical_guard,2026-09-09T05:29:49.000Z,222107,,975438197,107760,historical_guard,24752,741,0
25,550000,976522051,120,fresh55_common,inventory_only,2026-09-09T05:17:28.000Z,2026-09-09T07:18:19.000Z,976735572,213521,976343750,391822,875564,445197,265975,0,7251,,,,,977034756,-299184,,1273627,7251,0
25,550000,976522051,120,fresh55_common,legacy_checkpoints,2026-09-09T05:17:28.000Z,2026-09-09T07:18:19.000Z,975840546,-681505,976343750,-503204,17016,445197,246138,0,741,historical_guard,2026-09-09T05:29:49.000Z,222107,,975732786,107760,historical_guard,24752,741,0
25,550000,976522051,360,recorded_session,inventory_only,2026-09-09T05:17:28.000Z,2026-09-09T11:18:00.000Z,973850964,-2671087,974758403,-907439,1652019,739786,549458,5345,21632,,,,,976955333,-3104369,inventory_cap,2302505,15608,0
25,550000,976522051,360,recorded_session,legacy_checkpoints,2026-09-09T05:17:28.000Z,2026-09-09T11:18:00.000Z,975545957,-976094,974758403,787554,17016,739786,246212,0,741,historical_guard,2026-09-09T05:29:49.000Z,222107,,975438197,107760,historical_guard,24752,741,0
25,550000,976522051,360,fresh55_common,inventory_only,2026-09-09T05:17:28.000Z,2026-09-09T11:18:00.000Z,974145553,-2376498,974812905,-667352,1652019,445197,549292,5345,21632,,,,,977249922,-3104369,inventory_cap,2302505,15608,0
25,550000,976522051,360,fresh55_common,legacy_checkpoints,2026-09-09T05:17:28.000Z,2026-09-09T11:18:00.000Z,975840546,-681505,974812905,1027641,17016,445197,246138,0,741,historical_guard,2026-09-09T05:29:49.000Z,222107,,975732786,107760,historical_guard,24752,741,0
26,550000,975438231,30,recorded_session,inventory_only,2026-09-09T05:42:06.000Z,2026-09-09T06:12:48.000Z,974691108,-747123,975314823,-623715,84893,729369,272350,0,1842,,,,,974682713,8395,,123386,1842,0
26,550000,975438231,30,recorded_session,legacy_checkpoints,2026-09-09T05:42:06.000Z,2026-09-09T06:12:48.000Z,974691108,-747123,975314823,-623715,84893,729369,272350,0,1842,,,,,974682713,8395,,123386,1842,0
26,550000,975438231,30,fresh55_common,inventory_only,2026-09-09T05:42:06.000Z,2026-09-09T06:12:48.000Z,974975280,-462951,975368243,-392963,84893,445197,272271,0,1842,,,,,974966885,8395,,123386,1842,0
26,550000,975438231,30,fresh55_common,legacy_checkpoints,2026-09-09T05:42:06.000Z,2026-09-09T06:12:48.000Z,974975280,-462951,975368243,-392963,84893,445197,272271,0,1842,,,,,974966885,8395,,123386,1842,0
26,550000,975438231,120,recorded_session,inventory_only,2026-09-09T05:42:06.000Z,2026-09-09T07:42:51.000Z,975567879,129648,975353177,214702,925267,729369,272350,0,7245,,,,,975957163,-389284,,1344869,7245,0
26,550000,975438231,120,recorded_session,legacy_checkpoints,2026-09-09T05:42:06.000Z,2026-09-09T07:42:51.000Z,975201190,-237041,975353177,-151987,682708,729369,272350,0,5038,historical_guard,2026-09-09T07:06:04.000Z,222106,,975423932,-222742,historical_guard,992293,5038,0
26,550000,975438231,120,fresh55_common,inventory_only,2026-09-09T05:42:06.000Z,2026-09-09T07:42:51.000Z,975852051,413820,975406597,445454,925267,445197,272271,0,7245,,,,,976241335,-389284,,1344869,7245,0
26,550000,975438231,120,fresh55_common,legacy_checkpoints,2026-09-09T05:42:06.000Z,2026-09-09T07:42:51.000Z,975485362,47131,975406597,78765,682708,445197,272271,0,5038,historical_guard,2026-09-09T07:06:04.000Z,222106,,975708104,-222742,historical_guard,992293,5038,0
26,550000,975438231,360,recorded_session,inventory_only,2026-09-09T05:42:06.000Z,2026-09-09T11:42:40.000Z,973121653,-2316578,973769764,-648111,1584138,729369,550198,6825,21634,,,,,975785891,-2664238,inventory_cap,2204120,14130,0
26,550000,975438231,360,recorded_session,legacy_checkpoints,2026-09-09T05:42:06.000Z,2026-09-09T11:42:40.000Z,975201190,-237041,973769764,1431426,682708,729369,272350,0,5038,historical_guard,2026-09-09T07:06:04.000Z,222106,,975423932,-222742,historical_guard,992293,5038,0
26,550000,975438231,360,fresh55_common,inventory_only,2026-09-09T05:42:06.000Z,2026-09-09T11:42:40.000Z,973405825,-2032406,973823184,-417359,1584138,445197,550038,6825,21634,,,,,976070063,-2664238,inventory_cap,2204120,14130,0
26,550000,975438231,360,fresh55_common,legacy_checkpoints,2026-09-09T05:42:06.000Z,2026-09-09T11:42:40.000Z,975485362,47131,973823184,1662178,682708,445197,272271,0,5038,historical_guard,2026-09-09T07:06:04.000Z,222106,,975708104,-222742,historical_guard,992293,5038,0
27,550000,975425201,30,recorded_session,inventory_only,2026-09-09T07:19:21.000Z,2026-09-09T07:49:59.000Z,974820826,-604375,975368773,-547947,136620,706897,230816,0,1838,,,,,974867334,-46508,,198719,1838,0
27,550000,975425201,30,recorded_session,legacy_checkpoints,2026-09-09T07:19:21.000Z,2026-09-09T07:49:59.000Z,974820826,-604375,975368773,-547947,136620,706897,230816,0,1838,,,,,974867334,-46508,,198719,1838,0
27,550000,975425201,30,fresh55_common,inventory_only,2026-09-09T07:19:21.000Z,2026-09-09T07:49:59.000Z,975082526,-342675,975417312,-334786,136620,445197,230754,0,1838,,,,,975129034,-46508,,198719,1838,0
27,550000,975425201,30,fresh55_common,legacy_checkpoints,2026-09-09T07:19:21.000Z,2026-09-09T07:49:59.000Z,975082526,-342675,975417312,-334786,136620,445197,230754,0,1838,,,,,975129034,-46508,,198719,1838,0
27,550000,975425201,120,recorded_session,inventory_only,2026-09-09T07:19:21.000Z,2026-09-09T09:20:07.000Z,975045042,-380159,975189236,-144194,552227,706897,230816,0,7246,,,,,975193226,-148184,,803195,7246,0
27,550000,975425201,120,recorded_session,legacy_checkpoints,2026-09-09T07:19:21.000Z,2026-09-09T09:20:07.000Z,975029591,-395610,975189236,-159645,416401,706897,230816,0,5034,historical_guard,2026-09-09T08:43:15.000Z,222102,,975170890,-141299,historical_guard,605647,5034,0
27,550000,975425201,120,fresh55_common,inventory_only,2026-09-09T07:19:21.000Z,2026-09-09T09:20:07.000Z,975306742,-118459,975237775,68967,552227,445197,230754,0,7246,,,,,975454926,-148184,,803195,7246,0
27,550000,975425201,120,fresh55_common,legacy_checkpoints,2026-09-09T07:19:21.000Z,2026-09-09T09:20:07.000Z,975291291,-133910,975237775,53516,416401,445197,230754,0,5034,historical_guard,2026-09-09T08:43:15.000Z,222102,,975432590,-141299,historical_guard,605647,5034,0
27,550000,975425201,360,recorded_session,inventory_only,2026-09-09T07:19:21.000Z,2026-09-09T13:19:53.000Z,971814168,-3611033,973673254,-1859086,768599,706897,547482,12658,21632,,,,,974600836,-2786668,inventory_cap,1017842,8295,0
27,550000,975425201,360,recorded_session,legacy_checkpoints,2026-09-09T07:19:21.000Z,2026-09-09T13:19:53.000Z,975029591,-395610,973673254,1356337,416401,706897,230816,0,5034,historical_guard,2026-09-09T08:43:15.000Z,222102,,975170890,-141299,historical_guard,605647,5034,0
27,550000,975425201,360,fresh55_common,inventory_only,2026-09-09T07:19:21.000Z,2026-09-09T13:19:53.000Z,972075868,-3349333,973721793,-1645925,768599,445197,547335,12658,21632,,,,,974862536,-2786668,inventory_cap,1017842,8295,0
27,550000,975425201,360,fresh55_common,legacy_checkpoints,2026-09-09T07:19:21.000Z,2026-09-09T13:19:53.000Z,975291291,-133910,973721793,1569498,416401,445197,230754,0,5034,historical_guard,2026-09-09T08:43:15.000Z,222102,,975432590,-141299,historical_guard,605647,5034,0
28,550000,974985604,30,recorded_session,inventory_only,2026-09-09T08:25:48.000Z,2026-09-09T08:56:34.000Z,974022878,-962726,974591268,-568390,199441,700337,347734,0,1846,,,,,973902772,120106,,289848,1846,0
28,550000,974985604,30,recorded_session,legacy_checkpoints,2026-09-09T08:25:48.000Z,2026-09-09T08:56:34.000Z,974079291,-906313,974591268,-511977,137778,700337,311702,0,1047,historical_guard,2026-09-09T08:43:15.000Z,222102,,973985001,94290,historical_guard,200234,1047,0
28,550000,974985604,30,fresh55_common,inventory_only,2026-09-09T08:25:48.000Z,2026-09-09T08:56:34.000Z,974278018,-707586,974637525,-359507,199441,445197,347643,0,1846,,,,,974157912,120106,,289848,1846,0
28,550000,974985604,30,fresh55_common,legacy_checkpoints,2026-09-09T08:25:48.000Z,2026-09-09T08:56:34.000Z,974334431,-651173,974637525,-303094,137778,445197,311620,0,1047,historical_guard,2026-09-09T08:43:15.000Z,222102,,974240141,94290,historical_guard,200234,1047,0
28,550000,974985604,120,recorded_session,inventory_only,2026-09-09T08:25:48.000Z,2026-09-09T10:25:48.000Z,970289084,-4696520,972618914,-2329830,371120,700337,550015,2953,7200,,,,,973521740,-3232656,inventory_cap,457167,3629,0
28,550000,974985604,120,recorded_session,legacy_checkpoints,2026-09-09T08:25:48.000Z,2026-09-09T10:25:48.000Z,974079291,-906313,972618914,1460377,137778,700337,311702,0,1047,historical_guard,2026-09-09T08:43:15.000Z,222102,,973985001,94290,historical_guard,200234,1047,0
28,550000,974985604,120,fresh55_common,inventory_only,2026-09-09T08:25:48.000Z,2026-09-09T10:25:48.000Z,970544224,-4441380,972665171,-2120947,371120,445197,549871,2953,7200,,,,,973776880,-3232656,inventory_cap,457167,3629,0
28,550000,974985604,120,fresh55_common,legacy_checkpoints,2026-09-09T08:25:48.000Z,2026-09-09T10:25:48.000Z,974334431,-651173,972665171,1669260,137778,445197,311620,0,1047,historical_guard,2026-09-09T08:43:15.000Z,222102,,974240141,94290,historical_guard,200234,1047,0
28,550000,974985604,360,recorded_session,inventory_only,2026-09-09T08:25:48.000Z,2026-09-09T14:26:30.000Z,971191024,-3794580,973069323,-1878299,371120,700337,550015,17395,21642,,,,,973521740,-2330716,inventory_cap,457167,3629,0
28,550000,974985604,360,recorded_session,legacy_checkpoints,2026-09-09T08:25:48.000Z,2026-09-09T14:26:30.000Z,974079291,-906313,973069323,1009968,137778,700337,311702,0,1047,historical_guard,2026-09-09T08:43:15.000Z,222102,,973985001,94290,historical_guard,200234,1047,0
28,550000,974985604,360,fresh55_common,inventory_only,2026-09-09T08:25:48.000Z,2026-09-09T14:26:30.000Z,971446164,-3539440,973115580,-1669416,371120,445197,549871,17395,21642,,,,,973776880,-2330716,inventory_cap,457167,3629,0
28,550000,974985604,360,fresh55_common,legacy_checkpoints,2026-09-09T08:25:48.000Z,2026-09-09T14:26:30.000Z,974334431,-651173,973115580,1218851,137778,445197,311620,0,1047,historical_guard,2026-09-09T08:43:15.000Z,222102,,974240141,94290,historical_guard,200234,1047,0
29,550000,973985271,30,recorded_session,inventory_only,2026-09-09T08:55:33.000Z,2026-09-09T09:26:17.000Z,972704065,-1281206,973427495,-723430,115676,692622,455164,0,1844,,,,,972435404,268661,inventory_cap,168254,1844,0
29,550000,973985271,30,recorded_session,legacy_checkpoints,2026-09-09T08:55:33.000Z,2026-09-09T09:26:17.000Z,972704065,-1281206,973427495,-723430,115676,692622,455164,0,1844,,,,,972435404,268661,inventory_cap,168254,1844,0
29,550000,973985271,30,fresh55_common,inventory_only,2026-09-09T08:55:33.000Z,2026-09-09T09:26:17.000Z,972951490,-1033781,973472583,-521093,115676,445197,455048,0,1844,,,,,972682829,268661,inventory_cap,168254,1844,0
29,550000,973985271,30,fresh55_common,legacy_checkpoints,2026-09-09T08:55:33.000Z,2026-09-09T09:26:17.000Z,972951490,-1033781,973472583,-521093,115676,445197,455048,0,1844,,,,,972682829,268661,inventory_cap,168254,1844,0
29,550000,973985271,120,recorded_session,inventory_only,2026-09-09T08:55:33.000Z,2026-09-09T10:56:28.000Z,969167956,-4817315,971170889,-2002933,171735,692622,544507,4793,7255,,,,,972435404,-3267448,inventory_cap,168254,1844,0
29,550000,973985271,120,recorded_session,legacy_checkpoints,2026-09-09T08:55:33.000Z,2026-09-09T10:56:28.000Z,972726045,-1259226,971170889,1555156,131629,692622,455164,0,2216,historical_guard,2026-09-09T09:32:29.000Z,222113,,972435404,290641,inventory_cap,168254,1844,0
29,550000,973985271,120,fresh55_common,inventory_only,2026-09-09T08:55:33.000Z,2026-09-09T10:56:28.000Z,969415381,-4569890,971215977,-1800596,171735,445197,544368,4793,7255,,,,,972682829,-3267448,inventory_cap,168254,1844,0
29,550000,973985271,120,fresh55_common,legacy_checkpoints,2026-09-09T08:55:33.000Z,2026-09-09T10:56:28.000Z,972973470,-1011801,971215977,1757493,131629,445197,455048,0,2216,historical_guard,2026-09-09T09:32:29.000Z,222113,,972682829,290641,inventory_cap,168254,1844,0
29,550000,973985271,360,recorded_session,inventory_only,2026-09-09T08:55:33.000Z,2026-09-09T14:56:06.000Z,968852940,-5132331,970972091,-2119151,171735,692622,544507,19171,21633,,,,,972435404,-3582464,inventory_cap,168254,1844,0
29,550000,973985271,360,recorded_session,legacy_checkpoints,2026-09-09T08:55:33.000Z,2026-09-09T14:56:06.000Z,972726045,-1259226,970972091,1753954,131629,692622,455164,0,2216,historical_guard,2026-09-09T09:32:29.000Z,222113,,972435404,290641,inventory_cap,168254,1844,0
29,550000,973985271,360,fresh55_common,inventory_only,2026-09-09T08:55:33.000Z,2026-09-09T14:56:06.000Z,969100365,-4884906,971017179,-1916814,171735,445197,544368,19171,21633,,,,,972682829,-3582464,inventory_cap,168254,1844,0
29,550000,973985271,360,fresh55_common,legacy_checkpoints,2026-09-09T08:55:33.000Z,2026-09-09T14:56:06.000Z,972973470,-1011801,971017179,1956291,131629,445197,455048,0,2216,historical_guard,2026-09-09T09:32:29.000Z,222113,,972682829,290641,inventory_cap,168254,1844,0
30,550000,972467658,30,recorded_session,inventory_only,2026-09-09T09:44:49.000Z,2026-09-09T10:15:33.000Z,969130921,-3336737,970968873,-1837952,138754,676116,546053,1105,1844,,,,,970219475,-1088554,inventory_cap,199021,678,0
30,550000,972467658,30,recorded_session,legacy_checkpoints,2026-09-09T09:44:49.000Z,2026-09-09T10:15:33.000Z,969130921,-3336737,970968873,-1837952,138754,676116,546053,1105,1844,,,,,970219475,-1088554,inventory_cap,199021,678,0
30,550000,972467658,30,fresh55_common,inventory_only,2026-09-09T09:44:49.000Z,2026-09-09T10:15:33.000Z,969361840,-3105818,971012484,-1650644,138754,445197,545923,1105,1844,,,,,970450394,-1088554,inventory_cap,199021,678,0
30,550000,972467658,30,fresh55_common,legacy_checkpoints,2026-09-09T09:44:49.000Z,2026-09-09T10:15:33.000Z,969361840,-3105818,971012484,-1650644,138754,445197,545923,1105,1844,,,,,970450394,-1088554,inventory_cap,199021,678,0
30,550000,972467658,120,recorded_session,inventory_only,2026-09-09T09:44:49.000Z,2026-09-09T11:45:43.000Z,969914151,-2553507,971331847,-1417696,138754,676116,546053,6515,7254,,,,,970219475,-305324,inventory_cap,199021,678,0
30,550000,972467658,120,recorded_session,legacy_checkpoints,2026-09-09T09:44:49.000Z,2026-09-09T11:45:43.000Z,969914151,-2553507,971331847,-1417696,138754,676116,546053,6515,7254,,,,,970219475,-305324,inventory_cap,199021,678,0
30,550000,972467658,120,fresh55_common,inventory_only,2026-09-09T09:44:49.000Z,2026-09-09T11:45:43.000Z,970145070,-2322588,971375458,-1230388,138754,445197,545923,6515,7254,,,,,970450394,-305324,inventory_cap,199021,678,0
30,550000,972467658,120,fresh55_common,legacy_checkpoints,2026-09-09T09:44:49.000Z,2026-09-09T11:45:43.000Z,970145070,-2322588,971375458,-1230388,138754,445197,545923,6515,7254,,,,,970450394,-305324,inventory_cap,199021,678,0
30,550000,972467658,360,recorded_session,inventory_only,2026-09-09T09:44:49.000Z,2026-09-09T15:45:15.000Z,969485112,-2982546,970647169,-1162057,1189950,676116,547254,19963,21626,,,,,970219475,-734363,inventory_cap,199021,678,0
30,550000,972467658,360,recorded_session,legacy_checkpoints,2026-09-09T09:44:49.000Z,2026-09-09T15:45:15.000Z,969385225,-3082433,970647169,-1261944,183068,676116,546053,12043,13027,historical_guard,2026-09-09T13:21:56.000Z,222175,,970219475,-834250,inventory_cap,199021,678,0
30,550000,972467658,360,fresh55_common,inventory_only,2026-09-09T09:44:49.000Z,2026-09-09T15:45:15.000Z,969716031,-2751627,970690780,-974749,1189950,445197,547125,19963,21626,,,,,970450394,-734363,inventory_cap,199021,678,0
30,550000,972467658,360,fresh55_common,legacy_checkpoints,2026-09-09T09:44:49.000Z,2026-09-09T15:45:15.000Z,969616144,-2851514,970690780,-1074636,183068,445197,545923,12043,13027,historical_guard,2026-09-09T13:21:56.000Z,222175,,970450394,-834250,inventory_cap,199021,678,0
31,550000,970067291,30,recorded_session,inventory_only,2026-09-09T10:09:27.000Z,2026-09-09T10:40:07.000Z,969980075,-87216,970089749,-109674,561267,656433,323975,0,1840,,,,,970237580,-257505,,815313,1840,0
31,550000,970067291,30,recorded_session,legacy_checkpoints,2026-09-09T10:09:27.000Z,2026-09-09T10:40:07.000Z,969980075,-87216,970089749,-109674,561267,656433,323975,0,1840,,,,,970237580,-257505,,815313,1840,0
31,550000,970067291,30,fresh55_common,inventory_only,2026-09-09T10:09:27.000Z,2026-09-09T10:40:07.000Z,970191311,124020,970130664,60647,561267,445197,323904,0,1840,,,,,970448816,-257505,,815313,1840,0
31,550000,970067291,30,fresh55_common,legacy_checkpoints,2026-09-09T10:09:27.000Z,2026-09-09T10:40:07.000Z,970191311,124020,970130664,60647,561267,445197,323904,0,1840,,,,,970448816,-257505,,815313,1840,0
31,550000,970067291,120,recorded_session,inventory_only,2026-09-09T10:09:27.000Z,2026-09-09T12:10:20.000Z,970718718,651427,970072383,646335,1312682,656433,330497,862,7253,,,,,971310488,-591770,,1906847,7253,862
31,550000,970067291,120,recorded_session,legacy_checkpoints,2026-09-09T10:09:27.000Z,2026-09-09T12:10:20.000Z,970718718,651427,970072383,646335,1312682,656433,330497,862,7253,,,,,971310488,-591770,,1906847,7253,862
31,550000,970067291,120,fresh55_common,inventory_only,2026-09-09T10:09:27.000Z,2026-09-09T12:10:20.000Z,970929954,862663,970113298,816656,1312682,445197,330425,862,7253,,,,,971521724,-591770,,1906847,7253,862
31,550000,970067291,120,fresh55_common,legacy_checkpoints,2026-09-09T10:09:27.000Z,2026-09-09T12:10:20.000Z,970929954,862663,970113298,816656,1312682,445197,330425,862,7253,,,,,971521724,-591770,,1906847,7253,862
31,550000,970067291,360,recorded_session,inventory_only,2026-09-09T10:09:27.000Z,2026-09-09T16:09:54.000Z,973783069,3715778,969493593,4289476,5165208,656433,550429,3324,21627,,,,,972166456,1616613,inventory_cap,3759929,14072,2219
31,550000,970067291,360,recorded_session,legacy_checkpoints,2026-09-09T10:09:27.000Z,2026-09-09T16:09:54.000Z,971104477,1037186,969493593,1610884,1853211,656433,330497,862,11549,historical_guard,2026-09-09T13:21:56.000Z,222175,,971870280,-765803,historical_guard,2692056,11549,862
31,550000,970067291,360,fresh55_common,inventory_only,2026-09-09T10:09:27.000Z,2026-09-09T16:09:54.000Z,973994305,3927014,969534508,4459797,5165208,445197,550309,3324,21627,,,,,972377692,1616613,inventory_cap,3759929,14072,2219
31,550000,970067291,360,fresh55_common,legacy_checkpoints,2026-09-09T10:09:27.000Z,2026-09-09T16:09:54.000Z,971315713,1248422,969534508,1781205,1853211,445197,330425,862,11549,historical_guard,2026-09-09T13:21:56.000Z,222175,,972081516,-765803,historical_guard,2692056,11549,862
32,550000,971876645,30,recorded_session,inventory_only,2026-09-09T13:34:13.000Z,2026-09-09T14:05:01.000Z,969675640,-2201005,970533544,-857904,517426,727158,549935,740,1848,,,,,970349352,-673712,inventory_cap,508669,1109,556
32,550000,971876645,30,recorded_session,legacy_checkpoints,2026-09-09T13:34:13.000Z,2026-09-09T14:05:01.000Z,971064132,-812513,970533544,530588,206419,727158,317249,556,801,historical_guard,2026-09-09T13:47:34.000Z,222152,,971023955,40177,historical_guard,299842,801,556
32,550000,971876645,30,fresh55_common,inventory_only,2026-09-09T13:34:13.000Z,2026-09-09T14:05:01.000Z,969957601,-1919044,970595663,-638062,517426,445197,549775,740,1848,,,,,970631313,-673712,inventory_cap,508669,1109,556
32,550000,971876645,30,fresh55_common,legacy_checkpoints,2026-09-09T13:34:13.000Z,2026-09-09T14:05:01.000Z,971346093,-530552,970595663,750430,206419,445197,317157,556,801,historical_guard,2026-09-09T13:47:34.000Z,222152,,971305916,40177,historical_guard,299842,801,556
32,550000,971876645,120,recorded_session,inventory_only,2026-09-09T13:34:13.000Z,2026-09-09T15:34:59.000Z,970400640,-1476005,970591588,-190948,1138624,727158,549935,4482,7246,,,,,970349352,51288,inventory_cap,508669,1109,556
32,550000,971876645,120,recorded_session,legacy_checkpoints,2026-09-09T13:34:13.000Z,2026-09-09T15:34:59.000Z,971064132,-812513,970591588,472544,206419,727158,317249,556,801,historical_guard,2026-09-09T13:47:34.000Z,222152,,971023955,40177,historical_guard,299842,801,556
32,550000,971876645,120,fresh55_common,inventory_only,2026-09-09T13:34:13.000Z,2026-09-09T15:34:59.000Z,970682601,-1194044,970653707,28894,1138624,445197,549775,4482,7246,,,,,970631313,51288,inventory_cap,508669,1109,556
32,550000,971876645,120,fresh55_common,legacy_checkpoints,2026-09-09T13:34:13.000Z,2026-09-09T15:34:59.000Z,971346093,-530552,970653707,692386,206419,445197,317157,556,801,historical_guard,2026-09-09T13:47:34.000Z,222152,,971305916,40177,historical_guard,299842,801,556
32,550000,971876645,360,recorded_session,inventory_only,2026-09-09T13:34:13.000Z,2026-09-09T19:35:07.000Z,969717237,-2159408,970206720,-489483,1145766,727158,549935,18829,21654,,,,,970349352,-632115,inventory_cap,508669,1109,556
32,550000,971876645,360,recorded_session,legacy_checkpoints,2026-09-09T13:34:13.000Z,2026-09-09T19:35:07.000Z,971064132,-812513,970206720,857412,206419,727158,317249,556,801,historical_guard,2026-09-09T13:47:34.000Z,222152,,971023955,40177,historical_guard,299842,801,556
32,550000,971876645,360,fresh55_common,inventory_only,2026-09-09T13:34:13.000Z,2026-09-09T19:35:07.000Z,969999198,-1877447,970268839,-269641,1145766,445197,549775,18829,21654,,,,,970631313,-632115,inventory_cap,508669,1109,556
32,550000,971876645,360,fresh55_common,legacy_checkpoints,2026-09-09T13:34:13.000Z,2026-09-09T19:35:07.000Z,971346093,-530552,970268839,1077254,206419,445197,317157,556,801,historical_guard,2026-09-09T13:47:34.000Z,222152,,971305916,40177,historical_guard,299842,801,556
33,550000,971024524,30,recorded_session,inventory_only,2026-09-09T14:00:55.000Z,2026-09-09T14:31:35.000Z,970679917,-344607,970885478,-205561,496883,677979,484140,1473,1840,,,,,967991657,2688260,inventory_cap,99130,122,60
33,550000,971024524,30,recorded_session,legacy_checkpoints,2026-09-09T14:00:55.000Z,2026-09-09T14:31:35.000Z,970679917,-344607,970885478,-205561,496883,677979,484140,1473,1840,,,,,967991657,2688260,inventory_cap,99130,122,60
33,550000,971024524,30,fresh55_common,inventory_only,2026-09-09T14:00:55.000Z,2026-09-09T14:31:35.000Z,970912699,-111825,970920670,-7971,496883,445197,484024,1473,1840,,,,,968224439,2688260,inventory_cap,99130,122,60
33,550000,971024524,30,fresh55_common,legacy_checkpoints,2026-09-09T14:00:55.000Z,2026-09-09T14:31:35.000Z,970912699,-111825,970920670,-7971,496883,445197,484024,1473,1840,,,,,968224439,2688260,inventory_cap,99130,122,60
33,550000,971024524,120,recorded_session,inventory_only,2026-09-09T14:00:55.000Z,2026-09-09T16:02:43.000Z,970043075,-981449,970152834,-109759,930195,677979,484154,5529,7308,,,,,967991657,2051418,inventory_cap,99130,122,60
33,550000,971024524,120,recorded_session,legacy_checkpoints,2026-09-09T14:00:55.000Z,2026-09-09T16:02:43.000Z,969997742,-1026782,970152834,-155092,899429,677979,484154,2821,4356,historical_guard,2026-09-09T15:13:31.000Z,222186,,967991657,2006085,inventory_cap,99130,122,60
33,550000,971024524,120,fresh55_common,inventory_only,2026-09-09T14:00:55.000Z,2026-09-09T16:02:43.000Z,970275857,-748667,970188026,87831,930195,445197,484038,5529,7308,,,,,968224439,2051418,inventory_cap,99130,122,60
33,550000,971024524,120,fresh55_common,legacy_checkpoints,2026-09-09T14:00:55.000Z,2026-09-09T16:02:43.000Z,970230524,-794000,970188026,42498,899429,445197,484038,2821,4356,historical_guard,2026-09-09T15:13:31.000Z,222186,,968224439,2006085,inventory_cap,99130,122,60
33,550000,971024524,360,recorded_session,inventory_only,2026-09-09T14:00:55.000Z,2026-09-09T20:01:42.000Z,968999187,-2025337,969497326,-498139,930195,677979,484154,19868,21647,,,,,967991657,1007530,inventory_cap,99130,122,60
33,550000,971024524,360,recorded_session,legacy_checkpoints,2026-09-09T14:00:55.000Z,2026-09-09T20:01:42.000Z,969997742,-1026782,969497326,500416,899429,677979,484154,2821,4356,historical_guard,2026-09-09T15:13:31.000Z,222186,,967991657,2006085,inventory_cap,99130,122,60
33,550000,971024524,360,fresh55_common,inventory_only,2026-09-09T14:00:55.000Z,2026-09-09T20:01:42.000Z,969231969,-1792555,969532518,-300549,930195,445197,484038,19868,21647,,,,,968224439,1007530,inventory_cap,99130,122,60
33,550000,971024524,360,fresh55_common,legacy_checkpoints,2026-09-09T14:00:55.000Z,2026-09-09T20:01:42.000Z,970230524,-794000,969532518,698006,899429,445197,484038,2821,4356,historical_guard,2026-09-09T15:13:31.000Z,222186,,968224439,2006085,inventory_cap,99130,122,60
34,550000,967991893,30,recorded_session,inventory_only,2026-09-09T14:16:19.000Z,2026-09-09T14:46:55.000Z,968200290,208397,968158944,41346,748560,636450,469116,551,1836,,,,,966144957,2055333,inventory_cap,161958,366,0
34,550000,967991893,30,recorded_session,legacy_checkpoints,2026-09-09T14:16:19.000Z,2026-09-09T14:46:55.000Z,968200290,208397,968158944,41346,748560,636450,469116,551,1836,,,,,966144957,2055333,inventory_cap,161958,366,0
34,550000,967991893,30,fresh55_common,inventory_only,2026-09-09T14:16:19.000Z,2026-09-09T14:46:55.000Z,968391543,399650,968194880,196663,748560,445197,469023,551,1836,,,,,966336210,2055333,inventory_cap,161958,366,0
34,550000,967991893,30,fresh55_common,legacy_checkpoints,2026-09-09T14:16:19.000Z,2026-09-09T14:46:55.000Z,968391543,399650,968194880,196663,748560,445197,469023,551,1836,,,,,966336210,2055333,inventory_cap,161958,366,0
34,550000,967991893,120,recorded_session,inventory_only,2026-09-09T14:16:19.000Z,2026-09-09T16:17:03.000Z,968668021,676128,967440135,1227886,2031639,636450,473128,922,7244,,,,,966144957,2523064,inventory_cap,161958,366,0
34,550000,967991893,120,recorded_session,legacy_checkpoints,2026-09-09T14:16:19.000Z,2026-09-09T16:17:03.000Z,968443286,451393,967440135,1003151,1149448,636450,469116,551,3432,historical_guard,2026-09-09T15:13:31.000Z,222186,,966144957,2298329,inventory_cap,161958,366,0
34,550000,967991893,120,fresh55_common,inventory_only,2026-09-09T14:16:19.000Z,2026-09-09T16:17:03.000Z,968859274,867381,967476071,1383203,2031639,445197,473035,922,7244,,,,,966336210,2523064,inventory_cap,161958,366,0
34,550000,967991893,120,fresh55_common,legacy_checkpoints,2026-09-09T14:16:19.000Z,2026-09-09T16:17:03.000Z,968634539,642646,967476071,1158468,1149448,445197,469023,551,3432,historical_guard,2026-09-09T15:13:31.000Z,222186,,966336210,2298329,inventory_cap,161958,366,0
34,550000,967991893,360,recorded_session,inventory_only,2026-09-09T14:16:19.000Z,2026-09-09T20:17:05.000Z,970385019,2393126,967282137,3102882,4032504,636450,473177,1476,21646,,,,,966144957,4240062,inventory_cap,161958,366,0
34,550000,967991893,360,recorded_session,legacy_checkpoints,2026-09-09T14:16:19.000Z,2026-09-09T20:17:05.000Z,968443286,451393,967282137,1161149,1149448,636450,469116,551,3432,historical_guard,2026-09-09T15:13:31.000Z,222186,,966144957,2298329,inventory_cap,161958,366,0
34,550000,967991893,360,fresh55_common,inventory_only,2026-09-09T14:16:19.000Z,2026-09-09T20:17:05.000Z,970576272,2584379,967318073,3258199,4032504,445197,473084,1476,21646,,,,,966336210,4240062,inventory_cap,161958,366,0
34,550000,967991893,360,fresh55_common,legacy_checkpoints,2026-09-09T14:16:19.000Z,2026-09-09T20:17:05.000Z,968634539,642646,967318073,1316466,1149448,445197,469023,551,3432,historical_guard,2026-09-09T15:13:31.000Z,222186,,966336210,2298329,inventory_cap,161958,366,0
35,550000,966145358,30,recorded_session,inventory_only,2026-09-09T14:34:40.000Z,2026-09-09T15:05:20.000Z,964731117,-1414241,965446598,-715481,308840,628848,463656,980,1840,,,,,964100361,630756,inventory_cap,177708,244,61
35,550000,966145358,30,recorded_session,legacy_checkpoints,2026-09-09T14:34:40.000Z,2026-09-09T15:05:20.000Z,964731117,-1414241,965446598,-715481,308840,628848,463656,980,1840,,,,,964100361,630756,inventory_cap,177708,244,61
35,550000,966145358,30,fresh55_common,inventory_only,2026-09-09T14:34:40.000Z,2026-09-09T15:05:20.000Z,964914768,-1230590,965481035,-566267,308840,445197,463568,980,1840,,,,,964284012,630756,inventory_cap,177708,244,61
35,550000,966145358,30,fresh55_common,legacy_checkpoints,2026-09-09T14:34:40.000Z,2026-09-09T15:05:20.000Z,964914768,-1230590,965481035,-566267,308840,445197,463568,980,1840,,,,,964284012,630756,inventory_cap,177708,244,61
35,550000,966145358,120,recorded_session,inventory_only,2026-09-09T14:34:40.000Z,2026-09-09T16:35:34.000Z,963712634,-2432724,964933095,-1220461,356794,628848,463657,6027,7254,,,,,964100361,-387727,inventory_cap,177708,244,61
35,550000,966145358,120,recorded_session,legacy_checkpoints,2026-09-09T14:34:40.000Z,2026-09-09T16:35:34.000Z,964542054,-1603304,964933095,-391041,327479,628848,463657,1348,2331,historical_guard,2026-09-09T15:13:31.000Z,222186,,964100361,441693,inventory_cap,177708,244,61
35,550000,966145358,120,fresh55_common,inventory_only,2026-09-09T14:34:40.000Z,2026-09-09T16:35:34.000Z,963896285,-2249073,964967532,-1071247,356794,445197,463569,6027,7254,,,,,964284012,-387727,inventory_cap,177708,244,61
35,550000,966145358,120,fresh55_common,legacy_checkpoints,2026-09-09T14:34:40.000Z,2026-09-09T16:35:34.000Z,964725705,-1419653,964967532,-241827,327479,445197,463568,1348,2331,historical_guard,2026-09-09T15:13:31.000Z,222186,,964284012,441693,inventory_cap,177708,244,61
35,550000,966145358,360,recorded_session,inventory_only,2026-09-09T14:34:40.000Z,2026-09-09T20:35:30.000Z,963588923,-2556435,964873249,-1284326,356794,628848,463657,20423,21650,,,,,964100361,-511438,inventory_cap,177708,244,61
35,550000,966145358,360,recorded_session,legacy_checkpoints,2026-09-09T14:34:40.000Z,2026-09-09T20:35:30.000Z,964542054,-1603304,964873249,-331195,327479,628848,463657,1348,2331,historical_guard,2026-09-09T15:13:31.000Z,222186,,964100361,441693,inventory_cap,177708,244,61
35,550000,966145358,360,fresh55_common,inventory_only,2026-09-09T14:34:40.000Z,2026-09-09T20:35:30.000Z,963772574,-2372784,964907686,-1135112,356794,445197,463569,20423,21650,,,,,964284012,-511438,inventory_cap,177708,244,61
35,550000,966145358,360,fresh55_common,legacy_checkpoints,2026-09-09T14:34:40.000Z,2026-09-09T20:35:30.000Z,964725705,-1419653,964907686,-181981,327479,445197,463568,1348,2331,historical_guard,2026-09-09T15:13:31.000Z,222186,,964284012,441693,inventory_cap,177708,244,61
36,550000,964100700,30,recorded_session,inventory_only,2026-09-09T14:50:59.000Z,2026-09-09T15:21:41.000Z,963600913,-499787,963748269,-147356,555173,635223,426593,0,1842,,,,,963442654,158259,inventory_cap,693563,1537,0
36,550000,964100700,30,recorded_session,legacy_checkpoints,2026-09-09T14:50:59.000Z,2026-09-09T15:21:41.000Z,963322037,-778663,963748269,-426232,408701,635223,388789,0,1352,historical_guard,2026-09-09T15:13:31.000Z,222186,,963255728,66309,historical_guard,594452,1352,0
36,550000,964100700,30,fresh55_common,inventory_only,2026-09-09T14:50:59.000Z,2026-09-09T15:21:41.000Z,963790939,-309761,963783903,7036,555173,445197,426509,0,1842,,,,,963632680,158259,inventory_cap,693563,1537,0
36,550000,964100700,30,fresh55_common,legacy_checkpoints,2026-09-09T14:50:59.000Z,2026-09-09T15:21:41.000Z,963512063,-588637,963783903,-271840,408701,445197,388713,0,1352,historical_guard,2026-09-09T15:13:31.000Z,222186,,963445754,66309,historical_guard,594452,1352,0
36,550000,964100700,120,recorded_session,inventory_only,2026-09-09T14:50:59.000Z,2026-09-09T16:51:57.000Z,964406065,305365,963652152,753913,1541383,635223,533559,2034,7258,,,,,963442654,963411,inventory_cap,693563,1537,0
36,550000,964100700,120,recorded_session,legacy_checkpoints,2026-09-09T14:50:59.000Z,2026-09-09T16:51:57.000Z,963322037,-778663,963652152,-330115,408701,635223,388789,0,1352,historical_guard,2026-09-09T15:13:31.000Z,222186,,963255728,66309,historical_guard,594452,1352,0
36,550000,964100700,120,fresh55_common,inventory_only,2026-09-09T14:50:59.000Z,2026-09-09T16:51:57.000Z,964596091,495391,963687786,908305,1541383,445197,533454,2034,7258,,,,,963632680,963411,inventory_cap,693563,1537,0
36,550000,964100700,120,fresh55_common,legacy_checkpoints,2026-09-09T14:50:59.000Z,2026-09-09T16:51:57.000Z,963512063,-588637,963687786,-175723,408701,445197,388713,0,1352,historical_guard,2026-09-09T15:13:31.000Z,222186,,963445754,66309,historical_guard,594452,1352,0
36,550000,964100700,360,recorded_session,inventory_only,2026-09-09T14:50:59.000Z,2026-09-09T20:51:53.000Z,964356705,256005,963212840,1143865,2571667,635223,533559,8119,21654,,,,,963442654,914051,inventory_cap,693563,1537,0
36,550000,964100700,360,recorded_session,legacy_checkpoints,2026-09-09T14:50:59.000Z,2026-09-09T20:51:53.000Z,963322037,-778663,963212840,109197,408701,635223,388789,0,1352,historical_guard,2026-09-09T15:13:31.000Z,222186,,963255728,66309,historical_guard,594452,1352,0
36,550000,964100700,360,fresh55_common,inventory_only,2026-09-09T14:50:59.000Z,2026-09-09T20:51:53.000Z,964546731,446031,963248474,1298257,2571667,445197,533454,8119,21654,,,,,963632680,914051,inventory_cap,693563,1537,0
36,550000,964100700,360,fresh55_common,legacy_checkpoints,2026-09-09T14:50:59.000Z,2026-09-09T20:51:53.000Z,963512063,-588637,963248474,263589,408701,445197,388713,0,1352,historical_guard,2026-09-09T15:13:31.000Z,222186,,963445754,66309,historical_guard,594452,1352,0
37,550000,963082864,30,recorded_session,inventory_only,2026-09-09T15:26:48.000Z,2026-09-09T15:57:33.000Z,963070019,-12845,963732995,-662976,368231,623191,339541,801,1845,,,,,963347453,-277434,,535613,1845,801
37,550000,963082864,30,recorded_session,legacy_checkpoints,2026-09-09T15:26:48.000Z,2026-09-09T15:57:33.000Z,962848905,-233959,963732995,-884090,230214,623191,339541,0,368,historical_guard,2026-09-09T15:32:56.000Z,222197,,963025702,-176797,historical_guard,334857,368,0
37,550000,963082864,30,fresh55_common,inventory_only,2026-09-09T15:26:48.000Z,2026-09-09T15:57:33.000Z,963248013,165149,963765671,-517658,368231,445197,339478,801,1845,,,,,963525447,-277434,,535613,1845,801
37,550000,963082864,30,fresh55_common,legacy_checkpoints,2026-09-09T15:26:48.000Z,2026-09-09T15:57:33.000Z,963026899,-55965,963765671,-738772,230214,445197,339478,0,368,historical_guard,2026-09-09T15:32:56.000Z,222197,,963203696,-176797,historical_guard,334857,368,0
37,550000,963082864,120,recorded_session,inventory_only,2026-09-09T15:26:48.000Z,2026-09-09T17:26:56.000Z,963886922,804058,963675412,211510,1184869,623191,339541,2653,7208,,,,,964535777,-648855,,1723561,7208,2653
37,550000,963082864,120,recorded_session,legacy_checkpoints,2026-09-09T15:26:48.000Z,2026-09-09T17:26:56.000Z,962848905,-233959,963675412,-826507,230214,623191,339541,0,368,historical_guard,2026-09-09T15:32:56.000Z,222197,,963025702,-176797,historical_guard,334857,368,0
37,550000,963082864,120,fresh55_common,inventory_only,2026-09-09T15:26:48.000Z,2026-09-09T17:26:56.000Z,964064916,982052,963708088,356828,1184869,445197,339478,2653,7208,,,,,964713771,-648855,,1723561,7208,2653
37,550000,963082864,120,fresh55_common,legacy_checkpoints,2026-09-09T15:26:48.000Z,2026-09-09T17:26:56.000Z,963026899,-55965,963708088,-681189,230214,445197,339478,0,368,historical_guard,2026-09-09T15:32:56.000Z,222197,,963203696,-176797,historical_guard,334857,368,0
37,550000,963082864,360,recorded_session,inventory_only,2026-09-09T15:26:48.000Z,2026-09-09T21:27:41.000Z,964793509,1710645,962884400,1909109,2579003,623191,341368,6093,21653,,,,,965854255,-1060746,,3751989,21653,6093
37,550000,963082864,360,recorded_session,legacy_checkpoints,2026-09-09T15:26:48.000Z,2026-09-09T21:27:41.000Z,962848905,-233959,962884400,-35495,230214,623191,339541,0,368,historical_guard,2026-09-09T15:32:56.000Z,222197,,963025702,-176797,historical_guard,334857,368,0
37,550000,963082864,360,fresh55_common,inventory_only,2026-09-09T15:26:48.000Z,2026-09-09T21:27:41.000Z,964971503,1888639,962917076,2054427,2579003,445197,341305,6093,21653,,,,,966032249,-1060746,,3751989,21653,6093
37,550000,963082864,360,fresh55_common,legacy_checkpoints,2026-09-09T15:26:48.000Z,2026-09-09T21:27:41.000Z,963026899,-55965,962917076,109823,230214,445197,339478,0,368,historical_guard,2026-09-09T15:32:56.000Z,222197,,963203696,-176797,historical_guard,334857,368,0
38,550000,963026511,30,recorded_session,inventory_only,2026-09-09T15:45:15.000Z,2026-09-09T16:16:03.000Z,961948579,-1077932,962498379,-549800,235461,635509,436289,0,1848,,,,,961745416,203163,,341904,1848,0
38,550000,963026511,30,recorded_session,legacy_checkpoints,2026-09-09T15:45:15.000Z,2026-09-09T16:16:03.000Z,962276043,-750468,962498379,-222336,164838,635509,333359,0,1479,historical_guard,2026-09-09T16:09:54.000Z,222192,,962222473,53570,historical_guard,239357,1479,0
38,550000,963026511,30,fresh55_common,inventory_only,2026-09-09T15:45:15.000Z,2026-09-09T16:16:03.000Z,962138891,-887620,962533490,-394599,235461,445197,436203,0,1848,,,,,961935728,203163,,341904,1848,0
38,550000,963026511,30,fresh55_common,legacy_checkpoints,2026-09-09T15:45:15.000Z,2026-09-09T16:16:03.000Z,962466355,-560156,962533490,-67135,164838,445197,333293,0,1479,historical_guard,2026-09-09T16:09:54.000Z,222192,,962412785,53570,historical_guard,239357,1479,0
38,550000,963026511,120,recorded_session,inventory_only,2026-09-09T15:45:15.000Z,2026-09-09T17:45:17.000Z,963451286,424775,962866230,585056,1251346,635509,522579,0,7202,,,,,961516101,1935185,inventory_cap,374604,1908,0
38,550000,963026511,120,recorded_session,legacy_checkpoints,2026-09-09T15:45:15.000Z,2026-09-09T17:45:17.000Z,962276043,-750468,962866230,-590187,164838,635509,333359,0,1479,historical_guard,2026-09-09T16:09:54.000Z,222192,,962222473,53570,historical_guard,239357,1479,0
38,550000,963026511,120,fresh55_common,inventory_only,2026-09-09T15:45:15.000Z,2026-09-09T17:45:17.000Z,963641598,615087,962901341,740257,1251346,445197,522476,0,7202,,,,,961706413,1935185,inventory_cap,374604,1908,0
38,550000,963026511,120,fresh55_common,legacy_checkpoints,2026-09-09T15:45:15.000Z,2026-09-09T17:45:17.000Z,962466355,-560156,962901341,-434986,164838,445197,333293,0,1479,historical_guard,2026-09-09T16:09:54.000Z,222192,,962412785,53570,historical_guard,239357,1479,0
38,550000,963026511,360,recorded_session,inventory_only,2026-09-09T15:45:15.000Z,2026-09-09T21:46:10.000Z,963365471,338960,961971627,1393844,2568631,635509,550749,3872,21655,,,,,961516101,1849370,inventory_cap,374604,1908,0
38,550000,963026511,360,recorded_session,legacy_checkpoints,2026-09-09T15:45:15.000Z,2026-09-09T21:46:10.000Z,962276043,-750468,961971627,304416,164838,635509,333359,0,1479,historical_guard,2026-09-09T16:09:54.000Z,222192,,962222473,53570,historical_guard,239357,1479,0
38,550000,963026511,360,fresh55_common,inventory_only,2026-09-09T15:45:15.000Z,2026-09-09T21:46:10.000Z,963555783,529272,962006738,1549045,2568631,445197,550641,3872,21655,,,,,961706413,1849370,inventory_cap,374604,1908,0
38,550000,963026511,360,fresh55_common,legacy_checkpoints,2026-09-09T15:45:15.000Z,2026-09-09T21:46:10.000Z,962466355,-560156,962006738,459617,164838,445197,333293,0,1479,historical_guard,2026-09-09T16:09:54.000Z,222192,,962412785,53570,historical_guard,239357,1479,0
39,550000,962134757,30,recorded_session,inventory_only,2026-09-09T16:24:13.000Z,2026-09-09T16:55:03.000Z,962115018,-19739,962323820,-208802,530141,641784,247756,186,1850,,,,,962396960,-281942,,770157,1850,186
39,550000,962134757,30,recorded_session,legacy_checkpoints,2026-09-09T16:24:13.000Z,2026-09-09T16:55:03.000Z,961924697,-210060,962323820,-399123,428096,641784,247756,0,1296,historical_guard,2026-09-09T16:45:49.000Z,222196,,962119991,-195294,historical_guard,621890,1296,0
39,550000,962134757,30,fresh55_common,inventory_only,2026-09-09T16:24:13.000Z,2026-09-09T16:55:03.000Z,962311605,176848,962360519,-48914,530141,445197,247705,186,1850,,,,,962593547,-281942,,770157,1850,186
39,550000,962134757,30,fresh55_common,legacy_checkpoints,2026-09-09T16:24:13.000Z,2026-09-09T16:55:03.000Z,962121284,-13473,962360519,-239235,428096,445197,247705,0,1296,historical_guard,2026-09-09T16:45:49.000Z,222196,,962316578,-195294,historical_guard,621890,1296,0
39,550000,962134757,120,recorded_session,inventory_only,2026-09-09T16:24:13.000Z,2026-09-09T18:25:15.000Z,962326777,192020,962245231,81546,770718,641784,247756,4180,7262,,,,,962704475,-377698,,1119729,7262,4180
39,550000,962134757,120,recorded_session,legacy_checkpoints,2026-09-09T16:24:13.000Z,2026-09-09T18:25:15.000Z,961924697,-210060,962245231,-320534,428096,641784,247756,0,1296,historical_guard,2026-09-09T16:45:49.000Z,222196,,962119991,-195294,historical_guard,621890,1296,0
39,550000,962134757,120,fresh55_common,inventory_only,2026-09-09T16:24:13.000Z,2026-09-09T18:25:15.000Z,962523364,388607,962281930,241434,770718,445197,247705,4180,7262,,,,,962901062,-377698,,1119729,7262,4180
39,550000,962134757,120,fresh55_common,legacy_checkpoints,2026-09-09T16:24:13.000Z,2026-09-09T18:25:15.000Z,962121284,-13473,962281930,-160646,428096,445197,247705,0,1296,historical_guard,2026-09-09T16:45:49.000Z,222196,,962316578,-195294,historical_guard,621890,1296,0
39,550000,962134757,360,recorded_session,inventory_only,2026-09-09T16:24:13.000Z,2026-09-09T22:25:03.000Z,963247020,1112263,961667380,1579640,2360995,641784,466324,4613,21650,,,,,963680095,-433075,inventory_cap,3230629,19870,4613
39,550000,962134757,360,recorded_session,legacy_checkpoints,2026-09-09T16:24:13.000Z,2026-09-09T22:25:03.000Z,961924697,-210060,961667380,257317,428096,641784,247756,0,1296,historical_guard,2026-09-09T16:45:49.000Z,222196,,962119991,-195294,historical_guard,621890,1296,0
39,550000,962134757,360,fresh55_common,inventory_only,2026-09-09T16:24:13.000Z,2026-09-09T22:25:03.000Z,963443607,1308850,961704079,1739528,2360995,445197,466229,4613,21650,,,,,963876682,-433075,inventory_cap,3230629,19870,4613
39,550000,962134757,360,fresh55_common,legacy_checkpoints,2026-09-09T16:24:13.000Z,2026-09-09T22:25:03.000Z,962121284,-13473,961704079,417205,428096,445197,247705,0,1296,historical_guard,2026-09-09T16:45:49.000Z,222196,,962316578,-195294,historical_guard,621890,1296,0
40,550000,962125304,30,recorded_session,inventory_only,2026-09-09T16:59:10.000Z,2026-09-09T17:29:59.000Z,961524188,-601116,961952839,-428651,204079,620814,342850,0,1849,,,,,961532742,-8554,,296839,1849,0
40,550000,962125304,30,recorded_session,legacy_checkpoints,2026-09-09T16:59:10.000Z,2026-09-09T17:29:59.000Z,961524188,-601116,961952839,-428651,204079,620814,342850,0,1849,,,,,961532742,-8554,,296839,1849,0
40,550000,962125304,30,fresh55_common,inventory_only,2026-09-09T16:59:10.000Z,2026-09-09T17:29:59.000Z,961699805,-425499,961986409,-286604,204079,445197,342788,0,1849,,,,,961708359,-8554,,296839,1849,0
40,550000,962125304,30,fresh55_common,legacy_checkpoints,2026-09-09T16:59:10.000Z,2026-09-09T17:29:59.000Z,961699805,-425499,961986409,-286604,204079,445197,342788,0,1849,,,,,961708359,-8554,,296839,1849,0
40,550000,962125304,120,recorded_session,inventory_only,2026-09-09T16:59:10.000Z,2026-09-09T19:00:10.000Z,961304959,-820345,961437273,-132314,817726,620814,507815,0,7260,,,,,961517689,-212730,inventory_cap,1132396,6892,0
40,550000,962125304,120,recorded_session,legacy_checkpoints,2026-09-09T16:59:10.000Z,2026-09-09T19:00:10.000Z,961849675,-275629,961437273,412402,674466,620814,342850,0,5907,historical_guard,2026-09-09T18:37:37.000Z,222191,,962006022,-156347,historical_guard,981050,5907,0
40,550000,962125304,120,fresh55_common,inventory_only,2026-09-09T16:59:10.000Z,2026-09-09T19:00:10.000Z,961480576,-644728,961470843,9733,817726,445197,507722,0,7260,,,,,961693306,-212730,inventory_cap,1132396,6892,0
40,550000,962125304,120,fresh55_common,legacy_checkpoints,2026-09-09T16:59:10.000Z,2026-09-09T19:00:10.000Z,962025292,-100012,961470843,554449,674466,445197,342788,0,5907,historical_guard,2026-09-09T18:37:37.000Z,222191,,962181639,-156347,historical_guard,981050,5907,0
40,550000,962125304,360,recorded_session,inventory_only,2026-09-09T16:59:10.000Z,2026-09-09T22:59:45.000Z,961620120,-505184,961173013,447107,1675444,620814,547509,8287,21635,,,,,961517689,102431,inventory_cap,1132396,6892,0
40,550000,962125304,360,recorded_session,legacy_checkpoints,2026-09-09T16:59:10.000Z,2026-09-09T22:59:45.000Z,961849675,-275629,961173013,676662,674466,620814,342850,0,5907,historical_guard,2026-09-09T18:37:37.000Z,222191,,962006022,-156347,historical_guard,981050,5907,0
40,550000,962125304,360,fresh55_common,inventory_only,2026-09-09T16:59:10.000Z,2026-09-09T22:59:45.000Z,961795737,-329567,961206583,589154,1675444,445197,547409,8287,21635,,,,,961693306,102431,inventory_cap,1132396,6892,0
40,550000,962125304,360,fresh55_common,legacy_checkpoints,2026-09-09T16:59:10.000Z,2026-09-09T22:59:45.000Z,962025292,-100012,961206583,818709,674466,445197,342788,0,5907,historical_guard,2026-09-09T18:37:37.000Z,222191,,962181639,-156347,historical_guard,981050,5907,0
41,550000,962010453,30,recorded_session,inventory_only,2026-09-09T18:59:08.000Z,2026-09-09T19:29:56.000Z,961824320,-186133,962151541,-327221,377649,627986,337414,247,1848,,,,,962025141,-200821,,549296,1848,247
41,550000,962010453,30,recorded_session,legacy_checkpoints,2026-09-09T18:59:08.000Z,2026-09-09T19:29:56.000Z,961582134,-428319,962151541,-569407,306310,627986,337414,0,1170,historical_guard,2026-09-09T19:18:38.000Z,222202,,961672682,-90548,historical_guard,445525,1170,0
41,550000,962010453,30,fresh55_common,inventory_only,2026-09-09T18:59:08.000Z,2026-09-09T19:29:56.000Z,962007109,-3344,962186393,-179284,377649,445197,337350,247,1848,,,,,962207930,-200821,,549296,1848,247
41,550000,962010453,30,fresh55_common,legacy_checkpoints,2026-09-09T18:59:08.000Z,2026-09-09T19:29:56.000Z,961764923,-245530,962186393,-421470,306310,445197,337350,0,1170,historical_guard,2026-09-09T19:18:38.000Z,222202,,961855471,-90548,historical_guard,445525,1170,0
41,550000,962010453,120,recorded_session,inventory_only,2026-09-09T18:59:08.000Z,2026-09-09T21:00:06.000Z,962053646,43193,961726749,326897,979991,627986,337414,433,7258,,,,,962358333,-304687,,1425473,7258,433
41,550000,962010453,120,recorded_session,legacy_checkpoints,2026-09-09T18:59:08.000Z,2026-09-09T21:00:06.000Z,961582134,-428319,961726749,-144615,306310,627986,337414,0,1170,historical_guard,2026-09-09T19:18:38.000Z,222202,,961672682,-90548,historical_guard,445525,1170,0
41,550000,962010453,120,fresh55_common,inventory_only,2026-09-09T18:59:08.000Z,2026-09-09T21:00:06.000Z,962236435,225982,961761601,474834,979991,445197,337350,433,7258,,,,,962541122,-304687,,1425473,7258,433
41,550000,962010453,120,fresh55_common,legacy_checkpoints,2026-09-09T18:59:08.000Z,2026-09-09T21:00:06.000Z,961764923,-245530,961761601,3322,306310,445197,337350,0,1170,historical_guard,2026-09-09T19:18:38.000Z,222202,,961855471,-90548,historical_guard,445525,1170,0
41,550000,962010453,360,recorded_session,inventory_only,2026-09-09T18:59:08.000Z,2026-09-10T00:59:42.000Z,961799815,-210638,961226736,573079,1831333,627986,536162,557,21634,,,,,962093880,-294065,inventory_cap,1826678,10823,433
41,550000,962010453,360,recorded_session,legacy_checkpoints,2026-09-09T18:59:08.000Z,2026-09-10T00:59:42.000Z,961582134,-428319,961226736,355398,306310,627986,337414,0,1170,historical_guard,2026-09-09T19:18:38.000Z,222202,,961672682,-90548,historical_guard,445525,1170,0
41,550000,962010453,360,fresh55_common,inventory_only,2026-09-09T18:59:08.000Z,2026-09-10T00:59:42.000Z,961982604,-27849,961261588,721016,1831333,445197,536060,557,21634,,,,,962276669,-294065,inventory_cap,1826678,10823,433
41,550000,962010453,360,fresh55_common,legacy_checkpoints,2026-09-09T18:59:08.000Z,2026-09-10T00:59:42.000Z,961764923,-245530,961261588,503335,306310,445197,337350,0,1170,historical_guard,2026-09-09T19:18:38.000Z,222202,,961855471,-90548,historical_guard,445525,1170,0
42,550000,961889597,30,recorded_session,inventory_only,2026-09-09T19:33:02.000Z,2026-09-09T20:03:45.000Z,960802522,-1087075,961337169,-534647,241744,590646,398646,369,1843,,,,,960576135,226387,,351625,1843,369
42,550000,961889597,30,recorded_session,legacy_checkpoints,2026-09-09T19:33:02.000Z,2026-09-09T20:03:45.000Z,960802522,-1087075,961337169,-534647,241744,590646,398646,369,1843,,,,,960576135,226387,,351625,1843,369
42,550000,961889597,30,fresh55_common,inventory_only,2026-09-09T19:33:02.000Z,2026-09-09T20:03:45.000Z,960947971,-941626,961369031,-421060,241744,445197,398586,369,1843,,,,,960721584,226387,,351625,1843,369
42,550000,961889597,30,fresh55_common,legacy_checkpoints,2026-09-09T19:33:02.000Z,2026-09-09T20:03:45.000Z,960947971,-941626,961369031,-421060,241744,445197,398586,369,1843,,,,,960721584,226387,,351625,1843,369
42,550000,961889597,120,recorded_session,inventory_only,2026-09-09T19:33:02.000Z,2026-09-09T21:33:51.000Z,960682737,-1206860,961219068,-536331,331435,590646,398656,2948,7249,,,,,960401772,280965,,482102,7249,2948
42,550000,961889597,120,recorded_session,legacy_checkpoints,2026-09-09T19:33:02.000Z,2026-09-09T21:33:51.000Z,960682737,-1206860,961219068,-536331,331435,590646,398656,2948,7249,,,,,960401772,280965,,482102,7249,2948
42,550000,961889597,120,fresh55_common,inventory_only,2026-09-09T19:33:02.000Z,2026-09-09T21:33:51.000Z,960828186,-1061411,961250930,-422744,331435,445197,398596,2948,7249,,,,,960547221,280965,,482102,7249,2948
42,550000,961889597,120,fresh55_common,legacy_checkpoints,2026-09-09T19:33:02.000Z,2026-09-09T21:33:51.000Z,960828186,-1061411,961250930,-422744,331435,445197,398596,2948,7249,,,,,960547221,280965,,482102,7249,2948
42,550000,961889597,360,recorded_session,inventory_only,2026-09-09T19:33:02.000Z,2026-09-10T01:33:32.000Z,958518974,-3370623,959958518,-1439544,331435,590646,398656,17329,21630,,,,,957252912,1266062,,482102,21630,17329
42,550000,961889597,360,recorded_session,legacy_checkpoints,2026-09-09T19:33:02.000Z,2026-09-10T01:33:32.000Z,960703325,-1186272,959958518,744807,331435,590646,398656,11915,16216,historical_guard,2026-09-10T00:03:18.000Z,222213,,960431726,271599,historical_guard,482102,16216,11915
42,550000,961889597,360,fresh55_common,inventory_only,2026-09-09T19:33:02.000Z,2026-09-10T01:33:32.000Z,958664423,-3225174,959990380,-1325957,331435,445197,398596,17329,21630,,,,,957398361,1266062,,482102,21630,17329
42,550000,961889597,360,fresh55_common,legacy_checkpoints,2026-09-09T19:33:02.000Z,2026-09-10T01:33:32.000Z,960848774,-1040823,959990380,858394,331435,445197,398596,11915,16216,historical_guard,2026-09-10T00:03:18.000Z,222213,,960577175,271599,historical_guard,482102,16216,11915
43,550000,959999057,30,recorded_session,inventory_only,2026-09-10T00:04:18.000Z,2026-09-10T00:35:06.000Z,958644013,-1355044,959320106,-676093,164177,562658,518078,0,1848,,,,,958669242,-25229,inventory_cap,130501,983,0
43,550000,959999057,30,recorded_session,legacy_checkpoints,2026-09-10T00:04:18.000Z,2026-09-10T00:35:06.000Z,958639718,-1359339,959320106,-680388,160789,562658,518078,0,1538,historical_guard,2026-09-10T00:29:56.000Z,222227,,958669242,-29524,inventory_cap,130501,983,0
43,550000,959999057,30,fresh55_common,inventory_only,2026-09-10T00:04:18.000Z,2026-09-10T00:35:06.000Z,958761474,-1237583,959342986,-581512,164177,445197,518014,0,1848,,,,,958786703,-25229,inventory_cap,130501,983,0
43,550000,959999057,30,fresh55_common,legacy_checkpoints,2026-09-10T00:04:18.000Z,2026-09-10T00:35:06.000Z,958757179,-1241878,959342986,-585807,160789,445197,518014,0,1538,historical_guard,2026-09-10T00:29:56.000Z,222227,,958786703,-29524,inventory_cap,130501,983,0
43,550000,959999057,120,recorded_session,inventory_only,2026-09-10T00:04:18.000Z,2026-09-10T02:05:12.000Z,957427182,-2571875,958603506,-1176324,184267,562658,541315,4054,7254,,,,,958669242,-1242060,inventory_cap,130501,983,0
43,550000,959999057,120,recorded_session,legacy_checkpoints,2026-09-10T00:04:18.000Z,2026-09-10T02:05:12.000Z,958639718,-1359339,958603506,36212,160789,562658,518078,0,1538,historical_guard,2026-09-10T00:29:56.000Z,222227,,958669242,-29524,inventory_cap,130501,983,0
43,550000,959999057,120,fresh55_common,inventory_only,2026-09-10T00:04:18.000Z,2026-09-10T02:05:12.000Z,957544643,-2454414,958626386,-1081743,184267,445197,541248,4054,7254,,,,,958786703,-1242060,inventory_cap,130501,983,0
43,550000,959999057,120,fresh55_common,legacy_checkpoints,2026-09-10T00:04:18.000Z,2026-09-10T02:05:12.000Z,958757179,-1241878,958626386,130793,160789,445197,518014,0,1538,historical_guard,2026-09-10T00:29:56.000Z,222227,,958786703,-29524,inventory_cap,130501,983,0
43,550000,959999057,360,recorded_session,inventory_only,2026-09-10T00:04:18.000Z,2026-09-10T06:04:58.000Z,958587252,-1411805,959267308,-680056,205416,562658,541315,17275,21640,,,,,958669242,-81990,inventory_cap,130501,983,0
43,550000,959999057,360,recorded_session,legacy_checkpoints,2026-09-10T00:04:18.000Z,2026-09-10T06:04:58.000Z,958639718,-1359339,959267308,-627590,160789,562658,518078,0,1538,historical_guard,2026-09-10T00:29:56.000Z,222227,,958669242,-29524,inventory_cap,130501,983,0
43,550000,959999057,360,fresh55_common,inventory_only,2026-09-10T00:04:18.000Z,2026-09-10T06:04:58.000Z,958704713,-1294344,959290188,-585475,205416,445197,541248,17275,21640,,,,,958786703,-81990,inventory_cap,130501,983,0
43,550000,959999057,360,fresh55_common,legacy_checkpoints,2026-09-10T00:04:18.000Z,2026-09-10T06:04:58.000Z,958757179,-1241878,959290188,-533009,160789,445197,518014,0,1538,historical_guard,2026-09-10T00:29:56.000Z,222227,,958786703,-29524,inventory_cap,130501,983,0
44,550000,958543751,30,recorded_session,inventory_only,2026-09-10T00:34:03.000Z,2026-09-10T01:04:50.000Z,957616532,-927219,958183586,-567054,84054,564616,328847,0,1847,,,,,957451153,165379,,122173,1847,0
44,550000,958543751,30,recorded_session,legacy_checkpoints,2026-09-10T00:34:03.000Z,2026-09-10T01:04:50.000Z,957651327,-892424,958183586,-532259,67714,564616,325217,0,1663,historical_guard,2026-09-10T01:01:46.000Z,222232,,957501826,149501,historical_guard,98425,1663,0
44,550000,958543751,30,fresh55_common,inventory_only,2026-09-10T00:34:03.000Z,2026-09-10T01:04:50.000Z,957735951,-807800,958207424,-471473,84054,445197,328806,0,1847,,,,,957570572,165379,,122173,1847,0
44,550000,958543751,30,fresh55_common,legacy_checkpoints,2026-09-10T00:34:03.000Z,2026-09-10T01:04:50.000Z,957770746,-773005,958207424,-436678,67714,445197,325176,0,1663,historical_guard,2026-09-10T01:01:46.000Z,222232,,957621245,149501,historical_guard,98425,1663,0
44,550000,958543751,120,recorded_session,inventory_only,2026-09-10T00:34:03.000Z,2026-09-10T02:34:57.000Z,957574541,-969210,957851929,-277388,723615,564616,550495,1713,7254,,,,,957017870,556671,inventory_cap,320205,3138,0
44,550000,958543751,120,recorded_session,legacy_checkpoints,2026-09-10T00:34:03.000Z,2026-09-10T02:34:57.000Z,957651327,-892424,957851929,-200602,67714,564616,325217,0,1663,historical_guard,2026-09-10T01:01:46.000Z,222232,,957501826,149501,historical_guard,98425,1663,0
44,550000,958543751,120,fresh55_common,inventory_only,2026-09-10T00:34:03.000Z,2026-09-10T02:34:57.000Z,957693960,-849791,957875767,-181807,723615,445197,550426,1713,7254,,,,,957137289,556671,inventory_cap,320205,3138,0
44,550000,958543751,120,fresh55_common,legacy_checkpoints,2026-09-10T00:34:03.000Z,2026-09-10T02:34:57.000Z,957770746,-773005,957875767,-105021,67714,445197,325176,0,1663,historical_guard,2026-09-10T01:01:46.000Z,222232,,957621245,149501,historical_guard,98425,1663,0
44,550000,958543751,360,recorded_session,inventory_only,2026-09-10T00:34:03.000Z,2026-09-10T06:34:43.000Z,958589813,46062,957815109,774704,1832459,564616,550495,2081,21640,,,,,957017870,1571943,inventory_cap,320205,3138,0
44,550000,958543751,360,recorded_session,legacy_checkpoints,2026-09-10T00:34:03.000Z,2026-09-10T06:34:43.000Z,957651327,-892424,957815109,-163782,67714,564616,325217,0,1663,historical_guard,2026-09-10T01:01:46.000Z,222232,,957501826,149501,historical_guard,98425,1663,0
44,550000,958543751,360,fresh55_common,inventory_only,2026-09-10T00:34:03.000Z,2026-09-10T06:34:43.000Z,958709232,165481,957838947,870285,1832459,445197,550426,2081,21640,,,,,957137289,1571943,inventory_cap,320205,3138,0
44,550000,958543751,360,fresh55_common,legacy_checkpoints,2026-09-10T00:34:03.000Z,2026-09-10T06:34:43.000Z,957770746,-773005,957838947,-68201,67714,445197,325176,0,1663,historical_guard,2026-09-10T01:01:46.000Z,222232,,957621245,149501,historical_guard,98425,1663,0
45,550000,957501999,30,recorded_session,inventory_only,2026-09-10T01:14:01.000Z,2026-09-10T01:44:47.000Z,956016062,-1485937,956726092,-710030,163268,547668,476748,736,1846,,,,,955998640,17422,inventory_cap,218190,986,0
45,550000,957501999,30,recorded_session,legacy_checkpoints,2026-09-10T01:14:01.000Z,2026-09-10T01:44:47.000Z,956016062,-1485937,956726092,-710030,163268,547668,476748,736,1846,,,,,955998640,17422,inventory_cap,218190,986,0
45,550000,957501999,30,fresh55_common,inventory_only,2026-09-10T01:14:01.000Z,2026-09-10T01:44:47.000Z,956118533,-1383466,956747610,-629077,163268,445197,476697,736,1846,,,,,956101111,17422,inventory_cap,218190,986,0
45,550000,957501999,30,fresh55_common,legacy_checkpoints,2026-09-10T01:14:01.000Z,2026-09-10T01:44:47.000Z,956118533,-1383466,956747610,-629077,163268,445197,476697,736,1846,,,,,956101111,17422,inventory_cap,218190,986,0
45,550000,957501999,120,recorded_session,inventory_only,2026-09-10T01:14:01.000Z,2026-09-10T03:14:51.000Z,957324789,-177210,957201150,123639,734310,547668,476752,1713,7250,,,,,955998640,1326149,inventory_cap,218190,986,0
45,550000,957501999,120,recorded_session,legacy_checkpoints,2026-09-10T01:14:01.000Z,2026-09-10T03:14:51.000Z,957324789,-177210,957201150,123639,734310,547668,476752,1713,7250,,,,,955998640,1326149,inventory_cap,218190,986,0
45,550000,957501999,120,fresh55_common,inventory_only,2026-09-10T01:14:01.000Z,2026-09-10T03:14:51.000Z,957427260,-74739,957222668,204592,734310,445197,476701,1713,7250,,,,,956101111,1326149,inventory_cap,218190,986,0
45,550000,957501999,120,fresh55_common,legacy_checkpoints,2026-09-10T01:14:01.000Z,2026-09-10T03:14:51.000Z,957427260,-74739,957222668,204592,734310,445197,476701,1713,7250,,,,,956101111,1326149,inventory_cap,218190,986,0
45,550000,957501999,360,recorded_session,inventory_only,2026-09-10T01:14:01.000Z,2026-09-10T07:14:41.000Z,958019403,517404,957106480,912923,1557320,547668,476781,2388,21640,,,,,955998640,2020763,inventory_cap,218190,986,0
45,550000,957501999,360,recorded_session,legacy_checkpoints,2026-09-10T01:14:01.000Z,2026-09-10T07:14:41.000Z,957699531,197532,957106480,593051,1196626,547668,476752,1713,12468,historical_guard,2026-09-10T04:41:49.000Z,222239,,955998640,1700891,inventory_cap,218190,986,0
45,550000,957501999,360,fresh55_common,inventory_only,2026-09-10T01:14:01.000Z,2026-09-10T07:14:41.000Z,958121874,619875,957127998,993876,1557320,445197,476730,2388,21640,,,,,956101111,2020763,inventory_cap,218190,986,0
45,550000,957501999,360,fresh55_common,legacy_checkpoints,2026-09-10T01:14:01.000Z,2026-09-10T07:14:41.000Z,957802002,300003,957127998,674004,1196626,445197,476701,1713,12468,historical_guard,2026-09-10T04:41:49.000Z,222239,,956101111,1700891,inventory_cap,218190,986,0
46,550000,955999049,30,recorded_session,inventory_only,2026-09-10T01:43:46.000Z,2026-09-10T02:14:26.000Z,955671697,-327352,955963615,-291918,249918,530255,243676,0,1840,,,,,955763320,-91623,,363123,1840,0
46,550000,955999049,30,recorded_session,legacy_checkpoints,2026-09-10T01:43:46.000Z,2026-09-10T02:14:26.000Z,955671697,-327352,955963615,-291918,249918,530255,243676,0,1840,,,,,955763320,-91623,,363123,1840,0
46,550000,955999049,30,fresh55_common,inventory_only,2026-09-10T01:43:46.000Z,2026-09-10T02:14:26.000Z,955756755,-242294,955982444,-225689,249918,445197,243655,0,1840,,,,,955848378,-91623,,363123,1840,0
46,550000,955999049,30,fresh55_common,legacy_checkpoints,2026-09-10T01:43:46.000Z,2026-09-10T02:14:26.000Z,955756755,-242294,955982444,-225689,249918,445197,243655,0,1840,,,,,955848378,-91623,,363123,1840,0
46,550000,955999049,120,recorded_session,inventory_only,2026-09-10T01:43:46.000Z,2026-09-10T03:44:29.000Z,956117200,118151,956238945,-121745,556302,530255,243676,3004,7243,,,,,956411315,-294115,,808373,7243,3004
46,550000,955999049,120,recorded_session,legacy_checkpoints,2026-09-10T01:43:46.000Z,2026-09-10T03:44:29.000Z,956117200,118151,956238945,-121745,556302,530255,243676,3004,7243,,,,,956411315,-294115,,808373,7243,3004
46,550000,955999049,120,fresh55_common,inventory_only,2026-09-10T01:43:46.000Z,2026-09-10T03:44:29.000Z,956202258,203209,956257774,-55516,556302,445197,243655,3004,7243,,,,,956496373,-294115,,808373,7243,3004
46,550000,955999049,120,fresh55_common,legacy_checkpoints,2026-09-10T01:43:46.000Z,2026-09-10T03:44:29.000Z,956202258,203209,956257774,-55516,556302,445197,243655,3004,7243,,,,,956496373,-294115,,808373,7243,3004
46,550000,955999049,360,recorded_session,inventory_only,2026-09-10T01:43:46.000Z,2026-09-10T07:44:21.000Z,956326433,327384,955899919,426514,964932,530255,249977,12848,21635,,,,,956714562,-388129,,1402174,21635,12848
46,550000,955999049,360,recorded_session,legacy_checkpoints,2026-09-10T01:43:46.000Z,2026-09-10T07:44:21.000Z,956108999,109950,955899919,209080,556302,530255,243676,6444,10683,historical_guard,2026-09-10T04:41:49.000Z,222239,,956399289,-290290,historical_guard,808373,10683,6444
46,550000,955999049,360,fresh55_common,inventory_only,2026-09-10T01:43:46.000Z,2026-09-10T07:44:21.000Z,956411491,412442,955918748,492743,964932,445197,249955,12848,21635,,,,,956799620,-388129,,1402174,21635,12848
46,550000,955999049,360,fresh55_common,legacy_checkpoints,2026-09-10T01:43:46.000Z,2026-09-10T07:44:21.000Z,956194057,195008,955918748,275309,556302,445197,243655,6444,10683,historical_guard,2026-09-10T04:41:49.000Z,222239,,956484347,-290290,historical_guard,808373,10683,6444
47,550000,956400573,30,recorded_session,inventory_only,2026-09-10T04:54:08.000Z,2026-09-10T05:25:00.000Z,955865346,-535227,956317322,-451976,85574,513108,271579,0,1852,,,,,955854948,10398,,124384,1852,0
47,550000,956400573,30,recorded_session,legacy_checkpoints,2026-09-10T04:54:08.000Z,2026-09-10T05:25:00.000Z,955834621,-565952,956317322,-482701,73128,513108,271579,0,1235,historical_guard,2026-09-10T05:14:43.000Z,222233,,955810255,24366,historical_guard,106293,1235,0
47,550000,956400573,30,fresh55_common,inventory_only,2026-09-10T04:54:08.000Z,2026-09-10T05:25:00.000Z,955933257,-467316,956333344,-400087,85574,445197,271560,0,1852,,,,,955922859,10398,,124384,1852,0
47,550000,956400573,30,fresh55_common,legacy_checkpoints,2026-09-10T04:54:08.000Z,2026-09-10T05:25:00.000Z,955902532,-498041,956333344,-430812,73128,445197,271560,0,1235,historical_guard,2026-09-10T05:14:43.000Z,222233,,955878166,24366,historical_guard,106293,1235,0
47,550000,956400573,120,recorded_session,inventory_only,2026-09-10T04:54:08.000Z,2026-09-10T06:55:11.000Z,956011314,-389259,956146764,-135450,426649,513108,453913,0,7263,,,,,955262355,748959,inventory_cap,367444,5356,0
47,550000,956400573,120,recorded_session,legacy_checkpoints,2026-09-10T04:54:08.000Z,2026-09-10T06:55:11.000Z,955834621,-565952,956146764,-312143,73128,513108,271579,0,1235,historical_guard,2026-09-10T05:14:43.000Z,222233,,955810255,24366,historical_guard,106293,1235,0
47,550000,956400573,120,fresh55_common,inventory_only,2026-09-10T04:54:08.000Z,2026-09-10T06:55:11.000Z,956079225,-321348,956162786,-83561,426649,445197,453881,0,7263,,,,,955330266,748959,inventory_cap,367444,5356,0
47,550000,956400573,120,fresh55_common,legacy_checkpoints,2026-09-10T04:54:08.000Z,2026-09-10T06:55:11.000Z,955902532,-498041,956162786,-260254,73128,445197,271560,0,1235,historical_guard,2026-09-10T05:14:43.000Z,222233,,955878166,24366,historical_guard,106293,1235,0
47,550000,956400573,360,recorded_session,inventory_only,2026-09-10T04:54:08.000Z,2026-09-10T10:54:45.000Z,956897265,496692,955997991,899274,1526592,513108,509191,0,21637,,,,,955262355,1634910,inventory_cap,367444,5356,0
47,550000,956400573,360,recorded_session,legacy_checkpoints,2026-09-10T04:54:08.000Z,2026-09-10T10:54:45.000Z,955834621,-565952,955997991,-163370,73128,513108,271579,0,1235,historical_guard,2026-09-10T05:14:43.000Z,222233,,955810255,24366,historical_guard,106293,1235,0
47,550000,956400573,360,fresh55_common,inventory_only,2026-09-10T04:54:08.000Z,2026-09-10T10:54:45.000Z,956965176,564603,956014013,951163,1526592,445197,509155,0,21637,,,,,955330266,1634910,inventory_cap,367444,5356,0
47,550000,956400573,360,fresh55_common,legacy_checkpoints,2026-09-10T04:54:08.000Z,2026-09-10T10:54:45.000Z,955902532,-498041,956014013,-111481,73128,445197,271560,0,1235,historical_guard,2026-09-10T05:14:43.000Z,222233,,955878166,24366,historical_guard,106293,1235,0
48,550000,955810387,30,recorded_session,inventory_only,2026-09-10T05:27:03.000Z,2026-09-10T05:57:48.000Z,955177177,-633210,955680407,-503230,52626,509171,320896,0,1845,,,,,955120496,56681,,76556,1845,0
48,550000,955810387,30,recorded_session,legacy_checkpoints,2026-09-10T05:27:03.000Z,2026-09-10T05:57:48.000Z,955177177,-633210,955680407,-503230,52626,509171,320896,0,1845,,,,,955120496,56681,,76556,1845,0
48,550000,955810387,30,fresh55_common,inventory_only,2026-09-10T05:27:03.000Z,2026-09-10T05:57:48.000Z,955241151,-569236,955695434,-454283,52626,445197,320875,0,1845,,,,,955184470,56681,,76556,1845,0
48,550000,955810387,30,fresh55_common,legacy_checkpoints,2026-09-10T05:27:03.000Z,2026-09-10T05:57:48.000Z,955241151,-569236,955695434,-454283,52626,445197,320875,0,1845,,,,,955184470,56681,,76556,1845,0
48,550000,955810387,120,recorded_session,inventory_only,2026-09-10T05:27:03.000Z,2026-09-10T07:27:58.000Z,954933610,-876777,955297780,-364170,320291,509171,547659,675,7255,,,,,954013016,920594,inventory_cap,236543,3258,0
48,550000,955810387,120,recorded_session,legacy_checkpoints,2026-09-10T05:27:03.000Z,2026-09-10T07:27:58.000Z,955014467,-795920,955297780,-283313,261143,509171,547659,675,5534,historical_guard,2026-09-10T06:59:17.000Z,222239,,954013016,1001451,inventory_cap,236543,3258,0
48,550000,955810387,120,fresh55_common,inventory_only,2026-09-10T05:27:03.000Z,2026-09-10T07:27:58.000Z,954997584,-812803,955312807,-315223,320291,445197,547622,675,7255,,,,,954076990,920594,inventory_cap,236543,3258,0
48,550000,955810387,120,fresh55_common,legacy_checkpoints,2026-09-10T05:27:03.000Z,2026-09-10T07:27:58.000Z,955078441,-731946,955312807,-234366,261143,445197,547622,675,5534,historical_guard,2026-09-10T06:59:17.000Z,222239,,954076990,1001451,inventory_cap,236543,3258,0
48,550000,955810387,360,recorded_session,inventory_only,2026-09-10T05:27:03.000Z,2026-09-10T11:27:35.000Z,955190635,-619752,954860935,329700,1347656,509171,547659,3752,21632,,,,,954013016,1177619,inventory_cap,236543,3258,0
48,550000,955810387,360,recorded_session,legacy_checkpoints,2026-09-10T05:27:03.000Z,2026-09-10T11:27:35.000Z,955014467,-795920,954860935,153532,261143,509171,547659,675,5534,historical_guard,2026-09-10T06:59:17.000Z,222239,,954013016,1001451,inventory_cap,236543,3258,0
48,550000,955810387,360,fresh55_common,inventory_only,2026-09-10T05:27:03.000Z,2026-09-10T11:27:35.000Z,955254609,-555778,954875962,378647,1347656,445197,547622,3752,21632,,,,,954076990,1177619,inventory_cap,236543,3258,0
48,550000,955810387,360,fresh55_common,legacy_checkpoints,2026-09-10T05:27:03.000Z,2026-09-10T11:27:35.000Z,955078441,-731946,954875962,202479,261143,445197,547622,675,5534,historical_guard,2026-09-10T06:59:17.000Z,222239,,954076990,1001451,inventory_cap,236543,3258,0
49,550000,953975606,30,recorded_session,inventory_only,2026-09-10T06:34:43.000Z,2026-09-10T07:05:25.000Z,953546841,-428765,954000136,-453295,88709,505795,268886,0,1842,,,,,953581715,-34874,,129036,1842,0
49,550000,953975606,30,recorded_session,legacy_checkpoints,2026-09-10T06:34:43.000Z,2026-09-10T07:05:25.000Z,953558317,-417289,954000136,-441819,75863,505795,268886,0,1474,historical_guard,2026-09-10T06:59:17.000Z,222239,,953598436,-40119,historical_guard,110347,1474,0
49,550000,953975606,30,fresh55_common,inventory_only,2026-09-10T06:34:43.000Z,2026-09-10T07:05:25.000Z,953607439,-368167,954011262,-403823,88709,445197,268869,0,1842,,,,,953642313,-34874,,129036,1842,0
49,550000,953975606,30,fresh55_common,legacy_checkpoints,2026-09-10T06:34:43.000Z,2026-09-10T07:05:25.000Z,953618915,-356691,954011262,-392347,75863,445197,268869,0,1474,historical_guard,2026-09-10T06:59:17.000Z,222239,,953659034,-40119,historical_guard,110347,1474,0
49,550000,953975606,120,recorded_session,inventory_only,2026-09-10T06:34:43.000Z,2026-09-10T08:35:29.000Z,954209506,233900,954178087,31419,644417,505795,354534,0,7246,,,,,954545705,-336199,,937351,7246,0
49,550000,953975606,120,recorded_session,legacy_checkpoints,2026-09-10T06:34:43.000Z,2026-09-10T08:35:29.000Z,953558317,-417289,954178087,-619770,75863,505795,268886,0,1474,historical_guard,2026-09-10T06:59:17.000Z,222239,,953598436,-40119,historical_guard,110347,1474,0
49,550000,953975606,120,fresh55_common,inventory_only,2026-09-10T06:34:43.000Z,2026-09-10T08:35:29.000Z,954270104,294498,954189213,80891,644417,445197,354511,0,7246,,,,,954606303,-336199,,937351,7246,0
49,550000,953975606,120,fresh55_common,legacy_checkpoints,2026-09-10T06:34:43.000Z,2026-09-10T08:35:29.000Z,953618915,-356691,954189213,-570298,75863,445197,268869,0,1474,historical_guard,2026-09-10T06:59:17.000Z,222239,,953659034,-40119,historical_guard,110347,1474,0
49,550000,953975606,360,recorded_session,inventory_only,2026-09-10T06:34:43.000Z,2026-09-10T12:35:18.000Z,951804328,-2171278,952190887,-386559,1642898,505795,528466,3327,21635,,,,,954251327,-2446999,inventory_cap,2372365,18863,678
49,550000,953975606,360,recorded_session,legacy_checkpoints,2026-09-10T06:34:43.000Z,2026-09-10T12:35:18.000Z,953558317,-417289,952190887,1367430,75863,505795,268886,0,1474,historical_guard,2026-09-10T06:59:17.000Z,222239,,953598436,-40119,historical_guard,110347,1474,0
49,550000,953975606,360,fresh55_common,inventory_only,2026-09-10T06:34:43.000Z,2026-09-10T12:35:18.000Z,951864926,-2110680,952202013,-337087,1642898,445197,528432,3327,21635,,,,,954311925,-2446999,inventory_cap,2372365,18863,678
49,550000,953975606,360,fresh55_common,legacy_checkpoints,2026-09-10T06:34:43.000Z,2026-09-10T12:35:18.000Z,953618915,-356691,952202013,1416902,75863,445197,268869,0,1474,historical_guard,2026-09-10T06:59:17.000Z,222239,,953659034,-40119,historical_guard,110347,1474,0
50,550000,953608864,30,recorded_session,inventory_only,2026-09-10T07:12:39.000Z,2026-09-10T07:43:20.000Z,952577813,-1031051,953090250,-512437,177908,482345,503061,0,1841,,,,,952225143,352670,inventory_cap,185727,1288,0
50,550000,953608864,30,recorded_session,legacy_checkpoints,2026-09-10T07:12:39.000Z,2026-09-10T07:43:20.000Z,952577813,-1031051,953090250,-512437,177908,482345,503061,0,1841,,,,,952225143,352670,inventory_cap,185727,1288,0
50,550000,953608864,30,fresh55_common,inventory_only,2026-09-10T07:12:39.000Z,2026-09-10T07:43:20.000Z,952614961,-993903,953099784,-484823,177908,445197,503041,0,1841,,,,,952262291,352670,inventory_cap,185727,1288,0
50,550000,953608864,30,fresh55_common,legacy_checkpoints,2026-09-10T07:12:39.000Z,2026-09-10T07:43:20.000Z,952614961,-993903,953099784,-484823,177908,445197,503041,0,1841,,,,,952262291,352670,inventory_cap,185727,1288,0
50,550000,953608864,120,recorded_session,inventory_only,2026-09-10T07:12:39.000Z,2026-09-10T09:13:22.000Z,953740536,131672,953575081,165455,683346,482345,503061,0,7243,,,,,952225143,1515393,inventory_cap,185727,1288,0
50,550000,953608864,120,recorded_session,legacy_checkpoints,2026-09-10T07:12:39.000Z,2026-09-10T09:13:22.000Z,953058044,-550820,953575081,-517037,251276,482345,503061,0,2148,historical_guard,2026-09-10T07:48:27.000Z,222242,,952225143,832901,inventory_cap,185727,1288,0
50,550000,953608864,120,fresh55_common,inventory_only,2026-09-10T07:12:39.000Z,2026-09-10T09:13:22.000Z,953777684,168820,953584615,193069,683346,445197,503041,0,7243,,,,,952262291,1515393,inventory_cap,185727,1288,0
50,550000,953608864,120,fresh55_common,legacy_checkpoints,2026-09-10T07:12:39.000Z,2026-09-10T09:13:22.000Z,953095192,-513672,953584615,-489423,251276,445197,503041,0,2148,historical_guard,2026-09-10T07:48:27.000Z,222242,,952262291,832901,inventory_cap,185727,1288,0
51,550000,952225448,30,recorded_session,inventory_only,2026-09-10T07:50:29.000Z,2026-09-10T08:21:12.000Z,951511522,-713926,951874967,-363445,214130,474940,485476,0,1843,,,,,950983313,528209,inventory_cap,174730,677,0
51,550000,952225448,30,recorded_session,legacy_checkpoints,2026-09-10T07:50:29.000Z,2026-09-10T08:21:12.000Z,951511522,-713926,951874967,-363445,214130,474940,485476,0,1843,,,,,950983313,528209,inventory_cap,174730,677,0
51,550000,952225448,30,fresh55_common,inventory_only,2026-09-10T07:50:29.000Z,2026-09-10T08:21:12.000Z,951541265,-684183,951883465,-342200,214130,445197,485461,0,1843,,,,,951013056,528209,inventory_cap,174730,677,0
51,550000,952225448,30,fresh55_common,legacy_checkpoints,2026-09-10T07:50:29.000Z,2026-09-10T08:21:12.000Z,951541265,-684183,951883465,-342200,214130,445197,485461,0,1843,,,,,951013056,528209,inventory_cap,174730,677,0
51,550000,952225448,120,recorded_session,inventory_only,2026-09-10T07:50:29.000Z,2026-09-10T09:51:16.000Z,952160549,-64899,952109575,50974,573944,474940,485476,0,7247,,,,,950983313,1177236,inventory_cap,174730,677,0
51,550000,952225448,120,recorded_session,legacy_checkpoints,2026-09-10T07:50:29.000Z,2026-09-10T09:51:16.000Z,952160549,-64899,952109575,50974,573944,474940,485476,0,7247,,,,,950983313,1177236,inventory_cap,174730,677,0
51,550000,952225448,120,fresh55_common,inventory_only,2026-09-10T07:50:29.000Z,2026-09-10T09:51:16.000Z,952190292,-35156,952118073,72219,573944,445197,485461,0,7247,,,,,951013056,1177236,inventory_cap,174730,677,0
51,550000,952225448,120,fresh55_common,legacy_checkpoints,2026-09-10T07:50:29.000Z,2026-09-10T09:51:16.000Z,952190292,-35156,952118073,72219,573944,445197,485461,0,7247,,,,,951013056,1177236,inventory_cap,174730,677,0
52,550000,950983597,30,recorded_session,inventory_only,2026-09-10T08:14:00.000Z,2026-09-10T08:44:44.000Z,950745775,-237822,951181444,-435669,140447,473523,284829,0,1844,,,,,950852715,-106940,,204096,1844,0
52,550000,950983597,30,recorded_session,legacy_checkpoints,2026-09-10T08:14:00.000Z,2026-09-10T08:44:44.000Z,950745775,-237822,951181444,-435669,140447,473523,284829,0,1844,,,,,950852715,-106940,,204096,1844,0
52,550000,950983597,30,fresh55_common,inventory_only,2026-09-10T08:14:00.000Z,2026-09-10T08:44:44.000Z,950774101,-209496,951189627,-415526,140447,445197,284821,0,1844,,,,,950881041,-106940,,204096,1844,0
52,550000,950983597,30,fresh55_common,legacy_checkpoints,2026-09-10T08:14:00.000Z,2026-09-10T08:44:44.000Z,950774101,-209496,951189627,-415526,140447,445197,284821,0,1844,,,,,950881041,-106940,,204096,1844,0
52,550000,950983597,120,recorded_session,inventory_only,2026-09-10T08:14:00.000Z,2026-09-10T10:14:49.000Z,951094732,111135,951154473,-59741,504537,473523,284829,678,7249,,,,,951359738,-265006,,733183,7249,678
52,550000,950983597,120,recorded_session,legacy_checkpoints,2026-09-10T08:14:00.000Z,2026-09-10T10:14:49.000Z,951094732,111135,951154473,-59741,504537,473523,284829,678,7249,,,,,951359738,-265006,,733183,7249,678
52,550000,950983597,120,fresh55_common,inventory_only,2026-09-10T08:14:00.000Z,2026-09-10T10:14:49.000Z,951123058,139461,951162656,-39598,504537,445197,284821,678,7249,,,,,951388064,-265006,,733183,7249,678
52,550000,950983597,120,fresh55_common,legacy_checkpoints,2026-09-10T08:14:00.000Z,2026-09-10T10:14:49.000Z,951123058,139461,951162656,-39598,504537,445197,284821,678,7249,,,,,951388064,-265006,,733183,7249,678
53,550000,950293195,30,recorded_session,inventory_only,2026-09-10T12:00:23.000Z,2026-09-10T12:31:13.000Z,949469013,-824182,949602218,-133205,612968,440116,533866,0,1850,,,,,949058990,410023,inventory_cap,132013,309,0
53,550000,950293195,30,recorded_session,legacy_checkpoints,2026-09-10T12:00:23.000Z,2026-09-10T12:31:13.000Z,949469013,-824182,949602218,-133205,612968,440116,533866,0,1850,,,,,949058990,410023,inventory_cap,132013,309,0
53,550000,950293195,30,fresh55_common,inventory_only,2026-09-10T12:00:23.000Z,2026-09-10T12:31:13.000Z,949463932,-829263,949603330,-139398,612968,445197,533869,0,1850,,,,,949053909,410023,inventory_cap,132013,309,0
53,550000,950293195,30,fresh55_common,legacy_checkpoints,2026-09-10T12:00:23.000Z,2026-09-10T12:31:13.000Z,949463932,-829263,949603330,-139398,612968,445197,533869,0,1850,,,,,949053909,410023,inventory_cap,132013,309,0
