symbol,budgetQuote,scenario,name,key,fromAt,toAt,navChangeQuote,holdChangeQuote,alphaQuote,feesQuote,gasQuote,actions,marks,holdingMs,outsideMs
AAPL,5000000000,pinned_fork_costs,fixed_20,2026-07-27,1785196800000,1785196800000,0,0,0,0,0,0,0,0,0
AAPL,5000000000,pinned_fork_costs,fixed_20,2026-08-03,1785715200000,1786319868000,-579734122,2891775,-582625897,129776235,27871117,124,7242,403658000,21588000
AAPL,5000000000,pinned_fork_costs,fixed_20,2026-08-10,1786320003000,1786924791000,-316494804,-52884367,-263610437,208090230,20487740,91,13787,604923000,16885000
AAPL,5000000000,pinned_fork_costs,fixed_20,2026-08-17,1786924842000,1787529440000,-423904587,35578747,-459483334,176481437,31294460,139,12875,604649000,27920000
AAPL,5000000000,pinned_fork_costs,fixed_20,2026-08-24,1787529654000,1788134317000,321757327,86096092,235661235,992809850,41425760,184,42448,604877000,19797000
AAPL,5000000000,pinned_fork_costs,fixed_20,2026-08-31,1788134406000,1788739197000,721096714,2999133,718097581,1412824112,35572120,158,88790,604880000,8622000
AAPL,5000000000,pinned_fork_costs,fixed_20,2026-09-07,1788739208000,1789154997000,481429053,88152624,393276429,1240844745,35914894,159,78719,415800000,8879000
AAPL,5000000000,pinned_fork_costs,fixed_40,2026-07-27,1785196800000,1785196800000,0,0,0,0,0,0,0,0,0
AAPL,5000000000,pinned_fork_costs,fixed_40,2026-08-03,1785715200000,1786319868000,-136321719,2891775,-139213494,136759134,6032537,27,7242,403658000,4491000
AAPL,5000000000,pinned_fork_costs,fixed_40,2026-08-10,1786320003000,1786924791000,-65492280,-52884367,-12607913,190194119,4277660,19,13787,604923000,4796000
AAPL,5000000000,pinned_fork_costs,fixed_40,2026-08-17,1786924842000,1787529440000,-173093926,35578747,-208672673,172810596,9230740,41,12875,604649000,5649000
AAPL,5000000000,pinned_fork_costs,fixed_40,2026-08-24,1787529654000,1788134317000,453737379,86096092,367641287,821447545,12832980,57,42448,604877000,5547000
AAPL,5000000000,pinned_fork_costs,fixed_40,2026-08-31,1788134406000,1788739197000,678049218,2999133,675050085,1074074654,10356440,46,88790,604880000,2150000
AAPL,5000000000,pinned_fork_costs,fixed_40,2026-09-07,1788739208000,1789154997000,463861477,88152624,375708853,902820251,12275194,54,78719,415800000,2896000
AAPL,5000000000,pinned_fork_costs,fixed_80,2026-07-27,1785196800000,1785196800000,0,0,0,0,0,0,0,0,0
AAPL,5000000000,pinned_fork_costs,fixed_80,2026-08-03,1785715200000,1786319868000,-86969015,2891775,-89860790,102965444,2655437,12,7242,403658000,2616000
AAPL,5000000000,pinned_fork_costs,fixed_80,2026-08-10,1786320003000,1786924791000,-27603103,-52884367,25281264,146553138,1801120,8,13787,604923000,2233000
AAPL,5000000000,pinned_fork_costs,fixed_80,2026-08-17,1786924842000,1787529440000,-61386287,35578747,-96965034,133849356,3151960,14,12875,604649000,1913000
AAPL,5000000000,pinned_fork_costs,fixed_80,2026-08-24,1787529654000,1788134317000,478403316,86096092,392307224,542377885,2701680,12,42448,604877000,841000
AAPL,5000000000,pinned_fork_costs,fixed_80,2026-08-31,1788134406000,1788739197000,436117749,2999133,433118616,635407922,2926820,13,88790,604880000,489000
AAPL,5000000000,pinned_fork_costs,fixed_80,2026-09-07,1788739208000,1789154997000,400134107,88152624,311981483,501719062,3044454,13,78719,415800000,691000
AAPL,5000000000,pinned_fork_costs,fixed_160,2026-07-27,1785196800000,1785196800000,0,0,0,0,0,0,0,0,0
AAPL,5000000000,pinned_fork_costs,fixed_160,2026-08-03,1785715200000,1786319868000,0,2891775,-2891775,0,0,0,7242,0,0
AAPL,5000000000,pinned_fork_costs,fixed_160,2026-08-10,1786320003000,1786924791000,30774124,-52884367,83658491,35390449,178897,1,13787,236154000,0
AAPL,5000000000,pinned_fork_costs,fixed_160,2026-08-17,1786924842000,1787529440000,87691812,35578747,52113065,78424654,225140,1,12875,604649000,84025000
AAPL,5000000000,pinned_fork_costs,fixed_160,2026-08-24,1787529654000,1788134317000,360802611,86096092,274706519,320449244,450280,2,42448,604877000,6129000
AAPL,5000000000,pinned_fork_costs,fixed_160,2026-08-31,1788134406000,1788739197000,241319233,2999133,238320100,352793170,900560,4,88790,604880000,206000
AAPL,5000000000,pinned_fork_costs,fixed_160,2026-09-07,1788739208000,1789154997000,185733308,88152624,97580684,259155270,1468474,6,78719,415800000,331000
AAPL,5000000000,pinned_fork_costs,adaptive_width,2026-07-27,1785196800000,1785196800000,0,0,0,0,0,0,0,0,0
AAPL,5000000000,pinned_fork_costs,adaptive_width,2026-08-03,1785715200000,1786319868000,4600867,2891775,1709092,8402166,178897,1,7242,48545000,0
AAPL,5000000000,pinned_fork_costs,adaptive_width,2026-08-10,1786320003000,1786924791000,-18335059,-52884367,34549308,79929401,225140,1,13787,604923000,329073000
AAPL,5000000000,pinned_fork_costs,adaptive_width,2026-08-17,1786924842000,1787529440000,12087955,35578747,-23490792,97135200,675420,3,12875,604649000,158393000
AAPL,5000000000,pinned_fork_costs,adaptive_width,2026-08-24,1787529654000,1788134317000,401924924,86096092,315828832,483495928,4052520,18,42448,604877000,3790000
AAPL,5000000000,pinned_fork_costs,adaptive_width,2026-08-31,1788134406000,1788739197000,424092800,2999133,421093667,628717387,4953080,22,88790,604880000,1151000
AAPL,5000000000,pinned_fork_costs,adaptive_width,2026-09-07,1788739208000,1789154997000,513147636,88152624,424995012,1034364804,19254534,85,78719,415800000,4997000
AAPL,5000000000,pinned_fork_costs,adaptive_economic,2026-07-27,1785196800000,1785196800000,0,0,0,0,0,0,0,0,0
AAPL,5000000000,pinned_fork_costs,adaptive_economic,2026-08-03,1785715200000,1786319868000,4600867,2891775,1709092,8402166,178897,1,7242,48545000,0
AAPL,5000000000,pinned_fork_costs,adaptive_economic,2026-08-10,1786320003000,1786924791000,-87075725,-52884367,-34191358,6038557,0,0,13787,604923000,566021000
AAPL,5000000000,pinned_fork_costs,adaptive_economic,2026-08-17,1786924842000,1787529440000,122407586,35578747,86828839,51845127,0,0,12875,604649000,382496000
AAPL,5000000000,pinned_fork_costs,adaptive_economic,2026-08-24,1787529654000,1788134317000,170609058,86096092,84512966,175724448,225140,1,42448,604877000,384977000
AAPL,5000000000,pinned_fork_costs,adaptive_economic,2026-08-31,1788134406000,1788739197000,103697,2999133,-2895436,0,0,0,88790,604880000,604880000
AAPL,5000000000,pinned_fork_costs,adaptive_economic,2026-09-07,1788739208000,1789154997000,96224315,88152624,8071691,174568844,3044454,13,78719,415800000,364086000
AAPL,5000000000,double_gas_half_fees,fixed_20,2026-07-27,1785196800000,1785196800000,0,0,0,0,0,0,0,0,0
AAPL,5000000000,double_gas_half_fees,fixed_20,2026-08-03,1785715200000,1786319868000,-669302288,2839014,-672141302,64797612,55742234,124,7242,403658000,21588000
AAPL,5000000000,double_gas_half_fees,fixed_20,2026-08-10,1786320003000,1786924791000,-430802820,-52884367,-377918453,103417077,40975480,91,13787,604923000,16885000
AAPL,5000000000,double_gas_half_fees,fixed_20,2026-08-17,1786924842000,1787529440000,-517310650,35578747,-552889397,87153222,62588920,139,12875,604649000,27920000
AAPL,5000000000,double_gas_half_fees,fixed_20,2026-08-24,1787529654000,1788134317000,-178912372,86096092,-265008464,464656218,82851520,184,42448,604877000,19797000
AAPL,5000000000,double_gas_half_fees,fixed_20,2026-08-31,1788134406000,1788739197000,15625429,2999133,12626296,591467756,71144240,158,88790,604880000,8622000
AAPL,5000000000,double_gas_half_fees,fixed_20,2026-09-07,1788739208000,1789154997000,-100724585,88101789,-188826374,460027793,71829788,159,78719,415800000,8879000
AAPL,5000000000,double_gas_half_fees,fixed_40,2026-07-27,1785196800000,1785196800000,0,0,0,0,0,0,0,0,0
AAPL,5000000000,double_gas_half_fees,fixed_40,2026-08-03,1785715200000,1786319868000,-210186797,2839014,-213025811,68242133,12065074,27,7242,403658000,4491000
AAPL,5000000000,double_gas_half_fees,fixed_40,2026-08-10,1786320003000,1786924791000,-161290328,-52884367,-108405961,94366922,8555320,19,13787,604923000,4796000
AAPL,5000000000,double_gas_half_fees,fixed_40,2026-08-17,1786924842000,1787529440000,-255134496,35578747,-290713243,85143523,18461480,41,12875,604649000,5649000
AAPL,5000000000,double_gas_half_fees,fixed_40,2026-08-24,1787529654000,1788134317000,37283175,86096092,-48812917,387453533,25665960,57,42448,604877000,5547000
AAPL,5000000000,double_gas_half_fees,fixed_40,2026-08-31,1788134406000,1788739197000,130925325,2999133,127926192,468720194,20712880,46,88790,604880000,2150000
AAPL,5000000000,double_gas_half_fees,fixed_40,2026-09-07,1788739208000,1789154997000,11848210,88101789,-76253579,361525764,24550388,54,78719,415800000,2896000
AAPL,5000000000,double_gas_half_fees,fixed_80,2026-07-27,1785196800000,1785196800000,0,0,0,0,0,0,0,0,0
AAPL,5000000000,double_gas_half_fees,fixed_80,2026-08-03,1785715200000,1786319868000,-140732911,2839014,-143571925,51366382,5310874,12,7242,403658000,2616000
AAPL,5000000000,double_gas_half_fees,fixed_80,2026-08-10,1786320003000,1786924791000,-101204715,-52884367,-48320348,72674839,3602240,8,13787,604923000,2233000
AAPL,5000000000,double_gas_half_fees,fixed_80,2026-08-17,1786924842000,1787529440000,-97839736,35578747,-133418483,66428668,5403360,12,12875,604649000,1580000
AAPL,5000000000,double_gas_half_fees,fixed_80,2026-08-24,1787529654000,1788134317000,196163568,86096092,110067476,260056477,5403360,12,42448,604877000,841000
AAPL,5000000000,double_gas_half_fees,fixed_80,2026-08-31,1788134406000,1788739197000,110412285,2999133,107413152,290183562,5853640,13,88790,604880000,489000
AAPL,5000000000,double_gas_half_fees,fixed_80,2026-09-07,1788739208000,1789154997000,126582619,88101789,38480830,216693390,6088908,13,78719,415800000,691000
AAPL,5000000000,double_gas_half_fees,fixed_160,2026-07-27,1785196800000,1785196800000,0,0,0,0,0,0,0,0,0
AAPL,5000000000,double_gas_half_fees,fixed_160,2026-08-03,1785715200000,1786319868000,0,2839014,-2839014,0,0,0,7242,0,0
AAPL,5000000000,double_gas_half_fees,fixed_160,2026-08-10,1786320003000,1786924791000,12886367,-52884367,65770734,17694606,357794,1,13787,236154000,0
AAPL,5000000000,double_gas_half_fees,fixed_160,2026-08-17,1786924842000,1787529440000,47933773,35578747,12355026,39102974,450280,1,12875,604649000,84025000
AAPL,5000000000,double_gas_half_fees,fixed_160,2026-08-24,1787529654000,1788134317000,196217598,86096092,110121506,157790057,900560,2,42448,604877000,6129000
AAPL,5000000000,double_gas_half_fees,fixed_160,2026-08-31,1788134406000,1788739197000,61624955,2999133,58625822,168446321,1801120,4,88790,604880000,206000
AAPL,5000000000,double_gas_half_fees,fixed_160,2026-09-07,1788739208000,1789154997000,49860036,88101789,-38241753,119938859,2936948,6,78719,415800000,331000
AAPL,5000000000,double_gas_half_fees,adaptive_width,2026-07-27,1785196800000,1785196800000,0,0,0,0,0,0,0,0,0
AAPL,5000000000,double_gas_half_fees,adaptive_width,2026-08-03,1785715200000,1786319868000,219921,2839014,-2619093,4201014,357794,1,7242,48545000,0
AAPL,5000000000,double_gas_half_fees,adaptive_width,2026-08-10,1786320003000,1786924791000,-58497120,-52884367,-5612753,39943316,450280,1,13787,604923000,329073000
AAPL,5000000000,double_gas_half_fees,adaptive_width,2026-08-17,1786924842000,1787529440000,-36659729,35578747,-72238476,48275403,1350840,3,12875,604649000,158393000
AAPL,5000000000,double_gas_half_fees,adaptive_width,2026-08-24,1787529654000,1788134317000,156872788,86096092,70776696,220655564,6303920,14,42448,604877000,2634000
AAPL,5000000000,double_gas_half_fees,adaptive_width,2026-08-31,1788134406000,1788739197000,37468695,2999133,34469562,248590522,9005600,20,88790,604880000,968000
AAPL,5000000000,double_gas_half_fees,adaptive_width,2026-09-07,1788739208000,1789154997000,-36784331,88101789,-124886120,328319009,25901228,57,78719,415800000,3175000
AAPL,5000000000,double_gas_half_fees,adaptive_economic,2026-07-27,1785196800000,1785196800000,0,0,0,0,0,0,0,0,0
AAPL,5000000000,double_gas_half_fees,adaptive_economic,2026-08-03,1785715200000,1786319868000,219921,2839014,-2619093,4201014,357794,1,7242,48545000,0
AAPL,5000000000,double_gas_half_fees,adaptive_economic,2026-08-10,1786320003000,1786924791000,-90018551,-52884367,-37134184,3019227,0,0,13787,604923000,566021000
AAPL,5000000000,double_gas_half_fees,adaptive_economic,2026-08-17,1786924842000,1787529440000,96451306,35578747,60872559,25922118,0,0,12875,604649000,382496000
AAPL,5000000000,double_gas_half_fees,adaptive_economic,2026-08-24,1787529654000,1788134317000,80602740,86096092,-5493352,87536553,450280,1,42448,604877000,384977000
AAPL,5000000000,double_gas_half_fees,adaptive_economic,2026-08-31,1788134406000,1788739197000,51653,2999133,-2947480,0,0,0,88790,604880000,604880000
AAPL,5000000000,double_gas_half_fees,adaptive_economic,2026-09-07,1788739208000,1789154997000,2263190,88101789,-85838599,937662,235268,0,78719,415800000,415696000
AAPL,5000000000,partial_mint_failure,fixed_20,2026-07-27,1785196800000,1785196800000,0,0,0,0,0,0,0,0,0
AAPL,5000000000,partial_mint_failure,fixed_20,2026-08-03,1785715200000,1786319868000,-462417206,2891775,-465308981,114342509,26270837,121,7242,358227000,14710000
AAPL,5000000000,partial_mint_failure,fixed_20,2026-08-10,1786320003000,1786924791000,-272777456,-52884367,-219893089,197780093,21323832,98,13787,574584000,17637000
AAPL,5000000000,partial_mint_failure,fixed_20,2026-08-17,1786924842000,1787529440000,-271684330,35578747,-307263077,155679115,24787343,114,12875,553133000,23022000
AAPL,5000000000,partial_mint_failure,fixed_20,2026-08-24,1787529654000,1788134317000,285058490,86096092,198962398,908913614,40442507,186,42448,553998000,15209000
AAPL,5000000000,partial_mint_failure,fixed_20,2026-08-31,1788134406000,1788739197000,643472346,2999133,640473213,1192186197,30860048,142,88790,570200000,6252000
AAPL,5000000000,partial_mint_failure,fixed_20,2026-09-07,1788739208000,1789154997000,453914506,88152624,365761882,926960701,28189591,129,78719,389832000,6438000
AAPL,5000000000,partial_mint_failure,fixed_40,2026-07-27,1785196800000,1785196800000,0,0,0,0,0,0,0,0,0
AAPL,5000000000,partial_mint_failure,fixed_40,2026-08-03,1785715200000,1786319868000,-160241136,2891775,-163132911,127847189,7377302,34,7242,393080000,4443000
AAPL,5000000000,partial_mint_failure,fixed_40,2026-08-10,1786320003000,1786924791000,-155185430,-52884367,-102301063,183551217,7602442,35,13787,595960000,6273000
AAPL,5000000000,partial_mint_failure,fixed_40,2026-08-17,1786924842000,1787529440000,-209417821,35578747,-244996568,158114425,10661916,49,12875,588534000,6818000
AAPL,5000000000,partial_mint_failure,fixed_40,2026-08-24,1787529654000,1788134317000,435643028,86096092,349546936,772808584,14350567,66,42448,589656000,6720000
AAPL,5000000000,partial_mint_failure,fixed_40,2026-08-31,1788134406000,1788739197000,607795988,2999133,604796855,927007817,9357319,43,88790,590971000,1737000
AAPL,5000000000,partial_mint_failure,fixed_40,2026-09-07,1788739208000,1789154997000,417257494,88152624,329104870,704307262,10958447,50,78719,402085000,2353000
AAPL,5000000000,partial_mint_failure,fixed_80,2026-07-27,1785196800000,1785196800000,0,0,0,0,0,0,0,0,0
AAPL,5000000000,partial_mint_failure,fixed_80,2026-08-03,1785715200000,1786319868000,-49327225,2891775,-52219000,107376005,2384054,11,7242,402961000,3129000
AAPL,5000000000,partial_mint_failure,fixed_80,2026-08-10,1786320003000,1786924791000,-29951184,-52884367,22933183,146527612,2158914,10,13787,601231000,2299000
AAPL,5000000000,partial_mint_failure,fixed_80,2026-08-17,1786924842000,1787529440000,-68724005,35578747,-104302752,129847224,3059474,14,12875,599190000,4164000
AAPL,5000000000,partial_mint_failure,fixed_80,2026-08-24,1787529654000,1788134317000,496408806,86096092,410312714,545365539,2609194,12,42448,601537000,783000
AAPL,5000000000,partial_mint_failure,fixed_80,2026-08-31,1788134406000,1788739197000,407483393,2999133,404484260,619524436,3688651,17,88790,601555000,622000
AAPL,5000000000,partial_mint_failure,fixed_80,2026-09-07,1788739208000,1789154997000,377869362,88152624,289716738,467671385,3356005,15,78719,411337000,540000
AAPL,5000000000,partial_mint_failure,fixed_160,2026-07-27,1785196800000,1785196800000,0,0,0,0,0,0,0,0,0
AAPL,5000000000,partial_mint_failure,fixed_160,2026-08-03,1785715200000,1786319868000,0,2891775,-2891775,0,0,0,7242,0,0
AAPL,5000000000,partial_mint_failure,fixed_160,2026-08-10,1786320003000,1786924791000,30774124,-52884367,83658491,35390449,178897,1,13787,236154000,0
AAPL,5000000000,partial_mint_failure,fixed_160,2026-08-17,1786924842000,1787529440000,87691812,35578747,52113065,78424654,225140,1,12875,604649000,84025000
AAPL,5000000000,partial_mint_failure,fixed_160,2026-08-24,1787529654000,1788134317000,360802611,86096092,274706519,320449244,450280,2,42448,604877000,6129000
AAPL,5000000000,partial_mint_failure,fixed_160,2026-08-31,1788134406000,1788739197000,206070765,2999133,203071632,345241488,1304597,6,88790,602973000,258000
AAPL,5000000000,partial_mint_failure,fixed_160,2026-09-07,1788739208000,1789154997000,209677892,88152624,121525268,249981026,1422231,6,78719,415148000,271000
AAPL,5000000000,partial_mint_failure,adaptive_width,2026-07-27,1785196800000,1785196800000,0,0,0,0,0,0,0,0,0
AAPL,5000000000,partial_mint_failure,adaptive_width,2026-08-03,1785715200000,1786319868000,4600867,2891775,1709092,8402166,178897,1,7242,48545000,0
AAPL,5000000000,partial_mint_failure,adaptive_width,2026-08-10,1786320003000,1786924791000,-18335059,-52884367,34549308,79929401,225140,1,13787,604923000,329073000
AAPL,5000000000,partial_mint_failure,adaptive_width,2026-08-17,1786924842000,1787529440000,12087955,35578747,-23490792,97135200,675420,3,12875,604649000,158393000
AAPL,5000000000,partial_mint_failure,adaptive_width,2026-08-24,1787529654000,1788134317000,348608994,86096092,262512902,398942968,3013231,14,42448,597233000,1960000
AAPL,5000000000,partial_mint_failure,adaptive_width,2026-08-31,1788134406000,1788739197000,321695924,2999133,318696791,461063854,2609194,12,88790,603114000,439000
AAPL,5000000000,partial_mint_failure,adaptive_width,2026-09-07,1788739208000,1789154997000,269879304,88152624,181726680,496028645,11859007,54,78719,404320000,2578000
AAPL,5000000000,partial_mint_failure,adaptive_economic,2026-07-27,1785196800000,1785196800000,0,0,0,0,0,0,0,0,0
AAPL,5000000000,partial_mint_failure,adaptive_economic,2026-08-03,1785715200000,1786319868000,4600867,2891775,1709092,8402166,178897,1,7242,48545000,0
AAPL,5000000000,partial_mint_failure,adaptive_economic,2026-08-10,1786320003000,1786924791000,-87075725,-52884367,-34191358,6038557,0,0,13787,604923000,566021000
AAPL,5000000000,partial_mint_failure,adaptive_economic,2026-08-17,1786924842000,1787529440000,122407586,35578747,86828839,51845127,0,0,12875,604649000,382496000
AAPL,5000000000,partial_mint_failure,adaptive_economic,2026-08-24,1787529654000,1788134317000,170609058,86096092,84512966,175724448,225140,1,42448,604877000,384977000
AAPL,5000000000,partial_mint_failure,adaptive_economic,2026-08-31,1788134406000,1788739197000,103697,2999133,-2895436,0,0,0,88790,604880000,604880000
AAPL,5000000000,partial_mint_failure,adaptive_economic,2026-09-07,1788739208000,1789154997000,98519290,88152624,10366666,155790523,2726828,12,78719,412213000,362959000
AAPL,1000000000,pinned_fork_costs,fixed_20,2026-07-27,1785196800000,1785196800000,0,0,0,0,0,0,0,0,0
AAPL,1000000000,pinned_fork_costs,fixed_20,2026-08-03,1785715200000,1786319868000,-83771567,2255053,-86026620,72889265,27871117,124,7242,403658000,21588000
AAPL,1000000000,pinned_fork_costs,fixed_20,2026-08-10,1786320003000,1786924791000,-6625311,-10613192,3987881,116251318,20487740,91,13787,604923000,16885000
AAPL,1000000000,pinned_fork_costs,fixed_20,2026-08-17,1786924842000,1787529440000,-57395833,7140183,-64536016,100635653,31294460,139,12875,604649000,27920000
AAPL,1000000000,pinned_fork_costs,fixed_20,2026-08-24,1787529654000,1788134317000,229333256,17278345,212054911,424366767,41425760,184,42448,604877000,19797000
AAPL,1000000000,pinned_fork_costs,fixed_20,2026-08-31,1788134406000,1788739197000,350904266,601886,350302380,580124065,35572120,158,88790,604880000,8622000
AAPL,1000000000,pinned_fork_costs,fixed_20,2026-09-07,1788739208000,1789154997000,225034236,17742139,207292097,494326958,35914894,159,78719,415800000,8879000
AAPL,1000000000,pinned_fork_costs,fixed_40,2026-07-27,1785196800000,1785196800000,0,0,0,0,0,0,0,0,0
AAPL,1000000000,pinned_fork_costs,fixed_40,2026-08-03,1785715200000,1786319868000,6935044,2255053,4679991,60194118,6032537,27,7242,403658000,4491000
AAPL,1000000000,pinned_fork_costs,fixed_40,2026-08-10,1786320003000,1786924791000,33015514,-10613192,43628706,85029348,4277660,19,13787,604923000,4796000
AAPL,1000000000,pinned_fork_costs,fixed_40,2026-08-17,1786924842000,1787529440000,7165099,7140183,24916,80218536,9230740,41,12875,604649000,5649000
AAPL,1000000000,pinned_fork_costs,fixed_40,2026-08-24,1787529654000,1788134317000,199534810,17278345,182256465,283113372,12832980,57,42448,604877000,5547000
AAPL,1000000000,pinned_fork_costs,fixed_40,2026-08-31,1788134406000,1788739197000,243772628,601886,243170742,346450157,10356440,46,88790,604880000,2150000
AAPL,1000000000,pinned_fork_costs,fixed_40,2026-09-07,1788739208000,1789154997000,153648905,17742139,135906766,273651910,12275194,54,78719,415800000,2896000
AAPL,1000000000,pinned_fork_costs,fixed_80,2026-07-27,1785196800000,1785196800000,0,0,0,0,0,0,0,0,0
AAPL,1000000000,pinned_fork_costs,fixed_80,2026-08-03,1785715200000,1786319868000,537562,2255053,-1717491,35414177,2655437,12,7242,403658000,1753000
AAPL,1000000000,pinned_fork_costs,fixed_80,2026-08-10,1786320003000,1786924791000,16825437,-10613192,27438629,50700029,1801120,8,13787,604923000,1604000
AAPL,1000000000,pinned_fork_costs,fixed_80,2026-08-17,1786924842000,1787529440000,7727690,7140183,587507,47827002,3602240,16,12875,604649000,2084000
AAPL,1000000000,pinned_fork_costs,fixed_80,2026-08-24,1787529654000,1788134317000,132349480,17278345,115071135,149018381,3151960,14,42448,604877000,747000
AAPL,1000000000,pinned_fork_costs,fixed_80,2026-08-31,1788134406000,1788739197000,123039896,601886,122438010,162748105,2926820,13,88790,604880000,443000
AAPL,1000000000,pinned_fork_costs,fixed_80,2026-09-07,1788739208000,1789154997000,98389881,17742139,80647742,121520703,3044454,13,78719,415800000,691000
AAPL,1000000000,pinned_fork_costs,fixed_160,2026-07-27,1785196800000,1785196800000,0,0,0,0,0,0,0,0,0
AAPL,1000000000,pinned_fork_costs,fixed_160,2026-08-03,1785715200000,1786319868000,13184886,2255053,10929833,21220698,629177,3,7242,404028000,128000
AAPL,1000000000,pinned_fork_costs,fixed_160,2026-08-10,1786320003000,1786924791000,13153624,-10613192,23766816,28316330,225140,1,13787,604923000,130000
AAPL,1000000000,pinned_fork_costs,fixed_160,2026-08-17,1786924842000,1787529440000,18174217,7140183,11034034,27573527,675420,3,12875,604649000,147000
AAPL,1000000000,pinned_fork_costs,fixed_160,2026-08-24,1787529654000,1788134317000,74730942,17278345,57452597,77029668,900560,4,42448,604877000,419000
AAPL,1000000000,pinned_fork_costs,fixed_160,2026-08-31,1788134406000,1788739197000,46794807,601886,46192921,78610798,1350840,6,88790,604880000,214000
AAPL,1000000000,pinned_fork_costs,fixed_160,2026-09-07,1788739208000,1789154997000,45204859,17742139,27462720,55162554,1243334,5,78719,415800000,270000
AAPL,1000000000,pinned_fork_costs,adaptive_width,2026-07-27,1785196800000,1785196800000,0,0,0,0,0,0,0,0,0
AAPL,1000000000,pinned_fork_costs,adaptive_width,2026-08-03,1785715200000,1786319868000,1505809,2255053,-749244,42911997,4231417,19,7242,403658000,3973000
AAPL,1000000000,pinned_fork_costs,adaptive_width,2026-08-10,1786320003000,1786924791000,14549322,-10613192,25162514,45657048,1125700,5,13787,604923000,24643000
AAPL,1000000000,pinned_fork_costs,adaptive_width,2026-08-17,1786924842000,1787529440000,-1921044,7140183,-9061227,57778595,7204480,32,12875,604649000,6064000
AAPL,1000000000,pinned_fork_costs,adaptive_width,2026-08-24,1787529654000,1788134317000,104950744,17278345,87672399,109050836,2926820,13,42448,604877000,688000
AAPL,1000000000,pinned_fork_costs,adaptive_width,2026-08-31,1788134406000,1788739197000,244126349,601886,243524463,391124219,23864840,106,88790,604880000,5107000
AAPL,1000000000,pinned_fork_costs,adaptive_width,2026-09-07,1788739208000,1789154997000,88109465,17742139,70367326,221260360,20380234,90,78719,415800000,4652000
AAPL,1000000000,pinned_fork_costs,adaptive_economic,2026-07-27,1785196800000,1785196800000,0,0,0,0,0,0,0,0,0
AAPL,1000000000,pinned_fork_costs,adaptive_economic,2026-08-03,1785715200000,1786319868000,-8786384,2255053,-11041437,4255693,404037,2,7242,403658000,373970000
AAPL,1000000000,pinned_fork_costs,adaptive_economic,2026-08-10,1786320003000,1786924791000,25831722,-10613192,36444914,38062735,450280,2,13787,604923000,398744000
AAPL,1000000000,pinned_fork_costs,adaptive_economic,2026-08-17,1786924842000,1787529440000,682489,7140183,-6457694,465812,0,0,12875,604649000,600471000
AAPL,1000000000,pinned_fork_costs,adaptive_economic,2026-08-24,1787529654000,1788134317000,40602301,17278345,23323956,54976376,2026260,9,42448,604877000,529007000
AAPL,1000000000,pinned_fork_costs,adaptive_economic,2026-08-31,1788134406000,1788739197000,92050216,601886,91448330,124426586,2476540,11,88790,604880000,456244000
AAPL,1000000000,pinned_fork_costs,adaptive_economic,2026-09-07,1788739208000,1789154997000,99108390,17742139,81366251,151636355,6196414,27,78719,415800000,269722000
AAPL,1000000000,double_gas_half_fees,fixed_20,2026-07-27,1785196800000,1785196800000,0,0,0,0,0,0,0,0,0
AAPL,1000000000,double_gas_half_fees,fixed_20,2026-08-03,1785715200000,1786319868000,-146711624,2202292,-148913916,36073383,55742234,124,7242,403658000,21588000
AAPL,1000000000,double_gas_half_fees,fixed_20,2026-08-10,1786320003000,1786924791000,-81546924,-10613192,-70933732,55941263,40975480,91,13787,604923000,16885000
AAPL,1000000000,double_gas_half_fees,fixed_20,2026-08-17,1786924842000,1787529440000,-127277467,7140183,-134417650,46896211,62588920,139,12875,604649000,27920000
AAPL,1000000000,double_gas_half_fees,fixed_20,2026-08-24,1787529654000,1788134317000,-28832191,17278345,-46110536,174257317,82851520,184,42448,604877000,19797000
AAPL,1000000000,double_gas_half_fees,fixed_20,2026-08-31,1788134406000,1788739197000,4322313,601886,3720427,198294092,71144240,158,88790,604880000,8622000
AAPL,1000000000,double_gas_half_fees,fixed_20,2026-09-07,1788739208000,1789154997000,-56630597,17691304,-74321901,141981487,71829788,159,78719,415800000,8879000
AAPL,1000000000,double_gas_half_fees,fixed_40,2026-07-27,1785196800000,1785196800000,0,0,0,0,0,0,0,0,0
AAPL,1000000000,double_gas_half_fees,fixed_40,2026-08-03,1785715200000,1786319868000,-29206759,2202292,-31409051,29817424,12065074,27,7242,403658000,4491000
AAPL,1000000000,double_gas_half_fees,fixed_40,2026-08-10,1786320003000,1786924791000,-13432390,-10613192,-2819198,41120671,8555320,19,13787,604923000,4796000
AAPL,1000000000,double_gas_half_fees,fixed_40,2026-08-17,1786924842000,1787529440000,-38557152,7140183,-45697335,37731481,18461480,41,12875,604649000,5649000
AAPL,1000000000,double_gas_half_fees,fixed_40,2026-08-24,1787529654000,1788134317000,36857873,17278345,19579528,122581737,25665960,57,42448,604877000,5547000
AAPL,1000000000,double_gas_half_fees,fixed_40,2026-08-31,1788134406000,1788739197000,44711728,601886,44109842,133553243,20712880,46,88790,604880000,2150000
AAPL,1000000000,double_gas_half_fees,fixed_40,2026-09-07,1788739208000,1789154997000,-2941947,17691304,-20633251,94702204,24550388,54,78719,415800000,2896000
AAPL,1000000000,double_gas_half_fees,fixed_80,2026-07-27,1785196800000,1785196800000,0,0,0,0,0,0,0,0,0
AAPL,1000000000,double_gas_half_fees,fixed_80,2026-08-03,1785715200000,1786319868000,-19803841,2202292,-22006133,17592035,5310874,12,7242,403658000,1753000
AAPL,1000000000,double_gas_half_fees,fixed_80,2026-08-10,1786320003000,1786924791000,-10281089,-10613192,332103,24775857,3602240,8,13787,604923000,1604000
AAPL,1000000000,double_gas_half_fees,fixed_80,2026-08-17,1786924842000,1787529440000,-18599923,7140183,-25740106,22904989,7204480,16,12875,604649000,2084000
AAPL,1000000000,double_gas_half_fees,fixed_80,2026-08-24,1787529654000,1788134317000,49497719,17278345,32219374,68199075,6303920,14,42448,604877000,747000
AAPL,1000000000,double_gas_half_fees,fixed_80,2026-08-31,1788134406000,1788739197000,33213347,601886,32611461,70000131,5853640,13,88790,604880000,443000
AAPL,1000000000,double_gas_half_fees,fixed_80,2026-09-07,1788739208000,1789154997000,26600450,17691304,8909146,49101848,6088908,13,78719,415800000,691000
AAPL,1000000000,double_gas_half_fees,fixed_160,2026-07-27,1785196800000,1785196800000,0,0,0,0,0,0,0,0,0
AAPL,1000000000,double_gas_half_fees,fixed_160,2026-08-03,1785715200000,1786319868000,1929093,2202292,-273199,10597158,1258354,3,7242,404028000,128000
AAPL,1000000000,double_gas_half_fees,fixed_160,2026-08-10,1786320003000,1786924791000,-1278510,-10613192,9334682,14019515,450280,1,13787,604923000,130000
AAPL,1000000000,double_gas_half_fees,fixed_160,2026-08-17,1786924842000,1787529440000,3602435,7140183,-3537748,13462049,1350840,3,12875,604649000,147000
AAPL,1000000000,double_gas_half_fees,fixed_160,2026-08-24,1787529654000,1788134317000,33545860,17278345,16267515,36756010,1801120,4,42448,604877000,419000
AAPL,1000000000,double_gas_half_fees,fixed_160,2026-08-31,1788134406000,1788739197000,5663781,601886,5061895,36190980,2701680,6,88790,604880000,214000
AAPL,1000000000,double_gas_half_fees,fixed_160,2026-09-07,1788739208000,1789154997000,14157846,17691304,-3533458,24608412,2486668,5,78719,415800000,270000
AAPL,1000000000,double_gas_half_fees,adaptive_width,2026-07-27,1785196800000,1785196800000,0,0,0,0,0,0,0,0,0
AAPL,1000000000,double_gas_half_fees,adaptive_width,2026-08-03,1785715200000,1786319868000,1121975,2202292,-1080317,10572348,1258354,3,7242,403658000,129000
AAPL,1000000000,double_gas_half_fees,adaptive_width,2026-08-10,1786320003000,1786924791000,-1247939,-10613192,9365253,13988798,450280,1,13787,604923000,1521000
AAPL,1000000000,double_gas_half_fees,adaptive_width,2026-08-17,1786924842000,1787529440000,-18714845,7140183,-25855028,20827271,7654760,17,12875,604649000,2145000
AAPL,1000000000,double_gas_half_fees,adaptive_width,2026-08-24,1787529654000,1788134317000,31521377,17278345,14243032,40648567,4502800,10,42448,604877000,547000
AAPL,1000000000,double_gas_half_fees,adaptive_width,2026-08-31,1788134406000,1788739197000,14749838,601886,14147952,68306476,12157560,27,88790,604880000,1614000
AAPL,1000000000,double_gas_half_fees,adaptive_width,2026-09-07,1788739208000,1789154997000,-6106798,17691304,-23798102,47544764,16895628,37,78719,415800000,1708000
AAPL,1000000000,double_gas_half_fees,adaptive_economic,2026-07-27,1785196800000,1785196800000,0,0,0,0,0,0,0,0,0
AAPL,1000000000,double_gas_half_fees,adaptive_economic,2026-08-03,1785715200000,1786319868000,-8708098,2202292,-10910390,1982109,808074,2,7242,403658000,357271000
AAPL,1000000000,double_gas_half_fees,adaptive_economic,2026-08-10,1786320003000,1786924791000,9937936,-10613192,20551128,13529537,0,0,13787,604923000,38360000
AAPL,1000000000,double_gas_half_fees,adaptive_economic,2026-08-17,1786924842000,1787529440000,11734830,7140183,4594647,7990003,0,0,12875,604649000,189093000
AAPL,1000000000,double_gas_half_fees,adaptive_economic,2026-08-24,1787529654000,1788134317000,7447362,17278345,-9830983,6908352,0,0,42448,604877000,417286000
AAPL,1000000000,double_gas_half_fees,adaptive_economic,2026-08-31,1788134406000,1788739197000,18006,601886,-583880,0,0,0,88790,604880000,604880000
AAPL,1000000000,double_gas_half_fees,adaptive_economic,2026-09-07,1788739208000,1789154997000,320664,17691304,-17370640,22229,235268,0,78719,415800000,415768000
AAPL,1000000000,partial_mint_failure,fixed_20,2026-07-27,1785196800000,1785196800000,0,0,0,0,0,0,0,0,0
AAPL,1000000000,partial_mint_failure,fixed_20,2026-08-03,1785715200000,1786319868000,-43016078,2255053,-45271131,63101565,21052449,97,7242,331973000,13618000
AAPL,1000000000,partial_mint_failure,fixed_20,2026-08-10,1786320003000,1786924791000,-7863733,-10613192,2749459,107856070,20873552,96,13787,551788000,16475000
AAPL,1000000000,partial_mint_failure,fixed_20,2026-08-17,1786924842000,1787529440000,-15735659,7140183,-22875842,82710244,21323832,98,12875,539751000,20131000
AAPL,1000000000,partial_mint_failure,fixed_20,2026-08-24,1787529654000,1788134317000,179598796,17278345,162320451,361199427,40442507,186,42448,544102000,15082000
AAPL,1000000000,partial_mint_failure,fixed_20,2026-08-31,1788134406000,1788739197000,222567367,601886,221965481,393406743,30860048,142,88790,563233000,6969000
AAPL,1000000000,partial_mint_failure,fixed_20,2026-09-07,1788739208000,1789154997000,175950798,17742139,158208659,326338989,28189591,129,78719,389252000,6325000
AAPL,1000000000,partial_mint_failure,fixed_40,2026-07-27,1785196800000,1785196800000,0,0,0,0,0,0,0,0,0
AAPL,1000000000,partial_mint_failure,fixed_40,2026-08-03,1785715200000,1786319868000,-2291298,2255053,-4546351,56255484,7377302,34,7242,392077000,4433000
AAPL,1000000000,partial_mint_failure,fixed_40,2026-08-10,1786320003000,1786924791000,23424716,-10613192,34037908,81426069,6297845,29,13787,589241000,4565000
AAPL,1000000000,partial_mint_failure,fixed_40,2026-08-17,1786924842000,1787529440000,5258943,7140183,-1881240,71746744,9357319,43,12875,582064000,6051000
AAPL,1000000000,partial_mint_failure,fixed_40,2026-08-24,1787529654000,1788134317000,184624512,17278345,167346167,265776299,14350567,66,42448,588525000,6658000
AAPL,1000000000,partial_mint_failure,fixed_40,2026-08-31,1788134406000,1788739197000,221890627,601886,221288741,294426800,8052722,37,88790,589753000,1604000
AAPL,1000000000,partial_mint_failure,fixed_40,2026-09-07,1788739208000,1789154997000,133218313,17742139,115476174,213292470,10958447,50,78719,402085000,2353000
AAPL,1000000000,partial_mint_failure,fixed_80,2026-07-27,1785196800000,1785196800000,0,0,0,0,0,0,0,0,0
AAPL,1000000000,partial_mint_failure,fixed_80,2026-08-03,1785715200000,1786319868000,7790996,2255053,5535943,36830814,2384054,11,7242,402961000,2266000
AAPL,1000000000,partial_mint_failure,fixed_80,2026-08-10,1786320003000,1786924791000,18081808,-10613192,28695000,50928554,2158914,10,13787,601231000,2321000
AAPL,1000000000,partial_mint_failure,fixed_80,2026-08-17,1786924842000,1787529440000,1589843,7140183,-5550340,45670898,4138931,19,12875,597371000,2643000
AAPL,1000000000,partial_mint_failure,fixed_80,2026-08-24,1787529654000,1788134317000,115357150,17278345,98078805,141172497,4542968,21,42448,598703000,797000
AAPL,1000000000,partial_mint_failure,fixed_80,2026-08-31,1788134406000,1788739197000,125891002,601886,125289116,159878294,2834334,13,88790,603223000,424000
AAPL,1000000000,partial_mint_failure,fixed_80,2026-09-07,1788739208000,1789154997000,77546579,17742139,59804440,109891271,4031425,18,78719,412591000,856000
AAPL,1000000000,partial_mint_failure,fixed_160,2026-07-27,1785196800000,1785196800000,0,0,0,0,0,0,0,0,0
AAPL,1000000000,partial_mint_failure,fixed_160,2026-08-03,1785715200000,1786319868000,13184886,2255053,10929833,21220698,629177,3,7242,404028000,128000
AAPL,1000000000,partial_mint_failure,fixed_160,2026-08-10,1786320003000,1786924791000,13153624,-10613192,23766816,28316330,225140,1,13787,604923000,130000
AAPL,1000000000,partial_mint_failure,fixed_160,2026-08-17,1786924842000,1787529440000,16256282,7140183,9116099,26956892,854317,4,12875,602870000,172000
AAPL,1000000000,partial_mint_failure,fixed_160,2026-08-24,1787529654000,1788134317000,74216441,17278345,56938096,76646800,1079457,5,42448,603580000,419000
AAPL,1000000000,partial_mint_failure,fixed_160,2026-08-31,1788134406000,1788739197000,55752533,601886,55150647,78203068,900560,4,88790,604880000,220000
AAPL,1000000000,partial_mint_failure,fixed_160,2026-09-07,1788739208000,1789154997000,39464013,17742139,21721874,53589091,1826268,8,78719,414053000,219000
AAPL,1000000000,partial_mint_failure,adaptive_width,2026-07-27,1785196800000,1785196800000,0,0,0,0,0,0,0,0,0
AAPL,1000000000,partial_mint_failure,adaptive_width,2026-08-03,1785715200000,1786319868000,-1704036,2255053,-3959089,25973487,2788091,13,7242,400746000,1817000
AAPL,1000000000,partial_mint_failure,adaptive_width,2026-08-10,1786320003000,1786924791000,12263116,-10613192,22876308,27858403,225140,1,13787,604923000,1917000
AAPL,1000000000,partial_mint_failure,adaptive_width,2026-08-17,1786924842000,1787529440000,17538898,7140183,10398715,33981462,1529737,7,12875,603865000,225000
AAPL,1000000000,partial_mint_failure,adaptive_width,2026-08-24,1787529654000,1788134317000,110433881,17278345,93155536,107459100,1754877,8,42448,604086000,371000
AAPL,1000000000,partial_mint_failure,adaptive_width,2026-08-31,1788134406000,1788739197000,205422590,601886,204820704,344847949,24337063,112,88790,571781000,5248000
AAPL,1000000000,partial_mint_failure,adaptive_width,2026-09-07,1788739208000,1789154997000,72830130,17742139,55087991,171288311,18832272,86,78719,397049000,3906000
AAPL,1000000000,partial_mint_failure,adaptive_economic,2026-07-27,1785196800000,1785196800000,0,0,0,0,0,0,0,0,0
AAPL,1000000000,partial_mint_failure,adaptive_economic,2026-08-03,1785715200000,1786319868000,-8786384,2255053,-11041437,4255693,404037,2,7242,403658000,373970000
AAPL,1000000000,partial_mint_failure,adaptive_economic,2026-08-10,1786320003000,1786924791000,25831722,-10613192,36444914,38062735,450280,2,13787,604923000,398744000
AAPL,1000000000,partial_mint_failure,adaptive_economic,2026-08-17,1786924842000,1787529440000,682489,7140183,-6457694,465812,0,0,12875,604649000,600471000
AAPL,1000000000,partial_mint_failure,adaptive_economic,2026-08-24,1787529654000,1788134317000,30785112,17278345,13506767,45449406,2384054,11,42448,601917000,529007000
AAPL,1000000000,partial_mint_failure,adaptive_economic,2026-08-31,1788134406000,1788739197000,83460613,601886,82858727,112086803,2158914,10,88790,600754000,430622000
AAPL,1000000000,partial_mint_failure,adaptive_economic,2026-09-07,1788739208000,1789154997000,98426240,17742139,80684101,123978348,3177108,14,78719,409838000,230508000
AAPL,250000000,pinned_fork_costs,fixed_20,2026-07-27,1785196800000,1785196800000,0,0,0,0,0,0,0,0,0
AAPL,250000000,pinned_fork_costs,fixed_20,2026-08-03,1785715200000,1786319868000,-30512512,605095,-31117607,27987875,27871117,124,7242,403658000,21588000
AAPL,250000000,pinned_fork_costs,fixed_20,2026-08-10,1786320003000,1786924791000,177922,-2655008,2832930,46467142,20487740,91,13787,604923000,16885000
AAPL,250000000,pinned_fork_costs,fixed_20,2026-08-17,1786924842000,1787529440000,-22828710,1786196,-24614906,42806464,31294460,139,12875,604649000,27920000
AAPL,250000000,pinned_fork_costs,fixed_20,2026-08-24,1787529654000,1788134317000,69870983,4322369,65548614,156260108,41425760,184,42448,604877000,19797000
AAPL,250000000,pinned_fork_costs,fixed_20,2026-08-31,1788134406000,1788739197000,117680203,150569,117529634,216068654,35572120,158,88790,604880000,8622000
AAPL,250000000,pinned_fork_costs,fixed_20,2026-09-07,1788739208000,1789154997000,67125444,4404594,62720850,182085827,35914894,159,78719,415800000,8879000
AAPL,250000000,pinned_fork_costs,fixed_40,2026-07-27,1785196800000,1785196800000,0,0,0,0,0,0,0,0,0
AAPL,250000000,pinned_fork_costs,fixed_40,2026-08-03,1785715200000,1786319868000,2533426,605095,1928331,19537257,6032537,27,7242,403658000,4491000
AAPL,250000000,pinned_fork_costs,fixed_40,2026-08-10,1786320003000,1786924791000,12579033,-2655008,15234041,28378839,4277660,19,13787,604923000,4796000
AAPL,250000000,pinned_fork_costs,fixed_40,2026-08-17,1786924842000,1787529440000,3703622,1786196,1917426,27999383,9230740,41,12875,604649000,5649000
AAPL,250000000,pinned_fork_costs,fixed_40,2026-08-24,1787529654000,1788134317000,56482144,4322369,52159775,87146822,12832980,57,42448,604877000,5547000
AAPL,250000000,pinned_fork_costs,fixed_40,2026-08-31,1788134406000,1788739197000,69294470,150569,69143901,105023697,10356440,46,88790,604880000,2150000
AAPL,250000000,pinned_fork_costs,fixed_40,2026-09-07,1788739208000,1789154997000,38700910,4404594,34296316,81223137,12275194,54,78719,415800000,2896000
AAPL,250000000,pinned_fork_costs,fixed_80,2026-07-27,1785196800000,1785196800000,0,0,0,0,0,0,0,0,0
AAPL,250000000,pinned_fork_costs,fixed_80,2026-08-03,1785715200000,1786319868000,120965,605095,-484130,10229886,2655437,12,7242,403658000,1753000
AAPL,250000000,pinned_fork_costs,fixed_80,2026-08-10,1786320003000,1786924791000,5356970,-2655008,8011978,14810911,1801120,8,13787,604923000,1604000
AAPL,250000000,pinned_fork_costs,fixed_80,2026-08-17,1786924842000,1787529440000,2365209,1786196,579013,14271225,3602240,16,12875,604649000,2084000
AAPL,250000000,pinned_fork_costs,fixed_80,2026-08-24,1787529654000,1788134317000,34757077,4322369,30434708,40880425,3151960,14,42448,604877000,747000
AAPL,250000000,pinned_fork_costs,fixed_80,2026-08-31,1788134406000,1788739197000,31599211,150569,31448642,43853159,2926820,13,88790,604880000,443000
AAPL,250000000,pinned_fork_costs,fixed_80,2026-09-07,1788739208000,1789154997000,24128526,4404594,19723932,32281699,3044454,13,78719,415800000,691000
AAPL,250000000,pinned_fork_costs,fixed_160,2026-07-27,1785196800000,1785196800000,0,0,0,0,0,0,0,0,0
AAPL,250000000,pinned_fork_costs,fixed_160,2026-08-03,1785715200000,1786319868000,3445072,605095,2839977,5722995,629177,3,7242,404028000,128000
AAPL,250000000,pinned_fork_costs,fixed_160,2026-08-10,1786320003000,1786924791000,3796788,-2655008,6451796,7668591,225140,1,13787,604923000,130000
AAPL,250000000,pinned_fork_costs,fixed_160,2026-08-17,1786924842000,1787529440000,4888420,1786196,3102224,7537342,675420,3,12875,604649000,147000
AAPL,250000000,pinned_fork_costs,fixed_160,2026-08-24,1787529654000,1788134317000,18978656,4322369,14656287,20032190,900560,4,42448,604877000,419000
AAPL,250000000,pinned_fork_costs,fixed_160,2026-08-31,1788134406000,1788739197000,11293349,150569,11142780,20203249,1350840,6,88790,604880000,214000
AAPL,250000000,pinned_fork_costs,fixed_160,2026-09-07,1788739208000,1789154997000,10679655,4404594,6275061,14056636,1243334,5,78719,415800000,270000
AAPL,250000000,pinned_fork_costs,adaptive_width,2026-07-27,1785196800000,1785196800000,0,0,0,0,0,0,0,0,0
AAPL,250000000,pinned_fork_costs,adaptive_width,2026-08-03,1785715200000,1786319868000,3243753,605095,2638658,5709283,629177,3,7242,403658000,129000
AAPL,250000000,pinned_fork_costs,adaptive_width,2026-08-10,1786320003000,1786924791000,3771768,-2655008,6426776,7651100,225140,1,13787,604923000,1521000
AAPL,250000000,pinned_fork_costs,adaptive_width,2026-08-17,1786924842000,1787529440000,-970913,1786196,-2757109,11452988,4727940,21,12875,604649000,2583000
AAPL,250000000,pinned_fork_costs,adaptive_width,2026-08-24,1787529654000,1788134317000,30131596,4322369,25809227,49725270,11482140,51,42448,604877000,3455000
AAPL,250000000,pinned_fork_costs,adaptive_width,2026-08-31,1788134406000,1788739197000,78856582,150569,78706013,142159594,26341380,117,88790,604880000,5839000
AAPL,250000000,pinned_fork_costs,adaptive_width,2026-09-07,1788739208000,1789154997000,28055042,4404594,23650448,97753801,26459014,117,78719,415800000,6557000
AAPL,250000000,pinned_fork_costs,adaptive_economic,2026-07-27,1785196800000,1785196800000,0,0,0,0,0,0,0,0,0
AAPL,250000000,pinned_fork_costs,adaptive_economic,2026-08-03,1785715200000,1786319868000,6100034,605095,5494939,5782713,178897,1,7242,403658000,77000
AAPL,250000000,pinned_fork_costs,adaptive_economic,2026-08-10,1786320003000,1786924791000,-2208139,-2655008,446869,1442040,0,0,13787,604923000,445077000
AAPL,250000000,pinned_fork_costs,adaptive_economic,2026-08-17,1786924842000,1787529440000,8075519,1786196,6289323,5218069,0,0,12875,604649000,152598000
AAPL,250000000,pinned_fork_costs,adaptive_economic,2026-08-24,1787529654000,1788134317000,12074385,4322369,7752016,10446427,0,0,42448,604877000,216186000
AAPL,250000000,pinned_fork_costs,adaptive_economic,2026-08-31,1788134406000,1788739197000,28468844,150569,28318275,33553745,900560,4,88790,604880000,451697000
AAPL,250000000,pinned_fork_costs,adaptive_economic,2026-09-07,1788739208000,1789154997000,-7530935,4404594,-11935529,3242305,1243334,5,78719,415800000,414959000
AAPL,250000000,double_gas_half_fees,fixed_20,2026-07-27,1785196800000,1785196800000,0,0,0,0,0,0,0,0,0
AAPL,250000000,double_gas_half_fees,fixed_20,2026-08-03,1785715200000,1786319868000,-72086738,552334,-72639072,13674880,55742234,124,7242,403658000,21588000
AAPL,250000000,double_gas_half_fees,fixed_20,2026-08-10,1786320003000,1786924791000,-43247210,-2655008,-40592202,21379665,40975480,91,13787,604923000,16885000
AAPL,250000000,double_gas_half_fees,fixed_20,2026-08-17,1786924842000,1787529440000,-72592508,1786196,-74378704,18405856,62588920,139,12875,604649000,27920000
AAPL,250000000,double_gas_half_fees,fixed_20,2026-08-24,1787529654000,1788134317000,-58052673,4322369,-62375042,56905943,82851520,184,42448,604877000,19797000
AAPL,250000000,double_gas_half_fees,fixed_20,2026-08-31,1788134406000,1788739197000,-4068917,150569,-4219486,2618757,4052520,9,88790,604880000,849000
AAPL,250000000,double_gas_half_fees,fixed_20,2026-09-07,1788739208000,1789154997000,-235268,4353759,-4589027,0,235268,0,78719,415800000,0
AAPL,250000000,double_gas_half_fees,fixed_40,2026-07-27,1785196800000,1785196800000,0,0,0,0,0,0,0,0,0
AAPL,250000000,double_gas_half_fees,fixed_40,2026-08-03,1785715200000,1786319868000,-13341428,552334,-13893762,9618720,12065074,27,7242,403658000,4491000
AAPL,250000000,double_gas_half_fees,fixed_40,2026-08-10,1786320003000,1786924791000,-6130466,-2655008,-3475458,13429995,8555320,19,13787,604923000,4796000
AAPL,250000000,double_gas_half_fees,fixed_40,2026-08-17,1786924842000,1787529440000,-19135288,1786196,-20921484,12637168,18461480,41,12875,604649000,5649000
AAPL,250000000,double_gas_half_fees,fixed_40,2026-08-24,1787529654000,1788134317000,-4574204,4322369,-8896573,35731897,25665960,57,42448,604877000,5547000
AAPL,250000000,double_gas_half_fees,fixed_40,2026-08-31,1788134406000,1788739197000,-717183,150569,-867752,37769451,20712880,46,88790,604880000,2150000
AAPL,250000000,double_gas_half_fees,fixed_40,2026-09-07,1788739208000,1789154997000,-17818796,4353759,-22172555,26115466,24550388,54,78719,415800000,2896000
AAPL,250000000,double_gas_half_fees,fixed_80,2026-07-27,1785196800000,1785196800000,0,0,0,0,0,0,0,0,0
AAPL,250000000,double_gas_half_fees,fixed_80,2026-08-03,1785715200000,1786319868000,-7659871,552334,-8212205,5070518,5310874,12,7242,403658000,1753000
AAPL,250000000,double_gas_half_fees,fixed_80,2026-08-10,1786320003000,1786924791000,-3911559,-2655008,-1256551,7182956,3602240,8,13787,604923000,1604000
AAPL,250000000,double_gas_half_fees,fixed_80,2026-08-17,1786924842000,1787529440000,-8227199,1786196,-10013395,6734204,7204480,16,12875,604649000,2084000
AAPL,250000000,double_gas_half_fees,fixed_80,2026-08-24,1787529654000,1788134317000,9350970,4322369,5028601,18380238,6303920,14,42448,604877000,747000
AAPL,250000000,double_gas_half_fees,fixed_80,2026-08-31,1788134406000,1788739197000,4880987,150569,4730418,18467902,5853640,13,88790,604880000,443000
AAPL,250000000,double_gas_half_fees,fixed_80,2026-09-07,1788739208000,1789154997000,2552847,4353759,-1800912,12760197,6088908,13,78719,415800000,691000
AAPL,250000000,double_gas_half_fees,fixed_160,2026-07-27,1785196800000,1785196800000,0,0,0,0,0,0,0,0,0
AAPL,250000000,double_gas_half_fees,fixed_160,2026-08-03,1785715200000,1786319868000,-51271,552334,-603605,2856776,1258354,3,7242,404028000,128000
AAPL,250000000,double_gas_half_fees,fixed_160,2026-08-10,1786320003000,1786924791000,-283465,-2655008,2371543,3789674,450280,1,13787,604923000,130000
AAPL,250000000,double_gas_half_fees,fixed_160,2026-08-17,1786924842000,1787529440000,389864,1786196,-1396332,3664779,1350840,3,12875,604649000,147000
AAPL,250000000,double_gas_half_fees,fixed_160,2026-08-24,1787529654000,1788134317000,7535467,4322369,3213098,9509862,1801120,4,42448,604877000,419000
AAPL,250000000,double_gas_half_fees,fixed_160,2026-08-31,1788134406000,1788739197000,-340708,150569,-491277,9240177,2701680,6,88790,604880000,214000
AAPL,250000000,double_gas_half_fees,fixed_160,2026-09-07,1788739208000,1789154997000,1793395,4353759,-2560364,6226928,2486668,5,78719,415800000,270000
AAPL,250000000,double_gas_half_fees,adaptive_width,2026-07-27,1785196800000,1785196800000,0,0,0,0,0,0,0,0,0
AAPL,250000000,double_gas_half_fees,adaptive_width,2026-08-03,1785715200000,1786319868000,-245662,552334,-797996,2849985,1258354,3,7242,403658000,129000
AAPL,250000000,double_gas_half_fees,adaptive_width,2026-08-10,1786320003000,1786924791000,-300149,-2655008,2354859,3780913,450280,1,13787,604923000,1521000
AAPL,250000000,double_gas_half_fees,adaptive_width,2026-08-17,1786924842000,1787529440000,-3686482,1786196,-5472678,5033366,3602240,8,12875,604649000,529000
AAPL,250000000,double_gas_half_fees,adaptive_width,2026-08-24,1787529654000,1788134317000,7440956,4322369,3118587,11083109,3602240,8,42448,604877000,624000
AAPL,250000000,double_gas_half_fees,adaptive_width,2026-08-31,1788134406000,1788739197000,-2137375,150569,-2287944,17490528,10806720,24,88790,604880000,1232000
AAPL,250000000,double_gas_half_fees,adaptive_width,2026-09-07,1788739208000,1789154997000,-13679879,4353759,-18033638,12537585,16895628,37,78719,415800000,1708000
AAPL,250000000,double_gas_half_fees,adaptive_economic,2026-07-27,1785196800000,1785196800000,0,0,0,0,0,0,0,0,0
AAPL,250000000,double_gas_half_fees,adaptive_economic,2026-08-03,1785715200000,1786319868000,3026660,552334,2474326,2890610,357794,1,7242,403658000,77000
AAPL,250000000,double_gas_half_fees,adaptive_economic,2026-08-10,1786320003000,1786924791000,-2895978,-2655008,-240970,720748,0,0,13787,604923000,445077000
AAPL,250000000,double_gas_half_fees,adaptive_economic,2026-08-17,1786924842000,1787529440000,5439182,1786196,3652986,2608229,0,0,12875,604649000,152598000
AAPL,250000000,double_gas_half_fees,adaptive_economic,2026-08-24,1787529654000,1788134317000,6662359,4322369,2339990,5221096,0,0,42448,604877000,216186000
AAPL,250000000,double_gas_half_fees,adaptive_economic,2026-08-31,1788134406000,1788739197000,501311,150569,350742,488912,0,0,88790,604880000,583855000
AAPL,250000000,double_gas_half_fees,adaptive_economic,2026-09-07,1788739208000,1789154997000,1741785,4353759,-2611974,1708159,235268,0,78719,415800000,378578000
AAPL,250000000,partial_mint_failure,fixed_20,2026-07-27,1785196800000,1785196800000,0,0,0,0,0,0,0,0,0
AAPL,250000000,partial_mint_failure,fixed_20,2026-08-03,1785715200000,1786319868000,-14586308,605095,-15191403,23644154,19747852,91,7242,329154000,13214000
AAPL,250000000,partial_mint_failure,fixed_20,2026-08-10,1786320003000,1786924791000,-152791,-2655008,2502217,41385799,19390058,89,13787,519320000,16040000
AAPL,250000000,partial_mint_failure,fixed_20,2026-08-17,1786924842000,1787529440000,-3881714,1786196,-5667910,34718635,20198132,93,12875,539872000,18444000
AAPL,250000000,partial_mint_failure,fixed_20,2026-08-24,1787529654000,1788134317000,59975198,4322369,55652829,138841364,39588190,182,42448,546208000,14960000
AAPL,250000000,partial_mint_failure,fixed_20,2026-08-31,1788134406000,1788739197000,66057384,150569,65906815,141224582,30409768,140,88790,562099000,6895000
AAPL,250000000,partial_mint_failure,fixed_20,2026-09-07,1788739208000,1789154997000,41529556,4404594,37124962,108810071,28189591,129,78719,387863000,6245000
AAPL,250000000,partial_mint_failure,fixed_40,2026-07-27,1785196800000,1785196800000,0,0,0,0,0,0,0,0,0
AAPL,250000000,partial_mint_failure,fixed_40,2026-08-03,1785715200000,1786319868000,-1357767,605095,-1962862,18231618,7377302,34,7242,392077000,4433000
AAPL,250000000,partial_mint_failure,fixed_40,2026-08-10,1786320003000,1786924791000,8444460,-2655008,11099468,27062750,6297845,29,13787,589130000,4565000
AAPL,250000000,partial_mint_failure,fixed_40,2026-08-17,1786924842000,1787529440000,1762447,1786196,-23749,24710031,9357319,43,12875,582064000,6051000
AAPL,250000000,partial_mint_failure,fixed_40,2026-08-24,1787529654000,1788134317000,52580395,4322369,48258026,80440735,13045970,60,42448,588155000,5875000
AAPL,250000000,partial_mint_failure,fixed_40,2026-08-31,1788134406000,1788739197000,62047697,150569,61897128,88109534,8052722,37,88790,589753000,1604000
AAPL,250000000,partial_mint_failure,fixed_40,2026-09-07,1788739208000,1789154997000,33912048,4404594,29507454,62780059,10958447,50,78719,401489000,2369000
AAPL,250000000,partial_mint_failure,fixed_80,2026-07-27,1785196800000,1785196800000,0,0,0,0,0,0,0,0,0
AAPL,250000000,partial_mint_failure,fixed_80,2026-08-03,1785715200000,1786319868000,2091721,605095,1486626,10626236,2384054,11,7242,402961000,2266000
AAPL,250000000,partial_mint_failure,fixed_80,2026-08-10,1786320003000,1786924791000,5403291,-2655008,8058299,14886017,2158914,10,13787,601231000,2321000
AAPL,250000000,partial_mint_failure,fixed_80,2026-08-17,1786924842000,1787529440000,307730,1786196,-1478466,13600461,4138931,19,12875,597371000,2643000
AAPL,250000000,partial_mint_failure,fixed_80,2026-08-24,1787529654000,1788134317000,29379909,4322369,25057540,38687957,4542968,21,42448,598703000,797000
AAPL,250000000,partial_mint_failure,fixed_80,2026-08-31,1788134406000,1788739197000,32367609,150569,32217040,43051308,2834334,13,88790,603223000,424000
AAPL,250000000,partial_mint_failure,fixed_80,2026-09-07,1788739208000,1789154997000,17858492,4404594,13453898,29167063,4031425,18,78719,412591000,856000
AAPL,250000000,partial_mint_failure,fixed_160,2026-07-27,1785196800000,1785196800000,0,0,0,0,0,0,0,0,0
AAPL,250000000,partial_mint_failure,fixed_160,2026-08-03,1785715200000,1786319868000,3445072,605095,2839977,5722995,629177,3,7242,404028000,128000
AAPL,250000000,partial_mint_failure,fixed_160,2026-08-10,1786320003000,1786924791000,3796788,-2655008,6451796,7668591,225140,1,13787,604923000,130000
AAPL,250000000,partial_mint_failure,fixed_160,2026-08-17,1786924842000,1787529440000,4260559,1786196,2474363,7370591,854317,4,12875,602870000,172000
AAPL,250000000,partial_mint_failure,fixed_160,2026-08-24,1787529654000,1788134317000,18728216,4322369,14405847,19926779,1079457,5,42448,603580000,419000
AAPL,250000000,partial_mint_failure,fixed_160,2026-08-31,1788134406000,1788739197000,13851792,150569,13701223,20096104,900560,4,88790,604880000,220000
AAPL,250000000,partial_mint_failure,fixed_160,2026-09-07,1788739208000,1789154997000,8762204,4404594,4357610,13652299,1826268,8,78719,414053000,219000
AAPL,250000000,partial_mint_failure,adaptive_width,2026-07-27,1785196800000,1785196800000,0,0,0,0,0,0,0,0,0
AAPL,250000000,partial_mint_failure,adaptive_width,2026-08-03,1785715200000,1786319868000,3243753,605095,2638658,5709283,629177,3,7242,403658000,129000
AAPL,250000000,partial_mint_failure,adaptive_width,2026-08-10,1786320003000,1786924791000,3771768,-2655008,6426776,7651100,225140,1,13787,604923000,1521000
AAPL,250000000,partial_mint_failure,adaptive_width,2026-08-17,1786924842000,1787529440000,937708,1786196,-848488,9842376,2834334,13,12875,600137000,666000
AAPL,250000000,partial_mint_failure,adaptive_width,2026-08-24,1787529654000,1788134317000,28056505,4322369,23734136,37896176,6927022,32,42448,595134000,1297000
AAPL,250000000,partial_mint_failure,adaptive_width,2026-08-31,1788134406000,1788739197000,45558416,150569,45407847,105027968,27846817,128,88790,570867000,6179000
AAPL,250000000,partial_mint_failure,adaptive_width,2026-09-07,1788739208000,1789154997000,16888691,4404594,12484097,58109972,18832272,86,78719,396245000,4443000
AAPL,250000000,partial_mint_failure,adaptive_economic,2026-07-27,1785196800000,1785196800000,0,0,0,0,0,0,0,0,0
AAPL,250000000,partial_mint_failure,adaptive_economic,2026-08-03,1785715200000,1786319868000,6100034,605095,5494939,5782713,178897,1,7242,403658000,77000
AAPL,250000000,partial_mint_failure,adaptive_economic,2026-08-10,1786320003000,1786924791000,-2208139,-2655008,446869,1442040,0,0,13787,604923000,445077000
AAPL,250000000,partial_mint_failure,adaptive_economic,2026-08-17,1786924842000,1787529440000,8075519,1786196,6289323,5218069,0,0,12875,604649000,152598000
AAPL,250000000,partial_mint_failure,adaptive_economic,2026-08-24,1787529654000,1788134317000,12074385,4322369,7752016,10446427,0,0,42448,604877000,216186000
AAPL,250000000,partial_mint_failure,adaptive_economic,2026-08-31,1788134406000,1788739197000,28468844,150569,28318275,33553745,900560,4,88790,604880000,451697000
AAPL,250000000,partial_mint_failure,adaptive_economic,2026-09-07,1788739208000,1789154997000,-4102399,4404594,-8506993,2289010,521671,2,78719,410330000,402430000
GOOGL,5000000000,pinned_fork_costs,fixed_20,2026-07-27,1785196800000,1785196800000,0,0,0,0,0,0,0,0,0
GOOGL,5000000000,pinned_fork_costs,fixed_20,2026-08-03,1785715200000,1786319794000,-363624311,-56550146,-307074165,23387256,11464183,52,5009,371478000,77880000
GOOGL,5000000000,pinned_fork_costs,fixed_20,2026-08-10,1786320001000,1786924477000,-287021500,-54194189,-232827311,12591030,6196680,28,2530,604683000,370888000
GOOGL,5000000000,pinned_fork_costs,fixed_20,2026-08-17,1786924802000,1787529543000,-308090877,-9527334,-298563543,21483415,10844190,49,2615,605066000,96332000
GOOGL,5000000000,pinned_fork_costs,fixed_20,2026-08-24,1787529611000,1788134387000,-314033788,-18475956,-295557832,439107004,38507940,174,28130,604844000,44978000
GOOGL,5000000000,pinned_fork_costs,fixed_20,2026-08-31,1788134473000,1788739197000,751438240,-40414690,791852930,1617692869,47802960,216,120648,604810000,15424000
GOOGL,5000000000,pinned_fork_costs,fixed_20,2026-09-07,1788739215000,1789154999000,519351476,-865914,520217390,1040771284,23355638,105,176817,415802000,5965000
GOOGL,5000000000,pinned_fork_costs,fixed_40,2026-07-27,1785196800000,1785196800000,0,0,0,0,0,0,0,0,0
GOOGL,5000000000,pinned_fork_costs,fixed_40,2026-08-03,1785715200000,1786319794000,-151887504,-56550146,-95337358,28255881,2611783,12,5009,371478000,47253000
GOOGL,5000000000,pinned_fork_costs,fixed_40,2026-08-10,1786320001000,1786924477000,-178121755,-54194189,-123927566,23742085,2434410,11,2530,604683000,141254000
GOOGL,5000000000,pinned_fork_costs,fixed_40,2026-08-17,1786924802000,1787529543000,-205670330,-9527334,-196142996,26071166,4426200,20,2615,605066000,26070000
GOOGL,5000000000,pinned_fork_costs,fixed_40,2026-08-24,1787529611000,1788134387000,18751316,-18475956,37227272,395725460,10180260,46,28130,604844000,10903000
GOOGL,5000000000,pinned_fork_costs,fixed_40,2026-08-31,1788134473000,1788739197000,722674733,-40414690,763089423,1216701111,13278600,60,120648,604810000,3446000
GOOGL,5000000000,pinned_fork_costs,fixed_40,2026-09-07,1788739215000,1789154999000,349216305,-865914,350082219,649805666,7863938,35,176817,415802000,1963000
GOOGL,5000000000,pinned_fork_costs,fixed_80,2026-07-27,1785196800000,1785196800000,0,0,0,0,0,0,0,0,0
GOOGL,5000000000,pinned_fork_costs,fixed_80,2026-08-03,1785715200000,1786319794000,-81621587,-56550146,-25071441,12477609,177373,1,5009,372868000,298271000
GOOGL,5000000000,pinned_fork_costs,fixed_80,2026-08-10,1786320001000,1786924477000,-108955112,-54194189,-54760923,0,0,0,2530,604683000,604683000
GOOGL,5000000000,pinned_fork_costs,fixed_80,2026-08-17,1786924802000,1787529543000,-19154300,-9527334,-9626966,0,0,0,2615,605066000,605066000
GOOGL,5000000000,pinned_fork_costs,fixed_80,2026-08-24,1787529611000,1788134387000,69202192,-18475956,87678148,285916885,1770480,8,28130,604844000,92664000
GOOGL,5000000000,pinned_fork_costs,fixed_80,2026-08-31,1788134473000,1788739197000,540010994,-40414690,580425684,768335532,3098340,14,120648,604810000,640000
GOOGL,5000000000,pinned_fork_costs,fixed_80,2026-09-07,1788739215000,1789154999000,174224560,-865914,175090474,345527882,2773808,12,176817,415802000,705000
GOOGL,5000000000,pinned_fork_costs,fixed_160,2026-07-27,1785196800000,1785196800000,0,0,0,0,0,0,0,0,0
GOOGL,5000000000,pinned_fork_costs,fixed_160,2026-08-03,1785715200000,1786319794000,-46407910,-56550146,10142236,15483545,177373,1,5009,373689000,145183000
GOOGL,5000000000,pinned_fork_costs,fixed_160,2026-08-10,1786320001000,1786924477000,-108509549,-54194189,-54315360,1115134,0,0,2530,604683000,540869000
GOOGL,5000000000,pinned_fork_costs,fixed_160,2026-08-17,1786924802000,1787529543000,-19288023,-9527334,-9760689,0,0,0,2615,605066000,605066000
GOOGL,5000000000,pinned_fork_costs,fixed_160,2026-08-24,1787529611000,1788134387000,120025348,-18475956,138501304,179184241,221310,1,28130,604844000,68844000
GOOGL,5000000000,pinned_fork_costs,fixed_160,2026-08-31,1788134473000,1788739197000,316879236,-40414690,357293926,425055438,663930,3,120648,604810000,197000
GOOGL,5000000000,pinned_fork_costs,fixed_160,2026-09-07,1788739215000,1789154999000,117053369,-865914,117919283,171935409,560708,2,176817,415802000,110000
GOOGL,5000000000,pinned_fork_costs,adaptive_width,2026-07-27,1785196800000,1785196800000,0,0,0,0,0,0,0,0,0
GOOGL,5000000000,pinned_fork_costs,adaptive_width,2026-08-03,1785715200000,1786319794000,-74080181,-56550146,-17530035,7942134,177373,1,5009,349015000,213633000
GOOGL,5000000000,pinned_fork_costs,adaptive_width,2026-08-10,1786320001000,1786924477000,-109172600,-54194189,-54978411,0,0,0,2530,604683000,604683000
GOOGL,5000000000,pinned_fork_costs,adaptive_width,2026-08-17,1786924802000,1787529543000,-19192535,-9527334,-9665201,0,0,0,2615,605066000,605066000
GOOGL,5000000000,pinned_fork_costs,adaptive_width,2026-08-24,1787529611000,1788134387000,101844364,-18475956,120320320,136872886,221310,1,28130,604844000,405299000
GOOGL,5000000000,pinned_fork_costs,adaptive_width,2026-08-31,1788134473000,1788739197000,684903687,-40414690,725318377,954216010,7303230,33,120648,604810000,3138000
GOOGL,5000000000,pinned_fork_costs,adaptive_width,2026-09-07,1788739215000,1789154999000,151731274,-865914,152597188,497447475,10519658,47,176817,415802000,2689000
GOOGL,5000000000,pinned_fork_costs,adaptive_economic,2026-07-27,1785196800000,1785196800000,0,0,0,0,0,0,0,0,0
GOOGL,5000000000,pinned_fork_costs,adaptive_economic,2026-08-03,1785715200000,1786319794000,-74080181,-56550146,-17530035,7942134,177373,1,5009,349015000,213633000
GOOGL,5000000000,pinned_fork_costs,adaptive_economic,2026-08-10,1786320001000,1786924477000,-109172600,-54194189,-54978411,0,0,0,2530,604683000,604683000
GOOGL,5000000000,pinned_fork_costs,adaptive_economic,2026-08-17,1786924802000,1787529543000,-19192535,-9527334,-9665201,0,0,0,2615,605066000,605066000
GOOGL,5000000000,pinned_fork_costs,adaptive_economic,2026-08-24,1787529611000,1788134387000,142481805,-18475956,160957761,181775144,885240,4,28130,604844000,531937000
GOOGL,5000000000,pinned_fork_costs,adaptive_economic,2026-08-31,1788134473000,1788739197000,366809800,-40414690,407224490,555499778,3540960,16,120648,604810000,425946000
GOOGL,5000000000,pinned_fork_costs,adaptive_economic,2026-09-07,1788739215000,1789154999000,221027894,-865914,221893808,379791149,3659048,16,176817,415802000,308482000
GOOGL,5000000000,double_gas_half_fees,fixed_20,2026-07-27,1785196800000,1785196800000,0,0,0,0,0,0,0,0,0
GOOGL,5000000000,double_gas_half_fees,fixed_20,2026-08-03,1785715200000,1786319794000,-386264821,-56601481,-329663340,11692505,22928366,52,5009,371478000,77880000
GOOGL,5000000000,double_gas_half_fees,fixed_20,2026-08-10,1786320001000,1786924477000,-298692730,-54194189,-244498541,6293008,12393360,28,2530,604683000,370888000
GOOGL,5000000000,double_gas_half_fees,fixed_20,2026-08-17,1786924802000,1787529543000,-328187449,-9527334,-318660115,10737127,21688380,49,2615,605066000,96332000
GOOGL,5000000000,double_gas_half_fees,fixed_20,2026-08-24,1787529611000,1788134387000,-561885452,-18475956,-543409496,215328804,77015880,174,28130,604844000,44978000
GOOGL,5000000000,double_gas_half_fees,fixed_20,2026-08-31,1788134473000,1788739197000,-96637542,-40414690,-56222852,714788194,95605920,216,120648,604810000,15424000
GOOGL,5000000000,double_gas_half_fees,fixed_20,2026-09-07,1788739215000,1789154999000,-22211541,-917026,-21294515,393470579,46711276,105,176817,415802000,5965000
GOOGL,5000000000,double_gas_half_fees,fixed_40,2026-07-27,1785196800000,1785196800000,0,0,0,0,0,0,0,0,0
GOOGL,5000000000,double_gas_half_fees,fixed_40,2026-08-03,1785715200000,1786319794000,-168421521,-56601481,-111820040,14125737,5223566,12,5009,371478000,47253000
GOOGL,5000000000,double_gas_half_fees,fixed_40,2026-08-10,1786320001000,1786924477000,-191822954,-54194189,-137628765,11860546,4868820,11,2530,604683000,141254000
GOOGL,5000000000,double_gas_half_fees,fixed_40,2026-08-17,1786924802000,1787529543000,-221757432,-9527334,-212230098,13023787,8852400,20,2615,605066000,26070000
GOOGL,5000000000,double_gas_half_fees,fixed_40,2026-08-24,1787529611000,1788134387000,-185736921,-18475956,-167260965,194669736,20360520,46,28130,604844000,10903000
GOOGL,5000000000,double_gas_half_fees,fixed_40,2026-08-31,1788134473000,1788739197000,94771604,-40414690,135186294,556013073,26557200,60,120648,604810000,3446000
GOOGL,5000000000,double_gas_half_fees,fixed_40,2026-09-07,1788739215000,1789154999000,13562434,-917026,14479460,268629437,15727876,35,176817,415802000,1963000
GOOGL,5000000000,double_gas_half_fees,fixed_80,2026-07-27,1785196800000,1785196800000,0,0,0,0,0,0,0,0,0
GOOGL,5000000000,double_gas_half_fees,fixed_80,2026-08-03,1785715200000,1786319794000,-87983593,-56601481,-31382112,6238707,354746,1,5009,372868000,298271000
GOOGL,5000000000,double_gas_half_fees,fixed_80,2026-08-10,1786320001000,1786924477000,-108884486,-54194189,-54690297,0,0,0,2530,604683000,604683000
GOOGL,5000000000,double_gas_half_fees,fixed_80,2026-08-17,1786924802000,1787529543000,-19141884,-9527334,-9614550,0,0,0,2615,605066000,605066000
GOOGL,5000000000,double_gas_half_fees,fixed_80,2026-08-24,1787529611000,1788134387000,-75349624,-18475956,-56873668,142133575,3540960,8,28130,604844000,92664000
GOOGL,5000000000,double_gas_half_fees,fixed_80,2026-08-31,1788134473000,1788739197000,144791262,-40414690,185205952,363993769,6196680,14,120648,604810000,640000
GOOGL,5000000000,double_gas_half_fees,fixed_80,2026-09-07,1788739215000,1789154999000,-1714223,-917026,-797197,154304081,5547616,12,176817,415802000,705000
GOOGL,5000000000,double_gas_half_fees,fixed_160,2026-07-27,1785196800000,1785196800000,0,0,0,0,0,0,0,0,0
GOOGL,5000000000,double_gas_half_fees,fixed_160,2026-08-03,1785715200000,1786319794000,-54283149,-56601481,2318332,7741492,354746,1,5009,373689000,145183000
GOOGL,5000000000,double_gas_half_fees,fixed_160,2026-08-10,1786320001000,1786924477000,-108974388,-54194189,-54780199,557536,0,0,2530,604683000,540869000
GOOGL,5000000000,double_gas_half_fees,fixed_160,2026-08-17,1786924802000,1787529543000,-19271672,-9527334,-9744338,0,0,0,2615,605066000,605066000
GOOGL,5000000000,double_gas_half_fees,fixed_160,2026-08-24,1787529611000,1788134387000,30255390,-18475956,48731346,89476946,442620,1,28130,604844000,68844000
GOOGL,5000000000,double_gas_half_fees,fixed_160,2026-08-31,1788134473000,1788739197000,100921089,-40414690,141335779,207029153,1327860,3,120648,604810000,197000
GOOGL,5000000000,double_gas_half_fees,fixed_160,2026-09-07,1788739215000,1789154999000,28001489,-917026,28918515,80664580,1121416,2,176817,415802000,110000
GOOGL,5000000000,double_gas_half_fees,adaptive_width,2026-07-27,1785196800000,1785196800000,0,0,0,0,0,0,0,0,0
GOOGL,5000000000,double_gas_half_fees,adaptive_width,2026-08-03,1785715200000,1786319794000,-78203468,-56601481,-21601987,3970898,354746,1,5009,349015000,213633000
GOOGL,5000000000,double_gas_half_fees,adaptive_width,2026-08-10,1786320001000,1786924477000,-109126513,-54194189,-54932324,0,0,0,2530,604683000,604683000
GOOGL,5000000000,double_gas_half_fees,adaptive_width,2026-08-17,1786924802000,1787529543000,-19184433,-9527334,-9657099,0,0,0,2615,605066000,605066000
GOOGL,5000000000,double_gas_half_fees,adaptive_width,2026-08-24,1787529611000,1788134387000,33313787,-18475956,51789743,68389435,442620,1,28130,604844000,405299000
GOOGL,5000000000,double_gas_half_fees,adaptive_width,2026-08-31,1788134473000,1788739197000,86918180,-40414690,127332870,247064769,3540960,8,120648,604810000,451000
GOOGL,5000000000,double_gas_half_fees,adaptive_width,2026-09-07,1788739215000,1789154999000,67752011,-917026,68669037,179049840,5547616,12,176817,415802000,627000
GOOGL,5000000000,double_gas_half_fees,adaptive_economic,2026-07-27,1785196800000,1785196800000,0,0,0,0,0,0,0,0,0
GOOGL,5000000000,double_gas_half_fees,adaptive_economic,2026-08-03,1785715200000,1786319794000,-78203468,-56601481,-21601987,3970898,354746,1,5009,349015000,213633000
GOOGL,5000000000,double_gas_half_fees,adaptive_economic,2026-08-10,1786320001000,1786924477000,-109126513,-54194189,-54932324,0,0,0,2530,604683000,604683000
GOOGL,5000000000,double_gas_half_fees,adaptive_economic,2026-08-17,1786924802000,1787529543000,-19184433,-9527334,-9657099,0,0,0,2615,605066000,605066000
GOOGL,5000000000,double_gas_half_fees,adaptive_economic,2026-08-24,1787529611000,1788134387000,5487516,-18475956,23963472,36646078,442620,1,28130,604844000,490721000
GOOGL,5000000000,double_gas_half_fees,adaptive_economic,2026-08-31,1788134473000,1788739197000,24846788,-40414690,65261478,155163217,1770480,4,120648,604810000,429413000
GOOGL,5000000000,double_gas_half_fees,adaptive_economic,2026-09-07,1788739215000,1789154999000,-21420357,-917026,-20503331,39434629,1121416,2,176817,415802000,304418000
GOOGL,5000000000,partial_mint_failure,fixed_20,2026-07-27,1785196800000,1785196800000,0,0,0,0,0,0,0,0,0
GOOGL,5000000000,partial_mint_failure,fixed_20,2026-08-03,1785715200000,1786319794000,-318104378,-56550146,-261554232,21902184,12175300,57,5009,354541000,73505000
GOOGL,5000000000,partial_mint_failure,fixed_20,2026-08-10,1786320001000,1786924477000,-261475987,-54194189,-207281798,11822252,6640925,31,2530,556717000,344166000
GOOGL,5000000000,partial_mint_failure,fixed_20,2026-08-17,1786924802000,1787529543000,-272472160,-9527334,-262944826,19592344,11333997,53,2615,560656000,90386000
GOOGL,5000000000,partial_mint_failure,fixed_20,2026-08-24,1787529611000,1788134387000,-254001136,-18475956,-235525180,329675044,29751539,139,28130,536573000,39105000
GOOGL,5000000000,partial_mint_failure,fixed_20,2026-08-31,1788134473000,1788739197000,549601806,-40414690,590016496,1300083975,45557298,213,120648,544827000,12968000
GOOGL,5000000000,partial_mint_failure,fixed_20,2026-09-07,1788739215000,1789154999000,363390374,-865914,364256288,847666604,25176555,117,176817,385432000,5582000
GOOGL,5000000000,partial_mint_failure,fixed_40,2026-07-27,1785196800000,1785196800000,0,0,0,0,0,0,0,0,0
GOOGL,5000000000,partial_mint_failure,fixed_40,2026-08-03,1785715200000,1786319794000,-162880367,-56550146,-106330221,27714839,3187839,15,5009,367446000,49553000
GOOGL,5000000000,partial_mint_failure,fixed_40,2026-08-10,1786320001000,1786924477000,-169987407,-54194189,-115793218,23839427,2789156,13,2530,593790000,142550000
GOOGL,5000000000,partial_mint_failure,fixed_40,2026-08-17,1786924802000,1787529543000,-173037408,-9527334,-163510074,23272987,4294389,20,2615,591796000,39099000
GOOGL,5000000000,partial_mint_failure,fixed_40,2026-08-24,1787529611000,1788134387000,9993199,-18475956,28469155,352062122,10891377,51,28130,583663000,9202000
GOOGL,5000000000,partial_mint_failure,fixed_40,2026-08-31,1788134473000,1788739197000,767165218,-40414690,807579908,1212800020,13901843,65,120648,591148000,2649000
GOOGL,5000000000,partial_mint_failure,fixed_40,2026-09-07,1788739215000,1789154999000,362952579,-865914,363818493,627142411,8042936,37,176817,409581000,1749000
GOOGL,5000000000,partial_mint_failure,fixed_80,2026-07-27,1785196800000,1785196800000,0,0,0,0,0,0,0,0,0
GOOGL,5000000000,partial_mint_failure,fixed_80,2026-08-03,1785715200000,1786319794000,-81621587,-56550146,-25071441,12477609,177373,1,5009,372868000,298271000
GOOGL,5000000000,partial_mint_failure,fixed_80,2026-08-10,1786320001000,1786924477000,-108955112,-54194189,-54760923,0,0,0,2530,604683000,604683000
GOOGL,5000000000,partial_mint_failure,fixed_80,2026-08-17,1786924802000,1787529543000,-19154300,-9527334,-9626966,0,0,0,2615,605066000,605066000
GOOGL,5000000000,partial_mint_failure,fixed_80,2026-08-24,1787529611000,1788134387000,62379088,-18475956,80855044,286075106,2169163,10,28130,604020000,92587000
GOOGL,5000000000,partial_mint_failure,fixed_80,2026-08-31,1788134473000,1788739197000,489526424,-40414690,529941114,755595958,4471762,21,120648,600820000,1292000
GOOGL,5000000000,partial_mint_failure,fixed_80,2026-09-07,1788739215000,1789154999000,190490702,-865914,191356616,341224180,2907244,13,176817,414214000,480000
GOOGL,5000000000,partial_mint_failure,fixed_160,2026-07-27,1785196800000,1785196800000,0,0,0,0,0,0,0,0,0
GOOGL,5000000000,partial_mint_failure,fixed_160,2026-08-03,1785715200000,1786319794000,-46407910,-56550146,10142236,15483545,177373,1,5009,373689000,145183000
GOOGL,5000000000,partial_mint_failure,fixed_160,2026-08-10,1786320001000,1786924477000,-108509549,-54194189,-54315360,1115134,0,0,2530,604683000,540869000
GOOGL,5000000000,partial_mint_failure,fixed_160,2026-08-17,1786924802000,1787529543000,-19288023,-9527334,-9760689,0,0,0,2615,605066000,605066000
GOOGL,5000000000,partial_mint_failure,fixed_160,2026-08-24,1787529611000,1788134387000,120025348,-18475956,138501304,179184241,221310,1,28130,604844000,68844000
GOOGL,5000000000,partial_mint_failure,fixed_160,2026-08-31,1788134473000,1788739197000,316879236,-40414690,357293926,425055438,663930,3,120648,604810000,197000
GOOGL,5000000000,partial_mint_failure,fixed_160,2026-09-07,1788739215000,1789154999000,113270826,-865914,114136740,171229780,738081,3,176817,414822000,103000
GOOGL,5000000000,partial_mint_failure,adaptive_width,2026-07-27,1785196800000,1785196800000,0,0,0,0,0,0,0,0,0
GOOGL,5000000000,partial_mint_failure,adaptive_width,2026-08-03,1785715200000,1786319794000,-74080181,-56550146,-17530035,7942134,177373,1,5009,349015000,213633000
GOOGL,5000000000,partial_mint_failure,adaptive_width,2026-08-10,1786320001000,1786924477000,-109172600,-54194189,-54978411,0,0,0,2530,604683000,604683000
GOOGL,5000000000,partial_mint_failure,adaptive_width,2026-08-17,1786924802000,1787529543000,-19192535,-9527334,-9665201,0,0,0,2615,605066000,605066000
GOOGL,5000000000,partial_mint_failure,adaptive_width,2026-08-24,1787529611000,1788134387000,101844364,-18475956,120320320,136872886,221310,1,28130,604844000,405299000
GOOGL,5000000000,partial_mint_failure,adaptive_width,2026-08-31,1788134473000,1788739197000,698990612,-40414690,739405302,1028776181,10050074,47,120648,592093000,3414000
GOOGL,5000000000,partial_mint_failure,adaptive_width,2026-09-07,1788739215000,1789154999000,151429006,-865914,152294920,485377347,11053402,51,176817,404001000,2465000
GOOGL,5000000000,partial_mint_failure,adaptive_economic,2026-07-27,1785196800000,1785196800000,0,0,0,0,0,0,0,0,0
GOOGL,5000000000,partial_mint_failure,adaptive_economic,2026-08-03,1785715200000,1786319794000,-74080181,-56550146,-17530035,7942134,177373,1,5009,349015000,213633000
GOOGL,5000000000,partial_mint_failure,adaptive_economic,2026-08-10,1786320001000,1786924477000,-109172600,-54194189,-54978411,0,0,0,2530,604683000,604683000
GOOGL,5000000000,partial_mint_failure,adaptive_economic,2026-08-17,1786924802000,1787529543000,-19192535,-9527334,-9665201,0,0,0,2615,605066000,605066000
GOOGL,5000000000,partial_mint_failure,adaptive_economic,2026-08-24,1787529611000,1788134387000,142481805,-18475956,160957761,181775144,885240,4,28130,604844000,531937000
GOOGL,5000000000,partial_mint_failure,adaptive_economic,2026-08-31,1788134473000,1788739197000,553359459,-40414690,593774149,690207479,2966529,14,120648,594403000,280876000
GOOGL,5000000000,partial_mint_failure,adaptive_economic,2026-09-07,1788739215000,1789154999000,237775165,-865914,238641079,417906208,4191167,19,176817,411871000,248820000
GOOGL,1000000000,pinned_fork_costs,fixed_20,2026-07-27,1785196800000,1785196800000,0,0,0,0,0,0,0,0,0
GOOGL,1000000000,pinned_fork_costs,fixed_20,2026-08-03,1785715200000,1786319794000,-164934812,-9952110,-154982702,28483201,23636233,107,5009,424988000,53011000
GOOGL,1000000000,pinned_fork_costs,fixed_20,2026-08-10,1786320001000,1786924477000,-74992395,-10869865,-64122530,13801083,11508120,52,2530,604683000,151992000
GOOGL,1000000000,pinned_fork_costs,fixed_20,2026-08-17,1786924802000,1787529543000,-51086679,-1910922,-49175757,16276480,10844190,49,2615,605066000,96332000
GOOGL,1000000000,pinned_fork_costs,fixed_20,2026-08-24,1787529611000,1788134387000,10707561,-3705769,14413330,175634402,38507940,174,28130,604844000,44978000
GOOGL,1000000000,pinned_fork_costs,fixed_20,2026-08-31,1788134473000,1788739197000,295262012,-8106077,303368089,518507016,47802960,216,120648,604810000,15424000
GOOGL,1000000000,pinned_fork_costs,fixed_20,2026-09-07,1788739215000,1789154999000,139010750,-198990,139209740,285124425,23355638,105,176817,415802000,5965000
GOOGL,1000000000,pinned_fork_costs,fixed_40,2026-07-27,1785196800000,1785196800000,0,0,0,0,0,0,0,0,0
GOOGL,1000000000,pinned_fork_costs,fixed_40,2026-08-03,1785715200000,1786319794000,-85648284,-9952110,-75696174,26893995,7259293,33,5009,431073000,24738000
GOOGL,1000000000,pinned_fork_costs,fixed_40,2026-08-10,1786320001000,1786924477000,-29010059,-10869865,-18140194,13990828,2877030,13,2530,604683000,107564000
GOOGL,1000000000,pinned_fork_costs,fixed_40,2026-08-17,1786924802000,1787529543000,-28697376,-1910922,-26786454,17304171,5311440,24,2615,605066000,16344000
GOOGL,1000000000,pinned_fork_costs,fixed_40,2026-08-24,1787529611000,1788134387000,71402721,-3705769,75108490,142760509,10180260,46,28130,604844000,10903000
GOOGL,1000000000,pinned_fork_costs,fixed_40,2026-08-31,1788134473000,1788739197000,242215266,-8106077,250321343,350641643,13278600,60,120648,604810000,3446000
GOOGL,1000000000,pinned_fork_costs,fixed_40,2026-09-07,1788739215000,1789154999000,84725870,-198990,84924860,158321556,7863938,35,176817,415802000,1963000
GOOGL,1000000000,pinned_fork_costs,fixed_80,2026-07-27,1785196800000,1785196800000,0,0,0,0,0,0,0,0,0
GOOGL,1000000000,pinned_fork_costs,fixed_80,2026-08-03,1785715200000,1786319794000,-47801602,-9952110,-37849492,19627264,1947853,9,5009,431073000,29440000
GOOGL,1000000000,pinned_fork_costs,fixed_80,2026-08-10,1786320001000,1786924477000,-20398178,-10869865,-9528313,10393861,885240,4,2530,604683000,78235000
GOOGL,1000000000,pinned_fork_costs,fixed_80,2026-08-17,1786924802000,1787529543000,-119640,-1910922,1791282,14122599,885240,4,2615,605066000,4167000
GOOGL,1000000000,pinned_fork_costs,fixed_80,2026-08-24,1787529611000,1788134387000,62200704,-3705769,65906473,91106321,1770480,8,28130,604844000,1431000
GOOGL,1000000000,pinned_fork_costs,fixed_80,2026-08-31,1788134473000,1788739197000,135245798,-8106077,143351875,192110025,3762270,17,120648,604810000,1087000
GOOGL,1000000000,pinned_fork_costs,fixed_80,2026-09-07,1788739215000,1789154999000,38765424,-198990,38964414,74835198,2552498,11,176817,415802000,513000
GOOGL,1000000000,pinned_fork_costs,fixed_160,2026-07-27,1785196800000,1785196800000,0,0,0,0,0,0,0,0,0
GOOGL,1000000000,pinned_fork_costs,fixed_160,2026-08-03,1785715200000,1786319794000,-46821505,-9952110,-36869395,5544408,398683,2,5009,431073000,289800000
GOOGL,1000000000,pinned_fork_costs,fixed_160,2026-08-10,1786320001000,1786924477000,-20985703,-10869865,-10115838,4770013,221310,1,2530,604683000,209131000
GOOGL,1000000000,pinned_fork_costs,fixed_160,2026-08-17,1786924802000,1787529543000,-2551063,-1910922,-640141,9279266,442620,2,2615,605066000,346000
GOOGL,1000000000,pinned_fork_costs,fixed_160,2026-08-24,1787529611000,1788134387000,34837741,-3705769,38543510,49951571,442620,2,28130,604844000,934000
GOOGL,1000000000,pinned_fork_costs,fixed_160,2026-08-31,1788134473000,1788739197000,70923575,-8106077,79029652,93488186,663930,3,120648,604810000,115000
GOOGL,1000000000,pinned_fork_costs,fixed_160,2026-09-07,1788739215000,1789154999000,13742297,-198990,13941287,34125824,1003328,4,176817,415802000,201000
GOOGL,1000000000,pinned_fork_costs,adaptive_width,2026-07-27,1785196800000,1785196800000,0,0,0,0,0,0,0,0,0
GOOGL,1000000000,pinned_fork_costs,adaptive_width,2026-08-03,1785715200000,1786319794000,-46783901,-9952110,-36831791,6699903,619993,3,5009,417589000,291565000
GOOGL,1000000000,pinned_fork_costs,adaptive_width,2026-08-10,1786320001000,1786924477000,-21122616,-10869865,-10252751,0,0,0,2530,604683000,604683000
GOOGL,1000000000,pinned_fork_costs,adaptive_width,2026-08-17,1786924802000,1787529543000,-3713354,-1910922,-1802432,0,0,0,2615,605066000,605066000
GOOGL,1000000000,pinned_fork_costs,adaptive_width,2026-08-24,1787529611000,1788134387000,62208466,-3705769,65914235,96144434,4204890,19,28130,604844000,167790000
GOOGL,1000000000,pinned_fork_costs,adaptive_width,2026-08-31,1788134473000,1788739197000,299185437,-8106077,307291514,454115649,25229340,114,120648,604810000,6645000
GOOGL,1000000000,pinned_fork_costs,adaptive_width,2026-09-07,1788739215000,1789154999000,36614425,-198990,36813415,129039111,10962278,49,176817,415802000,2861000
GOOGL,1000000000,pinned_fork_costs,adaptive_economic,2026-07-27,1785196800000,1785196800000,0,0,0,0,0,0,0,0,0
GOOGL,1000000000,pinned_fork_costs,adaptive_economic,2026-08-03,1785715200000,1786319794000,-46783901,-9952110,-36831791,6699903,619993,3,5009,417589000,291565000
GOOGL,1000000000,pinned_fork_costs,adaptive_economic,2026-08-10,1786320001000,1786924477000,-21122616,-10869865,-10252751,0,0,0,2530,604683000,604683000
GOOGL,1000000000,pinned_fork_costs,adaptive_economic,2026-08-17,1786924802000,1787529543000,-3713354,-1910922,-1802432,0,0,0,2615,605066000,605066000
GOOGL,1000000000,pinned_fork_costs,adaptive_economic,2026-08-24,1787529611000,1788134387000,46337397,-3705769,50043166,71751733,1770480,8,28130,604844000,283413000
GOOGL,1000000000,pinned_fork_costs,adaptive_economic,2026-08-31,1788134473000,1788739197000,92269069,-8106077,100375146,116811857,1991790,9,120648,604810000,135200000
GOOGL,1000000000,pinned_fork_costs,adaptive_economic,2026-09-07,1788739215000,1789154999000,30083579,-198990,30282569,30009003,118088,0,176817,415802000,27142000
GOOGL,1000000000,double_gas_half_fees,fixed_20,2026-07-27,1785196800000,1785196800000,0,0,0,0,0,0,0,0,0
GOOGL,1000000000,double_gas_half_fees,fixed_20,2026-08-03,1785715200000,1786319794000,-205444795,-10003445,-195441350,14247280,47715086,108,5009,424988000,52901000
GOOGL,1000000000,double_gas_half_fees,fixed_20,2026-08-10,1786320001000,1786924477000,-91742813,-10869865,-80872948,6833058,23016240,52,2530,604683000,151992000
GOOGL,1000000000,double_gas_half_fees,fixed_20,2026-08-17,1786924802000,1787529543000,-68354259,-1910922,-66443337,8059319,21688380,49,2615,605066000,96332000
GOOGL,1000000000,double_gas_half_fees,fixed_20,2026-08-24,1787529611000,1788134387000,-112325949,-3705769,-108620180,81855433,77015880,174,28130,604844000,44978000
GOOGL,1000000000,double_gas_half_fees,fixed_20,2026-08-31,1788134473000,1788739197000,-29593553,-8106077,-21487476,200553343,95605920,216,120648,604810000,15424000
GOOGL,1000000000,double_gas_half_fees,fixed_20,2026-09-07,1788739215000,1789154999000,-34233438,-250102,-33983336,89900276,46711276,105,176817,415802000,5965000
GOOGL,1000000000,double_gas_half_fees,fixed_40,2026-07-27,1785196800000,1785196800000,0,0,0,0,0,0,0,0,0
GOOGL,1000000000,double_gas_half_fees,fixed_40,2026-08-03,1785715200000,1786319794000,-105918997,-10003445,-95915552,13410388,14518586,33,5009,431073000,24738000
GOOGL,1000000000,double_gas_half_fees,fixed_40,2026-08-10,1786320001000,1786924477000,-38304371,-10869865,-27434506,6931208,5754060,13,2530,604683000,107564000
GOOGL,1000000000,double_gas_half_fees,fixed_40,2026-08-17,1786924802000,1787529543000,-41673097,-1910922,-39762175,8557721,10622880,24,2615,605066000,16344000
GOOGL,1000000000,double_gas_half_fees,fixed_40,2026-08-24,1787529611000,1788134387000,-10622990,-3705769,-6917221,67589408,20360520,46,28130,604844000,10903000
GOOGL,1000000000,double_gas_half_fees,fixed_40,2026-08-31,1788134473000,1788739197000,41359545,-8106077,49465622,147421496,26557200,60,120648,604810000,3446000
GOOGL,1000000000,double_gas_half_fees,fixed_40,2026-09-07,1788739215000,1789154999000,-5772133,-250102,-5522031,58994694,15727876,35,176817,415802000,1963000
GOOGL,1000000000,double_gas_half_fees,fixed_80,2026-07-27,1785196800000,1785196800000,0,0,0,0,0,0,0,0,0
GOOGL,1000000000,double_gas_half_fees,fixed_80,2026-08-03,1785715200000,1786319794000,-59412424,-10003445,-49408979,9792644,3895706,9,5009,431073000,29440000
GOOGL,1000000000,double_gas_half_fees,fixed_80,2026-08-10,1786320001000,1786924477000,-26184271,-10869865,-15314406,5159560,1770480,4,2530,604683000,78235000
GOOGL,1000000000,double_gas_half_fees,fixed_80,2026-08-17,1786924802000,1787529543000,-7929307,-1910922,-6018385,6990378,1770480,4,2615,605066000,4167000
GOOGL,1000000000,double_gas_half_fees,fixed_80,2026-08-24,1787529611000,1788134387000,14423977,-3705769,18129746,44238387,3540960,8,28130,604844000,1431000
GOOGL,1000000000,double_gas_half_fees,fixed_80,2026-08-31,1788134473000,1788739197000,31070870,-8106077,39176947,86443464,7524540,17,120648,604810000,1087000
GOOGL,1000000000,double_gas_half_fees,fixed_80,2026-09-07,1788739215000,1789154999000,-1958405,-250102,-1708303,31550565,5104996,11,176817,415802000,513000
GOOGL,1000000000,double_gas_half_fees,fixed_160,2026-07-27,1785196800000,1785196800000,0,0,0,0,0,0,0,0,0
GOOGL,1000000000,double_gas_half_fees,fixed_160,2026-08-03,1785715200000,1786319794000,-49933747,-10003445,-39930302,2770250,797366,2,5009,431073000,289800000
GOOGL,1000000000,double_gas_half_fees,fixed_160,2026-08-10,1786320001000,1786924477000,-23556585,-10869865,-12686720,2379880,442620,1,2530,604683000,209131000
GOOGL,1000000000,double_gas_half_fees,fixed_160,2026-08-17,1786924802000,1787529543000,-7606243,-1910922,-5695321,4621714,885240,2,2615,605066000,346000
GOOGL,1000000000,double_gas_half_fees,fixed_160,2026-08-24,1787529611000,1788134387000,9262792,-3705769,12968561,24595120,885240,2,28130,604844000,934000
GOOGL,1000000000,double_gas_half_fees,fixed_160,2026-08-31,1788134473000,1788739197000,22027241,-8106077,30133318,44461397,1327860,3,120648,604810000,115000
GOOGL,1000000000,double_gas_half_fees,fixed_160,2026-09-07,1788739215000,1789154999000,-4242024,-250102,-3991922,15625050,2006656,4,176817,415802000,201000
GOOGL,1000000000,double_gas_half_fees,adaptive_width,2026-07-27,1785196800000,1785196800000,0,0,0,0,0,0,0,0,0
GOOGL,1000000000,double_gas_half_fees,adaptive_width,2026-08-03,1785715200000,1786319794000,-50653910,-10003445,-40650465,3347035,1239986,3,5009,417589000,291565000
GOOGL,1000000000,double_gas_half_fees,adaptive_width,2026-08-10,1786320001000,1786924477000,-21066775,-10869865,-10196910,0,0,0,2530,604683000,604683000
GOOGL,1000000000,double_gas_half_fees,adaptive_width,2026-08-17,1786924802000,1787529543000,-3703538,-1910922,-1792616,0,0,0,2615,605066000,605066000
GOOGL,1000000000,double_gas_half_fees,adaptive_width,2026-08-24,1787529611000,1788134387000,1391015,-3705769,5096784,30692263,4868820,11,28130,604844000,165420000
GOOGL,1000000000,double_gas_half_fees,adaptive_width,2026-08-31,1788134473000,1788739197000,30560828,-8106077,38666905,82444449,11065500,25,120648,604810000,1198000
GOOGL,1000000000,double_gas_half_fees,adaptive_width,2026-09-07,1788739215000,1789154999000,-8893389,-250102,-8643287,17860169,4662376,10,176817,415802000,549000
GOOGL,1000000000,double_gas_half_fees,adaptive_economic,2026-07-27,1785196800000,1785196800000,0,0,0,0,0,0,0,0,0
GOOGL,1000000000,double_gas_half_fees,adaptive_economic,2026-08-03,1785715200000,1786319794000,-51674777,-10003445,-41671332,3213631,797366,2,5009,417589000,223773000
GOOGL,1000000000,double_gas_half_fees,adaptive_economic,2026-08-10,1786320001000,1786924477000,-21024848,-10869865,-10154983,9768,0,0,2530,604683000,599354000
GOOGL,1000000000,double_gas_half_fees,adaptive_economic,2026-08-17,1786924802000,1787529543000,-3697884,-1910922,-1786962,0,0,0,2615,605066000,605066000
GOOGL,1000000000,double_gas_half_fees,adaptive_economic,2026-08-24,1787529611000,1788134387000,-7689226,-3705769,-3983457,8961712,1327860,3,28130,604844000,375331000
GOOGL,1000000000,double_gas_half_fees,adaptive_economic,2026-08-31,1788134473000,1788739197000,31278081,-8106077,39384158,48658244,1327860,3,120648,604810000,450366000
GOOGL,1000000000,double_gas_half_fees,adaptive_economic,2026-09-07,1788739215000,1789154999000,-4471756,-250102,-4221654,2617802,678796,1,176817,415802000,397868000
GOOGL,1000000000,partial_mint_failure,fixed_20,2026-07-27,1785196800000,1785196800000,0,0,0,0,0,0,0,0,0
GOOGL,1000000000,partial_mint_failure,fixed_20,2026-08-03,1785715200000,1786319794000,-112159533,-9952110,-102207423,23879929,17532302,82,5009,369867000,44374000
GOOGL,1000000000,partial_mint_failure,fixed_20,2026-08-10,1786320001000,1786924477000,-46807416,-10869865,-35937551,11739361,7703538,36,2530,466173000,127124000
GOOGL,1000000000,partial_mint_failure,fixed_20,2026-08-17,1786924802000,1787529543000,-49963440,-1910922,-48052518,15034281,11333997,53,2615,552118000,89988000
GOOGL,1000000000,partial_mint_failure,fixed_20,2026-08-24,1787529611000,1788134387000,21151614,-3705769,24857383,129619412,24615847,115,28130,521281000,34936000
GOOGL,1000000000,partial_mint_failure,fixed_20,2026-08-31,1788134473000,1788739197000,246964190,-8106077,255070267,439936049,43432072,203,120648,548693000,11847000
GOOGL,1000000000,partial_mint_failure,fixed_20,2026-09-07,1788739215000,1789154999000,97459644,-198990,97658634,233502624,24733935,115,176817,385133000,5645000
GOOGL,1000000000,partial_mint_failure,fixed_40,2026-07-27,1785196800000,1785196800000,0,0,0,0,0,0,0,0,0
GOOGL,1000000000,partial_mint_failure,fixed_40,2026-08-03,1785715200000,1786319794000,-64634380,-9952110,-54682270,23402567,6818298,32,5009,396754000,27074000
GOOGL,1000000000,partial_mint_failure,fixed_40,2026-08-10,1786320001000,1786924477000,-35140900,-10869865,-24271035,12867995,3851769,18,2530,515124000,96955000
GOOGL,1000000000,partial_mint_failure,fixed_40,2026-08-17,1786924802000,1787529543000,-18087964,-1910922,-16177042,15885923,4294389,20,2615,585828000,41378000
GOOGL,1000000000,partial_mint_failure,fixed_40,2026-08-24,1787529611000,1788134387000,55120309,-3705769,58826078,118715001,9208771,43,28130,564458000,7016000
GOOGL,1000000000,partial_mint_failure,fixed_40,2026-08-31,1788134473000,1788739197000,212429111,-8106077,220535188,324768987,16027069,75,120648,585913000,3014000
GOOGL,1000000000,partial_mint_failure,fixed_40,2026-09-07,1788739215000,1789154999000,84640032,-198990,84839022,148591676,8042936,37,176817,409581000,1749000
GOOGL,1000000000,partial_mint_failure,fixed_80,2026-07-27,1785196800000,1785196800000,0,0,0,0,0,0,0,0,0
GOOGL,1000000000,partial_mint_failure,fixed_80,2026-08-03,1785715200000,1786319794000,-50011552,-9952110,-40059442,19178878,2125226,10,5009,429803000,44967000
GOOGL,1000000000,partial_mint_failure,fixed_80,2026-08-10,1786320001000,1786924477000,-18082694,-10869865,-7212829,10436845,1062613,5,2530,547977000,61603000
GOOGL,1000000000,partial_mint_failure,fixed_80,2026-08-17,1786924802000,1787529543000,-3430936,-1910922,-1520014,13796120,1505233,7,2615,600846000,6203000
GOOGL,1000000000,partial_mint_failure,fixed_80,2026-08-24,1787529611000,1788134387000,57123795,-3705769,60829564,89264624,2567846,12,28130,588799000,2940000
GOOGL,1000000000,partial_mint_failure,fixed_80,2026-08-31,1788134473000,1788739197000,146917142,-8106077,155023219,187684616,3187839,15,120648,599779000,448000
GOOGL,1000000000,partial_mint_failure,fixed_80,2026-09-07,1788739215000,1789154999000,40856206,-198990,41055196,74966279,2685934,12,176817,414403000,553000
GOOGL,1000000000,partial_mint_failure,fixed_160,2026-07-27,1785196800000,1785196800000,0,0,0,0,0,0,0,0,0
GOOGL,1000000000,partial_mint_failure,fixed_160,2026-08-03,1785715200000,1786319794000,-46821505,-9952110,-36869395,5544408,398683,2,5009,431073000,289800000
GOOGL,1000000000,partial_mint_failure,fixed_160,2026-08-10,1786320001000,1786924477000,-20985703,-10869865,-10115838,4770013,221310,1,2530,604683000,209131000
GOOGL,1000000000,partial_mint_failure,fixed_160,2026-08-17,1786924802000,1787529543000,-2551063,-1910922,-640141,9279266,442620,2,2615,605066000,346000
GOOGL,1000000000,partial_mint_failure,fixed_160,2026-08-24,1787529611000,1788134387000,33486005,-3705769,37191774,49792179,619993,3,28130,603564000,1127000
GOOGL,1000000000,partial_mint_failure,fixed_160,2026-08-31,1788134473000,1788739197000,70840562,-8106077,78946639,93378475,663930,3,120648,604810000,115000
GOOGL,1000000000,partial_mint_failure,fixed_160,2026-09-07,1788739215000,1789154999000,14856792,-198990,15055782,34168093,1180701,5,176817,415127000,181000
GOOGL,1000000000,partial_mint_failure,adaptive_width,2026-07-27,1785196800000,1785196800000,0,0,0,0,0,0,0,0,0
GOOGL,1000000000,partial_mint_failure,adaptive_width,2026-08-03,1785715200000,1786319794000,-46783901,-9952110,-36831791,6699903,619993,3,5009,417589000,291565000
GOOGL,1000000000,partial_mint_failure,adaptive_width,2026-08-10,1786320001000,1786924477000,-21122616,-10869865,-10252751,0,0,0,2530,604683000,604683000
GOOGL,1000000000,partial_mint_failure,adaptive_width,2026-08-17,1786924802000,1787529543000,-3713354,-1910922,-1802432,0,0,0,2615,605066000,605066000
GOOGL,1000000000,partial_mint_failure,adaptive_width,2026-08-24,1787529611000,1788134387000,36836016,-3705769,40541785,55517275,2125226,10,28130,599458000,110150000
GOOGL,1000000000,partial_mint_failure,adaptive_width,2026-08-31,1788134473000,1788739197000,256322399,-8106077,264428476,359975043,17133619,80,120648,591439000,4187000
GOOGL,1000000000,partial_mint_failure,adaptive_width,2026-09-07,1788739215000,1789154999000,18669675,-198990,18868665,81804018,8042936,37,176817,402769000,1836000
GOOGL,1000000000,partial_mint_failure,adaptive_economic,2026-07-27,1785196800000,1785196800000,0,0,0,0,0,0,0,0,0
GOOGL,1000000000,partial_mint_failure,adaptive_economic,2026-08-03,1785715200000,1786319794000,-46783901,-9952110,-36831791,6699903,619993,3,5009,417589000,291565000
GOOGL,1000000000,partial_mint_failure,adaptive_economic,2026-08-10,1786320001000,1786924477000,-21122616,-10869865,-10252751,0,0,0,2530,604683000,604683000
GOOGL,1000000000,partial_mint_failure,adaptive_economic,2026-08-17,1786924802000,1787529543000,-3713354,-1910922,-1802432,0,0,0,2615,605066000,605066000
GOOGL,1000000000,partial_mint_failure,adaptive_economic,2026-08-24,1787529611000,1788134387000,47246578,-3705769,50952347,70196592,2125226,10,28130,600647000,226324000
GOOGL,1000000000,partial_mint_failure,adaptive_economic,2026-08-31,1788134473000,1788739197000,100143314,-8106077,108249391,128618547,3010466,14,120648,603026000,146696000
GOOGL,1000000000,partial_mint_failure,adaptive_economic,2026-09-07,1788739215000,1789154999000,30369290,-198990,30568280,30293354,118088,0,176817,415802000,27142000
GOOGL,250000000,pinned_fork_costs,fixed_20,2026-07-27,1785196800000,1785196800000,0,0,0,0,0,0,0,0,0
GOOGL,250000000,pinned_fork_costs,fixed_20,2026-08-03,1785715200000,1786319794000,-55991552,-2460818,-53530734,14821755,26734573,121,5009,435800000,46437000
GOOGL,250000000,pinned_fork_costs,fixed_20,2026-08-10,1786320001000,1786924477000,-27534410,-2718924,-24815486,7149008,13278600,60,2530,604683000,102204000
GOOGL,250000000,pinned_fork_costs,fixed_20,2026-08-17,1786924802000,1787529543000,-15743455,-477987,-15265468,9160484,10844190,49,2615,605066000,96332000
GOOGL,250000000,pinned_fork_costs,fixed_20,2026-08-24,1787529611000,1788134387000,-6770505,-926939,-5843566,64339312,38507940,174,28130,604844000,44978000
GOOGL,250000000,pinned_fork_costs,fixed_20,2026-08-31,1788134473000,1788739197000,76287130,-2027606,78314736,175334207,47802960,216,120648,604810000,15424000
GOOGL,250000000,pinned_fork_costs,fixed_20,2026-09-07,1788739215000,1789154999000,29468139,-87369,29555508,90897639,23355638,105,176817,415802000,5965000
GOOGL,250000000,pinned_fork_costs,fixed_40,2026-07-27,1785196800000,1785196800000,0,0,0,0,0,0,0,0,0
GOOGL,250000000,pinned_fork_costs,fixed_40,2026-08-03,1785715200000,1786319794000,-21437548,-2460818,-18976730,12123070,7259293,33,5009,439398000,15643000
GOOGL,250000000,pinned_fork_costs,fixed_40,2026-08-10,1786320001000,1786924477000,-13340864,-2718924,-10621940,6397965,5311440,24,2530,604683000,37230000
GOOGL,250000000,pinned_fork_costs,fixed_40,2026-08-17,1786924802000,1787529543000,-6194851,-477987,-5716864,8067483,5311440,24,2615,605066000,16344000
GOOGL,250000000,pinned_fork_costs,fixed_40,2026-08-24,1787529611000,1788134387000,21711955,-926939,22638894,46228974,10180260,46,28130,604844000,10903000
GOOGL,250000000,pinned_fork_costs,fixed_40,2026-08-31,1788134473000,1788739197000,66710204,-2027606,68737810,105063737,13278600,60,120648,604810000,3446000
GOOGL,250000000,pinned_fork_costs,fixed_40,2026-09-07,1788739215000,1789154999000,18747684,-87369,18835053,44879328,7863938,35,176817,415802000,1963000
GOOGL,250000000,pinned_fork_costs,fixed_80,2026-07-27,1785196800000,1785196800000,0,0,0,0,0,0,0,0,0
GOOGL,250000000,pinned_fork_costs,fixed_80,2026-08-03,1785715200000,1786319794000,-16160058,-2460818,-13699240,7469566,3054403,14,5009,439398000,4932000
GOOGL,250000000,pinned_fork_costs,fixed_80,2026-08-10,1786320001000,1786924477000,-6689410,-2718924,-3970486,4164409,1549170,7,2530,604683000,23958000
GOOGL,250000000,pinned_fork_costs,fixed_80,2026-08-17,1786924802000,1787529543000,-306392,-477987,171595,5275971,1327860,6,2615,605066000,11713000
GOOGL,250000000,pinned_fork_costs,fixed_80,2026-08-24,1787529611000,1788134387000,17890309,-926939,18817248,25785884,1770480,8,28130,604844000,1431000
GOOGL,250000000,pinned_fork_costs,fixed_80,2026-08-31,1788134473000,1788739197000,34324020,-2027606,36351626,51209308,3762270,17,120648,604810000,1087000
GOOGL,250000000,pinned_fork_costs,fixed_80,2026-09-07,1788739215000,1789154999000,8146771,-87369,8234140,19177167,2552498,11,176817,415802000,513000
GOOGL,250000000,pinned_fork_costs,fixed_160,2026-07-27,1785196800000,1785196800000,0,0,0,0,0,0,0,0,0
GOOGL,250000000,pinned_fork_costs,fixed_160,2026-08-03,1785715200000,1786319794000,-9236443,-2460818,-6775625,4306553,841303,4,5009,439551000,1237000
GOOGL,250000000,pinned_fork_costs,fixed_160,2026-08-10,1786320001000,1786924477000,-2879098,-2718924,-160174,2620258,442620,2,2530,604683000,3481000
GOOGL,250000000,pinned_fork_costs,fixed_160,2026-08-17,1786924802000,1787529543000,-3298,-477987,474689,3063137,442620,2,2615,605066000,1262000
GOOGL,250000000,pinned_fork_costs,fixed_160,2026-08-24,1787529611000,1788134387000,9717978,-926939,10644917,13766262,442620,2,28130,604844000,2176000
GOOGL,250000000,pinned_fork_costs,fixed_160,2026-08-31,1788134473000,1788739197000,18509067,-2027606,20536673,24771369,663930,3,120648,604810000,115000
GOOGL,250000000,pinned_fork_costs,fixed_160,2026-09-07,1788739215000,1789154999000,2858928,-87369,2946297,8836318,1003328,4,176817,415802000,201000
GOOGL,250000000,pinned_fork_costs,adaptive_width,2026-07-27,1785196800000,1785196800000,0,0,0,0,0,0,0,0,0
GOOGL,250000000,pinned_fork_costs,adaptive_width,2026-08-03,1785715200000,1786319794000,-9922808,-2460818,-7461990,4719795,1283923,6,5009,417310000,22922000
GOOGL,250000000,pinned_fork_costs,adaptive_width,2026-08-10,1786320001000,1786924477000,-5072956,-2718924,-2354032,1400566,221310,1,2530,604683000,236079000
GOOGL,250000000,pinned_fork_costs,adaptive_width,2026-08-17,1786924802000,1787529543000,2621830,-477987,3099817,2912156,0,0,2615,605066000,21646000
GOOGL,250000000,pinned_fork_costs,adaptive_width,2026-08-24,1787529611000,1788134387000,16179830,-926939,17106769,28934136,5311440,24,28130,604844000,31523000
GOOGL,250000000,pinned_fork_costs,adaptive_width,2026-08-31,1788134473000,1788739197000,52818575,-2027606,54846181,101074076,20360520,92,120648,604810000,5689000
GOOGL,250000000,pinned_fork_costs,adaptive_width,2026-09-07,1788739215000,1789154999000,2341163,-87369,2428532,33473637,10962278,49,176817,415802000,3004000
GOOGL,250000000,pinned_fork_costs,adaptive_economic,2026-07-27,1785196800000,1785196800000,0,0,0,0,0,0,0,0,0
GOOGL,250000000,pinned_fork_costs,adaptive_economic,2026-08-03,1785715200000,1786319794000,-10333731,-2460818,-7872913,6386910,619993,3,5009,417310000,312049000
GOOGL,250000000,pinned_fork_costs,adaptive_economic,2026-08-10,1786320001000,1786924477000,-3364372,-2718924,-645448,517491,0,0,2530,604683000,587559000
GOOGL,250000000,pinned_fork_costs,adaptive_economic,2026-08-17,1786924802000,1787529543000,-936343,-477987,-458356,0,0,0,2615,605066000,605066000
GOOGL,250000000,pinned_fork_costs,adaptive_economic,2026-08-24,1787529611000,1788134387000,8721504,-926939,9648443,13578471,1549170,7,28130,604844000,508335000
GOOGL,250000000,pinned_fork_costs,adaptive_economic,2026-08-31,1788134473000,1788739197000,15819025,-2027606,17846631,27294681,2655720,12,120648,604810000,561664000
GOOGL,250000000,pinned_fork_costs,adaptive_economic,2026-09-07,1788739215000,1789154999000,1200305,-87369,1287674,3487824,560708,2,176817,415802000,395780000
GOOGL,250000000,double_gas_half_fees,fixed_20,2026-07-27,1785196800000,1785196800000,0,0,0,0,0,0,0,0,0
GOOGL,250000000,double_gas_half_fees,fixed_20,2026-08-03,1785715200000,1786319794000,-89667158,-2512153,-87155005,7348888,53469146,121,5009,435800000,46437000
GOOGL,250000000,double_gas_half_fees,fixed_20,2026-08-10,1786320001000,1786924477000,-43660325,-2718924,-40941401,3485540,26557200,60,2530,604683000,102204000
GOOGL,250000000,double_gas_half_fees,fixed_20,2026-08-17,1786924802000,1787529543000,-30514936,-477987,-30036949,4421620,21688380,49,2615,605066000,96332000
GOOGL,250000000,double_gas_half_fees,fixed_20,2026-08-24,1787529611000,1788134387000,-77510095,-926939,-76583156,28267093,77015880,174,28130,604844000,44978000
GOOGL,250000000,double_gas_half_fees,fixed_20,2026-08-31,1788134473000,1788739197000,-8789172,-2027606,-6761566,2332118,6639300,15,120648,604810000,1262000
GOOGL,250000000,double_gas_half_fees,fixed_20,2026-09-07,1788739215000,1789154999000,-236176,-138481,-97695,0,236176,0,176817,415802000,0
GOOGL,250000000,double_gas_half_fees,fixed_40,2026-07-27,1785196800000,1785196800000,0,0,0,0,0,0,0,0,0
GOOGL,250000000,double_gas_half_fees,fixed_40,2026-08-03,1785715200000,1786319794000,-34612093,-2512153,-32099940,6014046,14518586,33,5009,439398000,15643000
GOOGL,250000000,double_gas_half_fees,fixed_40,2026-08-10,1786320001000,1786924477000,-21481280,-2718924,-18762356,3128824,10622880,24,2530,604683000,37230000
GOOGL,250000000,double_gas_half_fees,fixed_40,2026-08-17,1786924802000,1787529543000,-15246514,-477987,-14768527,3900272,10622880,24,2615,605066000,16344000
GOOGL,250000000,double_gas_half_fees,fixed_40,2026-08-24,1787529611000,1788134387000,-12478556,-926939,-11551617,21030351,20360520,46,28130,604844000,10903000
GOOGL,250000000,double_gas_half_fees,fixed_40,2026-08-31,1788134473000,1788739197000,-4878508,-2027606,-2850902,41630949,26557200,60,120648,604810000,3446000
GOOGL,250000000,double_gas_half_fees,fixed_40,2026-09-07,1788739215000,1789154999000,-12885604,-138481,-12747123,15712878,15727876,35,176817,415802000,1963000
GOOGL,250000000,double_gas_half_fees,fixed_80,2026-07-27,1785196800000,1785196800000,0,0,0,0,0,0,0,0,0
GOOGL,250000000,double_gas_half_fees,fixed_80,2026-08-03,1785715200000,1786319794000,-22891331,-2512153,-20379178,3717324,6108806,14,5009,439398000,4932000
GOOGL,250000000,double_gas_half_fees,fixed_80,2026-08-10,1786320001000,1786924477000,-8568978,-2718924,-5850054,2105632,2655720,6,2530,604683000,9452000
GOOGL,250000000,double_gas_half_fees,fixed_80,2026-08-17,1786924802000,1787529543000,-4117603,-477987,-3639616,2630887,2655720,6,2615,605066000,1501000
GOOGL,250000000,double_gas_half_fees,fixed_80,2026-08-24,1787529611000,1788134387000,1985409,-926939,2912348,12335917,3983580,9,28130,604844000,5157000
GOOGL,250000000,double_gas_half_fees,fixed_80,2026-08-31,1788134473000,1788739197000,3390388,-2027606,5417994,22544719,7524540,17,120648,604810000,1087000
GOOGL,250000000,double_gas_half_fees,fixed_80,2026-09-07,1788739215000,1789154999000,-4248756,-138481,-4110275,7897940,5104996,11,176817,415802000,513000
GOOGL,250000000,double_gas_half_fees,fixed_160,2026-07-27,1785196800000,1785196800000,0,0,0,0,0,0,0,0,0
GOOGL,250000000,double_gas_half_fees,fixed_160,2026-08-03,1785715200000,1786319794000,-12214068,-2512153,-9701915,2148168,1682606,4,5009,439551000,1237000
GOOGL,250000000,double_gas_half_fees,fixed_160,2026-08-10,1786320001000,1786924477000,-4601552,-2718924,-1882628,1299234,885240,2,2530,604683000,3481000
GOOGL,250000000,double_gas_half_fees,fixed_160,2026-08-17,1786924802000,1787529543000,-1965405,-477987,-1487418,1512385,885240,2,2615,605066000,1262000
GOOGL,250000000,double_gas_half_fees,fixed_160,2026-08-24,1787529611000,1788134387000,2298704,-926939,3225643,6696851,885240,2,28130,604844000,2176000
GOOGL,250000000,double_gas_half_fees,fixed_160,2026-08-31,1788134473000,1788739197000,4954539,-2027606,6982145,11611748,1327860,3,120648,604810000,115000
GOOGL,250000000,double_gas_half_fees,fixed_160,2026-09-07,1788739215000,1789154999000,-2554535,-138481,-2416054,3975711,2006656,4,176817,415802000,201000
GOOGL,250000000,double_gas_half_fees,adaptive_width,2026-07-27,1785196800000,1785196800000,0,0,0,0,0,0,0,0,0
GOOGL,250000000,double_gas_half_fees,adaptive_width,2026-08-03,1785715200000,1786319794000,-12336893,-2512153,-9824740,2007650,1682606,4,5009,417310000,1237000
GOOGL,250000000,double_gas_half_fees,adaptive_width,2026-08-10,1786320001000,1786924477000,-5963246,-2718924,-3244322,695870,442620,1,2530,604683000,236079000
GOOGL,250000000,double_gas_half_fees,adaptive_width,2026-08-17,1786924802000,1787529543000,1148727,-477987,1626714,1443147,0,0,2615,605066000,21646000
GOOGL,250000000,double_gas_half_fees,adaptive_width,2026-08-24,1787529611000,1788134387000,2204656,-926939,3131595,6518364,885240,2,28130,604844000,30206000
GOOGL,250000000,double_gas_half_fees,adaptive_width,2026-08-31,1788134473000,1788739197000,-475772,-2027606,1551834,25077736,14163840,32,120648,604810000,1546000
GOOGL,250000000,double_gas_half_fees,adaptive_width,2026-09-07,1788739215000,1789154999000,-5200925,-138481,-5062444,4590000,4219756,9,176817,415802000,520000
GOOGL,250000000,double_gas_half_fees,adaptive_economic,2026-07-27,1785196800000,1785196800000,0,0,0,0,0,0,0,0,0
GOOGL,250000000,double_gas_half_fees,adaptive_economic,2026-08-03,1785715200000,1786319794000,-13966725,-2512153,-11454572,302777,354746,1,5009,417310000,374150000
GOOGL,250000000,double_gas_half_fees,adaptive_economic,2026-08-10,1786320001000,1786924477000,-5239768,-2718924,-2520844,0,0,0,2530,604683000,604683000
GOOGL,250000000,double_gas_half_fees,adaptive_economic,2026-08-17,1786924802000,1787529543000,-921151,-477987,-443164,0,0,0,2615,605066000,605066000
GOOGL,250000000,double_gas_half_fees,adaptive_economic,2026-08-24,1787529611000,1788134387000,-1786349,-926939,-859410,0,0,0,28130,604844000,604844000
GOOGL,250000000,double_gas_half_fees,adaptive_economic,2026-08-31,1788134473000,1788739197000,-3907497,-2027606,-1879891,0,0,0,120648,604810000,604810000
GOOGL,250000000,double_gas_half_fees,adaptive_economic,2026-09-07,1788739215000,1789154999000,-306485,-138481,-168004,0,236176,0,176817,415802000,415802000
GOOGL,250000000,partial_mint_failure,fixed_20,2026-07-27,1785196800000,1785196800000,0,0,0,0,0,0,0,0,0
GOOGL,250000000,partial_mint_failure,fixed_20,2026-08-03,1785715200000,1786319794000,-37721056,-2460818,-35260238,11495710,18816225,88,5009,343902000,32799000
GOOGL,250000000,partial_mint_failure,fixed_20,2026-08-10,1786320001000,1786924477000,-16641525,-2718924,-13922601,5053382,8987461,42,2530,427269000,65990000
GOOGL,250000000,partial_mint_failure,fixed_20,2026-08-17,1786924802000,1787529543000,-11896830,-477987,-11418843,6316186,8766151,41,2615,456624000,88542000
GOOGL,250000000,partial_mint_failure,fixed_20,2026-08-24,1787529611000,1788134387000,-670749,-926939,256190,42913180,23331924,109,28130,489348000,21760000
GOOGL,250000000,partial_mint_failure,fixed_20,2026-08-31,1788134473000,1788739197000,53571927,-2027606,55599533,138831794,43432072,203,120648,548227000,11847000
GOOGL,250000000,partial_mint_failure,fixed_20,2026-09-07,1788739215000,1789154999000,12751860,-87369,12839229,69786020,24733935,115,176817,385133000,5645000
GOOGL,250000000,partial_mint_failure,fixed_40,2026-07-27,1785196800000,1785196800000,0,0,0,0,0,0,0,0,0
GOOGL,250000000,partial_mint_failure,fixed_40,2026-08-03,1785715200000,1786319794000,-21627948,-2460818,-19167130,10531523,8323531,39,5009,387542000,17113000
GOOGL,250000000,partial_mint_failure,fixed_40,2026-08-10,1786320001000,1786924477000,-12071392,-2718924,-9352468,5167529,4914382,23,2530,446998000,20704000
GOOGL,250000000,partial_mint_failure,fixed_40,2026-08-17,1786924802000,1787529543000,-4015355,-477987,-3537368,7113874,4294389,20,2615,575207000,41378000
GOOGL,250000000,partial_mint_failure,fixed_40,2026-08-24,1787529611000,1788134387000,16621988,-926939,17548927,37931780,9208771,43,28130,534132000,9116000
GOOGL,250000000,partial_mint_failure,fixed_40,2026-08-31,1788134473000,1788739197000,53722674,-2027606,55750280,94773644,16027069,75,120648,585913000,3014000
GOOGL,250000000,partial_mint_failure,fixed_40,2026-09-07,1788739215000,1789154999000,17888723,-87369,17976092,41095371,8042936,37,176817,409057000,1749000
GOOGL,250000000,partial_mint_failure,fixed_80,2026-07-27,1785196800000,1785196800000,0,0,0,0,0,0,0,0,0
GOOGL,250000000,partial_mint_failure,fixed_80,2026-08-03,1785715200000,1786319794000,-12066865,-2460818,-9606047,7432335,2346536,11,5009,438577000,2753000
GOOGL,250000000,partial_mint_failure,fixed_80,2026-08-10,1786320001000,1786924477000,-9207399,-2718924,-6488475,4043289,2567846,12,2530,571030000,23784000
GOOGL,250000000,partial_mint_failure,fixed_80,2026-08-17,1786924802000,1787529543000,-416492,-477987,61495,5017619,1283923,6,2615,602605000,13849000
GOOGL,250000000,partial_mint_failure,fixed_80,2026-08-24,1787529611000,1788134387000,17726728,-926939,18653667,26006615,2346536,11,28130,599343000,1150000
GOOGL,250000000,partial_mint_failure,fixed_80,2026-08-31,1788134473000,1788739197000,36215601,-2027606,38243207,50301153,3630459,17,120648,598351000,476000
GOOGL,250000000,partial_mint_failure,fixed_80,2026-09-07,1788739215000,1789154999000,7208222,-87369,7295591,19375203,3128554,14,176817,414431000,732000
GOOGL,250000000,partial_mint_failure,fixed_160,2026-07-27,1785196800000,1785196800000,0,0,0,0,0,0,0,0,0
GOOGL,250000000,partial_mint_failure,fixed_160,2026-08-03,1785715200000,1786319794000,-9236443,-2460818,-6775625,4306553,841303,4,5009,439551000,1237000
GOOGL,250000000,partial_mint_failure,fixed_160,2026-08-10,1786320001000,1786924477000,-3031447,-2718924,-312523,2594481,619993,3,2530,601936000,6092000
GOOGL,250000000,partial_mint_failure,fixed_160,2026-08-17,1786924802000,1787529543000,118330,-477987,596317,3050174,442620,2,2615,605066000,4567000
GOOGL,250000000,partial_mint_failure,fixed_160,2026-08-24,1787529611000,1788134387000,9723941,-926939,10650880,13774452,442620,2,28130,604844000,2176000
GOOGL,250000000,partial_mint_failure,fixed_160,2026-08-31,1788134473000,1788739197000,18476516,-2027606,20504122,24802496,841303,4,120648,604159000,114000
GOOGL,250000000,partial_mint_failure,fixed_160,2026-09-07,1788739215000,1789154999000,2663245,-87369,2750614,8824876,1180701,5,176817,415161000,201000
GOOGL,250000000,partial_mint_failure,adaptive_width,2026-07-27,1785196800000,1785196800000,0,0,0,0,0,0,0,0,0
GOOGL,250000000,partial_mint_failure,adaptive_width,2026-08-03,1785715200000,1786319794000,-10793666,-2460818,-8332848,6454736,2125226,10,5009,415238000,41534000
GOOGL,250000000,partial_mint_failure,adaptive_width,2026-08-10,1786320001000,1786924477000,-5179647,-2718924,-2460723,1597993,221310,1,2530,604683000,307390000
GOOGL,250000000,partial_mint_failure,adaptive_width,2026-08-17,1786924802000,1787529543000,2620494,-477987,3098481,2910657,0,0,2615,605066000,21646000
GOOGL,250000000,partial_mint_failure,adaptive_width,2026-08-24,1787529611000,1788134387000,9171929,-926939,10098868,13282185,619993,3,28130,603281000,30206000
GOOGL,250000000,partial_mint_failure,adaptive_width,2026-08-31,1788134473000,1788739197000,27568672,-2027606,29596278,56690038,13060540,61,120648,587002000,4104000
GOOGL,250000000,partial_mint_failure,adaptive_width,2026-09-07,1788739215000,1789154999000,-1250904,-87369,-1163535,19089642,8042936,37,176817,402806000,1985000
GOOGL,250000000,partial_mint_failure,adaptive_economic,2026-07-27,1785196800000,1785196800000,0,0,0,0,0,0,0,0,0
GOOGL,250000000,partial_mint_failure,adaptive_economic,2026-08-03,1785715200000,1786319794000,-10333731,-2460818,-7872913,6386910,619993,3,5009,417310000,312049000
GOOGL,250000000,partial_mint_failure,adaptive_economic,2026-08-10,1786320001000,1786924477000,-3364372,-2718924,-645448,517491,0,0,2530,604683000,587559000
GOOGL,250000000,partial_mint_failure,adaptive_economic,2026-08-17,1786924802000,1787529543000,-936343,-477987,-458356,0,0,0,2615,605066000,605066000
GOOGL,250000000,partial_mint_failure,adaptive_economic,2026-08-24,1787529611000,1788134387000,17397130,-926939,18324069,22147817,1726543,8,28130,604058000,505388000
GOOGL,250000000,partial_mint_failure,adaptive_economic,2026-08-31,1788134473000,1788739197000,14593407,-2027606,16621013,24854265,2125226,10,120648,597697000,557325000
GOOGL,250000000,partial_mint_failure,adaptive_economic,2026-09-07,1788739215000,1789154999000,4616031,-87369,4703400,7197559,560708,2,176817,415802000,392973000
