session,trigger,anchorObservation,anchorCheckpoint,anchorAt,horizonMinutes,endAt,profile,feePpm,cooldown,strategy,maxExposurePpm,activeSeconds,outsideSeconds,recenters,trims,attempted,exited,unavailable,rejected,actions,net_USDG,alpha_USDG,newGas_USDG,feesAfterAnchor_USDG,maxDrawdown_USDG,delta_USDG
5,500000,206,1833,2026-09-08T09:03:02.081Z,30,2026-09-08T09:33:19.000Z,frozen_session6,1000000,0,guard60,526882,1844,0,0,0,False,,,,,999.672983,-0.079283,0.333297,0.574325,0.051549,0.0
5,500000,206,1833,2026-09-08T09:03:02.081Z,30,2026-09-08T09:33:19.000Z,frozen_session6,1000000,0,exit_early,526882,62,0,0,0,True,early_inventory_exit,,,exit@1834,998.564371,-1.187895,0.333297,0.035658,0.578994,-1.108612
5,500000,206,1833,2026-09-08T09:03:02.081Z,30,2026-09-08T09:33:19.000Z,frozen_session6,1000000,0,recenter60,526882,1844,0,0,0,True,,,Frozen mint minimum unavailable,,999.672983,-0.079283,0.333297,0.574325,0.051549,0.0
5,500000,206,1833,2026-09-08T09:03:02.081Z,30,2026-09-08T09:33:19.000Z,frozen_session6,1000000,0,trim25,526882,1844,0,0,0,True,,,Frozen trim funding unavailable,,999.672983,-0.079283,0.333297,0.574325,0.051549,0.0
5,500000,206,1833,2026-09-08T09:03:02.081Z,30,2026-09-08T09:33:19.000Z,frozen_session6,1000000,0,hold80,526882,1844,0,0,0,False,,,,,999.672983,-0.079283,0.333297,0.574325,0.051549,0.0
5,500000,206,1833,2026-09-08T09:03:02.081Z,30,2026-09-08T09:33:19.000Z,frozen_session6,1000000,600,recenter60,526882,1844,0,0,0,False,,,,,999.672983,-0.079283,0.333297,0.574325,0.051549,0.0
5,500000,206,1833,2026-09-08T09:03:02.081Z,30,2026-09-08T09:33:19.000Z,frozen_session6,500000,0,guard60,526882,1844,0,0,0,False,,,,,999.385791,-0.366475,0.333297,0.287156,0.086841,0.0
5,500000,206,1833,2026-09-08T09:03:02.081Z,30,2026-09-08T09:33:19.000Z,frozen_session6,500000,0,exit_early,526882,62,0,0,0,True,early_inventory_exit,,,exit@1834,998.546544,-1.205722,0.333297,0.017829,0.578991,-0.839247
5,500000,206,1833,2026-09-08T09:03:02.081Z,30,2026-09-08T09:33:19.000Z,frozen_session6,500000,0,recenter60,526882,1844,0,0,0,True,,,Frozen mint minimum unavailable,,999.385791,-0.366475,0.333297,0.287156,0.086841,0.0
5,500000,206,1833,2026-09-08T09:03:02.081Z,30,2026-09-08T09:33:19.000Z,frozen_session6,500000,0,trim25,526882,1844,0,0,0,True,,,Frozen trim funding unavailable,,999.385791,-0.366475,0.333297,0.287156,0.086841,0.0
5,500000,206,1833,2026-09-08T09:03:02.081Z,30,2026-09-08T09:33:19.000Z,frozen_session6,500000,0,hold80,526882,1844,0,0,0,False,,,,,999.385791,-0.366475,0.333297,0.287156,0.086841,0.0
5,500000,206,1833,2026-09-08T09:03:02.081Z,30,2026-09-08T09:33:19.000Z,frozen_session6,500000,600,recenter60,526882,1844,0,0,0,False,,,,,999.385791,-0.366475,0.333297,0.287156,0.086841,0.0
5,500000,206,1833,2026-09-08T09:03:02.081Z,30,2026-09-08T09:33:19.000Z,source_block_54,1000000,0,guard60,527300,1844,0,0,0,False,,,,,998.881377,-0.870889,1.124903,0.574325,0.051549,0.0
5,500000,206,1833,2026-09-08T09:03:02.081Z,30,2026-09-08T09:33:19.000Z,source_block_54,1000000,0,exit_early,527300,62,0,0,0,True,early_inventory_exit,,,exit@1834,997.772765,-1.979501,1.124903,0.035658,1.3706,-1.108612
5,500000,206,1833,2026-09-08T09:03:02.081Z,30,2026-09-08T09:33:19.000Z,source_block_54,1000000,0,recenter60,527300,1844,0,0,0,True,,,Frozen mint minimum unavailable,,998.881377,-0.870889,1.124903,0.574325,0.051549,0.0
5,500000,206,1833,2026-09-08T09:03:02.081Z,30,2026-09-08T09:33:19.000Z,source_block_54,1000000,0,trim25,527300,1844,0,0,0,True,,,Frozen trim funding unavailable,,998.881377,-0.870889,1.124903,0.574325,0.051549,0.0
5,500000,206,1833,2026-09-08T09:03:02.081Z,30,2026-09-08T09:33:19.000Z,source_block_54,1000000,0,hold80,527300,1844,0,0,0,False,,,,,998.881377,-0.870889,1.124903,0.574325,0.051549,0.0
5,500000,206,1833,2026-09-08T09:03:02.081Z,30,2026-09-08T09:33:19.000Z,source_block_54,1000000,600,recenter60,527300,1844,0,0,0,False,,,,,998.881377,-0.870889,1.124903,0.574325,0.051549,0.0
5,500000,206,1833,2026-09-08T09:03:02.081Z,30,2026-09-08T09:33:19.000Z,source_block_54,500000,0,guard60,527300,1844,0,0,0,False,,,,,998.594185,-1.158081,1.124903,0.287156,0.086841,0.0
5,500000,206,1833,2026-09-08T09:03:02.081Z,30,2026-09-08T09:33:19.000Z,source_block_54,500000,0,exit_early,527300,62,0,0,0,True,early_inventory_exit,,,exit@1834,997.754938,-1.997328,1.124903,0.017829,1.370597,-0.839247
5,500000,206,1833,2026-09-08T09:03:02.081Z,30,2026-09-08T09:33:19.000Z,source_block_54,500000,0,recenter60,527300,1844,0,0,0,True,,,Frozen mint minimum unavailable,,998.594185,-1.158081,1.124903,0.287156,0.086841,0.0
5,500000,206,1833,2026-09-08T09:03:02.081Z,30,2026-09-08T09:33:19.000Z,source_block_54,500000,0,trim25,527300,1844,0,0,0,True,,,Frozen trim funding unavailable,,998.594185,-1.158081,1.124903,0.287156,0.086841,0.0
5,500000,206,1833,2026-09-08T09:03:02.081Z,30,2026-09-08T09:33:19.000Z,source_block_54,500000,0,hold80,527300,1844,0,0,0,False,,,,,998.594185,-1.158081,1.124903,0.287156,0.086841,0.0
5,500000,206,1833,2026-09-08T09:03:02.081Z,30,2026-09-08T09:33:19.000Z,source_block_54,500000,600,recenter60,527300,1844,0,0,0,False,,,,,998.594185,-1.158081,1.124903,0.287156,0.086841,0.0
5,500000,206,1833,2026-09-08T09:03:02.081Z,120,2026-09-08T11:03:26.000Z,frozen_session6,1000000,0,guard60,526882,4731,2581,0,0,False,historical_guard,,,exit@1908,1000.057712,-0.229044,0.333297,0.676909,0.335247,0.0
5,500000,206,1833,2026-09-08T09:03:02.081Z,120,2026-09-08T11:03:26.000Z,frozen_session6,1000000,0,exit_early,526882,62,0,0,0,True,early_inventory_exit,,,exit@1834,998.564371,-1.722385,0.333297,0.035658,0.578994,-1.493341
5,500000,206,1833,2026-09-08T09:03:02.081Z,120,2026-09-08T11:03:26.000Z,frozen_session6,1000000,0,recenter60,526882,4731,2581,0,0,True,historical_guard,,Frozen mint minimum unavailable,exit@1908,1000.057712,-0.229044,0.333297,0.676909,0.335247,0.0
5,500000,206,1833,2026-09-08T09:03:02.081Z,120,2026-09-08T11:03:26.000Z,frozen_session6,1000000,0,trim25,526882,4731,2581,0,0,True,historical_guard,,Frozen trim funding unavailable,exit@1908,1000.057712,-0.229044,0.333297,0.676909,0.335247,0.0
5,500000,206,1833,2026-09-08T09:03:02.081Z,120,2026-09-08T11:03:26.000Z,frozen_session6,1000000,0,hold80,526882,4731,2581,0,0,False,historical_guard,,,exit@1908,1000.057712,-0.229044,0.333297,0.676909,0.335247,0.0
5,500000,206,1833,2026-09-08T09:03:02.081Z,120,2026-09-08T11:03:26.000Z,frozen_session6,1000000,600,recenter60,526882,4731,2581,0,0,False,historical_guard,,,exit@1908,1000.057712,-0.229044,0.333297,0.676909,0.335247,0.0
5,500000,206,1833,2026-09-08T09:03:02.081Z,120,2026-09-08T11:03:26.000Z,frozen_session6,500000,0,guard60,526882,4731,2581,0,0,False,historical_guard,,,exit@1908,999.718826,-0.56793,0.333297,0.338446,0.335186,0.0
5,500000,206,1833,2026-09-08T09:03:02.081Z,120,2026-09-08T11:03:26.000Z,frozen_session6,500000,0,exit_early,526882,62,0,0,0,True,early_inventory_exit,,,exit@1834,998.546544,-1.740212,0.333297,0.017829,0.578991,-1.172282
5,500000,206,1833,2026-09-08T09:03:02.081Z,120,2026-09-08T11:03:26.000Z,frozen_session6,500000,0,recenter60,526882,4731,2581,0,0,True,historical_guard,,Frozen mint minimum unavailable,exit@1908,999.718826,-0.56793,0.333297,0.338446,0.335186,0.0
5,500000,206,1833,2026-09-08T09:03:02.081Z,120,2026-09-08T11:03:26.000Z,frozen_session6,500000,0,trim25,526882,4731,2581,0,0,True,historical_guard,,Frozen trim funding unavailable,exit@1908,999.718826,-0.56793,0.333297,0.338446,0.335186,0.0
5,500000,206,1833,2026-09-08T09:03:02.081Z,120,2026-09-08T11:03:26.000Z,frozen_session6,500000,0,hold80,526882,4731,2581,0,0,False,historical_guard,,,exit@1908,999.718826,-0.56793,0.333297,0.338446,0.335186,0.0
5,500000,206,1833,2026-09-08T09:03:02.081Z,120,2026-09-08T11:03:26.000Z,frozen_session6,500000,600,recenter60,526882,4731,2581,0,0,False,historical_guard,,,exit@1908,999.718826,-0.56793,0.333297,0.338446,0.335186,0.0
5,500000,206,1833,2026-09-08T09:03:02.081Z,120,2026-09-08T11:03:26.000Z,source_block_54,1000000,0,guard60,527300,4731,2581,0,0,False,historical_guard,,,exit@1908,999.266106,-1.02065,1.124903,0.676909,1.126853,0.0
5,500000,206,1833,2026-09-08T09:03:02.081Z,120,2026-09-08T11:03:26.000Z,source_block_54,1000000,0,exit_early,527300,62,0,0,0,True,early_inventory_exit,,,exit@1834,997.772765,-2.513991,1.124903,0.035658,1.3706,-1.493341
5,500000,206,1833,2026-09-08T09:03:02.081Z,120,2026-09-08T11:03:26.000Z,source_block_54,1000000,0,recenter60,527300,4731,2581,0,0,True,historical_guard,,Frozen mint minimum unavailable,exit@1908,999.266106,-1.02065,1.124903,0.676909,1.126853,0.0
5,500000,206,1833,2026-09-08T09:03:02.081Z,120,2026-09-08T11:03:26.000Z,source_block_54,1000000,0,trim25,527300,4731,2581,0,0,True,historical_guard,,Frozen trim funding unavailable,exit@1908,999.266106,-1.02065,1.124903,0.676909,1.126853,0.0
5,500000,206,1833,2026-09-08T09:03:02.081Z,120,2026-09-08T11:03:26.000Z,source_block_54,1000000,0,hold80,527300,4731,2581,0,0,False,historical_guard,,,exit@1908,999.266106,-1.02065,1.124903,0.676909,1.126853,0.0
5,500000,206,1833,2026-09-08T09:03:02.081Z,120,2026-09-08T11:03:26.000Z,source_block_54,1000000,600,recenter60,527300,4731,2581,0,0,False,historical_guard,,,exit@1908,999.266106,-1.02065,1.124903,0.676909,1.126853,0.0
5,500000,206,1833,2026-09-08T09:03:02.081Z,120,2026-09-08T11:03:26.000Z,source_block_54,500000,0,guard60,527300,4731,2581,0,0,False,historical_guard,,,exit@1908,998.92722,-1.359536,1.124903,0.338446,1.126792,0.0
5,500000,206,1833,2026-09-08T09:03:02.081Z,120,2026-09-08T11:03:26.000Z,source_block_54,500000,0,exit_early,527300,62,0,0,0,True,early_inventory_exit,,,exit@1834,997.754938,-2.531818,1.124903,0.017829,1.370597,-1.172282
5,500000,206,1833,2026-09-08T09:03:02.081Z,120,2026-09-08T11:03:26.000Z,source_block_54,500000,0,recenter60,527300,4731,2581,0,0,True,historical_guard,,Frozen mint minimum unavailable,exit@1908,998.92722,-1.359536,1.124903,0.338446,1.126792,0.0
5,500000,206,1833,2026-09-08T09:03:02.081Z,120,2026-09-08T11:03:26.000Z,source_block_54,500000,0,trim25,527300,4731,2581,0,0,True,historical_guard,,Frozen trim funding unavailable,exit@1908,998.92722,-1.359536,1.124903,0.338446,1.126792,0.0
5,500000,206,1833,2026-09-08T09:03:02.081Z,120,2026-09-08T11:03:26.000Z,source_block_54,500000,0,hold80,527300,4731,2581,0,0,False,historical_guard,,,exit@1908,998.92722,-1.359536,1.124903,0.338446,1.126792,0.0
5,500000,206,1833,2026-09-08T09:03:02.081Z,120,2026-09-08T11:03:26.000Z,source_block_54,500000,600,recenter60,527300,4731,2581,0,0,False,historical_guard,,,exit@1908,998.92722,-1.359536,1.124903,0.338446,1.126792,0.0
10,500000,455,2224,2026-09-08T15:47:39.860Z,30,2026-09-08T16:17:54.000Z,frozen_session6,1000000,0,guard60,653094,184,0,0,0,False,inventory_cap,,,exit@2227,990.029711,0.695294,0.333297,0.058937,0.981083,0.0
10,500000,455,2224,2026-09-08T15:47:39.860Z,30,2026-09-08T16:17:54.000Z,frozen_session6,1000000,0,exit_early,598616,61,0,0,0,True,early_inventory_exit,,,exit@2225,990.391051,1.056634,0.333297,0.011646,0.619743,0.36134
10,500000,455,2224,2026-09-08T15:47:39.860Z,30,2026-09-08T16:17:54.000Z,frozen_session6,1000000,0,recenter60,653094,184,0,0,0,True,inventory_cap,,Frozen mint minimum unavailable,exit@2227,990.029711,0.695294,0.333297,0.058937,0.981083,0.0
10,500000,455,2224,2026-09-08T15:47:39.860Z,30,2026-09-08T16:17:54.000Z,frozen_session6,1000000,0,trim25,653094,184,0,0,0,True,inventory_cap,,Frozen trim funding unavailable,exit@2227,990.029711,0.695294,0.333297,0.058937,0.981083,0.0
10,500000,455,2224,2026-09-08T15:47:39.860Z,30,2026-09-08T16:17:54.000Z,frozen_session6,1000000,0,hold80,653094,1846,1478,0,0,False,,,,,988.632614,-0.701803,0.333297,0.091271,1.911104,-1.397097
10,500000,455,2224,2026-09-08T15:47:39.860Z,30,2026-09-08T16:17:54.000Z,frozen_session6,1000000,600,recenter60,653094,184,0,0,0,False,inventory_cap,,,exit@2227,990.029711,0.695294,0.333297,0.058937,0.981083,0.0
10,500000,455,2224,2026-09-08T15:47:39.860Z,30,2026-09-08T16:17:54.000Z,frozen_session6,500000,0,guard60,653094,184,0,0,0,False,inventory_cap,,,exit@2227,990.000256,0.665839,0.333297,0.029467,1.004715,0.0
10,500000,455,2224,2026-09-08T15:47:39.860Z,30,2026-09-08T16:17:54.000Z,frozen_session6,500000,0,exit_early,598616,61,0,0,0,True,early_inventory_exit,,,exit@2225,990.385228,1.050811,0.333297,0.005823,0.619743,0.384972
10,500000,455,2224,2026-09-08T15:47:39.860Z,30,2026-09-08T16:17:54.000Z,frozen_session6,500000,0,recenter60,653094,184,0,0,0,True,inventory_cap,,Frozen mint minimum unavailable,exit@2227,990.000256,0.665839,0.333297,0.029467,1.004715,0.0
10,500000,455,2224,2026-09-08T15:47:39.860Z,30,2026-09-08T16:17:54.000Z,frozen_session6,500000,0,trim25,653094,184,0,0,0,True,inventory_cap,,Frozen trim funding unavailable,exit@2227,990.000256,0.665839,0.333297,0.029467,1.004715,0.0
10,500000,455,2224,2026-09-08T15:47:39.860Z,30,2026-09-08T16:17:54.000Z,frozen_session6,500000,0,hold80,653094,1846,1478,0,0,False,,,,,988.587058,-0.747359,0.333297,0.045634,1.950843,-1.413198
10,500000,455,2224,2026-09-08T15:47:39.860Z,30,2026-09-08T16:17:54.000Z,frozen_session6,500000,600,recenter60,653094,184,0,0,0,False,inventory_cap,,,exit@2227,990.000256,0.665839,0.333297,0.029467,1.004715,0.0
10,500000,455,2224,2026-09-08T15:47:39.860Z,30,2026-09-08T16:17:54.000Z,source_block_54,1000000,0,guard60,653616,184,0,0,0,False,inventory_cap,,,exit@2227,989.238105,-0.096312,1.124903,0.058937,1.772689,0.0
10,500000,455,2224,2026-09-08T15:47:39.860Z,30,2026-09-08T16:17:54.000Z,source_block_54,1000000,0,exit_early,599095,61,0,0,0,True,early_inventory_exit,,,exit@2225,989.599445,0.265028,1.124903,0.011646,1.411349,0.36134
10,500000,455,2224,2026-09-08T15:47:39.860Z,30,2026-09-08T16:17:54.000Z,source_block_54,1000000,0,recenter60,653616,184,0,0,0,True,inventory_cap,,Frozen mint minimum unavailable,exit@2227,989.238105,-0.096312,1.124903,0.058937,1.772689,0.0
10,500000,455,2224,2026-09-08T15:47:39.860Z,30,2026-09-08T16:17:54.000Z,source_block_54,1000000,0,trim25,653616,184,0,0,0,True,inventory_cap,,Frozen trim funding unavailable,exit@2227,989.238105,-0.096312,1.124903,0.058937,1.772689,0.0
10,500000,455,2224,2026-09-08T15:47:39.860Z,30,2026-09-08T16:17:54.000Z,source_block_54,1000000,0,hold80,653616,1846,1478,0,0,False,,,,,987.841008,-1.493409,1.124903,0.091271,1.911104,-1.397097
10,500000,455,2224,2026-09-08T15:47:39.860Z,30,2026-09-08T16:17:54.000Z,source_block_54,1000000,600,recenter60,653616,184,0,0,0,False,inventory_cap,,,exit@2227,989.238105,-0.096312,1.124903,0.058937,1.772689,0.0
10,500000,455,2224,2026-09-08T15:47:39.860Z,30,2026-09-08T16:17:54.000Z,source_block_54,500000,0,guard60,653616,184,0,0,0,False,inventory_cap,,,exit@2227,989.20865,-0.125767,1.124903,0.029467,1.796321,0.0
10,500000,455,2224,2026-09-08T15:47:39.860Z,30,2026-09-08T16:17:54.000Z,source_block_54,500000,0,exit_early,599095,61,0,0,0,True,early_inventory_exit,,,exit@2225,989.593622,0.259205,1.124903,0.005823,1.411349,0.384972
10,500000,455,2224,2026-09-08T15:47:39.860Z,30,2026-09-08T16:17:54.000Z,source_block_54,500000,0,recenter60,653616,184,0,0,0,True,inventory_cap,,Frozen mint minimum unavailable,exit@2227,989.20865,-0.125767,1.124903,0.029467,1.796321,0.0
10,500000,455,2224,2026-09-08T15:47:39.860Z,30,2026-09-08T16:17:54.000Z,source_block_54,500000,0,trim25,653616,184,0,0,0,True,inventory_cap,,Frozen trim funding unavailable,exit@2227,989.20865,-0.125767,1.124903,0.029467,1.796321,0.0
10,500000,455,2224,2026-09-08T15:47:39.860Z,30,2026-09-08T16:17:54.000Z,source_block_54,500000,0,hold80,653616,1846,1478,0,0,False,,,,,987.795452,-1.538965,1.124903,0.045634,1.950843,-1.413198
10,500000,455,2224,2026-09-08T15:47:39.860Z,30,2026-09-08T16:17:54.000Z,source_block_54,500000,600,recenter60,653616,184,0,0,0,False,inventory_cap,,,exit@2227,989.20865,-0.125767,1.124903,0.029467,1.796321,0.0
10,500000,455,2224,2026-09-08T15:47:39.860Z,120,2026-09-08T17:48:02.000Z,frozen_session6,1000000,0,guard60,653094,184,0,0,0,False,inventory_cap,,,exit@2227,990.029711,1.020254,0.333297,0.058937,0.981083,0.0
10,500000,455,2224,2026-09-08T15:47:39.860Z,120,2026-09-08T17:48:02.000Z,frozen_session6,1000000,0,exit_early,598616,61,0,0,0,True,early_inventory_exit,,,exit@2225,990.391051,1.381594,0.333297,0.011646,0.619743,0.36134
10,500000,455,2224,2026-09-08T15:47:39.860Z,120,2026-09-08T17:48:02.000Z,frozen_session6,1000000,0,recenter60,653094,184,0,0,0,True,inventory_cap,,Frozen mint minimum unavailable,exit@2227,990.029711,1.020254,0.333297,0.058937,0.981083,0.0
10,500000,455,2224,2026-09-08T15:47:39.860Z,120,2026-09-08T17:48:02.000Z,frozen_session6,1000000,0,trim25,653094,184,0,0,0,True,inventory_cap,,Frozen trim funding unavailable,exit@2227,990.029711,1.020254,0.333297,0.058937,0.981083,0.0
10,500000,455,2224,2026-09-08T15:47:39.860Z,120,2026-09-08T17:48:02.000Z,frozen_session6,1000000,0,hold80,653094,7254,6886,0,0,False,,,,,988.278246,-0.731211,0.333297,0.091271,2.727998,-1.751465
10,500000,455,2224,2026-09-08T15:47:39.860Z,120,2026-09-08T17:48:02.000Z,frozen_session6,1000000,600,recenter60,653094,184,0,0,0,False,inventory_cap,,,exit@2227,990.029711,1.020254,0.333297,0.058937,0.981083,0.0
10,500000,455,2224,2026-09-08T15:47:39.860Z,120,2026-09-08T17:48:02.000Z,frozen_session6,500000,0,guard60,653094,184,0,0,0,False,inventory_cap,,,exit@2227,990.000256,0.990799,0.333297,0.029467,1.004715,0.0
10,500000,455,2224,2026-09-08T15:47:39.860Z,120,2026-09-08T17:48:02.000Z,frozen_session6,500000,0,exit_early,598616,61,0,0,0,True,early_inventory_exit,,,exit@2225,990.385228,1.375771,0.333297,0.005823,0.619743,0.384972
10,500000,455,2224,2026-09-08T15:47:39.860Z,120,2026-09-08T17:48:02.000Z,frozen_session6,500000,0,recenter60,653094,184,0,0,0,True,inventory_cap,,Frozen mint minimum unavailable,exit@2227,990.000256,0.990799,0.333297,0.029467,1.004715,0.0
10,500000,455,2224,2026-09-08T15:47:39.860Z,120,2026-09-08T17:48:02.000Z,frozen_session6,500000,0,trim25,653094,184,0,0,0,True,inventory_cap,,Frozen trim funding unavailable,exit@2227,990.000256,0.990799,0.333297,0.029467,1.004715,0.0
10,500000,455,2224,2026-09-08T15:47:39.860Z,120,2026-09-08T17:48:02.000Z,frozen_session6,500000,0,hold80,653094,7254,6886,0,0,False,,,,,988.232705,-0.776752,0.333297,0.045634,2.767702,-1.767551
10,500000,455,2224,2026-09-08T15:47:39.860Z,120,2026-09-08T17:48:02.000Z,frozen_session6,500000,600,recenter60,653094,184,0,0,0,False,inventory_cap,,,exit@2227,990.000256,0.990799,0.333297,0.029467,1.004715,0.0
10,500000,455,2224,2026-09-08T15:47:39.860Z,120,2026-09-08T17:48:02.000Z,source_block_54,1000000,0,guard60,653616,184,0,0,0,False,inventory_cap,,,exit@2227,989.238105,0.228648,1.124903,0.058937,1.772689,0.0
10,500000,455,2224,2026-09-08T15:47:39.860Z,120,2026-09-08T17:48:02.000Z,source_block_54,1000000,0,exit_early,599095,61,0,0,0,True,early_inventory_exit,,,exit@2225,989.599445,0.589988,1.124903,0.011646,1.411349,0.36134
10,500000,455,2224,2026-09-08T15:47:39.860Z,120,2026-09-08T17:48:02.000Z,source_block_54,1000000,0,recenter60,653616,184,0,0,0,True,inventory_cap,,Frozen mint minimum unavailable,exit@2227,989.238105,0.228648,1.124903,0.058937,1.772689,0.0
10,500000,455,2224,2026-09-08T15:47:39.860Z,120,2026-09-08T17:48:02.000Z,source_block_54,1000000,0,trim25,653616,184,0,0,0,True,inventory_cap,,Frozen trim funding unavailable,exit@2227,989.238105,0.228648,1.124903,0.058937,1.772689,0.0
10,500000,455,2224,2026-09-08T15:47:39.860Z,120,2026-09-08T17:48:02.000Z,source_block_54,1000000,0,hold80,653616,7254,6886,0,0,False,,,,,987.48664,-1.522817,1.124903,0.091271,2.727998,-1.751465
10,500000,455,2224,2026-09-08T15:47:39.860Z,120,2026-09-08T17:48:02.000Z,source_block_54,1000000,600,recenter60,653616,184,0,0,0,False,inventory_cap,,,exit@2227,989.238105,0.228648,1.124903,0.058937,1.772689,0.0
10,500000,455,2224,2026-09-08T15:47:39.860Z,120,2026-09-08T17:48:02.000Z,source_block_54,500000,0,guard60,653616,184,0,0,0,False,inventory_cap,,,exit@2227,989.20865,0.199193,1.124903,0.029467,1.796321,0.0
10,500000,455,2224,2026-09-08T15:47:39.860Z,120,2026-09-08T17:48:02.000Z,source_block_54,500000,0,exit_early,599095,61,0,0,0,True,early_inventory_exit,,,exit@2225,989.593622,0.584165,1.124903,0.005823,1.411349,0.384972
10,500000,455,2224,2026-09-08T15:47:39.860Z,120,2026-09-08T17:48:02.000Z,source_block_54,500000,0,recenter60,653616,184,0,0,0,True,inventory_cap,,Frozen mint minimum unavailable,exit@2227,989.20865,0.199193,1.124903,0.029467,1.796321,0.0
10,500000,455,2224,2026-09-08T15:47:39.860Z,120,2026-09-08T17:48:02.000Z,source_block_54,500000,0,trim25,653616,184,0,0,0,True,inventory_cap,,Frozen trim funding unavailable,exit@2227,989.20865,0.199193,1.124903,0.029467,1.796321,0.0
10,500000,455,2224,2026-09-08T15:47:39.860Z,120,2026-09-08T17:48:02.000Z,source_block_54,500000,0,hold80,653616,7254,6886,0,0,False,,,,,987.441099,-1.568358,1.124903,0.045634,2.767702,-1.767551
10,500000,455,2224,2026-09-08T15:47:39.860Z,120,2026-09-08T17:48:02.000Z,source_block_54,500000,600,recenter60,653616,184,0,0,0,False,inventory_cap,,,exit@2227,989.20865,0.199193,1.124903,0.029467,1.796321,0.0
10,550000,455,2224,2026-09-08T15:47:39.860Z,30,2026-09-08T16:17:54.000Z,frozen_session6,1000000,0,guard60,653094,184,0,0,0,False,inventory_cap,,,exit@2227,990.029711,0.695294,0.333297,0.058937,0.981083,0.0
10,550000,455,2224,2026-09-08T15:47:39.860Z,30,2026-09-08T16:17:54.000Z,frozen_session6,1000000,0,exit_early,598616,61,0,0,0,True,early_inventory_exit,,,exit@2225,990.391051,1.056634,0.333297,0.011646,0.619743,0.36134
10,550000,455,2224,2026-09-08T15:47:39.860Z,30,2026-09-08T16:17:54.000Z,frozen_session6,1000000,0,recenter60,653094,184,0,0,0,True,inventory_cap,,Frozen mint minimum unavailable,exit@2227,990.029711,0.695294,0.333297,0.058937,0.981083,0.0
10,550000,455,2224,2026-09-08T15:47:39.860Z,30,2026-09-08T16:17:54.000Z,frozen_session6,1000000,0,trim25,653094,184,0,0,0,True,inventory_cap,,Frozen trim funding unavailable,exit@2227,990.029711,0.695294,0.333297,0.058937,0.981083,0.0
10,550000,455,2224,2026-09-08T15:47:39.860Z,30,2026-09-08T16:17:54.000Z,frozen_session6,1000000,0,hold80,653094,1846,1478,0,0,False,,,,,988.632614,-0.701803,0.333297,0.091271,1.911104,-1.397097
10,550000,455,2224,2026-09-08T15:47:39.860Z,30,2026-09-08T16:17:54.000Z,frozen_session6,1000000,600,recenter60,653094,184,0,0,0,False,inventory_cap,,,exit@2227,990.029711,0.695294,0.333297,0.058937,0.981083,0.0
10,550000,455,2224,2026-09-08T15:47:39.860Z,30,2026-09-08T16:17:54.000Z,frozen_session6,500000,0,guard60,653094,184,0,0,0,False,inventory_cap,,,exit@2227,990.000256,0.665839,0.333297,0.029467,1.004715,0.0
10,550000,455,2224,2026-09-08T15:47:39.860Z,30,2026-09-08T16:17:54.000Z,frozen_session6,500000,0,exit_early,598616,61,0,0,0,True,early_inventory_exit,,,exit@2225,990.385228,1.050811,0.333297,0.005823,0.619743,0.384972
10,550000,455,2224,2026-09-08T15:47:39.860Z,30,2026-09-08T16:17:54.000Z,frozen_session6,500000,0,recenter60,653094,184,0,0,0,True,inventory_cap,,Frozen mint minimum unavailable,exit@2227,990.000256,0.665839,0.333297,0.029467,1.004715,0.0
10,550000,455,2224,2026-09-08T15:47:39.860Z,30,2026-09-08T16:17:54.000Z,frozen_session6,500000,0,trim25,653094,184,0,0,0,True,inventory_cap,,Frozen trim funding unavailable,exit@2227,990.000256,0.665839,0.333297,0.029467,1.004715,0.0
10,550000,455,2224,2026-09-08T15:47:39.860Z,30,2026-09-08T16:17:54.000Z,frozen_session6,500000,0,hold80,653094,1846,1478,0,0,False,,,,,988.587058,-0.747359,0.333297,0.045634,1.950843,-1.413198
10,550000,455,2224,2026-09-08T15:47:39.860Z,30,2026-09-08T16:17:54.000Z,frozen_session6,500000,600,recenter60,653094,184,0,0,0,False,inventory_cap,,,exit@2227,990.000256,0.665839,0.333297,0.029467,1.004715,0.0
10,550000,455,2224,2026-09-08T15:47:39.860Z,30,2026-09-08T16:17:54.000Z,source_block_54,1000000,0,guard60,653616,184,0,0,0,False,inventory_cap,,,exit@2227,989.238105,-0.096312,1.124903,0.058937,1.772689,0.0
10,550000,455,2224,2026-09-08T15:47:39.860Z,30,2026-09-08T16:17:54.000Z,source_block_54,1000000,0,exit_early,599095,61,0,0,0,True,early_inventory_exit,,,exit@2225,989.599445,0.265028,1.124903,0.011646,1.411349,0.36134
10,550000,455,2224,2026-09-08T15:47:39.860Z,30,2026-09-08T16:17:54.000Z,source_block_54,1000000,0,recenter60,653616,184,0,0,0,True,inventory_cap,,Frozen mint minimum unavailable,exit@2227,989.238105,-0.096312,1.124903,0.058937,1.772689,0.0
10,550000,455,2224,2026-09-08T15:47:39.860Z,30,2026-09-08T16:17:54.000Z,source_block_54,1000000,0,trim25,653616,184,0,0,0,True,inventory_cap,,Frozen trim funding unavailable,exit@2227,989.238105,-0.096312,1.124903,0.058937,1.772689,0.0
10,550000,455,2224,2026-09-08T15:47:39.860Z,30,2026-09-08T16:17:54.000Z,source_block_54,1000000,0,hold80,653616,1846,1478,0,0,False,,,,,987.841008,-1.493409,1.124903,0.091271,1.911104,-1.397097
10,550000,455,2224,2026-09-08T15:47:39.860Z,30,2026-09-08T16:17:54.000Z,source_block_54,1000000,600,recenter60,653616,184,0,0,0,False,inventory_cap,,,exit@2227,989.238105,-0.096312,1.124903,0.058937,1.772689,0.0
10,550000,455,2224,2026-09-08T15:47:39.860Z,30,2026-09-08T16:17:54.000Z,source_block_54,500000,0,guard60,653616,184,0,0,0,False,inventory_cap,,,exit@2227,989.20865,-0.125767,1.124903,0.029467,1.796321,0.0
10,550000,455,2224,2026-09-08T15:47:39.860Z,30,2026-09-08T16:17:54.000Z,source_block_54,500000,0,exit_early,599095,61,0,0,0,True,early_inventory_exit,,,exit@2225,989.593622,0.259205,1.124903,0.005823,1.411349,0.384972
10,550000,455,2224,2026-09-08T15:47:39.860Z,30,2026-09-08T16:17:54.000Z,source_block_54,500000,0,recenter60,653616,184,0,0,0,True,inventory_cap,,Frozen mint minimum unavailable,exit@2227,989.20865,-0.125767,1.124903,0.029467,1.796321,0.0
10,550000,455,2224,2026-09-08T15:47:39.860Z,30,2026-09-08T16:17:54.000Z,source_block_54,500000,0,trim25,653616,184,0,0,0,True,inventory_cap,,Frozen trim funding unavailable,exit@2227,989.20865,-0.125767,1.124903,0.029467,1.796321,0.0
10,550000,455,2224,2026-09-08T15:47:39.860Z,30,2026-09-08T16:17:54.000Z,source_block_54,500000,0,hold80,653616,1846,1478,0,0,False,,,,,987.795452,-1.538965,1.124903,0.045634,1.950843,-1.413198
10,550000,455,2224,2026-09-08T15:47:39.860Z,30,2026-09-08T16:17:54.000Z,source_block_54,500000,600,recenter60,653616,184,0,0,0,False,inventory_cap,,,exit@2227,989.20865,-0.125767,1.124903,0.029467,1.796321,0.0
10,550000,455,2224,2026-09-08T15:47:39.860Z,120,2026-09-08T17:48:02.000Z,frozen_session6,1000000,0,guard60,653094,184,0,0,0,False,inventory_cap,,,exit@2227,990.029711,1.020254,0.333297,0.058937,0.981083,0.0
10,550000,455,2224,2026-09-08T15:47:39.860Z,120,2026-09-08T17:48:02.000Z,frozen_session6,1000000,0,exit_early,598616,61,0,0,0,True,early_inventory_exit,,,exit@2225,990.391051,1.381594,0.333297,0.011646,0.619743,0.36134
10,550000,455,2224,2026-09-08T15:47:39.860Z,120,2026-09-08T17:48:02.000Z,frozen_session6,1000000,0,recenter60,653094,184,0,0,0,True,inventory_cap,,Frozen mint minimum unavailable,exit@2227,990.029711,1.020254,0.333297,0.058937,0.981083,0.0
10,550000,455,2224,2026-09-08T15:47:39.860Z,120,2026-09-08T17:48:02.000Z,frozen_session6,1000000,0,trim25,653094,184,0,0,0,True,inventory_cap,,Frozen trim funding unavailable,exit@2227,990.029711,1.020254,0.333297,0.058937,0.981083,0.0
10,550000,455,2224,2026-09-08T15:47:39.860Z,120,2026-09-08T17:48:02.000Z,frozen_session6,1000000,0,hold80,653094,7254,6886,0,0,False,,,,,988.278246,-0.731211,0.333297,0.091271,2.727998,-1.751465
10,550000,455,2224,2026-09-08T15:47:39.860Z,120,2026-09-08T17:48:02.000Z,frozen_session6,1000000,600,recenter60,653094,184,0,0,0,False,inventory_cap,,,exit@2227,990.029711,1.020254,0.333297,0.058937,0.981083,0.0
10,550000,455,2224,2026-09-08T15:47:39.860Z,120,2026-09-08T17:48:02.000Z,frozen_session6,500000,0,guard60,653094,184,0,0,0,False,inventory_cap,,,exit@2227,990.000256,0.990799,0.333297,0.029467,1.004715,0.0
10,550000,455,2224,2026-09-08T15:47:39.860Z,120,2026-09-08T17:48:02.000Z,frozen_session6,500000,0,exit_early,598616,61,0,0,0,True,early_inventory_exit,,,exit@2225,990.385228,1.375771,0.333297,0.005823,0.619743,0.384972
10,550000,455,2224,2026-09-08T15:47:39.860Z,120,2026-09-08T17:48:02.000Z,frozen_session6,500000,0,recenter60,653094,184,0,0,0,True,inventory_cap,,Frozen mint minimum unavailable,exit@2227,990.000256,0.990799,0.333297,0.029467,1.004715,0.0
10,550000,455,2224,2026-09-08T15:47:39.860Z,120,2026-09-08T17:48:02.000Z,frozen_session6,500000,0,trim25,653094,184,0,0,0,True,inventory_cap,,Frozen trim funding unavailable,exit@2227,990.000256,0.990799,0.333297,0.029467,1.004715,0.0
10,550000,455,2224,2026-09-08T15:47:39.860Z,120,2026-09-08T17:48:02.000Z,frozen_session6,500000,0,hold80,653094,7254,6886,0,0,False,,,,,988.232705,-0.776752,0.333297,0.045634,2.767702,-1.767551
10,550000,455,2224,2026-09-08T15:47:39.860Z,120,2026-09-08T17:48:02.000Z,frozen_session6,500000,600,recenter60,653094,184,0,0,0,False,inventory_cap,,,exit@2227,990.000256,0.990799,0.333297,0.029467,1.004715,0.0
10,550000,455,2224,2026-09-08T15:47:39.860Z,120,2026-09-08T17:48:02.000Z,source_block_54,1000000,0,guard60,653616,184,0,0,0,False,inventory_cap,,,exit@2227,989.238105,0.228648,1.124903,0.058937,1.772689,0.0
10,550000,455,2224,2026-09-08T15:47:39.860Z,120,2026-09-08T17:48:02.000Z,source_block_54,1000000,0,exit_early,599095,61,0,0,0,True,early_inventory_exit,,,exit@2225,989.599445,0.589988,1.124903,0.011646,1.411349,0.36134
10,550000,455,2224,2026-09-08T15:47:39.860Z,120,2026-09-08T17:48:02.000Z,source_block_54,1000000,0,recenter60,653616,184,0,0,0,True,inventory_cap,,Frozen mint minimum unavailable,exit@2227,989.238105,0.228648,1.124903,0.058937,1.772689,0.0
10,550000,455,2224,2026-09-08T15:47:39.860Z,120,2026-09-08T17:48:02.000Z,source_block_54,1000000,0,trim25,653616,184,0,0,0,True,inventory_cap,,Frozen trim funding unavailable,exit@2227,989.238105,0.228648,1.124903,0.058937,1.772689,0.0
10,550000,455,2224,2026-09-08T15:47:39.860Z,120,2026-09-08T17:48:02.000Z,source_block_54,1000000,0,hold80,653616,7254,6886,0,0,False,,,,,987.48664,-1.522817,1.124903,0.091271,2.727998,-1.751465
10,550000,455,2224,2026-09-08T15:47:39.860Z,120,2026-09-08T17:48:02.000Z,source_block_54,1000000,600,recenter60,653616,184,0,0,0,False,inventory_cap,,,exit@2227,989.238105,0.228648,1.124903,0.058937,1.772689,0.0
10,550000,455,2224,2026-09-08T15:47:39.860Z,120,2026-09-08T17:48:02.000Z,source_block_54,500000,0,guard60,653616,184,0,0,0,False,inventory_cap,,,exit@2227,989.20865,0.199193,1.124903,0.029467,1.796321,0.0
10,550000,455,2224,2026-09-08T15:47:39.860Z,120,2026-09-08T17:48:02.000Z,source_block_54,500000,0,exit_early,599095,61,0,0,0,True,early_inventory_exit,,,exit@2225,989.593622,0.584165,1.124903,0.005823,1.411349,0.384972
10,550000,455,2224,2026-09-08T15:47:39.860Z,120,2026-09-08T17:48:02.000Z,source_block_54,500000,0,recenter60,653616,184,0,0,0,True,inventory_cap,,Frozen mint minimum unavailable,exit@2227,989.20865,0.199193,1.124903,0.029467,1.796321,0.0
10,550000,455,2224,2026-09-08T15:47:39.860Z,120,2026-09-08T17:48:02.000Z,source_block_54,500000,0,trim25,653616,184,0,0,0,True,inventory_cap,,Frozen trim funding unavailable,exit@2227,989.20865,0.199193,1.124903,0.029467,1.796321,0.0
10,550000,455,2224,2026-09-08T15:47:39.860Z,120,2026-09-08T17:48:02.000Z,source_block_54,500000,0,hold80,653616,7254,6886,0,0,False,,,,,987.441099,-1.568358,1.124903,0.045634,2.767702,-1.767551
10,550000,455,2224,2026-09-08T15:47:39.860Z,120,2026-09-08T17:48:02.000Z,source_block_54,500000,600,recenter60,653616,184,0,0,0,False,inventory_cap,,,exit@2227,989.20865,0.199193,1.124903,0.029467,1.796321,0.0
11,500000,480,2251,2026-09-08T16:15:10.820Z,30,2026-09-08T16:45:32.000Z,frozen_session6,1000000,0,guard60,703910,185,0,0,0,False,inventory_cap,,,exit@2254,988.551275,-0.517004,0.333297,0.152369,0.880366,0.0
11,500000,480,2251,2026-09-08T16:15:10.820Z,30,2026-09-08T16:45:32.000Z,frozen_session6,1000000,0,exit_early,545148,62,0,0,0,True,early_inventory_exit,,,exit@2252,988.796043,-0.272236,0.333297,0.038053,0.635598,0.244768
11,500000,480,2251,2026-09-08T16:15:10.820Z,30,2026-09-08T16:45:32.000Z,frozen_session6,1000000,0,recenter60,703910,185,0,0,0,True,inventory_cap,,Frozen mint minimum unavailable,exit@2254,988.551275,-0.517004,0.333297,0.152369,0.880366,0.0
11,500000,480,2251,2026-09-08T16:15:10.820Z,30,2026-09-08T16:45:32.000Z,frozen_session6,1000000,0,trim25,580311,1843,0,0,1,True,,,,trim@2252,989.070434,0.002155,0.613155,0.893745,0.772971,0.519159
11,500000,480,2251,2026-09-08T16:15:10.820Z,30,2026-09-08T16:45:32.000Z,frozen_session6,1000000,0,hold80,765397,1843,0,0,0,False,,,,,989.538189,0.46991,0.333297,1.178308,0.55188,0.986914
11,500000,480,2251,2026-09-08T16:15:10.820Z,30,2026-09-08T16:45:32.000Z,frozen_session6,1000000,600,recenter60,703910,185,0,0,0,True,inventory_cap,,Frozen mint minimum unavailable,exit@2254,988.551275,-0.517004,0.333297,0.152369,0.880366,0.0
11,500000,480,2251,2026-09-08T16:15:10.820Z,30,2026-09-08T16:45:32.000Z,frozen_session6,500000,0,guard60,703904,185,0,0,0,False,inventory_cap,,,exit@2254,988.475111,-0.593168,0.333297,0.076183,0.95653,0.0
11,500000,480,2251,2026-09-08T16:15:10.820Z,30,2026-09-08T16:45:32.000Z,frozen_session6,500000,0,exit_early,545147,62,0,0,0,True,early_inventory_exit,,,exit@2252,988.777023,-0.291256,0.333297,0.019026,0.654618,0.301912
11,500000,480,2251,2026-09-08T16:15:10.820Z,30,2026-09-08T16:45:32.000Z,frozen_session6,500000,0,recenter60,703904,185,0,0,0,True,inventory_cap,,Frozen mint minimum unavailable,exit@2254,988.475111,-0.593168,0.333297,0.076183,0.95653,0.0
11,500000,480,2251,2026-09-08T16:15:10.820Z,30,2026-09-08T16:45:32.000Z,frozen_session6,500000,0,trim25,580301,1843,0,0,1,True,,,,trim@2252,988.62364,-0.444639,0.613155,0.446864,0.874445,0.148529
11,500000,480,2251,2026-09-08T16:15:10.820Z,30,2026-09-08T16:45:32.000Z,frozen_session6,500000,0,hold80,765409,1843,0,0,0,False,,,,,988.949136,-0.119143,0.333297,0.589145,0.680779,0.474025
11,500000,480,2251,2026-09-08T16:15:10.820Z,30,2026-09-08T16:45:32.000Z,frozen_session6,500000,600,recenter60,703904,185,0,0,0,True,inventory_cap,,Frozen mint minimum unavailable,exit@2254,988.475111,-0.593168,0.333297,0.076183,0.95653,0.0
11,500000,480,2251,2026-09-08T16:15:10.820Z,30,2026-09-08T16:45:32.000Z,source_block_54,1000000,0,guard60,704472,185,0,0,0,False,inventory_cap,,,exit@2254,987.759669,-1.30861,1.124903,0.152369,1.671972,0.0
11,500000,480,2251,2026-09-08T16:15:10.820Z,30,2026-09-08T16:45:32.000Z,source_block_54,1000000,0,exit_early,545584,62,0,0,0,True,early_inventory_exit,,,exit@2252,988.004437,-1.063842,1.124903,0.038053,1.427204,0.244768
11,500000,480,2251,2026-09-08T16:15:10.820Z,30,2026-09-08T16:45:32.000Z,source_block_54,1000000,0,recenter60,704472,185,0,0,0,True,inventory_cap,,Frozen mint minimum unavailable,exit@2254,987.759669,-1.30861,1.124903,0.152369,1.671972,0.0
11,500000,480,2251,2026-09-08T16:15:10.820Z,30,2026-09-08T16:45:32.000Z,source_block_54,1000000,0,trim25,581187,1843,0,0,1,True,,,,trim@2252,987.580595,-1.487684,2.102994,0.893745,1.471204,-0.179074
11,500000,480,2251,2026-09-08T16:15:10.820Z,30,2026-09-08T16:45:32.000Z,source_block_54,1000000,0,hold80,766011,1843,0,0,0,False,,,,,988.746583,-0.321696,1.124903,1.178308,0.55188,0.986914
11,500000,480,2251,2026-09-08T16:15:10.820Z,30,2026-09-08T16:45:32.000Z,source_block_54,1000000,600,recenter60,704472,185,0,0,0,True,inventory_cap,,Frozen mint minimum unavailable,exit@2254,987.759669,-1.30861,1.124903,0.152369,1.671972,0.0
11,500000,480,2251,2026-09-08T16:15:10.820Z,30,2026-09-08T16:45:32.000Z,source_block_54,500000,0,guard60,704467,185,0,0,0,False,inventory_cap,,,exit@2254,987.683505,-1.384774,1.124903,0.076183,1.748136,0.0
11,500000,480,2251,2026-09-08T16:15:10.820Z,30,2026-09-08T16:45:32.000Z,source_block_54,500000,0,exit_early,545583,62,0,0,0,True,early_inventory_exit,,,exit@2252,987.985417,-1.082862,1.124903,0.019026,1.446224,0.301912
11,500000,480,2251,2026-09-08T16:15:10.820Z,30,2026-09-08T16:45:32.000Z,source_block_54,500000,0,recenter60,704467,185,0,0,0,True,inventory_cap,,Frozen mint minimum unavailable,exit@2254,987.683505,-1.384774,1.124903,0.076183,1.748136,0.0
11,500000,480,2251,2026-09-08T16:15:10.820Z,30,2026-09-08T16:45:32.000Z,source_block_54,500000,0,trim25,581178,1843,0,0,1,True,,,,trim@2252,987.133801,-1.934478,2.102994,0.446864,1.572678,-0.549704
11,500000,480,2251,2026-09-08T16:15:10.820Z,30,2026-09-08T16:45:32.000Z,source_block_54,500000,0,hold80,766023,1843,0,0,0,False,,,,,988.15753,-0.910749,1.124903,0.589145,0.680779,0.474025
11,500000,480,2251,2026-09-08T16:15:10.820Z,30,2026-09-08T16:45:32.000Z,source_block_54,500000,600,recenter60,704467,185,0,0,0,True,inventory_cap,,Frozen mint minimum unavailable,exit@2254,987.683505,-1.384774,1.124903,0.076183,1.748136,0.0
11,500000,480,2251,2026-09-08T16:15:10.820Z,120,2026-09-08T18:15:36.000Z,frozen_session6,1000000,0,guard60,703910,185,0,0,0,False,inventory_cap,,,exit@2254,988.551275,-0.042176,0.333297,0.152369,0.880366,0.0
11,500000,480,2251,2026-09-08T16:15:10.820Z,120,2026-09-08T18:15:36.000Z,frozen_session6,1000000,0,exit_early,545148,62,0,0,0,True,early_inventory_exit,,,exit@2252,988.796043,0.202592,0.333297,0.038053,0.635598,0.244768
11,500000,480,2251,2026-09-08T16:15:10.820Z,120,2026-09-08T18:15:36.000Z,frozen_session6,1000000,0,recenter60,703910,185,0,0,0,True,inventory_cap,,Frozen mint minimum unavailable,exit@2254,988.551275,-0.042176,0.333297,0.152369,0.880366,0.0
11,500000,480,2251,2026-09-08T16:15:10.820Z,120,2026-09-08T18:15:36.000Z,frozen_session6,1000000,0,trim25,587217,7247,1901,0,1,True,,,,trim@2252,989.253638,0.660187,0.613155,1.633037,0.98974,0.702363
11,500000,480,2251,2026-09-08T16:15:10.820Z,120,2026-09-08T18:15:36.000Z,frozen_session6,1000000,0,hold80,774307,7247,1901,0,0,False,,,,,989.789363,1.195912,0.333297,2.16351,1.301138,1.238088
11,500000,480,2251,2026-09-08T16:15:10.820Z,120,2026-09-08T18:15:36.000Z,frozen_session6,1000000,600,recenter60,703910,185,0,0,0,True,inventory_cap,,Frozen mint minimum unavailable,exit@2254,988.551275,-0.042176,0.333297,0.152369,0.880366,0.0
11,500000,480,2251,2026-09-08T16:15:10.820Z,120,2026-09-08T18:15:36.000Z,frozen_session6,500000,0,guard60,703904,185,0,0,0,False,inventory_cap,,,exit@2254,988.475111,-0.11834,0.333297,0.076183,0.95653,0.0
11,500000,480,2251,2026-09-08T16:15:10.820Z,120,2026-09-08T18:15:36.000Z,frozen_session6,500000,0,exit_early,545147,62,0,0,0,True,early_inventory_exit,,,exit@2252,988.777023,0.183572,0.333297,0.019026,0.654618,0.301912
11,500000,480,2251,2026-09-08T16:15:10.820Z,120,2026-09-08T18:15:36.000Z,frozen_session6,500000,0,recenter60,703904,185,0,0,0,True,inventory_cap,,Frozen mint minimum unavailable,exit@2254,988.475111,-0.11834,0.333297,0.076183,0.95653,0.0
11,500000,480,2251,2026-09-08T16:15:10.820Z,120,2026-09-08T18:15:36.000Z,frozen_session6,500000,0,trim25,587260,7247,1901,0,1,True,,,,trim@2252,988.437634,-0.155817,0.613155,0.816497,1.085596,-0.037477
11,500000,480,2251,2026-09-08T16:15:10.820Z,120,2026-09-08T18:15:36.000Z,frozen_session6,500000,0,hold80,774538,7247,1901,0,0,False,,,,,988.708293,0.114842,0.333297,1.081731,1.428892,0.233182
11,500000,480,2251,2026-09-08T16:15:10.820Z,120,2026-09-08T18:15:36.000Z,frozen_session6,500000,600,recenter60,703904,185,0,0,0,True,inventory_cap,,Frozen mint minimum unavailable,exit@2254,988.475111,-0.11834,0.333297,0.076183,0.95653,0.0
11,500000,480,2251,2026-09-08T16:15:10.820Z,120,2026-09-08T18:15:36.000Z,source_block_54,1000000,0,guard60,704472,185,0,0,0,False,inventory_cap,,,exit@2254,987.759669,-0.833782,1.124903,0.152369,1.671972,0.0
11,500000,480,2251,2026-09-08T16:15:10.820Z,120,2026-09-08T18:15:36.000Z,source_block_54,1000000,0,exit_early,545584,62,0,0,0,True,early_inventory_exit,,,exit@2252,988.004437,-0.589014,1.124903,0.038053,1.427204,0.244768
11,500000,480,2251,2026-09-08T16:15:10.820Z,120,2026-09-08T18:15:36.000Z,source_block_54,1000000,0,recenter60,704472,185,0,0,0,True,inventory_cap,,Frozen mint minimum unavailable,exit@2254,987.759669,-0.833782,1.124903,0.152369,1.671972,0.0
11,500000,480,2251,2026-09-08T16:15:10.820Z,120,2026-09-08T18:15:36.000Z,source_block_54,1000000,0,trim25,588103,7247,1901,0,1,True,,,,trim@2252,987.763799,-0.829652,2.102994,1.633037,1.471204,0.00413
11,500000,480,2251,2026-09-08T16:15:10.820Z,120,2026-09-08T18:15:36.000Z,source_block_54,1000000,0,hold80,774927,7247,1901,0,0,False,,,,,988.997757,0.404306,1.124903,2.16351,1.301138,1.238088
11,500000,480,2251,2026-09-08T16:15:10.820Z,120,2026-09-08T18:15:36.000Z,source_block_54,1000000,600,recenter60,704472,185,0,0,0,True,inventory_cap,,Frozen mint minimum unavailable,exit@2254,987.759669,-0.833782,1.124903,0.152369,1.671972,0.0
11,500000,480,2251,2026-09-08T16:15:10.820Z,120,2026-09-08T18:15:36.000Z,source_block_54,500000,0,guard60,704467,185,0,0,0,False,inventory_cap,,,exit@2254,987.683505,-0.909946,1.124903,0.076183,1.748136,0.0
11,500000,480,2251,2026-09-08T16:15:10.820Z,120,2026-09-08T18:15:36.000Z,source_block_54,500000,0,exit_early,545583,62,0,0,0,True,early_inventory_exit,,,exit@2252,987.985417,-0.608034,1.124903,0.019026,1.446224,0.301912
11,500000,480,2251,2026-09-08T16:15:10.820Z,120,2026-09-08T18:15:36.000Z,source_block_54,500000,0,recenter60,704467,185,0,0,0,True,inventory_cap,,Frozen mint minimum unavailable,exit@2254,987.683505,-0.909946,1.124903,0.076183,1.748136,0.0
11,500000,480,2251,2026-09-08T16:15:10.820Z,120,2026-09-08T18:15:36.000Z,source_block_54,500000,0,trim25,588147,7247,1901,0,1,True,,,,trim@2252,986.947795,-1.645656,2.102994,0.816497,1.572678,-0.73571
11,500000,480,2251,2026-09-08T16:15:10.820Z,120,2026-09-08T18:15:36.000Z,source_block_54,500000,0,hold80,775159,7247,1901,0,0,False,,,,,987.916687,-0.676764,1.124903,1.081731,1.428892,0.233182
11,500000,480,2251,2026-09-08T16:15:10.820Z,120,2026-09-08T18:15:36.000Z,source_block_54,500000,600,recenter60,704467,185,0,0,0,True,inventory_cap,,Frozen mint minimum unavailable,exit@2254,987.683505,-0.909946,1.124903,0.076183,1.748136,0.0
12,500000,551,2322,2026-09-08T17:28:00.746Z,30,2026-09-08T17:58:15.000Z,frozen_session6,1000000,0,guard60,581369,1842,0,0,0,False,,,,,988.973176,-0.067534,0.333297,0.526055,0.140125,0.0
12,500000,551,2322,2026-09-08T17:28:00.746Z,30,2026-09-08T17:58:15.000Z,frozen_session6,1000000,0,exit_early,580658,61,0,0,0,True,early_inventory_exit,,,exit@2323,988.078476,-0.962234,0.333297,0.004803,0.64064,-0.8947
12,500000,551,2322,2026-09-08T17:28:00.746Z,30,2026-09-08T17:58:15.000Z,frozen_session6,1000000,0,recenter60,581369,1842,0,0,0,True,,,Frozen mint minimum unavailable,,988.973176,-0.067534,0.333297,0.526055,0.140125,0.0
12,500000,551,2322,2026-09-08T17:28:00.746Z,30,2026-09-08T17:58:15.000Z,frozen_session6,1000000,0,trim25,580658,1842,0,0,1,True,,,,trim@2323,988.46828,-0.57243,0.613155,0.395933,0.370121,-0.504896
12,500000,551,2322,2026-09-08T17:28:00.746Z,30,2026-09-08T17:58:15.000Z,frozen_session6,1000000,0,hold80,581369,1842,0,0,0,False,,,,,988.973176,-0.067534,0.333297,0.526055,0.140125,0.0
12,500000,551,2322,2026-09-08T17:28:00.746Z,30,2026-09-08T17:58:15.000Z,frozen_session6,1000000,600,recenter60,581369,1842,0,0,0,True,,,Frozen mint minimum unavailable,,988.973176,-0.067534,0.333297,0.526055,0.140125,0.0
12,500000,551,2322,2026-09-08T17:28:00.746Z,30,2026-09-08T17:58:15.000Z,frozen_session6,500000,0,guard60,581369,1842,0,0,0,False,,,,,988.710234,-0.330476,0.333297,0.263021,0.184863,0.0
12,500000,551,2322,2026-09-08T17:28:00.746Z,30,2026-09-08T17:58:15.000Z,frozen_session6,500000,0,exit_early,580657,61,0,0,0,True,early_inventory_exit,,,exit@2323,988.076075,-0.964635,0.333297,0.002401,0.643041,-0.634159
12,500000,551,2322,2026-09-08T17:28:00.746Z,30,2026-09-08T17:58:15.000Z,frozen_session6,500000,0,recenter60,581369,1842,0,0,0,True,,,Frozen mint minimum unavailable,,988.710234,-0.330476,0.333297,0.263021,0.184863,0.0
12,500000,551,2322,2026-09-08T17:28:00.746Z,30,2026-09-08T17:58:15.000Z,frozen_session6,500000,0,trim25,580657,1842,0,0,1,True,,,,trim@2323,988.270374,-0.770336,0.613155,0.197961,0.374207,-0.43986
12,500000,551,2322,2026-09-08T17:28:00.746Z,30,2026-09-08T17:58:15.000Z,frozen_session6,500000,0,hold80,581369,1842,0,0,0,False,,,,,988.710234,-0.330476,0.333297,0.263021,0.184863,0.0
12,500000,551,2322,2026-09-08T17:28:00.746Z,30,2026-09-08T17:58:15.000Z,frozen_session6,500000,600,recenter60,581369,1842,0,0,0,True,,,Frozen mint minimum unavailable,,988.710234,-0.330476,0.333297,0.263021,0.184863,0.0
12,500000,551,2322,2026-09-08T17:28:00.746Z,30,2026-09-08T17:58:15.000Z,source_block_54,1000000,0,guard60,581835,1842,0,0,0,False,,,,,988.18157,-0.85914,1.124903,0.526055,0.140125,0.0
12,500000,551,2322,2026-09-08T17:28:00.746Z,30,2026-09-08T17:58:15.000Z,source_block_54,1000000,0,exit_early,581123,61,0,0,0,True,early_inventory_exit,,,exit@2323,987.28687,-1.75384,1.124903,0.004803,1.432246,-0.8947
12,500000,551,2322,2026-09-08T17:28:00.746Z,30,2026-09-08T17:58:15.000Z,source_block_54,1000000,0,recenter60,581835,1842,0,0,0,True,,,Frozen mint minimum unavailable,,988.18157,-0.85914,1.124903,0.526055,0.140125,0.0
12,500000,551,2322,2026-09-08T17:28:00.746Z,30,2026-09-08T17:58:15.000Z,source_block_54,1000000,0,trim25,581123,1842,0,0,1,True,,,,trim@2323,986.978441,-2.062269,2.102994,0.395933,1.068354,-1.203129
12,500000,551,2322,2026-09-08T17:28:00.746Z,30,2026-09-08T17:58:15.000Z,source_block_54,1000000,0,hold80,581835,1842,0,0,0,False,,,,,988.18157,-0.85914,1.124903,0.526055,0.140125,0.0
12,500000,551,2322,2026-09-08T17:28:00.746Z,30,2026-09-08T17:58:15.000Z,source_block_54,1000000,600,recenter60,581835,1842,0,0,0,True,,,Frozen mint minimum unavailable,,988.18157,-0.85914,1.124903,0.526055,0.140125,0.0
12,500000,551,2322,2026-09-08T17:28:00.746Z,30,2026-09-08T17:58:15.000Z,source_block_54,500000,0,guard60,581835,1842,0,0,0,False,,,,,987.918628,-1.122082,1.124903,0.263021,0.184863,0.0
12,500000,551,2322,2026-09-08T17:28:00.746Z,30,2026-09-08T17:58:15.000Z,source_block_54,500000,0,exit_early,581123,61,0,0,0,True,early_inventory_exit,,,exit@2323,987.284469,-1.756241,1.124903,0.002401,1.434647,-0.634159
12,500000,551,2322,2026-09-08T17:28:00.746Z,30,2026-09-08T17:58:15.000Z,source_block_54,500000,0,recenter60,581835,1842,0,0,0,True,,,Frozen mint minimum unavailable,,987.918628,-1.122082,1.124903,0.263021,0.184863,0.0
12,500000,551,2322,2026-09-08T17:28:00.746Z,30,2026-09-08T17:58:15.000Z,source_block_54,500000,0,trim25,581123,1842,0,0,1,True,,,,trim@2323,986.780535,-2.260175,2.102994,0.197961,1.07244,-1.138093
12,500000,551,2322,2026-09-08T17:28:00.746Z,30,2026-09-08T17:58:15.000Z,source_block_54,500000,0,hold80,581835,1842,0,0,0,False,,,,,987.918628,-1.122082,1.124903,0.263021,0.184863,0.0
12,500000,551,2322,2026-09-08T17:28:00.746Z,30,2026-09-08T17:58:15.000Z,source_block_54,500000,600,recenter60,581835,1842,0,0,0,True,,,Frozen mint minimum unavailable,,987.918628,-1.122082,1.124903,0.263021,0.184863,0.0
12,500000,551,2322,2026-09-08T17:28:00.746Z,120,2026-09-08T19:28:18.000Z,frozen_session6,1000000,0,guard60,581369,3372,0,0,0,False,historical_guard,,,exit@2375,989.530694,1.587988,0.333297,0.920838,0.53117,0.0
12,500000,551,2322,2026-09-08T17:28:00.746Z,120,2026-09-08T19:28:18.000Z,frozen_session6,1000000,0,exit_early,580658,61,0,0,0,True,early_inventory_exit,,,exit@2323,988.078476,0.13577,0.333297,0.004803,0.64064,-1.452218
12,500000,551,2322,2026-09-08T17:28:00.746Z,120,2026-09-08T19:28:18.000Z,frozen_session6,1000000,0,recenter60,581369,3372,0,0,0,True,historical_guard,,Frozen mint minimum unavailable,exit@2375,989.530694,1.587988,0.333297,0.920838,0.53117,0.0
12,500000,551,2322,2026-09-08T17:28:00.746Z,120,2026-09-08T19:28:18.000Z,frozen_session6,1000000,0,trim25,580658,3372,0,0,1,True,historical_guard,,,trim@2323; exit@2375,988.88548,0.942774,0.613155,0.692181,0.479877,-0.645214
12,500000,551,2322,2026-09-08T17:28:00.746Z,120,2026-09-08T19:28:18.000Z,frozen_session6,1000000,0,hold80,581369,3372,0,0,0,False,historical_guard,,,exit@2375,989.530694,1.587988,0.333297,0.920838,0.53117,0.0
12,500000,551,2322,2026-09-08T17:28:00.746Z,120,2026-09-08T19:28:18.000Z,frozen_session6,1000000,600,recenter60,581369,3372,0,0,0,True,historical_guard,,Frozen mint minimum unavailable,exit@2375,989.530694,1.587988,0.333297,0.920838,0.53117,0.0
12,500000,551,2322,2026-09-08T17:28:00.746Z,120,2026-09-08T19:28:18.000Z,frozen_session6,500000,0,guard60,581369,3372,0,0,0,False,historical_guard,,,exit@2375,989.070333,1.127627,0.333297,0.460407,0.531062,0.0
12,500000,551,2322,2026-09-08T17:28:00.746Z,120,2026-09-08T19:28:18.000Z,frozen_session6,500000,0,exit_early,580657,61,0,0,0,True,early_inventory_exit,,,exit@2323,988.076075,0.133369,0.333297,0.002401,0.643041,-0.994258
12,500000,551,2322,2026-09-08T17:28:00.746Z,120,2026-09-08T19:28:18.000Z,frozen_session6,500000,0,recenter60,581369,3372,0,0,0,True,historical_guard,,Frozen mint minimum unavailable,exit@2375,989.070333,1.127627,0.333297,0.460407,0.531062,0.0
12,500000,551,2322,2026-09-08T17:28:00.746Z,120,2026-09-08T19:28:18.000Z,frozen_session6,500000,0,trim25,580657,3372,0,0,1,True,historical_guard,,,trim@2323; exit@2375,988.539426,0.59672,0.613155,0.346078,0.479797,-0.530907
12,500000,551,2322,2026-09-08T17:28:00.746Z,120,2026-09-08T19:28:18.000Z,frozen_session6,500000,0,hold80,581369,3372,0,0,0,False,historical_guard,,,exit@2375,989.070333,1.127627,0.333297,0.460407,0.531062,0.0
12,500000,551,2322,2026-09-08T17:28:00.746Z,120,2026-09-08T19:28:18.000Z,frozen_session6,500000,600,recenter60,581369,3372,0,0,0,True,historical_guard,,Frozen mint minimum unavailable,exit@2375,989.070333,1.127627,0.333297,0.460407,0.531062,0.0
12,500000,551,2322,2026-09-08T17:28:00.746Z,120,2026-09-08T19:28:18.000Z,source_block_54,1000000,0,guard60,581835,3372,0,0,0,False,historical_guard,,,exit@2375,988.739088,0.796382,1.124903,0.920838,1.322776,0.0
12,500000,551,2322,2026-09-08T17:28:00.746Z,120,2026-09-08T19:28:18.000Z,source_block_54,1000000,0,exit_early,581123,61,0,0,0,True,early_inventory_exit,,,exit@2323,987.28687,-0.655836,1.124903,0.004803,1.432246,-1.452218
12,500000,551,2322,2026-09-08T17:28:00.746Z,120,2026-09-08T19:28:18.000Z,source_block_54,1000000,0,recenter60,581835,3372,0,0,0,True,historical_guard,,Frozen mint minimum unavailable,exit@2375,988.739088,0.796382,1.124903,0.920838,1.322776,0.0
12,500000,551,2322,2026-09-08T17:28:00.746Z,120,2026-09-08T19:28:18.000Z,source_block_54,1000000,0,trim25,581123,3372,0,0,1,True,historical_guard,,,trim@2323; exit@2375,987.395641,-0.547065,2.102994,0.692181,1.323475,-1.343447
12,500000,551,2322,2026-09-08T17:28:00.746Z,120,2026-09-08T19:28:18.000Z,source_block_54,1000000,0,hold80,581835,3372,0,0,0,False,historical_guard,,,exit@2375,988.739088,0.796382,1.124903,0.920838,1.322776,0.0
12,500000,551,2322,2026-09-08T17:28:00.746Z,120,2026-09-08T19:28:18.000Z,source_block_54,1000000,600,recenter60,581835,3372,0,0,0,True,historical_guard,,Frozen mint minimum unavailable,exit@2375,988.739088,0.796382,1.124903,0.920838,1.322776,0.0
12,500000,551,2322,2026-09-08T17:28:00.746Z,120,2026-09-08T19:28:18.000Z,source_block_54,500000,0,guard60,581835,3372,0,0,0,False,historical_guard,,,exit@2375,988.278727,0.336021,1.124903,0.460407,1.322668,0.0
12,500000,551,2322,2026-09-08T17:28:00.746Z,120,2026-09-08T19:28:18.000Z,source_block_54,500000,0,exit_early,581123,61,0,0,0,True,early_inventory_exit,,,exit@2323,987.284469,-0.658237,1.124903,0.002401,1.434647,-0.994258
12,500000,551,2322,2026-09-08T17:28:00.746Z,120,2026-09-08T19:28:18.000Z,source_block_54,500000,0,recenter60,581835,3372,0,0,0,True,historical_guard,,Frozen mint minimum unavailable,exit@2375,988.278727,0.336021,1.124903,0.460407,1.322668,0.0
12,500000,551,2322,2026-09-08T17:28:00.746Z,120,2026-09-08T19:28:18.000Z,source_block_54,500000,0,trim25,581123,3372,0,0,1,True,historical_guard,,,trim@2323; exit@2375,987.049587,-0.893119,2.102994,0.346078,1.669529,-1.22914
12,500000,551,2322,2026-09-08T17:28:00.746Z,120,2026-09-08T19:28:18.000Z,source_block_54,500000,0,hold80,581835,3372,0,0,0,False,historical_guard,,,exit@2375,988.278727,0.336021,1.124903,0.460407,1.322668,0.0
12,500000,551,2322,2026-09-08T17:28:00.746Z,120,2026-09-08T19:28:18.000Z,source_block_54,500000,600,recenter60,581835,3372,0,0,0,True,historical_guard,,Frozen mint minimum unavailable,exit@2375,988.278727,0.336021,1.124903,0.460407,1.322668,0.0
12,550000,551,2322,2026-09-08T17:28:00.746Z,30,2026-09-08T17:58:15.000Z,frozen_session6,1000000,0,guard60,581369,1842,0,0,0,False,,,,,988.973176,-0.067534,0.333297,0.526055,0.140125,0.0
12,550000,551,2322,2026-09-08T17:28:00.746Z,30,2026-09-08T17:58:15.000Z,frozen_session6,1000000,0,exit_early,580658,61,0,0,0,True,early_inventory_exit,,,exit@2323,988.078476,-0.962234,0.333297,0.004803,0.64064,-0.8947
12,550000,551,2322,2026-09-08T17:28:00.746Z,30,2026-09-08T17:58:15.000Z,frozen_session6,1000000,0,recenter60,581369,1842,0,0,0,True,,,Frozen mint minimum unavailable,,988.973176,-0.067534,0.333297,0.526055,0.140125,0.0
12,550000,551,2322,2026-09-08T17:28:00.746Z,30,2026-09-08T17:58:15.000Z,frozen_session6,1000000,0,trim25,580658,1842,0,0,1,True,,,,trim@2323,988.46828,-0.57243,0.613155,0.395933,0.370121,-0.504896
12,550000,551,2322,2026-09-08T17:28:00.746Z,30,2026-09-08T17:58:15.000Z,frozen_session6,1000000,0,hold80,581369,1842,0,0,0,False,,,,,988.973176,-0.067534,0.333297,0.526055,0.140125,0.0
12,550000,551,2322,2026-09-08T17:28:00.746Z,30,2026-09-08T17:58:15.000Z,frozen_session6,1000000,600,recenter60,581369,1842,0,0,0,True,,,Frozen mint minimum unavailable,,988.973176,-0.067534,0.333297,0.526055,0.140125,0.0
12,550000,551,2322,2026-09-08T17:28:00.746Z,30,2026-09-08T17:58:15.000Z,frozen_session6,500000,0,guard60,581369,1842,0,0,0,False,,,,,988.710234,-0.330476,0.333297,0.263021,0.184863,0.0
12,550000,551,2322,2026-09-08T17:28:00.746Z,30,2026-09-08T17:58:15.000Z,frozen_session6,500000,0,exit_early,580657,61,0,0,0,True,early_inventory_exit,,,exit@2323,988.076075,-0.964635,0.333297,0.002401,0.643041,-0.634159
12,550000,551,2322,2026-09-08T17:28:00.746Z,30,2026-09-08T17:58:15.000Z,frozen_session6,500000,0,recenter60,581369,1842,0,0,0,True,,,Frozen mint minimum unavailable,,988.710234,-0.330476,0.333297,0.263021,0.184863,0.0
12,550000,551,2322,2026-09-08T17:28:00.746Z,30,2026-09-08T17:58:15.000Z,frozen_session6,500000,0,trim25,580657,1842,0,0,1,True,,,,trim@2323,988.270374,-0.770336,0.613155,0.197961,0.374207,-0.43986
12,550000,551,2322,2026-09-08T17:28:00.746Z,30,2026-09-08T17:58:15.000Z,frozen_session6,500000,0,hold80,581369,1842,0,0,0,False,,,,,988.710234,-0.330476,0.333297,0.263021,0.184863,0.0
12,550000,551,2322,2026-09-08T17:28:00.746Z,30,2026-09-08T17:58:15.000Z,frozen_session6,500000,600,recenter60,581369,1842,0,0,0,True,,,Frozen mint minimum unavailable,,988.710234,-0.330476,0.333297,0.263021,0.184863,0.0
12,550000,551,2322,2026-09-08T17:28:00.746Z,30,2026-09-08T17:58:15.000Z,source_block_54,1000000,0,guard60,581835,1842,0,0,0,False,,,,,988.18157,-0.85914,1.124903,0.526055,0.140125,0.0
12,550000,551,2322,2026-09-08T17:28:00.746Z,30,2026-09-08T17:58:15.000Z,source_block_54,1000000,0,exit_early,581123,61,0,0,0,True,early_inventory_exit,,,exit@2323,987.28687,-1.75384,1.124903,0.004803,1.432246,-0.8947
12,550000,551,2322,2026-09-08T17:28:00.746Z,30,2026-09-08T17:58:15.000Z,source_block_54,1000000,0,recenter60,581835,1842,0,0,0,True,,,Frozen mint minimum unavailable,,988.18157,-0.85914,1.124903,0.526055,0.140125,0.0
12,550000,551,2322,2026-09-08T17:28:00.746Z,30,2026-09-08T17:58:15.000Z,source_block_54,1000000,0,trim25,581123,1842,0,0,1,True,,,,trim@2323,986.978441,-2.062269,2.102994,0.395933,1.068354,-1.203129
12,550000,551,2322,2026-09-08T17:28:00.746Z,30,2026-09-08T17:58:15.000Z,source_block_54,1000000,0,hold80,581835,1842,0,0,0,False,,,,,988.18157,-0.85914,1.124903,0.526055,0.140125,0.0
12,550000,551,2322,2026-09-08T17:28:00.746Z,30,2026-09-08T17:58:15.000Z,source_block_54,1000000,600,recenter60,581835,1842,0,0,0,True,,,Frozen mint minimum unavailable,,988.18157,-0.85914,1.124903,0.526055,0.140125,0.0
12,550000,551,2322,2026-09-08T17:28:00.746Z,30,2026-09-08T17:58:15.000Z,source_block_54,500000,0,guard60,581835,1842,0,0,0,False,,,,,987.918628,-1.122082,1.124903,0.263021,0.184863,0.0
12,550000,551,2322,2026-09-08T17:28:00.746Z,30,2026-09-08T17:58:15.000Z,source_block_54,500000,0,exit_early,581123,61,0,0,0,True,early_inventory_exit,,,exit@2323,987.284469,-1.756241,1.124903,0.002401,1.434647,-0.634159
12,550000,551,2322,2026-09-08T17:28:00.746Z,30,2026-09-08T17:58:15.000Z,source_block_54,500000,0,recenter60,581835,1842,0,0,0,True,,,Frozen mint minimum unavailable,,987.918628,-1.122082,1.124903,0.263021,0.184863,0.0
12,550000,551,2322,2026-09-08T17:28:00.746Z,30,2026-09-08T17:58:15.000Z,source_block_54,500000,0,trim25,581123,1842,0,0,1,True,,,,trim@2323,986.780535,-2.260175,2.102994,0.197961,1.07244,-1.138093
12,550000,551,2322,2026-09-08T17:28:00.746Z,30,2026-09-08T17:58:15.000Z,source_block_54,500000,0,hold80,581835,1842,0,0,0,False,,,,,987.918628,-1.122082,1.124903,0.263021,0.184863,0.0
12,550000,551,2322,2026-09-08T17:28:00.746Z,30,2026-09-08T17:58:15.000Z,source_block_54,500000,600,recenter60,581835,1842,0,0,0,True,,,Frozen mint minimum unavailable,,987.918628,-1.122082,1.124903,0.263021,0.184863,0.0
12,550000,551,2322,2026-09-08T17:28:00.746Z,120,2026-09-08T19:28:18.000Z,frozen_session6,1000000,0,guard60,581369,3372,0,0,0,False,historical_guard,,,exit@2375,989.530694,1.587988,0.333297,0.920838,0.53117,0.0
12,550000,551,2322,2026-09-08T17:28:00.746Z,120,2026-09-08T19:28:18.000Z,frozen_session6,1000000,0,exit_early,580658,61,0,0,0,True,early_inventory_exit,,,exit@2323,988.078476,0.13577,0.333297,0.004803,0.64064,-1.452218
12,550000,551,2322,2026-09-08T17:28:00.746Z,120,2026-09-08T19:28:18.000Z,frozen_session6,1000000,0,recenter60,581369,3372,0,0,0,True,historical_guard,,Frozen mint minimum unavailable,exit@2375,989.530694,1.587988,0.333297,0.920838,0.53117,0.0
12,550000,551,2322,2026-09-08T17:28:00.746Z,120,2026-09-08T19:28:18.000Z,frozen_session6,1000000,0,trim25,580658,3372,0,0,1,True,historical_guard,,,trim@2323; exit@2375,988.88548,0.942774,0.613155,0.692181,0.479877,-0.645214
12,550000,551,2322,2026-09-08T17:28:00.746Z,120,2026-09-08T19:28:18.000Z,frozen_session6,1000000,0,hold80,581369,3372,0,0,0,False,historical_guard,,,exit@2375,989.530694,1.587988,0.333297,0.920838,0.53117,0.0
12,550000,551,2322,2026-09-08T17:28:00.746Z,120,2026-09-08T19:28:18.000Z,frozen_session6,1000000,600,recenter60,581369,3372,0,0,0,True,historical_guard,,Frozen mint minimum unavailable,exit@2375,989.530694,1.587988,0.333297,0.920838,0.53117,0.0
12,550000,551,2322,2026-09-08T17:28:00.746Z,120,2026-09-08T19:28:18.000Z,frozen_session6,500000,0,guard60,581369,3372,0,0,0,False,historical_guard,,,exit@2375,989.070333,1.127627,0.333297,0.460407,0.531062,0.0
12,550000,551,2322,2026-09-08T17:28:00.746Z,120,2026-09-08T19:28:18.000Z,frozen_session6,500000,0,exit_early,580657,61,0,0,0,True,early_inventory_exit,,,exit@2323,988.076075,0.133369,0.333297,0.002401,0.643041,-0.994258
12,550000,551,2322,2026-09-08T17:28:00.746Z,120,2026-09-08T19:28:18.000Z,frozen_session6,500000,0,recenter60,581369,3372,0,0,0,True,historical_guard,,Frozen mint minimum unavailable,exit@2375,989.070333,1.127627,0.333297,0.460407,0.531062,0.0
12,550000,551,2322,2026-09-08T17:28:00.746Z,120,2026-09-08T19:28:18.000Z,frozen_session6,500000,0,trim25,580657,3372,0,0,1,True,historical_guard,,,trim@2323; exit@2375,988.539426,0.59672,0.613155,0.346078,0.479797,-0.530907
12,550000,551,2322,2026-09-08T17:28:00.746Z,120,2026-09-08T19:28:18.000Z,frozen_session6,500000,0,hold80,581369,3372,0,0,0,False,historical_guard,,,exit@2375,989.070333,1.127627,0.333297,0.460407,0.531062,0.0
12,550000,551,2322,2026-09-08T17:28:00.746Z,120,2026-09-08T19:28:18.000Z,frozen_session6,500000,600,recenter60,581369,3372,0,0,0,True,historical_guard,,Frozen mint minimum unavailable,exit@2375,989.070333,1.127627,0.333297,0.460407,0.531062,0.0
12,550000,551,2322,2026-09-08T17:28:00.746Z,120,2026-09-08T19:28:18.000Z,source_block_54,1000000,0,guard60,581835,3372,0,0,0,False,historical_guard,,,exit@2375,988.739088,0.796382,1.124903,0.920838,1.322776,0.0
12,550000,551,2322,2026-09-08T17:28:00.746Z,120,2026-09-08T19:28:18.000Z,source_block_54,1000000,0,exit_early,581123,61,0,0,0,True,early_inventory_exit,,,exit@2323,987.28687,-0.655836,1.124903,0.004803,1.432246,-1.452218
12,550000,551,2322,2026-09-08T17:28:00.746Z,120,2026-09-08T19:28:18.000Z,source_block_54,1000000,0,recenter60,581835,3372,0,0,0,True,historical_guard,,Frozen mint minimum unavailable,exit@2375,988.739088,0.796382,1.124903,0.920838,1.322776,0.0
12,550000,551,2322,2026-09-08T17:28:00.746Z,120,2026-09-08T19:28:18.000Z,source_block_54,1000000,0,trim25,581123,3372,0,0,1,True,historical_guard,,,trim@2323; exit@2375,987.395641,-0.547065,2.102994,0.692181,1.323475,-1.343447
12,550000,551,2322,2026-09-08T17:28:00.746Z,120,2026-09-08T19:28:18.000Z,source_block_54,1000000,0,hold80,581835,3372,0,0,0,False,historical_guard,,,exit@2375,988.739088,0.796382,1.124903,0.920838,1.322776,0.0
12,550000,551,2322,2026-09-08T17:28:00.746Z,120,2026-09-08T19:28:18.000Z,source_block_54,1000000,600,recenter60,581835,3372,0,0,0,True,historical_guard,,Frozen mint minimum unavailable,exit@2375,988.739088,0.796382,1.124903,0.920838,1.322776,0.0
12,550000,551,2322,2026-09-08T17:28:00.746Z,120,2026-09-08T19:28:18.000Z,source_block_54,500000,0,guard60,581835,3372,0,0,0,False,historical_guard,,,exit@2375,988.278727,0.336021,1.124903,0.460407,1.322668,0.0
12,550000,551,2322,2026-09-08T17:28:00.746Z,120,2026-09-08T19:28:18.000Z,source_block_54,500000,0,exit_early,581123,61,0,0,0,True,early_inventory_exit,,,exit@2323,987.284469,-0.658237,1.124903,0.002401,1.434647,-0.994258
12,550000,551,2322,2026-09-08T17:28:00.746Z,120,2026-09-08T19:28:18.000Z,source_block_54,500000,0,recenter60,581835,3372,0,0,0,True,historical_guard,,Frozen mint minimum unavailable,exit@2375,988.278727,0.336021,1.124903,0.460407,1.322668,0.0
12,550000,551,2322,2026-09-08T17:28:00.746Z,120,2026-09-08T19:28:18.000Z,source_block_54,500000,0,trim25,581123,3372,0,0,1,True,historical_guard,,,trim@2323; exit@2375,987.049587,-0.893119,2.102994,0.346078,1.669529,-1.22914
12,550000,551,2322,2026-09-08T17:28:00.746Z,120,2026-09-08T19:28:18.000Z,source_block_54,500000,0,hold80,581835,3372,0,0,0,False,historical_guard,,,exit@2375,988.278727,0.336021,1.124903,0.460407,1.322668,0.0
12,550000,551,2322,2026-09-08T17:28:00.746Z,120,2026-09-08T19:28:18.000Z,source_block_54,500000,600,recenter60,581835,3372,0,0,0,True,historical_guard,,Frozen mint minimum unavailable,exit@2375,988.278727,0.336021,1.124903,0.460407,1.322668,0.0
18,500000,726,2498,2026-09-08T20:38:42.303Z,30,2026-09-08T21:08:41.000Z,frozen_session6,1000000,0,guard60,510798,1841,0,0,0,False,,,,,982.585245,-0.30356,0.333297,0.26297,0.048293,0.0
18,500000,726,2498,2026-09-08T20:38:42.303Z,30,2026-09-08T21:08:41.000Z,frozen_session6,1000000,0,exit_early,510798,64,0,0,0,True,early_inventory_exit,,,exit@2499,982.207287,-0.681518,0.333297,0.01342,0.599083,-0.377958
18,500000,726,2498,2026-09-08T20:38:42.303Z,30,2026-09-08T21:08:41.000Z,frozen_session6,1000000,0,recenter60,510798,1841,0,0,0,True,,,Frozen mint minimum unavailable,,982.585245,-0.30356,0.333297,0.26297,0.048293,0.0
18,500000,726,2498,2026-09-08T20:38:42.303Z,30,2026-09-08T21:08:41.000Z,frozen_session6,1000000,0,trim25,510798,1841,0,0,1,True,,,,trim@2499,982.212055,-0.67675,0.613155,0.200673,0.340446,-0.37319
18,500000,726,2498,2026-09-08T20:38:42.303Z,30,2026-09-08T21:08:41.000Z,frozen_session6,1000000,0,hold80,510798,1841,0,0,0,False,,,,,982.585245,-0.30356,0.333297,0.26297,0.048293,0.0
18,500000,726,2498,2026-09-08T20:38:42.303Z,30,2026-09-08T21:08:41.000Z,frozen_session6,1000000,600,recenter60,510798,1841,0,0,0,False,,,,,982.585245,-0.30356,0.333297,0.26297,0.048293,0.0
18,500000,726,2498,2026-09-08T20:38:42.303Z,30,2026-09-08T21:08:41.000Z,frozen_session6,500000,0,guard60,510797,1841,0,0,0,False,,,,,982.45378,-0.435025,0.333297,0.131475,0.077485,0.0
18,500000,726,2498,2026-09-08T20:38:42.303Z,30,2026-09-08T21:08:41.000Z,frozen_session6,500000,0,exit_early,510797,64,0,0,0,True,early_inventory_exit,,,exit@2499,982.200579,-0.688226,0.333297,0.00671,0.605791,-0.253201
18,500000,726,2498,2026-09-08T20:38:42.303Z,30,2026-09-08T21:08:41.000Z,frozen_session6,500000,0,recenter60,510797,1841,0,0,0,True,,,Frozen mint minimum unavailable,,982.45378,-0.435025,0.333297,0.131475,0.077485,0.0
18,500000,726,2498,2026-09-08T20:38:42.303Z,30,2026-09-08T21:08:41.000Z,frozen_session6,500000,0,trim25,510797,1841,0,0,1,True,,,,trim@2499,982.111733,-0.777072,0.613155,0.100327,0.348962,-0.342047
18,500000,726,2498,2026-09-08T20:38:42.303Z,30,2026-09-08T21:08:41.000Z,frozen_session6,500000,0,hold80,510797,1841,0,0,0,False,,,,,982.45378,-0.435025,0.333297,0.131475,0.077485,0.0
18,500000,726,2498,2026-09-08T20:38:42.303Z,30,2026-09-08T21:08:41.000Z,frozen_session6,500000,600,recenter60,510797,1841,0,0,0,False,,,,,982.45378,-0.435025,0.333297,0.131475,0.077485,0.0
18,500000,726,2498,2026-09-08T20:38:42.303Z,30,2026-09-08T21:08:41.000Z,source_block_54,1000000,0,guard60,511210,1841,0,0,0,False,,,,,981.793639,-1.095166,1.124903,0.26297,0.048293,0.0
18,500000,726,2498,2026-09-08T20:38:42.303Z,30,2026-09-08T21:08:41.000Z,source_block_54,1000000,0,exit_early,511210,64,0,0,0,True,early_inventory_exit,,,exit@2499,981.415681,-1.473124,1.124903,0.01342,1.390689,-0.377958
18,500000,726,2498,2026-09-08T20:38:42.303Z,30,2026-09-08T21:08:41.000Z,source_block_54,1000000,0,recenter60,511210,1841,0,0,0,True,,,Frozen mint minimum unavailable,,981.793639,-1.095166,1.124903,0.26297,0.048293,0.0
18,500000,726,2498,2026-09-08T20:38:42.303Z,30,2026-09-08T21:08:41.000Z,source_block_54,1000000,0,trim25,511210,1841,0,0,1,True,,,,trim@2499,980.722216,-2.166589,2.102994,0.200673,1.038679,-1.071423
18,500000,726,2498,2026-09-08T20:38:42.303Z,30,2026-09-08T21:08:41.000Z,source_block_54,1000000,0,hold80,511210,1841,0,0,0,False,,,,,981.793639,-1.095166,1.124903,0.26297,0.048293,0.0
18,500000,726,2498,2026-09-08T20:38:42.303Z,30,2026-09-08T21:08:41.000Z,source_block_54,1000000,600,recenter60,511210,1841,0,0,0,False,,,,,981.793639,-1.095166,1.124903,0.26297,0.048293,0.0
18,500000,726,2498,2026-09-08T20:38:42.303Z,30,2026-09-08T21:08:41.000Z,source_block_54,500000,0,guard60,511209,1841,0,0,0,False,,,,,981.662174,-1.226631,1.124903,0.131475,0.077485,0.0
18,500000,726,2498,2026-09-08T20:38:42.303Z,30,2026-09-08T21:08:41.000Z,source_block_54,500000,0,exit_early,511209,64,0,0,0,True,early_inventory_exit,,,exit@2499,981.408973,-1.479832,1.124903,0.00671,1.397397,-0.253201
18,500000,726,2498,2026-09-08T20:38:42.303Z,30,2026-09-08T21:08:41.000Z,source_block_54,500000,0,recenter60,511209,1841,0,0,0,True,,,Frozen mint minimum unavailable,,981.662174,-1.226631,1.124903,0.131475,0.077485,0.0
18,500000,726,2498,2026-09-08T20:38:42.303Z,30,2026-09-08T21:08:41.000Z,source_block_54,500000,0,trim25,511209,1841,0,0,1,True,,,,trim@2499,980.621894,-2.266911,2.102994,0.100327,1.047195,-1.04028
18,500000,726,2498,2026-09-08T20:38:42.303Z,30,2026-09-08T21:08:41.000Z,source_block_54,500000,0,hold80,511209,1841,0,0,0,False,,,,,981.662174,-1.226631,1.124903,0.131475,0.077485,0.0
18,500000,726,2498,2026-09-08T20:38:42.303Z,30,2026-09-08T21:08:41.000Z,source_block_54,500000,600,recenter60,511209,1841,0,0,0,False,,,,,981.662174,-1.226631,1.124903,0.131475,0.077485,0.0
18,500000,726,2498,2026-09-08T20:38:42.303Z,120,2026-09-08T22:38:45.000Z,frozen_session6,1000000,0,guard60,539262,7245,0,0,0,False,,,,,983.395053,0.442425,0.333297,1.002171,0.117075,0.0
18,500000,726,2498,2026-09-08T20:38:42.303Z,120,2026-09-08T22:38:45.000Z,frozen_session6,1000000,0,exit_early,510798,64,0,0,0,True,early_inventory_exit,,,exit@2499,982.207287,-0.745341,0.333297,0.01342,0.599083,-1.187766
18,500000,726,2498,2026-09-08T20:38:42.303Z,120,2026-09-08T22:38:45.000Z,frozen_session6,1000000,0,recenter60,539262,7245,0,0,0,True,,,Frozen mint minimum unavailable,,983.395053,0.442425,0.333297,1.002171,0.117075,0.0
18,500000,726,2498,2026-09-08T20:38:42.303Z,120,2026-09-08T22:38:45.000Z,frozen_session6,1000000,0,trim25,510798,7245,0,0,1,True,,,,trim@2499,982.820033,-0.132595,0.613155,0.755366,0.340446,-0.57502
18,500000,726,2498,2026-09-08T20:38:42.303Z,120,2026-09-08T22:38:45.000Z,frozen_session6,1000000,0,hold80,539262,7245,0,0,0,False,,,,,983.395053,0.442425,0.333297,1.002171,0.117075,0.0
18,500000,726,2498,2026-09-08T20:38:42.303Z,120,2026-09-08T22:38:45.000Z,frozen_session6,1000000,600,recenter60,539262,7245,0,0,0,True,,,Frozen mint minimum unavailable,,983.395053,0.442425,0.333297,1.002171,0.117075,0.0
18,500000,726,2498,2026-09-08T20:38:42.303Z,120,2026-09-08T22:38:45.000Z,frozen_session6,500000,0,guard60,539268,7245,0,0,0,False,,,,,982.894024,-0.058604,0.333297,0.501056,0.203517,0.0
18,500000,726,2498,2026-09-08T20:38:42.303Z,120,2026-09-08T22:38:45.000Z,frozen_session6,500000,0,exit_early,510797,64,0,0,0,True,early_inventory_exit,,,exit@2499,982.200579,-0.752049,0.333297,0.00671,0.605791,-0.693445
18,500000,726,2498,2026-09-08T20:38:42.303Z,120,2026-09-08T22:38:45.000Z,frozen_session6,500000,0,recenter60,539268,7245,0,0,0,True,,,Frozen mint minimum unavailable,,982.894024,-0.058604,0.333297,0.501056,0.203517,0.0
18,500000,726,2498,2026-09-08T20:38:42.303Z,120,2026-09-08T22:38:45.000Z,frozen_session6,500000,0,trim25,510797,7245,0,0,1,True,,,,trim@2499,982.442386,-0.510242,0.613155,0.377655,0.348962,-0.451638
18,500000,726,2498,2026-09-08T20:38:42.303Z,120,2026-09-08T22:38:45.000Z,frozen_session6,500000,0,hold80,539268,7245,0,0,0,False,,,,,982.894024,-0.058604,0.333297,0.501056,0.203517,0.0
18,500000,726,2498,2026-09-08T20:38:42.303Z,120,2026-09-08T22:38:45.000Z,frozen_session6,500000,600,recenter60,539268,7245,0,0,0,True,,,Frozen mint minimum unavailable,,982.894024,-0.058604,0.333297,0.501056,0.203517,0.0
18,500000,726,2498,2026-09-08T20:38:42.303Z,120,2026-09-08T22:38:45.000Z,source_block_54,1000000,0,guard60,539696,7245,0,0,0,False,,,,,982.603447,-0.349181,1.124903,1.002171,0.117075,0.0
18,500000,726,2498,2026-09-08T20:38:42.303Z,120,2026-09-08T22:38:45.000Z,source_block_54,1000000,0,exit_early,511210,64,0,0,0,True,early_inventory_exit,,,exit@2499,981.415681,-1.536947,1.124903,0.01342,1.390689,-1.187766
18,500000,726,2498,2026-09-08T20:38:42.303Z,120,2026-09-08T22:38:45.000Z,source_block_54,1000000,0,recenter60,539696,7245,0,0,0,True,,,Frozen mint minimum unavailable,,982.603447,-0.349181,1.124903,1.002171,0.117075,0.0
18,500000,726,2498,2026-09-08T20:38:42.303Z,120,2026-09-08T22:38:45.000Z,source_block_54,1000000,0,trim25,511210,7245,0,0,1,True,,,,trim@2499,981.330194,-1.622434,2.102994,0.755366,1.038679,-1.273253
18,500000,726,2498,2026-09-08T20:38:42.303Z,120,2026-09-08T22:38:45.000Z,source_block_54,1000000,0,hold80,539696,7245,0,0,0,False,,,,,982.603447,-0.349181,1.124903,1.002171,0.117075,0.0
18,500000,726,2498,2026-09-08T20:38:42.303Z,120,2026-09-08T22:38:45.000Z,source_block_54,1000000,600,recenter60,539696,7245,0,0,0,True,,,Frozen mint minimum unavailable,,982.603447,-0.349181,1.124903,1.002171,0.117075,0.0
18,500000,726,2498,2026-09-08T20:38:42.303Z,120,2026-09-08T22:38:45.000Z,source_block_54,500000,0,guard60,539703,7245,0,0,0,False,,,,,982.102418,-0.85021,1.124903,0.501056,0.203517,0.0
18,500000,726,2498,2026-09-08T20:38:42.303Z,120,2026-09-08T22:38:45.000Z,source_block_54,500000,0,exit_early,511209,64,0,0,0,True,early_inventory_exit,,,exit@2499,981.408973,-1.543655,1.124903,0.00671,1.397397,-0.693445
18,500000,726,2498,2026-09-08T20:38:42.303Z,120,2026-09-08T22:38:45.000Z,source_block_54,500000,0,recenter60,539703,7245,0,0,0,True,,,Frozen mint minimum unavailable,,982.102418,-0.85021,1.124903,0.501056,0.203517,0.0
18,500000,726,2498,2026-09-08T20:38:42.303Z,120,2026-09-08T22:38:45.000Z,source_block_54,500000,0,trim25,511209,7245,0,0,1,True,,,,trim@2499,980.952547,-2.000081,2.102994,0.377655,1.047195,-1.149871
18,500000,726,2498,2026-09-08T20:38:42.303Z,120,2026-09-08T22:38:45.000Z,source_block_54,500000,0,hold80,539703,7245,0,0,0,False,,,,,982.102418,-0.85021,1.124903,0.501056,0.203517,0.0
18,500000,726,2498,2026-09-08T20:38:42.303Z,120,2026-09-08T22:38:45.000Z,source_block_54,500000,600,recenter60,539703,7245,0,0,0,True,,,Frozen mint minimum unavailable,,982.102418,-0.85021,1.124903,0.501056,0.203517,0.0
20,500000,943,2715,2026-09-09T00:22:36.895Z,30,2026-09-09T00:52:57.000Z,frozen_session6,1000000,0,guard60,538485,1846,0,0,0,False,,,,,980.206584,-0.401615,0.333297,0.15609,0.081491,0.0
20,500000,943,2715,2026-09-09T00:22:36.895Z,30,2026-09-09T00:52:57.000Z,frozen_session6,1000000,0,exit_early,500809,62,0,0,0,True,early_inventory_exit,,,exit@2716,979.701158,-0.907041,0.333297,0.000211,0.579914,-0.505426
20,500000,943,2715,2026-09-09T00:22:36.895Z,30,2026-09-09T00:52:57.000Z,frozen_session6,1000000,0,recenter60,536793,1846,0,1,0,True,,,,recenter@2716,979.569412,-1.038787,0.970376,0.15734,0.662428,-0.637172
20,500000,943,2715,2026-09-09T00:22:36.895Z,30,2026-09-09T00:52:57.000Z,frozen_session6,1000000,0,trim25,500809,1846,0,0,1,True,,,,trim@2716,979.797712,-0.810487,0.613155,0.117177,0.361594,-0.408872
20,500000,943,2715,2026-09-09T00:22:36.895Z,30,2026-09-09T00:52:57.000Z,frozen_session6,1000000,0,hold80,538485,1846,0,0,0,False,,,,,980.206584,-0.401615,0.333297,0.15609,0.081491,0.0
20,500000,943,2715,2026-09-09T00:22:36.895Z,30,2026-09-09T00:52:57.000Z,frozen_session6,1000000,600,recenter60,536793,1846,0,1,0,True,,,,recenter@2716,979.569412,-1.038787,0.970376,0.15734,0.662428,-0.637172
20,500000,943,2715,2026-09-09T00:22:36.895Z,30,2026-09-09T00:52:57.000Z,frozen_session6,500000,0,guard60,538483,1846,0,0,0,False,,,,,980.128527,-0.479672,0.333297,0.078038,0.098456,0.0
20,500000,943,2715,2026-09-09T00:22:36.895Z,30,2026-09-09T00:52:57.000Z,frozen_session6,500000,0,exit_early,500809,62,0,0,0,True,early_inventory_exit,,,exit@2716,979.701051,-0.907148,0.333297,0.000105,0.580005,-0.427476
20,500000,943,2715,2026-09-09T00:22:36.895Z,30,2026-09-09T00:52:57.000Z,frozen_session6,500000,0,recenter60,536791,1846,0,1,0,True,,,,recenter@2716,979.490729,-1.11747,0.970376,0.078664,0.698128,-0.637798
20,500000,943,2715,2026-09-09T00:22:36.895Z,30,2026-09-09T00:52:57.000Z,frozen_session6,500000,0,trim25,500809,1846,0,0,1,True,,,,trim@2716,979.739112,-0.869087,0.613155,0.058582,0.388169,-0.389415
20,500000,943,2715,2026-09-09T00:22:36.895Z,30,2026-09-09T00:52:57.000Z,frozen_session6,500000,0,hold80,538483,1846,0,0,0,False,,,,,980.128527,-0.479672,0.333297,0.078038,0.098456,0.0
20,500000,943,2715,2026-09-09T00:22:36.895Z,30,2026-09-09T00:52:57.000Z,frozen_session6,500000,600,recenter60,536791,1846,0,1,0,True,,,,recenter@2716,979.490729,-1.11747,0.970376,0.078664,0.698128,-0.637798
20,500000,943,2715,2026-09-09T00:22:36.895Z,30,2026-09-09T00:52:57.000Z,source_block_54,1000000,0,guard60,538920,1846,0,0,0,False,,,,,979.414978,-1.193221,1.124903,0.15609,0.081491,0.0
20,500000,943,2715,2026-09-09T00:22:36.895Z,30,2026-09-09T00:52:57.000Z,source_block_54,1000000,0,exit_early,501213,62,0,0,0,True,early_inventory_exit,,,exit@2716,978.909552,-1.698647,1.124903,0.000211,1.37152,-0.505426
20,500000,943,2715,2026-09-09T00:22:36.895Z,30,2026-09-09T00:52:57.000Z,source_block_54,1000000,0,recenter60,537994,1846,0,1,0,True,,,,recenter@2716,977.382805,-3.225394,3.156983,0.15734,2.057429,-2.032173
20,500000,943,2715,2026-09-09T00:22:36.895Z,30,2026-09-09T00:52:57.000Z,source_block_54,1000000,0,trim25,501213,1846,0,0,1,True,,,,trim@2716,978.307873,-2.300326,2.102994,0.117177,1.059827,-1.107105
20,500000,943,2715,2026-09-09T00:22:36.895Z,30,2026-09-09T00:52:57.000Z,source_block_54,1000000,0,hold80,538920,1846,0,0,0,False,,,,,979.414978,-1.193221,1.124903,0.15609,0.081491,0.0
20,500000,943,2715,2026-09-09T00:22:36.895Z,30,2026-09-09T00:52:57.000Z,source_block_54,1000000,600,recenter60,537994,1846,0,1,0,True,,,,recenter@2716,977.382805,-3.225394,3.156983,0.15734,2.057429,-2.032173
20,500000,943,2715,2026-09-09T00:22:36.895Z,30,2026-09-09T00:52:57.000Z,source_block_54,500000,0,guard60,538918,1846,0,0,0,False,,,,,979.336921,-1.271278,1.124903,0.078038,0.098456,0.0
20,500000,943,2715,2026-09-09T00:22:36.895Z,30,2026-09-09T00:52:57.000Z,source_block_54,500000,0,exit_early,501213,62,0,0,0,True,early_inventory_exit,,,exit@2716,978.909445,-1.698754,1.124903,0.000105,1.371611,-0.427476
20,500000,943,2715,2026-09-09T00:22:36.895Z,30,2026-09-09T00:52:57.000Z,source_block_54,500000,0,recenter60,537992,1846,0,1,0,True,,,,recenter@2716,977.304122,-3.304077,3.156983,0.078664,2.093129,-2.032799
20,500000,943,2715,2026-09-09T00:22:36.895Z,30,2026-09-09T00:52:57.000Z,source_block_54,500000,0,trim25,501213,1846,0,0,1,True,,,,trim@2716,978.249273,-2.358926,2.102994,0.058582,1.086402,-1.087648
20,500000,943,2715,2026-09-09T00:22:36.895Z,30,2026-09-09T00:52:57.000Z,source_block_54,500000,0,hold80,538918,1846,0,0,0,False,,,,,979.336921,-1.271278,1.124903,0.078038,0.098456,0.0
20,500000,943,2715,2026-09-09T00:22:36.895Z,30,2026-09-09T00:52:57.000Z,source_block_54,500000,600,recenter60,537992,1846,0,1,0,True,,,,recenter@2716,977.304122,-3.304077,3.156983,0.078664,2.093129,-2.032799
20,500000,943,2715,2026-09-09T00:22:36.895Z,120,2026-09-09T02:22:15.000Z,frozen_session6,1000000,0,guard60,538485,7204,0,0,0,False,,,,,981.319218,0.217658,0.333297,0.905982,0.088531,0.0
20,500000,943,2715,2026-09-09T00:22:36.895Z,120,2026-09-09T02:22:15.000Z,frozen_session6,1000000,0,exit_early,500809,62,0,0,0,True,early_inventory_exit,,,exit@2716,979.701158,-1.400402,0.333297,0.000211,0.579914,-1.61806
20,500000,943,2715,2026-09-09T00:22:36.895Z,120,2026-09-09T02:22:15.000Z,frozen_session6,1000000,0,recenter60,536793,7204,0,1,0,True,,,,recenter@2716,980.684705,-0.416855,0.970376,0.913259,0.662428,-0.634513
20,500000,943,2715,2026-09-09T00:22:36.895Z,120,2026-09-09T02:22:15.000Z,frozen_session6,1000000,0,trim25,500809,7204,0,0,1,True,,,,trim@2716,980.6277,-0.47386,0.613155,0.679856,0.361594,-0.691518
20,500000,943,2715,2026-09-09T00:22:36.895Z,120,2026-09-09T02:22:15.000Z,frozen_session6,1000000,0,hold80,538485,7204,0,0,0,False,,,,,981.319218,0.217658,0.333297,0.905982,0.088531,0.0
20,500000,943,2715,2026-09-09T00:22:36.895Z,120,2026-09-09T02:22:15.000Z,frozen_session6,1000000,600,recenter60,536793,7204,0,1,0,True,,,,recenter@2716,980.684705,-0.416855,0.970376,0.913259,0.662428,-0.634513
20,500000,943,2715,2026-09-09T00:22:36.895Z,120,2026-09-09T02:22:15.000Z,frozen_session6,500000,0,guard60,538483,7204,0,0,0,False,,,,,980.866222,-0.235338,0.333297,0.452962,0.127265,0.0
20,500000,943,2715,2026-09-09T00:22:36.895Z,120,2026-09-09T02:22:15.000Z,frozen_session6,500000,0,exit_early,500809,62,0,0,0,True,early_inventory_exit,,,exit@2716,979.701051,-1.400509,0.333297,0.000105,0.580005,-1.165171
20,500000,943,2715,2026-09-09T00:22:36.895Z,120,2026-09-09T02:22:15.000Z,frozen_session6,500000,0,recenter60,536791,7204,0,1,0,True,,,,recenter@2716,980.228069,-0.873491,0.970376,0.456602,0.698128,-0.638153
20,500000,943,2715,2026-09-09T00:22:36.895Z,120,2026-09-09T02:22:15.000Z,frozen_session6,500000,0,trim25,500809,7204,0,0,1,True,,,,trim@2716,980.28776,-0.8138,0.613155,0.339898,0.388169,-0.578462
20,500000,943,2715,2026-09-09T00:22:36.895Z,120,2026-09-09T02:22:15.000Z,frozen_session6,500000,0,hold80,538483,7204,0,0,0,False,,,,,980.866222,-0.235338,0.333297,0.452962,0.127265,0.0
20,500000,943,2715,2026-09-09T00:22:36.895Z,120,2026-09-09T02:22:15.000Z,frozen_session6,500000,600,recenter60,536791,7204,0,1,0,True,,,,recenter@2716,980.228069,-0.873491,0.970376,0.456602,0.698128,-0.638153
20,500000,943,2715,2026-09-09T00:22:36.895Z,120,2026-09-09T02:22:15.000Z,source_block_54,1000000,0,guard60,538920,7204,0,0,0,False,,,,,980.527612,-0.573948,1.124903,0.905982,0.088531,0.0
20,500000,943,2715,2026-09-09T00:22:36.895Z,120,2026-09-09T02:22:15.000Z,source_block_54,1000000,0,exit_early,501213,62,0,0,0,True,early_inventory_exit,,,exit@2716,978.909552,-2.192008,1.124903,0.000211,1.37152,-1.61806
20,500000,943,2715,2026-09-09T00:22:36.895Z,120,2026-09-09T02:22:15.000Z,source_block_54,1000000,0,recenter60,537994,7204,0,1,0,True,,,,recenter@2716,978.498098,-2.603462,3.156983,0.913259,2.057429,-2.029514
20,500000,943,2715,2026-09-09T00:22:36.895Z,120,2026-09-09T02:22:15.000Z,source_block_54,1000000,0,trim25,501213,7204,0,0,1,True,,,,trim@2716,979.137861,-1.963699,2.102994,0.679856,1.059827,-1.389751
20,500000,943,2715,2026-09-09T00:22:36.895Z,120,2026-09-09T02:22:15.000Z,source_block_54,1000000,0,hold80,538920,7204,0,0,0,False,,,,,980.527612,-0.573948,1.124903,0.905982,0.088531,0.0
20,500000,943,2715,2026-09-09T00:22:36.895Z,120,2026-09-09T02:22:15.000Z,source_block_54,1000000,600,recenter60,537994,7204,0,1,0,True,,,,recenter@2716,978.498098,-2.603462,3.156983,0.913259,2.057429,-2.029514
20,500000,943,2715,2026-09-09T00:22:36.895Z,120,2026-09-09T02:22:15.000Z,source_block_54,500000,0,guard60,538918,7204,0,0,0,False,,,,,980.074616,-1.026944,1.124903,0.452962,0.127265,0.0
20,500000,943,2715,2026-09-09T00:22:36.895Z,120,2026-09-09T02:22:15.000Z,source_block_54,500000,0,exit_early,501213,62,0,0,0,True,early_inventory_exit,,,exit@2716,978.909445,-2.192115,1.124903,0.000105,1.371611,-1.165171
20,500000,943,2715,2026-09-09T00:22:36.895Z,120,2026-09-09T02:22:15.000Z,source_block_54,500000,0,recenter60,537992,7204,0,1,0,True,,,,recenter@2716,978.041462,-3.060098,3.156983,0.456602,2.093129,-2.033154
20,500000,943,2715,2026-09-09T00:22:36.895Z,120,2026-09-09T02:22:15.000Z,source_block_54,500000,0,trim25,501213,7204,0,0,1,True,,,,trim@2716,978.797921,-2.303639,2.102994,0.339898,1.086402,-1.276695
20,500000,943,2715,2026-09-09T00:22:36.895Z,120,2026-09-09T02:22:15.000Z,source_block_54,500000,0,hold80,538918,7204,0,0,0,False,,,,,980.074616,-1.026944,1.124903,0.452962,0.127265,0.0
20,500000,943,2715,2026-09-09T00:22:36.895Z,120,2026-09-09T02:22:15.000Z,source_block_54,500000,600,recenter60,537992,7204,0,1,0,True,,,,recenter@2716,978.041462,-3.060098,3.156983,0.456602,2.093129,-2.033154
21,500000,998,2771,2026-09-09T01:19:57.971Z,30,2026-09-09T01:50:22.000Z,frozen_session6,1000000,0,guard60,504111,1848,0,0,0,False,,,,,979.644818,-0.128384,0.333297,0.457198,0.027876,0.0
21,500000,998,2771,2026-09-09T01:19:57.971Z,30,2026-09-09T01:50:22.000Z,frozen_session6,1000000,0,exit_early,504111,62,0,0,0,True,early_inventory_exit,,,exit@2772,978.742078,-1.031124,0.333297,0.010407,0.571672,-0.90274
21,500000,998,2771,2026-09-09T01:19:57.971Z,30,2026-09-09T01:50:22.000Z,frozen_session6,1000000,0,recenter60,504111,1848,0,0,0,True,,,Frozen mint minimum unavailable,,979.644818,-0.128384,0.333297,0.457198,0.027876,0.0
21,500000,998,2771,2026-09-09T01:19:57.971Z,30,2026-09-09T01:50:22.000Z,frozen_session6,1000000,0,trim25,504111,1848,0,0,0,True,,,Frozen trim funding unavailable,,979.644818,-0.128384,0.333297,0.457198,0.027876,0.0
21,500000,998,2771,2026-09-09T01:19:57.971Z,30,2026-09-09T01:50:22.000Z,frozen_session6,1000000,0,hold80,504111,1848,0,0,0,False,,,,,979.644818,-0.128384,0.333297,0.457198,0.027876,0.0
21,500000,998,2771,2026-09-09T01:19:57.971Z,30,2026-09-09T01:50:22.000Z,frozen_session6,1000000,600,recenter60,504111,1848,0,0,0,True,,,Frozen mint minimum unavailable,,979.644818,-0.128384,0.333297,0.457198,0.027876,0.0
21,500000,998,2771,2026-09-09T01:19:57.971Z,30,2026-09-09T01:50:22.000Z,frozen_session6,500000,0,guard60,504111,1848,0,0,0,False,,,,,979.41621,-0.356992,0.333297,0.22859,0.033138,0.0
21,500000,998,2771,2026-09-09T01:19:57.971Z,30,2026-09-09T01:50:22.000Z,frozen_session6,500000,0,exit_early,504111,62,0,0,0,True,early_inventory_exit,,,exit@2772,978.736875,-1.036327,0.333297,0.005203,0.571671,-0.679335
21,500000,998,2771,2026-09-09T01:19:57.971Z,30,2026-09-09T01:50:22.000Z,frozen_session6,500000,0,recenter60,504111,1848,0,0,0,True,,,Frozen mint minimum unavailable,,979.41621,-0.356992,0.333297,0.22859,0.033138,0.0
21,500000,998,2771,2026-09-09T01:19:57.971Z,30,2026-09-09T01:50:22.000Z,frozen_session6,500000,0,trim25,504111,1848,0,0,0,True,,,Frozen trim funding unavailable,,979.41621,-0.356992,0.333297,0.22859,0.033138,0.0
21,500000,998,2771,2026-09-09T01:19:57.971Z,30,2026-09-09T01:50:22.000Z,frozen_session6,500000,0,hold80,504111,1848,0,0,0,False,,,,,979.41621,-0.356992,0.333297,0.22859,0.033138,0.0
21,500000,998,2771,2026-09-09T01:19:57.971Z,30,2026-09-09T01:50:22.000Z,frozen_session6,500000,600,recenter60,504111,1848,0,0,0,True,,,Frozen mint minimum unavailable,,979.41621,-0.356992,0.333297,0.22859,0.033138,0.0
21,500000,998,2771,2026-09-09T01:19:57.971Z,30,2026-09-09T01:50:22.000Z,source_block_54,1000000,0,guard60,504519,1848,0,0,0,False,,,,,978.853212,-0.91999,1.124903,0.457198,0.027876,0.0
21,500000,998,2771,2026-09-09T01:19:57.971Z,30,2026-09-09T01:50:22.000Z,source_block_54,1000000,0,exit_early,504519,62,0,0,0,True,early_inventory_exit,,,exit@2772,977.950472,-1.82273,1.124903,0.010407,1.363278,-0.90274
21,500000,998,2771,2026-09-09T01:19:57.971Z,30,2026-09-09T01:50:22.000Z,source_block_54,1000000,0,recenter60,504519,1848,0,0,0,True,,,Frozen mint minimum unavailable,,978.853212,-0.91999,1.124903,0.457198,0.027876,0.0
21,500000,998,2771,2026-09-09T01:19:57.971Z,30,2026-09-09T01:50:22.000Z,source_block_54,1000000,0,trim25,504519,1848,0,0,0,True,,,Frozen trim funding unavailable,,978.853212,-0.91999,1.124903,0.457198,0.027876,0.0
21,500000,998,2771,2026-09-09T01:19:57.971Z,30,2026-09-09T01:50:22.000Z,source_block_54,1000000,0,hold80,504519,1848,0,0,0,False,,,,,978.853212,-0.91999,1.124903,0.457198,0.027876,0.0
21,500000,998,2771,2026-09-09T01:19:57.971Z,30,2026-09-09T01:50:22.000Z,source_block_54,1000000,600,recenter60,504519,1848,0,0,0,True,,,Frozen mint minimum unavailable,,978.853212,-0.91999,1.124903,0.457198,0.027876,0.0
21,500000,998,2771,2026-09-09T01:19:57.971Z,30,2026-09-09T01:50:22.000Z,source_block_54,500000,0,guard60,504519,1848,0,0,0,False,,,,,978.624604,-1.148598,1.124903,0.22859,0.033138,0.0
21,500000,998,2771,2026-09-09T01:19:57.971Z,30,2026-09-09T01:50:22.000Z,source_block_54,500000,0,exit_early,504519,62,0,0,0,True,early_inventory_exit,,,exit@2772,977.945269,-1.827933,1.124903,0.005203,1.363277,-0.679335
21,500000,998,2771,2026-09-09T01:19:57.971Z,30,2026-09-09T01:50:22.000Z,source_block_54,500000,0,recenter60,504519,1848,0,0,0,True,,,Frozen mint minimum unavailable,,978.624604,-1.148598,1.124903,0.22859,0.033138,0.0
21,500000,998,2771,2026-09-09T01:19:57.971Z,30,2026-09-09T01:50:22.000Z,source_block_54,500000,0,trim25,504519,1848,0,0,0,True,,,Frozen trim funding unavailable,,978.624604,-1.148598,1.124903,0.22859,0.033138,0.0
21,500000,998,2771,2026-09-09T01:19:57.971Z,30,2026-09-09T01:50:22.000Z,source_block_54,500000,0,hold80,504519,1848,0,0,0,False,,,,,978.624604,-1.148598,1.124903,0.22859,0.033138,0.0
21,500000,998,2771,2026-09-09T01:19:57.971Z,30,2026-09-09T01:50:22.000Z,source_block_54,500000,600,recenter60,504519,1848,0,0,0,True,,,Frozen mint minimum unavailable,,978.624604,-1.148598,1.124903,0.22859,0.033138,0.0
21,500000,998,2771,2026-09-09T01:19:57.971Z,120,2026-09-09T03:19:41.000Z,frozen_session6,1000000,0,guard60,504111,7207,0,0,0,False,,,,,980.057512,0.456334,0.333297,1.016996,0.086098,0.0
21,500000,998,2771,2026-09-09T01:19:57.971Z,120,2026-09-09T03:19:41.000Z,frozen_session6,1000000,0,exit_early,504111,62,0,0,0,True,early_inventory_exit,,,exit@2772,978.742078,-0.8591,0.333297,0.010407,0.571672,-1.315434
21,500000,998,2771,2026-09-09T01:19:57.971Z,120,2026-09-09T03:19:41.000Z,frozen_session6,1000000,0,recenter60,504111,7207,0,0,0,True,,,Frozen mint minimum unavailable,,980.057512,0.456334,0.333297,1.016996,0.086098,0.0
21,500000,998,2771,2026-09-09T01:19:57.971Z,120,2026-09-09T03:19:41.000Z,frozen_session6,1000000,0,trim25,504111,7207,0,0,0,True,,,Frozen trim funding unavailable,,980.057512,0.456334,0.333297,1.016996,0.086098,0.0
21,500000,998,2771,2026-09-09T01:19:57.971Z,120,2026-09-09T03:19:41.000Z,frozen_session6,1000000,0,hold80,504111,7207,0,0,0,False,,,,,980.057512,0.456334,0.333297,1.016996,0.086098,0.0
21,500000,998,2771,2026-09-09T01:19:57.971Z,120,2026-09-09T03:19:41.000Z,frozen_session6,1000000,600,recenter60,504111,7207,0,0,0,True,,,Frozen mint minimum unavailable,,980.057512,0.456334,0.333297,1.016996,0.086098,0.0
21,500000,998,2771,2026-09-09T01:19:57.971Z,120,2026-09-09T03:19:41.000Z,frozen_session6,500000,0,guard60,504111,7207,0,0,0,False,,,,,979.549107,-0.052071,0.333297,0.508466,0.131012,0.0
21,500000,998,2771,2026-09-09T01:19:57.971Z,120,2026-09-09T03:19:41.000Z,frozen_session6,500000,0,exit_early,504111,62,0,0,0,True,early_inventory_exit,,,exit@2772,978.736875,-0.864303,0.333297,0.005203,0.571671,-0.812232
21,500000,998,2771,2026-09-09T01:19:57.971Z,120,2026-09-09T03:19:41.000Z,frozen_session6,500000,0,recenter60,504111,7207,0,0,0,True,,,Frozen mint minimum unavailable,,979.549107,-0.052071,0.333297,0.508466,0.131012,0.0
21,500000,998,2771,2026-09-09T01:19:57.971Z,120,2026-09-09T03:19:41.000Z,frozen_session6,500000,0,trim25,504111,7207,0,0,0,True,,,Frozen trim funding unavailable,,979.549107,-0.052071,0.333297,0.508466,0.131012,0.0
21,500000,998,2771,2026-09-09T01:19:57.971Z,120,2026-09-09T03:19:41.000Z,frozen_session6,500000,0,hold80,504111,7207,0,0,0,False,,,,,979.549107,-0.052071,0.333297,0.508466,0.131012,0.0
21,500000,998,2771,2026-09-09T01:19:57.971Z,120,2026-09-09T03:19:41.000Z,frozen_session6,500000,600,recenter60,504111,7207,0,0,0,True,,,Frozen mint minimum unavailable,,979.549107,-0.052071,0.333297,0.508466,0.131012,0.0
21,500000,998,2771,2026-09-09T01:19:57.971Z,120,2026-09-09T03:19:41.000Z,source_block_54,1000000,0,guard60,504519,7207,0,0,0,False,,,,,979.265906,-0.335272,1.124903,1.016996,0.086098,0.0
21,500000,998,2771,2026-09-09T01:19:57.971Z,120,2026-09-09T03:19:41.000Z,source_block_54,1000000,0,exit_early,504519,62,0,0,0,True,early_inventory_exit,,,exit@2772,977.950472,-1.650706,1.124903,0.010407,1.363278,-1.315434
21,500000,998,2771,2026-09-09T01:19:57.971Z,120,2026-09-09T03:19:41.000Z,source_block_54,1000000,0,recenter60,504519,7207,0,0,0,True,,,Frozen mint minimum unavailable,,979.265906,-0.335272,1.124903,1.016996,0.086098,0.0
21,500000,998,2771,2026-09-09T01:19:57.971Z,120,2026-09-09T03:19:41.000Z,source_block_54,1000000,0,trim25,504519,7207,0,0,0,True,,,Frozen trim funding unavailable,,979.265906,-0.335272,1.124903,1.016996,0.086098,0.0
21,500000,998,2771,2026-09-09T01:19:57.971Z,120,2026-09-09T03:19:41.000Z,source_block_54,1000000,0,hold80,504519,7207,0,0,0,False,,,,,979.265906,-0.335272,1.124903,1.016996,0.086098,0.0
21,500000,998,2771,2026-09-09T01:19:57.971Z,120,2026-09-09T03:19:41.000Z,source_block_54,1000000,600,recenter60,504519,7207,0,0,0,True,,,Frozen mint minimum unavailable,,979.265906,-0.335272,1.124903,1.016996,0.086098,0.0
21,500000,998,2771,2026-09-09T01:19:57.971Z,120,2026-09-09T03:19:41.000Z,source_block_54,500000,0,guard60,504519,7207,0,0,0,False,,,,,978.757501,-0.843677,1.124903,0.508466,0.131012,0.0
21,500000,998,2771,2026-09-09T01:19:57.971Z,120,2026-09-09T03:19:41.000Z,source_block_54,500000,0,exit_early,504519,62,0,0,0,True,early_inventory_exit,,,exit@2772,977.945269,-1.655909,1.124903,0.005203,1.363277,-0.812232
21,500000,998,2771,2026-09-09T01:19:57.971Z,120,2026-09-09T03:19:41.000Z,source_block_54,500000,0,recenter60,504519,7207,0,0,0,True,,,Frozen mint minimum unavailable,,978.757501,-0.843677,1.124903,0.508466,0.131012,0.0
21,500000,998,2771,2026-09-09T01:19:57.971Z,120,2026-09-09T03:19:41.000Z,source_block_54,500000,0,trim25,504519,7207,0,0,0,True,,,Frozen trim funding unavailable,,978.757501,-0.843677,1.124903,0.508466,0.131012,0.0
21,500000,998,2771,2026-09-09T01:19:57.971Z,120,2026-09-09T03:19:41.000Z,source_block_54,500000,0,hold80,504519,7207,0,0,0,False,,,,,978.757501,-0.843677,1.124903,0.508466,0.131012,0.0
21,500000,998,2771,2026-09-09T01:19:57.971Z,120,2026-09-09T03:19:41.000Z,source_block_54,500000,600,recenter60,504519,7207,0,0,0,True,,,Frozen mint minimum unavailable,,978.757501,-0.843677,1.124903,0.508466,0.131012,0.0
23,500000,1100,2873,2026-09-09T03:04:32.870Z,30,2026-09-09T03:35:00.000Z,frozen_session6,1000000,0,guard60,571641,1843,0,0,0,False,,,,,977.387056,-0.556819,0.333297,0.062214,0.118043,0.0
23,500000,1100,2873,2026-09-09T03:04:32.870Z,30,2026-09-09T03:35:00.000Z,frozen_session6,1000000,0,exit_early,524886,62,0,0,0,True,early_inventory_exit,,,exit@2874,977.458291,-0.485584,0.333297,0.006414,0.628469,0.071235
23,500000,1100,2873,2026-09-09T03:04:32.870Z,30,2026-09-09T03:35:00.000Z,frozen_session6,1000000,0,recenter60,571641,1843,0,0,0,True,,,Frozen mint minimum unavailable,,977.387056,-0.556819,0.333297,0.062214,0.118043,0.0
23,500000,1100,2873,2026-09-09T03:04:32.870Z,30,2026-09-09T03:35:00.000Z,frozen_session6,1000000,0,trim25,524886,1843,0,0,1,True,,,,trim@2874,977.125023,-0.818852,0.613155,0.048279,0.441275,-0.262033
23,500000,1100,2873,2026-09-09T03:04:32.870Z,30,2026-09-09T03:35:00.000Z,frozen_session6,1000000,0,hold80,571641,1843,0,0,0,False,,,,,977.387056,-0.556819,0.333297,0.062214,0.118043,0.0
23,500000,1100,2873,2026-09-09T03:04:32.870Z,30,2026-09-09T03:35:00.000Z,frozen_session6,1000000,600,recenter60,555662,1843,0,1,0,True,,,,recenter@2880,976.760969,-1.182906,0.970376,0.06234,0.842549,-0.626087
23,500000,1100,2873,2026-09-09T03:04:32.870Z,30,2026-09-09T03:35:00.000Z,frozen_session6,500000,0,guard60,571637,1843,0,0,0,False,,,,,977.355953,-0.587922,0.333297,0.031101,0.141106,0.0
23,500000,1100,2873,2026-09-09T03:04:32.870Z,30,2026-09-09T03:35:00.000Z,frozen_session6,500000,0,exit_early,524885,62,0,0,0,True,early_inventory_exit,,,exit@2874,977.455086,-0.488789,0.333297,0.003207,0.631674,0.099133
23,500000,1100,2873,2026-09-09T03:04:32.870Z,30,2026-09-09T03:35:00.000Z,frozen_session6,500000,0,recenter60,571637,1843,0,0,0,True,,,Frozen mint minimum unavailable,,977.355953,-0.587922,0.333297,0.031101,0.141106,0.0
23,500000,1100,2873,2026-09-09T03:04:32.870Z,30,2026-09-09T03:35:00.000Z,frozen_session6,500000,0,trim25,524885,1843,0,0,1,True,,,,trim@2874,977.100885,-0.84299,0.613155,0.024132,0.459443,-0.255068
23,500000,1100,2873,2026-09-09T03:04:32.870Z,30,2026-09-09T03:35:00.000Z,frozen_session6,500000,0,hold80,571637,1843,0,0,0,False,,,,,977.355953,-0.587922,0.333297,0.031101,0.141106,0.0
23,500000,1100,2873,2026-09-09T03:04:32.870Z,30,2026-09-09T03:35:00.000Z,frozen_session6,500000,600,recenter60,555658,1843,0,1,0,True,,,,recenter@2880,976.729803,-1.214072,0.970376,0.031163,0.85988,-0.62615
23,500000,1100,2873,2026-09-09T03:04:32.870Z,30,2026-09-09T03:35:00.000Z,source_block_54,1000000,0,guard60,572104,1843,0,0,0,False,,,,,976.59545,-1.348425,1.124903,0.062214,0.118043,0.0
23,500000,1100,2873,2026-09-09T03:04:32.870Z,30,2026-09-09T03:35:00.000Z,source_block_54,1000000,0,exit_early,525312,62,0,0,0,True,early_inventory_exit,,,exit@2874,976.666685,-1.27719,1.124903,0.006414,1.420075,0.071235
23,500000,1100,2873,2026-09-09T03:04:32.870Z,30,2026-09-09T03:35:00.000Z,source_block_54,1000000,0,recenter60,572104,1843,0,0,0,True,,,Frozen mint minimum unavailable,,976.59545,-1.348425,1.124903,0.062214,0.118043,0.0
23,500000,1100,2873,2026-09-09T03:04:32.870Z,30,2026-09-09T03:35:00.000Z,source_block_54,1000000,0,trim25,525312,1843,0,0,1,True,,,,trim@2874,975.635184,-2.308691,2.102994,0.048279,1.139508,-0.960266
23,500000,1100,2873,2026-09-09T03:04:32.870Z,30,2026-09-09T03:35:00.000Z,source_block_54,1000000,0,hold80,572104,1843,0,0,0,False,,,,,976.59545,-1.348425,1.124903,0.062214,0.118043,0.0
23,500000,1100,2873,2026-09-09T03:04:32.870Z,30,2026-09-09T03:35:00.000Z,source_block_54,1000000,600,recenter60,556113,1843,0,1,0,True,,,,recenter@2880,974.574362,-3.369513,3.156983,0.06234,2.23755,-2.021088
23,500000,1100,2873,2026-09-09T03:04:32.870Z,30,2026-09-09T03:35:00.000Z,source_block_54,500000,0,guard60,572100,1843,0,0,0,False,,,,,976.564347,-1.379528,1.124903,0.031101,0.141106,0.0
23,500000,1100,2873,2026-09-09T03:04:32.870Z,30,2026-09-09T03:35:00.000Z,source_block_54,500000,0,exit_early,525311,62,0,0,0,True,early_inventory_exit,,,exit@2874,976.66348,-1.280395,1.124903,0.003207,1.42328,0.099133
23,500000,1100,2873,2026-09-09T03:04:32.870Z,30,2026-09-09T03:35:00.000Z,source_block_54,500000,0,recenter60,572100,1843,0,0,0,True,,,Frozen mint minimum unavailable,,976.564347,-1.379528,1.124903,0.031101,0.141106,0.0
23,500000,1100,2873,2026-09-09T03:04:32.870Z,30,2026-09-09T03:35:00.000Z,source_block_54,500000,0,trim25,525311,1843,0,0,1,True,,,,trim@2874,975.611046,-2.332829,2.102994,0.024132,1.157676,-0.953301
23,500000,1100,2873,2026-09-09T03:04:32.870Z,30,2026-09-09T03:35:00.000Z,source_block_54,500000,0,hold80,572100,1843,0,0,0,False,,,,,976.564347,-1.379528,1.124903,0.031101,0.141106,0.0
23,500000,1100,2873,2026-09-09T03:04:32.870Z,30,2026-09-09T03:35:00.000Z,source_block_54,500000,600,recenter60,556109,1843,0,1,0,True,,,,recenter@2880,974.543196,-3.400679,3.156983,0.031163,2.254881,-2.021151
23,500000,1100,2873,2026-09-09T03:04:32.870Z,120,2026-09-09T05:05:11.000Z,frozen_session6,1000000,0,guard60,600473,2762,0,0,0,False,inventory_cap,,,exit@2917,977.365042,-0.651612,0.333297,0.149863,0.721718,0.0
23,500000,1100,2873,2026-09-09T03:04:32.870Z,120,2026-09-09T05:05:11.000Z,frozen_session6,1000000,0,exit_early,524886,62,0,0,0,True,early_inventory_exit,,,exit@2874,977.458291,-0.558363,0.333297,0.006414,0.628469,0.093249
23,500000,1100,2873,2026-09-09T03:04:32.870Z,120,2026-09-09T05:05:11.000Z,frozen_session6,1000000,0,recenter60,600473,2762,0,0,0,True,inventory_cap,,Frozen mint minimum unavailable,exit@2917,977.365042,-0.651612,0.333297,0.149863,0.721718,0.0
23,500000,1100,2873,2026-09-09T03:04:32.870Z,120,2026-09-09T05:05:11.000Z,frozen_session6,1000000,0,trim25,524886,7254,0,0,1,True,,,,trim@2874,977.562307,-0.454347,0.613155,0.415153,0.508307,0.197265
23,500000,1100,2873,2026-09-09T03:04:32.870Z,120,2026-09-09T05:05:11.000Z,frozen_session6,1000000,0,hold80,654195,7254,0,0,0,False,,,,,977.969549,-0.047105,0.333297,0.55121,0.206138,0.604507
23,500000,1100,2873,2026-09-09T03:04:32.870Z,120,2026-09-09T05:05:11.000Z,frozen_session6,1000000,600,recenter60,555662,7254,0,1,0,True,,,,recenter@2880,977.316141,-0.700513,0.970376,0.552907,0.843108,-0.048901
23,500000,1100,2873,2026-09-09T03:04:32.870Z,120,2026-09-09T05:05:11.000Z,frozen_session6,500000,0,guard60,600471,2762,0,0,0,False,inventory_cap,,,exit@2917,977.290128,-0.726526,0.333297,0.074923,0.796632,0.0
23,500000,1100,2873,2026-09-09T03:04:32.870Z,120,2026-09-09T05:05:11.000Z,frozen_session6,500000,0,exit_early,524885,62,0,0,0,True,early_inventory_exit,,,exit@2874,977.455086,-0.561568,0.333297,0.003207,0.631674,0.164958
23,500000,1100,2873,2026-09-09T03:04:32.870Z,120,2026-09-09T05:05:11.000Z,frozen_session6,500000,0,recenter60,600471,2762,0,0,0,True,inventory_cap,,Frozen mint minimum unavailable,exit@2917,977.290128,-0.726526,0.333297,0.074923,0.796632,0.0
23,500000,1100,2873,2026-09-09T03:04:32.870Z,120,2026-09-09T05:05:11.000Z,frozen_session6,500000,0,trim25,524885,7254,0,0,1,True,,,,trim@2874,977.35473,-0.661924,0.613155,0.207543,0.588251,0.064602
23,500000,1100,2873,2026-09-09T03:04:32.870Z,120,2026-09-09T05:05:11.000Z,frozen_session6,500000,0,hold80,654198,7254,0,0,0,False,,,,,977.693954,-0.3227,0.333297,0.275578,0.311619,0.403826
23,500000,1100,2873,2026-09-09T03:04:32.870Z,120,2026-09-09T05:05:11.000Z,frozen_session6,500000,600,recenter60,555658,7254,0,1,0,True,,,,recenter@2880,977.039692,-0.976962,0.970376,0.27642,0.948891,-0.250436
23,500000,1100,2873,2026-09-09T03:04:32.870Z,120,2026-09-09T05:05:11.000Z,source_block_54,1000000,0,guard60,600960,2762,0,0,0,False,inventory_cap,,,exit@2917,976.573436,-1.443218,1.124903,0.149863,1.513324,0.0
23,500000,1100,2873,2026-09-09T03:04:32.870Z,120,2026-09-09T05:05:11.000Z,source_block_54,1000000,0,exit_early,525312,62,0,0,0,True,early_inventory_exit,,,exit@2874,976.666685,-1.349969,1.124903,0.006414,1.420075,0.093249
23,500000,1100,2873,2026-09-09T03:04:32.870Z,120,2026-09-09T05:05:11.000Z,source_block_54,1000000,0,recenter60,600960,2762,0,0,0,True,inventory_cap,,Frozen mint minimum unavailable,exit@2917,976.573436,-1.443218,1.124903,0.149863,1.513324,0.0
23,500000,1100,2873,2026-09-09T03:04:32.870Z,120,2026-09-09T05:05:11.000Z,source_block_54,1000000,0,trim25,525312,7254,0,0,1,True,,,,trim@2874,976.072468,-1.944186,2.102994,0.415153,1.20654,-0.500968
23,500000,1100,2873,2026-09-09T03:04:32.870Z,120,2026-09-09T05:05:11.000Z,source_block_54,1000000,0,hold80,654726,7254,0,0,0,False,,,,,977.177943,-0.838711,1.124903,0.55121,0.206138,0.604507
23,500000,1100,2873,2026-09-09T03:04:32.870Z,120,2026-09-09T05:05:11.000Z,source_block_54,1000000,600,recenter60,556113,7254,0,1,0,True,,,,recenter@2880,975.129534,-2.88712,3.156983,0.552907,2.238109,-1.443902
23,500000,1100,2873,2026-09-09T03:04:32.870Z,120,2026-09-09T05:05:11.000Z,source_block_54,500000,0,guard60,600958,2762,0,0,0,False,inventory_cap,,,exit@2917,976.498522,-1.518132,1.124903,0.074923,1.588238,0.0
23,500000,1100,2873,2026-09-09T03:04:32.870Z,120,2026-09-09T05:05:11.000Z,source_block_54,500000,0,exit_early,525311,62,0,0,0,True,early_inventory_exit,,,exit@2874,976.66348,-1.353174,1.124903,0.003207,1.42328,0.164958
23,500000,1100,2873,2026-09-09T03:04:32.870Z,120,2026-09-09T05:05:11.000Z,source_block_54,500000,0,recenter60,600958,2762,0,0,0,True,inventory_cap,,Frozen mint minimum unavailable,exit@2917,976.498522,-1.518132,1.124903,0.074923,1.588238,0.0
23,500000,1100,2873,2026-09-09T03:04:32.870Z,120,2026-09-09T05:05:11.000Z,source_block_54,500000,0,trim25,525311,7254,0,0,1,True,,,,trim@2874,975.864891,-2.151763,2.102994,0.207543,1.286484,-0.633631
23,500000,1100,2873,2026-09-09T03:04:32.870Z,120,2026-09-09T05:05:11.000Z,source_block_54,500000,0,hold80,654729,7254,0,0,0,False,,,,,976.902348,-1.114306,1.124903,0.275578,0.311619,0.403826
23,500000,1100,2873,2026-09-09T03:04:32.870Z,120,2026-09-09T05:05:11.000Z,source_block_54,500000,600,recenter60,556109,7254,0,1,0,True,,,,recenter@2880,974.853085,-3.163569,3.156983,0.27642,2.343892,-1.645437
23,550000,1105,2878,2026-09-09T03:09:47.172Z,30,2026-09-09T03:40:05.000Z,frozen_session6,1000000,0,guard60,571641,1840,0,0,0,False,,,,,977.422813,-0.542393,0.333297,0.067292,0.024435,0.0
23,550000,1105,2878,2026-09-09T03:09:47.172Z,30,2026-09-09T03:40:05.000Z,frozen_session6,1000000,0,exit_early,555662,62,0,0,0,True,early_inventory_exit,,,exit@2879,977.378017,-0.587189,0.333297,0.00122,0.606368,-0.044796
23,550000,1105,2878,2026-09-09T03:09:47.172Z,30,2026-09-09T03:40:05.000Z,frozen_session6,1000000,0,recenter60,555662,1840,0,1,0,True,,,,recenter@2879,976.793185,-1.172021,0.970376,0.067505,0.741001,-0.629628
23,550000,1105,2878,2026-09-09T03:09:47.172Z,30,2026-09-09T03:40:05.000Z,frozen_session6,1000000,0,trim25,555662,1840,0,0,1,True,,,,trim@2879,977.132335,-0.832871,0.613155,0.050791,0.360467,-0.290478
23,550000,1105,2878,2026-09-09T03:09:47.172Z,30,2026-09-09T03:40:05.000Z,frozen_session6,1000000,0,hold80,571641,1840,0,0,0,False,,,,,977.422813,-0.542393,0.333297,0.067292,0.024435,0.0
23,550000,1105,2878,2026-09-09T03:09:47.172Z,30,2026-09-09T03:40:05.000Z,frozen_session6,1000000,600,recenter60,555662,1840,0,1,0,True,,,,recenter@2880,976.794047,-1.171159,0.970376,0.067504,0.743003,-0.628766
23,550000,1105,2878,2026-09-09T03:09:47.172Z,30,2026-09-09T03:40:05.000Z,frozen_session6,500000,0,guard60,571641,1840,0,0,0,False,,,,,977.389168,-0.576038,0.333297,0.03364,0.034101,0.0
23,550000,1105,2878,2026-09-09T03:09:47.172Z,30,2026-09-09T03:40:05.000Z,frozen_session6,500000,0,exit_early,555662,62,0,0,0,True,early_inventory_exit,,,exit@2879,977.377406,-0.5878,0.333297,0.000609,0.606368,-0.011762
23,550000,1105,2878,2026-09-09T03:09:47.172Z,30,2026-09-09T03:40:05.000Z,frozen_session6,500000,0,recenter60,555662,1840,0,1,0,True,,,,recenter@2879,976.759434,-1.205772,0.970376,0.033744,0.746978,-0.629734
23,550000,1105,2878,2026-09-09T03:09:47.172Z,30,2026-09-09T03:40:05.000Z,frozen_session6,500000,0,trim25,555662,1840,0,0,1,True,,,,trim@2879,977.106937,-0.858269,0.613155,0.025388,0.369187,-0.282231
23,550000,1105,2878,2026-09-09T03:09:47.172Z,30,2026-09-09T03:40:05.000Z,frozen_session6,500000,0,hold80,571641,1840,0,0,0,False,,,,,977.389168,-0.576038,0.333297,0.03364,0.034101,0.0
23,550000,1105,2878,2026-09-09T03:09:47.172Z,30,2026-09-09T03:40:05.000Z,frozen_session6,500000,600,recenter60,555662,1840,0,1,0,True,,,,recenter@2880,976.760298,-1.204908,0.970376,0.033744,0.748744,-0.62887
23,550000,1105,2878,2026-09-09T03:09:47.172Z,30,2026-09-09T03:40:05.000Z,source_block_54,1000000,0,guard60,572104,1840,0,0,0,False,,,,,976.631207,-1.333999,1.124903,0.067292,0.024435,0.0
23,550000,1105,2878,2026-09-09T03:09:47.172Z,30,2026-09-09T03:40:05.000Z,source_block_54,1000000,0,exit_early,556113,62,0,0,0,True,early_inventory_exit,,,exit@2879,976.586411,-1.378795,1.124903,0.00122,1.397974,-0.044796
23,550000,1105,2878,2026-09-09T03:09:47.172Z,30,2026-09-09T03:40:05.000Z,source_block_54,1000000,0,recenter60,556113,1840,0,1,0,True,,,,recenter@2879,974.606578,-3.358628,3.156983,0.067505,2.136002,-2.024629
23,550000,1105,2878,2026-09-09T03:09:47.172Z,30,2026-09-09T03:40:05.000Z,source_block_54,1000000,0,trim25,556113,1840,0,0,1,True,,,,trim@2879,975.642496,-2.32271,2.102994,0.050791,1.0587,-0.988711
23,550000,1105,2878,2026-09-09T03:09:47.172Z,30,2026-09-09T03:40:05.000Z,source_block_54,1000000,0,hold80,572104,1840,0,0,0,False,,,,,976.631207,-1.333999,1.124903,0.067292,0.024435,0.0
23,550000,1105,2878,2026-09-09T03:09:47.172Z,30,2026-09-09T03:40:05.000Z,source_block_54,1000000,600,recenter60,556113,1840,0,1,0,True,,,,recenter@2880,974.60744,-3.357766,3.156983,0.067504,2.138004,-2.023767
23,550000,1105,2878,2026-09-09T03:09:47.172Z,30,2026-09-09T03:40:05.000Z,source_block_54,500000,0,guard60,572104,1840,0,0,0,False,,,,,976.597562,-1.367644,1.124903,0.03364,0.034101,0.0
23,550000,1105,2878,2026-09-09T03:09:47.172Z,30,2026-09-09T03:40:05.000Z,source_block_54,500000,0,exit_early,556113,62,0,0,0,True,early_inventory_exit,,,exit@2879,976.5858,-1.379406,1.124903,0.000609,1.397974,-0.011762
23,550000,1105,2878,2026-09-09T03:09:47.172Z,30,2026-09-09T03:40:05.000Z,source_block_54,500000,0,recenter60,556113,1840,0,1,0,True,,,,recenter@2879,974.572827,-3.392379,3.156983,0.033744,2.141979,-2.024735
23,550000,1105,2878,2026-09-09T03:09:47.172Z,30,2026-09-09T03:40:05.000Z,source_block_54,500000,0,trim25,556113,1840,0,0,1,True,,,,trim@2879,975.617098,-2.348108,2.102994,0.025388,1.06742,-0.980464
23,550000,1105,2878,2026-09-09T03:09:47.172Z,30,2026-09-09T03:40:05.000Z,source_block_54,500000,0,hold80,572104,1840,0,0,0,False,,,,,976.597562,-1.367644,1.124903,0.03364,0.034101,0.0
23,550000,1105,2878,2026-09-09T03:09:47.172Z,30,2026-09-09T03:40:05.000Z,source_block_54,500000,600,recenter60,556113,1840,0,1,0,True,,,,recenter@2880,974.573691,-3.391515,3.156983,0.033744,2.143745,-2.023871
23,550000,1105,2878,2026-09-09T03:09:47.172Z,120,2026-09-09T05:10:19.000Z,frozen_session6,1000000,0,guard60,600473,2454,0,0,0,False,inventory_cap,,,exit@2917,977.365079,-0.638741,0.333297,0.12837,0.721577,0.0
23,550000,1105,2878,2026-09-09T03:09:47.172Z,120,2026-09-09T05:10:19.000Z,frozen_session6,1000000,0,exit_early,555662,62,0,0,0,True,early_inventory_exit,,,exit@2879,977.378017,-0.625803,0.333297,0.00122,0.606368,0.012938
23,550000,1105,2878,2026-09-09T03:09:47.172Z,120,2026-09-09T05:10:19.000Z,frozen_session6,1000000,0,recenter60,555662,7254,0,1,0,True,,,,recenter@2879,977.326935,-0.676885,0.970376,0.569588,0.741557,-0.038144
23,550000,1105,2878,2026-09-09T03:09:47.172Z,120,2026-09-09T05:10:19.000Z,frozen_session6,1000000,0,trim25,555662,7254,0,0,1,True,,,,trim@2879,977.541947,-0.461873,0.613155,0.426276,0.42563,0.176868
23,550000,1105,2878,2026-09-09T03:09:47.172Z,120,2026-09-09T05:10:19.000Z,frozen_session6,1000000,0,hold80,654195,7254,0,0,0,False,,,,,977.969026,-0.034794,0.333297,0.567765,0.205997,0.603947
23,550000,1105,2878,2026-09-09T03:09:47.172Z,120,2026-09-09T05:10:19.000Z,frozen_session6,1000000,600,recenter60,555662,7254,0,1,0,True,,,,recenter@2880,977.327796,-0.676024,0.970376,0.569585,0.743562,-0.037283
23,550000,1105,2878,2026-09-09T03:09:47.172Z,120,2026-09-09T05:10:19.000Z,frozen_session6,500000,0,guard60,600475,2454,0,0,0,False,inventory_cap,,,exit@2917,977.300905,-0.702915,0.333297,0.064177,0.745105,0.0
23,550000,1105,2878,2026-09-09T03:09:47.172Z,120,2026-09-09T05:10:19.000Z,frozen_session6,500000,0,exit_early,555662,62,0,0,0,True,early_inventory_exit,,,exit@2879,977.377406,-0.626414,0.333297,0.000609,0.606368,0.076501
23,550000,1105,2878,2026-09-09T03:09:47.172Z,120,2026-09-09T05:10:19.000Z,frozen_session6,500000,0,recenter60,555662,7254,0,1,0,True,,,,recenter@2879,977.042159,-0.961661,0.970376,0.284763,0.835989,-0.258746
23,550000,1105,2878,2026-09-09T03:09:47.172Z,120,2026-09-09T05:10:19.000Z,frozen_session6,500000,0,trim25,555662,7254,0,0,1,True,,,,trim@2879,977.328815,-0.675005,0.613155,0.213105,0.496256,0.02791
23,550000,1105,2878,2026-09-09T03:09:47.172Z,120,2026-09-09T05:10:19.000Z,frozen_session6,500000,0,hold80,654201,7254,0,0,0,False,,,,,977.685163,-0.318657,0.333297,0.283856,0.260089,0.384258
23,550000,1105,2878,2026-09-09T03:09:47.172Z,120,2026-09-09T05:10:19.000Z,frozen_session6,500000,600,recenter60,555662,7254,0,1,0,True,,,,recenter@2880,977.043022,-0.960798,0.970376,0.284762,0.837756,-0.257883
23,550000,1105,2878,2026-09-09T03:09:47.172Z,120,2026-09-09T05:10:19.000Z,source_block_54,1000000,0,guard60,600960,2454,0,0,0,False,inventory_cap,,,exit@2917,976.573473,-1.430347,1.124903,0.12837,1.513183,0.0
23,550000,1105,2878,2026-09-09T03:09:47.172Z,120,2026-09-09T05:10:19.000Z,source_block_54,1000000,0,exit_early,556113,62,0,0,0,True,early_inventory_exit,,,exit@2879,976.586411,-1.417409,1.124903,0.00122,1.397974,0.012938
23,550000,1105,2878,2026-09-09T03:09:47.172Z,120,2026-09-09T05:10:19.000Z,source_block_54,1000000,0,recenter60,556113,7254,0,1,0,True,,,,recenter@2879,975.140328,-2.863492,3.156983,0.569588,2.136558,-1.433145
23,550000,1105,2878,2026-09-09T03:09:47.172Z,120,2026-09-09T05:10:19.000Z,source_block_54,1000000,0,trim25,556113,7254,0,0,1,True,,,,trim@2879,976.052108,-1.951712,2.102994,0.426276,1.123863,-0.521365
23,550000,1105,2878,2026-09-09T03:09:47.172Z,120,2026-09-09T05:10:19.000Z,source_block_54,1000000,0,hold80,654726,7254,0,0,0,False,,,,,977.17742,-0.8264,1.124903,0.567765,0.205997,0.603947
23,550000,1105,2878,2026-09-09T03:09:47.172Z,120,2026-09-09T05:10:19.000Z,source_block_54,1000000,600,recenter60,556113,7254,0,1,0,True,,,,recenter@2880,975.141189,-2.862631,3.156983,0.569585,2.138563,-1.432284
23,550000,1105,2878,2026-09-09T03:09:47.172Z,120,2026-09-09T05:10:19.000Z,source_block_54,500000,0,guard60,600962,2454,0,0,0,False,inventory_cap,,,exit@2917,976.509299,-1.494521,1.124903,0.064177,1.536711,0.0
23,550000,1105,2878,2026-09-09T03:09:47.172Z,120,2026-09-09T05:10:19.000Z,source_block_54,500000,0,exit_early,556113,62,0,0,0,True,early_inventory_exit,,,exit@2879,976.5858,-1.41802,1.124903,0.000609,1.397974,0.076501
23,550000,1105,2878,2026-09-09T03:09:47.172Z,120,2026-09-09T05:10:19.000Z,source_block_54,500000,0,recenter60,556113,7254,0,1,0,True,,,,recenter@2879,974.855552,-3.148268,3.156983,0.284763,2.23099,-1.653747
23,550000,1105,2878,2026-09-09T03:09:47.172Z,120,2026-09-09T05:10:19.000Z,source_block_54,500000,0,trim25,556113,7254,0,0,1,True,,,,trim@2879,975.838976,-2.164844,2.102994,0.213105,1.194489,-0.670323
23,550000,1105,2878,2026-09-09T03:09:47.172Z,120,2026-09-09T05:10:19.000Z,source_block_54,500000,0,hold80,654732,7254,0,0,0,False,,,,,976.893557,-1.110263,1.124903,0.283856,0.260089,0.384258
23,550000,1105,2878,2026-09-09T03:09:47.172Z,120,2026-09-09T05:10:19.000Z,source_block_54,500000,600,recenter60,556113,7254,0,1,0,True,,,,recenter@2880,974.856415,-3.147405,3.156983,0.284762,2.232757,-1.652884
29,500000,1433,3211,2026-09-09T08:56:09.171Z,30,2026-09-09T09:26:17.000Z,frozen_session6,1000000,0,guard60,662575,1844,0,0,0,False,inventory_cap,,,exit@3241,972.381636,-0.551652,0.333297,0.168254,0.358223,0.0
29,500000,1433,3211,2026-09-09T08:56:09.171Z,30,2026-09-09T09:26:17.000Z,frozen_session6,1000000,0,exit_early,500378,61,0,0,0,True,early_inventory_exit,,,exit@3212,972.757831,-0.175457,0.333297,0.002221,0.576853,0.376195
29,500000,1433,3211,2026-09-09T08:56:09.171Z,30,2026-09-09T09:26:17.000Z,frozen_session6,1000000,0,recenter60,662575,1844,0,0,0,True,inventory_cap,,Frozen mint minimum unavailable,exit@3241,972.381636,-0.551652,0.333297,0.168254,0.358223,0.0
29,500000,1433,3211,2026-09-09T08:56:09.171Z,30,2026-09-09T09:26:17.000Z,frozen_session6,1000000,0,trim25,662575,1844,0,0,0,True,inventory_cap,,Frozen trim funding unavailable,exit@3241,972.381636,-0.551652,0.333297,0.168254,0.358223,0.0
29,500000,1433,3211,2026-09-09T08:56:09.171Z,30,2026-09-09T09:26:17.000Z,frozen_session6,1000000,0,hold80,662575,1844,0,0,0,False,,,,,972.381636,-0.551652,0.333297,0.168254,0.358223,0.0
29,500000,1433,3211,2026-09-09T08:56:09.171Z,30,2026-09-09T09:26:17.000Z,frozen_session6,1000000,600,recenter60,662575,1844,0,0,0,True,inventory_cap,,Frozen mint minimum unavailable,exit@3241,972.381636,-0.551652,0.333297,0.168254,0.358223,0.0
29,500000,1433,3211,2026-09-09T08:56:09.171Z,30,2026-09-09T09:26:17.000Z,frozen_session6,500000,0,guard60,662573,1844,0,0,0,False,inventory_cap,,,exit@3241,972.297556,-0.635732,0.333297,0.084123,0.403322,0.0
29,500000,1433,3211,2026-09-09T08:56:09.171Z,30,2026-09-09T09:26:17.000Z,frozen_session6,500000,0,exit_early,500378,61,0,0,0,True,early_inventory_exit,,,exit@3212,972.75672,-0.176568,0.333297,0.00111,0.576852,0.459164
29,500000,1433,3211,2026-09-09T08:56:09.171Z,30,2026-09-09T09:26:17.000Z,frozen_session6,500000,0,recenter60,662573,1844,0,0,0,True,inventory_cap,,Frozen mint minimum unavailable,exit@3241,972.297556,-0.635732,0.333297,0.084123,0.403322,0.0
29,500000,1433,3211,2026-09-09T08:56:09.171Z,30,2026-09-09T09:26:17.000Z,frozen_session6,500000,0,trim25,662573,1844,0,0,0,True,inventory_cap,,Frozen trim funding unavailable,exit@3241,972.297556,-0.635732,0.333297,0.084123,0.403322,0.0
29,500000,1433,3211,2026-09-09T08:56:09.171Z,30,2026-09-09T09:26:17.000Z,frozen_session6,500000,0,hold80,662573,1844,0,0,0,False,,,,,972.297556,-0.635732,0.333297,0.084123,0.403322,0.0
29,500000,1433,3211,2026-09-09T08:56:09.171Z,30,2026-09-09T09:26:17.000Z,frozen_session6,500000,600,recenter60,662573,1844,0,0,0,True,inventory_cap,,Frozen mint minimum unavailable,exit@3241,972.297556,-0.635732,0.333297,0.084123,0.403322,0.0
29,500000,1433,3211,2026-09-09T08:56:09.171Z,30,2026-09-09T09:26:17.000Z,source_block_54,1000000,0,guard60,663114,1844,0,0,0,False,inventory_cap,,,exit@3241,971.59003,-1.343258,1.124903,0.168254,0.358223,0.0
29,500000,1433,3211,2026-09-09T08:56:09.171Z,30,2026-09-09T09:26:17.000Z,source_block_54,1000000,0,exit_early,500786,61,0,0,0,True,early_inventory_exit,,,exit@3212,971.966225,-0.967063,1.124903,0.002221,1.368459,0.376195
29,500000,1433,3211,2026-09-09T08:56:09.171Z,30,2026-09-09T09:26:17.000Z,source_block_54,1000000,0,recenter60,663114,1844,0,0,0,True,inventory_cap,,Frozen mint minimum unavailable,exit@3241,971.59003,-1.343258,1.124903,0.168254,0.358223,0.0
29,500000,1433,3211,2026-09-09T08:56:09.171Z,30,2026-09-09T09:26:17.000Z,source_block_54,1000000,0,trim25,663114,1844,0,0,0,True,inventory_cap,,Frozen trim funding unavailable,exit@3241,971.59003,-1.343258,1.124903,0.168254,0.358223,0.0
29,500000,1433,3211,2026-09-09T08:56:09.171Z,30,2026-09-09T09:26:17.000Z,source_block_54,1000000,0,hold80,663114,1844,0,0,0,False,,,,,971.59003,-1.343258,1.124903,0.168254,0.358223,0.0
29,500000,1433,3211,2026-09-09T08:56:09.171Z,30,2026-09-09T09:26:17.000Z,source_block_54,1000000,600,recenter60,663114,1844,0,0,0,True,inventory_cap,,Frozen mint minimum unavailable,exit@3241,971.59003,-1.343258,1.124903,0.168254,0.358223,0.0
29,500000,1433,3211,2026-09-09T08:56:09.171Z,30,2026-09-09T09:26:17.000Z,source_block_54,500000,0,guard60,663113,1844,0,0,0,False,inventory_cap,,,exit@3241,971.50595,-1.427338,1.124903,0.084123,0.403322,0.0
29,500000,1433,3211,2026-09-09T08:56:09.171Z,30,2026-09-09T09:26:17.000Z,source_block_54,500000,0,exit_early,500786,61,0,0,0,True,early_inventory_exit,,,exit@3212,971.965114,-0.968174,1.124903,0.00111,1.368458,0.459164
29,500000,1433,3211,2026-09-09T08:56:09.171Z,30,2026-09-09T09:26:17.000Z,source_block_54,500000,0,recenter60,663113,1844,0,0,0,True,inventory_cap,,Frozen mint minimum unavailable,exit@3241,971.50595,-1.427338,1.124903,0.084123,0.403322,0.0
29,500000,1433,3211,2026-09-09T08:56:09.171Z,30,2026-09-09T09:26:17.000Z,source_block_54,500000,0,trim25,663113,1844,0,0,0,True,inventory_cap,,Frozen trim funding unavailable,exit@3241,971.50595,-1.427338,1.124903,0.084123,0.403322,0.0
29,500000,1433,3211,2026-09-09T08:56:09.171Z,30,2026-09-09T09:26:17.000Z,source_block_54,500000,0,hold80,663113,1844,0,0,0,False,,,,,971.50595,-1.427338,1.124903,0.084123,0.403322,0.0
29,500000,1433,3211,2026-09-09T08:56:09.171Z,30,2026-09-09T09:26:17.000Z,source_block_54,500000,600,recenter60,663113,1844,0,0,0,True,inventory_cap,,Frozen mint minimum unavailable,exit@3241,971.50595,-1.427338,1.124903,0.084123,0.403322,0.0
29,500000,1433,3211,2026-09-09T08:56:09.171Z,120,2026-09-09T10:56:28.000Z,frozen_session6,1000000,0,guard60,662575,1844,0,0,0,False,inventory_cap,,,exit@3241,972.381636,2.735255,0.333297,0.168254,1.007444,0.0
29,500000,1433,3211,2026-09-09T08:56:09.171Z,120,2026-09-09T10:56:28.000Z,frozen_session6,1000000,0,exit_early,500378,61,0,0,0,True,early_inventory_exit,,,exit@3212,972.757831,3.11145,0.333297,0.002221,0.576853,0.376195
29,500000,1433,3211,2026-09-09T08:56:09.171Z,120,2026-09-09T10:56:28.000Z,frozen_session6,1000000,0,recenter60,662575,1844,0,0,0,True,inventory_cap,,Frozen mint minimum unavailable,exit@3241,972.381636,2.735255,0.333297,0.168254,1.007444,0.0
29,500000,1433,3211,2026-09-09T08:56:09.171Z,120,2026-09-09T10:56:28.000Z,frozen_session6,1000000,0,trim25,662575,1844,0,0,0,True,inventory_cap,,Frozen trim funding unavailable,exit@3241,972.381636,2.735255,0.333297,0.168254,1.007444,0.0
29,500000,1433,3211,2026-09-09T08:56:09.171Z,120,2026-09-09T10:56:28.000Z,frozen_session6,1000000,0,hold80,662575,2216,0,0,0,False,historical_guard,,,exit@3247,972.413614,2.767233,0.333297,0.191461,0.975466,0.031978
29,500000,1433,3211,2026-09-09T08:56:09.171Z,120,2026-09-09T10:56:28.000Z,frozen_session6,1000000,600,recenter60,662575,1844,0,0,0,True,inventory_cap,,Frozen mint minimum unavailable,exit@3241,972.381636,2.735255,0.333297,0.168254,1.007444,0.0
29,500000,1433,3211,2026-09-09T08:56:09.171Z,120,2026-09-09T10:56:28.000Z,frozen_session6,500000,0,guard60,662573,1844,0,0,0,False,inventory_cap,,,exit@3241,972.297556,2.651175,0.333297,0.084123,1.053807,0.0
29,500000,1433,3211,2026-09-09T08:56:09.171Z,120,2026-09-09T10:56:28.000Z,frozen_session6,500000,0,exit_early,500378,61,0,0,0,True,early_inventory_exit,,,exit@3212,972.75672,3.110339,0.333297,0.00111,0.576852,0.459164
29,500000,1433,3211,2026-09-09T08:56:09.171Z,120,2026-09-09T10:56:28.000Z,frozen_session6,500000,0,recenter60,662573,1844,0,0,0,True,inventory_cap,,Frozen mint minimum unavailable,exit@3241,972.297556,2.651175,0.333297,0.084123,1.053807,0.0
29,500000,1433,3211,2026-09-09T08:56:09.171Z,120,2026-09-09T10:56:28.000Z,frozen_session6,500000,0,trim25,662573,1844,0,0,0,True,inventory_cap,,Frozen trim funding unavailable,exit@3241,972.297556,2.651175,0.333297,0.084123,1.053807,0.0
29,500000,1433,3211,2026-09-09T08:56:09.171Z,120,2026-09-09T10:56:28.000Z,frozen_session6,500000,0,hold80,662573,2216,0,0,0,False,historical_guard,,,exit@3247,972.317931,2.67155,0.333297,0.095725,1.033432,0.020375
29,500000,1433,3211,2026-09-09T08:56:09.171Z,120,2026-09-09T10:56:28.000Z,frozen_session6,500000,600,recenter60,662573,1844,0,0,0,True,inventory_cap,,Frozen mint minimum unavailable,exit@3241,972.297556,2.651175,0.333297,0.084123,1.053807,0.0
29,500000,1433,3211,2026-09-09T08:56:09.171Z,120,2026-09-09T10:56:28.000Z,source_block_54,1000000,0,guard60,663114,1844,0,0,0,False,inventory_cap,,,exit@3241,971.59003,1.943649,1.124903,0.168254,1.79905,0.0
29,500000,1433,3211,2026-09-09T08:56:09.171Z,120,2026-09-09T10:56:28.000Z,source_block_54,1000000,0,exit_early,500786,61,0,0,0,True,early_inventory_exit,,,exit@3212,971.966225,2.319844,1.124903,0.002221,1.368459,0.376195
29,500000,1433,3211,2026-09-09T08:56:09.171Z,120,2026-09-09T10:56:28.000Z,source_block_54,1000000,0,recenter60,663114,1844,0,0,0,True,inventory_cap,,Frozen mint minimum unavailable,exit@3241,971.59003,1.943649,1.124903,0.168254,1.79905,0.0
29,500000,1433,3211,2026-09-09T08:56:09.171Z,120,2026-09-09T10:56:28.000Z,source_block_54,1000000,0,trim25,663114,1844,0,0,0,True,inventory_cap,,Frozen trim funding unavailable,exit@3241,971.59003,1.943649,1.124903,0.168254,1.79905,0.0
29,500000,1433,3211,2026-09-09T08:56:09.171Z,120,2026-09-09T10:56:28.000Z,source_block_54,1000000,0,hold80,663114,2216,0,0,0,False,historical_guard,,,exit@3247,971.622008,1.975627,1.124903,0.191461,1.767072,0.031978
29,500000,1433,3211,2026-09-09T08:56:09.171Z,120,2026-09-09T10:56:28.000Z,source_block_54,1000000,600,recenter60,663114,1844,0,0,0,True,inventory_cap,,Frozen mint minimum unavailable,exit@3241,971.59003,1.943649,1.124903,0.168254,1.79905,0.0
29,500000,1433,3211,2026-09-09T08:56:09.171Z,120,2026-09-09T10:56:28.000Z,source_block_54,500000,0,guard60,663113,1844,0,0,0,False,inventory_cap,,,exit@3241,971.50595,1.859569,1.124903,0.084123,1.845413,0.0
29,500000,1433,3211,2026-09-09T08:56:09.171Z,120,2026-09-09T10:56:28.000Z,source_block_54,500000,0,exit_early,500786,61,0,0,0,True,early_inventory_exit,,,exit@3212,971.965114,2.318733,1.124903,0.00111,1.368458,0.459164
29,500000,1433,3211,2026-09-09T08:56:09.171Z,120,2026-09-09T10:56:28.000Z,source_block_54,500000,0,recenter60,663113,1844,0,0,0,True,inventory_cap,,Frozen mint minimum unavailable,exit@3241,971.50595,1.859569,1.124903,0.084123,1.845413,0.0
29,500000,1433,3211,2026-09-09T08:56:09.171Z,120,2026-09-09T10:56:28.000Z,source_block_54,500000,0,trim25,663113,1844,0,0,0,True,inventory_cap,,Frozen trim funding unavailable,exit@3241,971.50595,1.859569,1.124903,0.084123,1.845413,0.0
29,500000,1433,3211,2026-09-09T08:56:09.171Z,120,2026-09-09T10:56:28.000Z,source_block_54,500000,0,hold80,663113,2216,0,0,0,False,historical_guard,,,exit@3247,971.526325,1.879944,1.124903,0.095725,1.825038,0.020375
29,500000,1433,3211,2026-09-09T08:56:09.171Z,120,2026-09-09T10:56:28.000Z,source_block_54,500000,600,recenter60,663113,1844,0,0,0,True,inventory_cap,,Frozen mint minimum unavailable,exit@3241,971.50595,1.859569,1.124903,0.084123,1.845413,0.0
29,550000,1461,3239,2026-09-09T09:24:42.750Z,30,2026-09-09T09:55:04.000Z,frozen_session6,1000000,0,guard60,662575,124,0,0,0,False,inventory_cap,,,exit@3241,972.381825,0.923735,0.333297,0.032667,0.867059,0.0
29,550000,1461,3239,2026-09-09T09:24:42.750Z,30,2026-09-09T09:55:04.000Z,frozen_session6,1000000,0,exit_early,662575,62,0,0,0,True,early_inventory_exit,,,exit@3240,972.373797,0.915707,0.333297,0.030085,0.875087,-0.008028
29,550000,1461,3239,2026-09-09T09:24:42.750Z,30,2026-09-09T09:55:04.000Z,frozen_session6,1000000,0,recenter60,662575,124,0,0,0,True,inventory_cap,,,exit@3241,972.381825,0.923735,0.333297,0.032667,0.867059,0.0
29,550000,1461,3239,2026-09-09T09:24:42.750Z,30,2026-09-09T09:55:04.000Z,frozen_session6,1000000,0,trim25,662575,124,0,0,0,True,inventory_cap,,,exit@3241,972.381825,0.923735,0.333297,0.032667,0.867059,0.0
29,550000,1461,3239,2026-09-09T09:24:42.750Z,30,2026-09-09T09:55:04.000Z,frozen_session6,1000000,0,hold80,662575,496,0,0,0,False,historical_guard,,,exit@3247,972.413801,0.955711,0.333297,0.055873,0.835083,0.031976
29,550000,1461,3239,2026-09-09T09:24:42.750Z,30,2026-09-09T09:55:04.000Z,frozen_session6,1000000,600,recenter60,662575,124,0,0,0,True,inventory_cap,,,exit@3241,972.381825,0.923735,0.333297,0.032667,0.867059,0.0
29,550000,1461,3239,2026-09-09T09:24:42.750Z,30,2026-09-09T09:55:04.000Z,frozen_session6,500000,0,guard60,662569,124,0,0,0,False,inventory_cap,,,exit@3241,972.365498,0.907408,0.333297,0.016333,0.883386,0.0
29,550000,1461,3239,2026-09-09T09:24:42.750Z,30,2026-09-09T09:55:04.000Z,frozen_session6,500000,0,exit_early,662569,62,0,0,0,True,early_inventory_exit,,,exit@3240,972.358761,0.900671,0.333297,0.015042,0.890123,-0.006737
29,550000,1461,3239,2026-09-09T09:24:42.750Z,30,2026-09-09T09:55:04.000Z,frozen_session6,500000,0,recenter60,662569,124,0,0,0,True,inventory_cap,,,exit@3241,972.365498,0.907408,0.333297,0.016333,0.883386,0.0
29,550000,1461,3239,2026-09-09T09:24:42.750Z,30,2026-09-09T09:55:04.000Z,frozen_session6,500000,0,trim25,662569,124,0,0,0,True,inventory_cap,,,exit@3241,972.365498,0.907408,0.333297,0.016333,0.883386,0.0
29,550000,1461,3239,2026-09-09T09:24:42.750Z,30,2026-09-09T09:55:04.000Z,frozen_session6,500000,0,hold80,662569,496,0,0,0,False,historical_guard,,,exit@3247,972.385872,0.927782,0.333297,0.027934,0.863012,0.020374
29,550000,1461,3239,2026-09-09T09:24:42.750Z,30,2026-09-09T09:55:04.000Z,frozen_session6,500000,600,recenter60,662569,124,0,0,0,True,inventory_cap,,,exit@3241,972.365498,0.907408,0.333297,0.016333,0.883386,0.0
29,550000,1461,3239,2026-09-09T09:24:42.750Z,30,2026-09-09T09:55:04.000Z,source_block_54,1000000,0,guard60,663114,124,0,0,0,False,inventory_cap,,,exit@3241,971.590219,0.132129,1.124903,0.032667,1.658665,0.0
29,550000,1461,3239,2026-09-09T09:24:42.750Z,30,2026-09-09T09:55:04.000Z,source_block_54,1000000,0,exit_early,663114,62,0,0,0,True,early_inventory_exit,,,exit@3240,971.582191,0.124101,1.124903,0.030085,1.666693,-0.008028
29,550000,1461,3239,2026-09-09T09:24:42.750Z,30,2026-09-09T09:55:04.000Z,source_block_54,1000000,0,recenter60,663114,124,0,0,0,True,inventory_cap,,,exit@3241,971.590219,0.132129,1.124903,0.032667,1.658665,0.0
29,550000,1461,3239,2026-09-09T09:24:42.750Z,30,2026-09-09T09:55:04.000Z,source_block_54,1000000,0,trim25,663114,124,0,0,0,True,inventory_cap,,,exit@3241,971.590219,0.132129,1.124903,0.032667,1.658665,0.0
29,550000,1461,3239,2026-09-09T09:24:42.750Z,30,2026-09-09T09:55:04.000Z,source_block_54,1000000,0,hold80,663114,496,0,0,0,False,historical_guard,,,exit@3247,971.622195,0.164105,1.124903,0.055873,1.626689,0.031976
29,550000,1461,3239,2026-09-09T09:24:42.750Z,30,2026-09-09T09:55:04.000Z,source_block_54,1000000,600,recenter60,663114,124,0,0,0,True,inventory_cap,,,exit@3241,971.590219,0.132129,1.124903,0.032667,1.658665,0.0
29,550000,1461,3239,2026-09-09T09:24:42.750Z,30,2026-09-09T09:55:04.000Z,source_block_54,500000,0,guard60,663109,124,0,0,0,False,inventory_cap,,,exit@3241,971.573892,0.115802,1.124903,0.016333,1.674992,0.0
29,550000,1461,3239,2026-09-09T09:24:42.750Z,30,2026-09-09T09:55:04.000Z,source_block_54,500000,0,exit_early,663109,62,0,0,0,True,early_inventory_exit,,,exit@3240,971.567155,0.109065,1.124903,0.015042,1.681729,-0.006737
29,550000,1461,3239,2026-09-09T09:24:42.750Z,30,2026-09-09T09:55:04.000Z,source_block_54,500000,0,recenter60,663109,124,0,0,0,True,inventory_cap,,,exit@3241,971.573892,0.115802,1.124903,0.016333,1.674992,0.0
29,550000,1461,3239,2026-09-09T09:24:42.750Z,30,2026-09-09T09:55:04.000Z,source_block_54,500000,0,trim25,663109,124,0,0,0,True,inventory_cap,,,exit@3241,971.573892,0.115802,1.124903,0.016333,1.674992,0.0
29,550000,1461,3239,2026-09-09T09:24:42.750Z,30,2026-09-09T09:55:04.000Z,source_block_54,500000,0,hold80,663109,496,0,0,0,False,historical_guard,,,exit@3247,971.594266,0.136176,1.124903,0.027934,1.654618,0.020374
29,550000,1461,3239,2026-09-09T09:24:42.750Z,30,2026-09-09T09:55:04.000Z,source_block_54,500000,600,recenter60,663109,124,0,0,0,True,inventory_cap,,,exit@3241,971.573892,0.115802,1.124903,0.016333,1.674992,0.0
29,550000,1461,3239,2026-09-09T09:24:42.750Z,120,2026-09-09T11:25:11.000Z,frozen_session6,1000000,0,guard60,662575,124,0,0,0,False,inventory_cap,,,exit@3241,972.381825,2.519362,0.333297,0.032667,0.867059,0.0
29,550000,1461,3239,2026-09-09T09:24:42.750Z,120,2026-09-09T11:25:11.000Z,frozen_session6,1000000,0,exit_early,662575,62,0,0,0,True,early_inventory_exit,,,exit@3240,972.373797,2.511334,0.333297,0.030085,0.875087,-0.008028
29,550000,1461,3239,2026-09-09T09:24:42.750Z,120,2026-09-09T11:25:11.000Z,frozen_session6,1000000,0,recenter60,662575,124,0,0,0,True,inventory_cap,,,exit@3241,972.381825,2.519362,0.333297,0.032667,0.867059,0.0
29,550000,1461,3239,2026-09-09T09:24:42.750Z,120,2026-09-09T11:25:11.000Z,frozen_session6,1000000,0,trim25,662575,124,0,0,0,True,inventory_cap,,,exit@3241,972.381825,2.519362,0.333297,0.032667,0.867059,0.0
29,550000,1461,3239,2026-09-09T09:24:42.750Z,120,2026-09-09T11:25:11.000Z,frozen_session6,1000000,0,hold80,662575,496,0,0,0,False,historical_guard,,,exit@3247,972.413801,2.551338,0.333297,0.055873,0.835083,0.031976
29,550000,1461,3239,2026-09-09T09:24:42.750Z,120,2026-09-09T11:25:11.000Z,frozen_session6,1000000,600,recenter60,662575,124,0,0,0,True,inventory_cap,,,exit@3241,972.381825,2.519362,0.333297,0.032667,0.867059,0.0
29,550000,1461,3239,2026-09-09T09:24:42.750Z,120,2026-09-09T11:25:11.000Z,frozen_session6,500000,0,guard60,662569,124,0,0,0,False,inventory_cap,,,exit@3241,972.365498,2.503035,0.333297,0.016333,0.883386,0.0
29,550000,1461,3239,2026-09-09T09:24:42.750Z,120,2026-09-09T11:25:11.000Z,frozen_session6,500000,0,exit_early,662569,62,0,0,0,True,early_inventory_exit,,,exit@3240,972.358761,2.496298,0.333297,0.015042,0.890123,-0.006737
29,550000,1461,3239,2026-09-09T09:24:42.750Z,120,2026-09-09T11:25:11.000Z,frozen_session6,500000,0,recenter60,662569,124,0,0,0,True,inventory_cap,,,exit@3241,972.365498,2.503035,0.333297,0.016333,0.883386,0.0
29,550000,1461,3239,2026-09-09T09:24:42.750Z,120,2026-09-09T11:25:11.000Z,frozen_session6,500000,0,trim25,662569,124,0,0,0,True,inventory_cap,,,exit@3241,972.365498,2.503035,0.333297,0.016333,0.883386,0.0
29,550000,1461,3239,2026-09-09T09:24:42.750Z,120,2026-09-09T11:25:11.000Z,frozen_session6,500000,0,hold80,662569,496,0,0,0,False,historical_guard,,,exit@3247,972.385872,2.523409,0.333297,0.027934,0.863012,0.020374
29,550000,1461,3239,2026-09-09T09:24:42.750Z,120,2026-09-09T11:25:11.000Z,frozen_session6,500000,600,recenter60,662569,124,0,0,0,True,inventory_cap,,,exit@3241,972.365498,2.503035,0.333297,0.016333,0.883386,0.0
29,550000,1461,3239,2026-09-09T09:24:42.750Z,120,2026-09-09T11:25:11.000Z,source_block_54,1000000,0,guard60,663114,124,0,0,0,False,inventory_cap,,,exit@3241,971.590219,1.727756,1.124903,0.032667,1.658665,0.0
29,550000,1461,3239,2026-09-09T09:24:42.750Z,120,2026-09-09T11:25:11.000Z,source_block_54,1000000,0,exit_early,663114,62,0,0,0,True,early_inventory_exit,,,exit@3240,971.582191,1.719728,1.124903,0.030085,1.666693,-0.008028
29,550000,1461,3239,2026-09-09T09:24:42.750Z,120,2026-09-09T11:25:11.000Z,source_block_54,1000000,0,recenter60,663114,124,0,0,0,True,inventory_cap,,,exit@3241,971.590219,1.727756,1.124903,0.032667,1.658665,0.0
29,550000,1461,3239,2026-09-09T09:24:42.750Z,120,2026-09-09T11:25:11.000Z,source_block_54,1000000,0,trim25,663114,124,0,0,0,True,inventory_cap,,,exit@3241,971.590219,1.727756,1.124903,0.032667,1.658665,0.0
29,550000,1461,3239,2026-09-09T09:24:42.750Z,120,2026-09-09T11:25:11.000Z,source_block_54,1000000,0,hold80,663114,496,0,0,0,False,historical_guard,,,exit@3247,971.622195,1.759732,1.124903,0.055873,1.626689,0.031976
29,550000,1461,3239,2026-09-09T09:24:42.750Z,120,2026-09-09T11:25:11.000Z,source_block_54,1000000,600,recenter60,663114,124,0,0,0,True,inventory_cap,,,exit@3241,971.590219,1.727756,1.124903,0.032667,1.658665,0.0
29,550000,1461,3239,2026-09-09T09:24:42.750Z,120,2026-09-09T11:25:11.000Z,source_block_54,500000,0,guard60,663109,124,0,0,0,False,inventory_cap,,,exit@3241,971.573892,1.711429,1.124903,0.016333,1.674992,0.0
29,550000,1461,3239,2026-09-09T09:24:42.750Z,120,2026-09-09T11:25:11.000Z,source_block_54,500000,0,exit_early,663109,62,0,0,0,True,early_inventory_exit,,,exit@3240,971.567155,1.704692,1.124903,0.015042,1.681729,-0.006737
29,550000,1461,3239,2026-09-09T09:24:42.750Z,120,2026-09-09T11:25:11.000Z,source_block_54,500000,0,recenter60,663109,124,0,0,0,True,inventory_cap,,,exit@3241,971.573892,1.711429,1.124903,0.016333,1.674992,0.0
29,550000,1461,3239,2026-09-09T09:24:42.750Z,120,2026-09-09T11:25:11.000Z,source_block_54,500000,0,trim25,663109,124,0,0,0,True,inventory_cap,,,exit@3241,971.573892,1.711429,1.124903,0.016333,1.674992,0.0
29,550000,1461,3239,2026-09-09T09:24:42.750Z,120,2026-09-09T11:25:11.000Z,source_block_54,500000,0,hold80,663109,496,0,0,0,False,historical_guard,,,exit@3247,971.594266,1.731803,1.124903,0.027934,1.654618,0.020374
29,550000,1461,3239,2026-09-09T09:24:42.750Z,120,2026-09-09T11:25:11.000Z,source_block_54,500000,600,recenter60,663109,124,0,0,0,True,inventory_cap,,,exit@3241,971.573892,1.711429,1.124903,0.016333,1.674992,0.0
30,500000,1489,3268,2026-09-09T09:54:28.893Z,30,2026-09-09T10:24:46.000Z,frozen_session6,1000000,0,guard60,793091,125,0,0,0,False,inventory_cap,,,exit@3270,970.157226,0.678712,0.333297,0.116097,1.474602,0.0
30,500000,1489,3268,2026-09-09T09:54:28.893Z,30,2026-09-09T10:24:46.000Z,frozen_session6,1000000,0,exit_early,618325,62,0,0,0,True,early_inventory_exit,,,exit@3269,970.768789,1.290275,0.333297,0.036779,0.863039,0.611563
30,500000,1489,3268,2026-09-09T09:54:28.893Z,30,2026-09-09T10:24:46.000Z,frozen_session6,1000000,0,recenter60,793091,125,0,0,0,True,inventory_cap,,,exit@3270,970.157226,0.678712,0.333297,0.116097,1.474602,0.0
30,500000,1489,3268,2026-09-09T09:54:28.893Z,30,2026-09-09T10:24:46.000Z,frozen_session6,1000000,0,trim25,793091,125,0,0,0,True,inventory_cap,,,exit@3270,970.157226,0.678712,0.333297,0.116097,1.474602,0.0
30,500000,1489,3268,2026-09-09T09:54:28.893Z,30,2026-09-09T10:24:46.000Z,frozen_session6,1000000,0,hold80,795500,1844,1658,0,0,False,,,,,967.930741,-1.547773,0.333297,0.118894,3.384154,-2.226485
30,500000,1489,3268,2026-09-09T09:54:28.893Z,30,2026-09-09T10:24:46.000Z,frozen_session6,1000000,600,recenter60,793091,125,0,0,0,False,inventory_cap,,,exit@3270,970.157226,0.678712,0.333297,0.116097,1.474602,0.0
30,500000,1489,3268,2026-09-09T09:54:28.893Z,30,2026-09-09T10:24:46.000Z,frozen_session6,500000,0,guard60,793083,125,0,0,0,False,inventory_cap,,,exit@3270,970.09922,0.620706,0.333297,0.058048,1.532608,0.0
30,500000,1489,3268,2026-09-09T09:54:28.893Z,30,2026-09-09T10:24:46.000Z,frozen_session6,500000,0,exit_early,618319,62,0,0,0,True,early_inventory_exit,,,exit@3269,970.750408,1.271894,0.333297,0.018389,0.88142,0.651188
30,500000,1489,3268,2026-09-09T09:54:28.893Z,30,2026-09-09T10:24:46.000Z,frozen_session6,500000,0,recenter60,793083,125,0,0,0,True,inventory_cap,,,exit@3270,970.09922,0.620706,0.333297,0.058048,1.532608,0.0
30,500000,1489,3268,2026-09-09T09:54:28.893Z,30,2026-09-09T10:24:46.000Z,frozen_session6,500000,0,trim25,793083,125,0,0,0,True,inventory_cap,,,exit@3270,970.09922,0.620706,0.333297,0.058048,1.532608,0.0
30,500000,1489,3268,2026-09-09T09:54:28.893Z,30,2026-09-09T10:24:46.000Z,frozen_session6,500000,0,hold80,795492,1844,1658,0,0,False,,,,,967.871493,-1.607021,0.333297,0.059446,3.4434,-2.227727
30,500000,1489,3268,2026-09-09T09:54:28.893Z,30,2026-09-09T10:24:46.000Z,frozen_session6,500000,600,recenter60,793083,125,0,0,0,False,inventory_cap,,,exit@3270,970.09922,0.620706,0.333297,0.058048,1.532608,0.0
30,500000,1489,3268,2026-09-09T09:54:28.893Z,30,2026-09-09T10:24:46.000Z,source_block_54,1000000,0,guard60,793740,125,0,0,0,False,inventory_cap,,,exit@3270,969.36562,-0.112894,1.124903,0.116097,2.266208,0.0
30,500000,1489,3268,2026-09-09T09:54:28.893Z,30,2026-09-09T10:24:46.000Z,source_block_54,1000000,0,exit_early,618829,62,0,0,0,True,early_inventory_exit,,,exit@3269,969.977183,0.498669,1.124903,0.036779,1.654645,0.611563
30,500000,1489,3268,2026-09-09T09:54:28.893Z,30,2026-09-09T10:24:46.000Z,source_block_54,1000000,0,recenter60,793740,125,0,0,0,True,inventory_cap,,,exit@3270,969.36562,-0.112894,1.124903,0.116097,2.266208,0.0
30,500000,1489,3268,2026-09-09T09:54:28.893Z,30,2026-09-09T10:24:46.000Z,source_block_54,1000000,0,trim25,793740,125,0,0,0,True,inventory_cap,,,exit@3270,969.36562,-0.112894,1.124903,0.116097,2.266208,0.0
30,500000,1489,3268,2026-09-09T09:54:28.893Z,30,2026-09-09T10:24:46.000Z,source_block_54,1000000,0,hold80,796150,1844,1658,0,0,False,,,,,967.139135,-2.339379,1.124903,0.118894,3.384154,-2.226485
30,500000,1489,3268,2026-09-09T09:54:28.893Z,30,2026-09-09T10:24:46.000Z,source_block_54,1000000,600,recenter60,793740,125,0,0,0,False,inventory_cap,,,exit@3270,969.36562,-0.112894,1.124903,0.116097,2.266208,0.0
30,500000,1489,3268,2026-09-09T09:54:28.893Z,30,2026-09-09T10:24:46.000Z,source_block_54,500000,0,guard60,793732,125,0,0,0,False,inventory_cap,,,exit@3270,969.307614,-0.1709,1.124903,0.058048,2.324214,0.0
30,500000,1489,3268,2026-09-09T09:54:28.893Z,30,2026-09-09T10:24:46.000Z,source_block_54,500000,0,exit_early,618823,62,0,0,0,True,early_inventory_exit,,,exit@3269,969.958802,0.480288,1.124903,0.018389,1.673026,0.651188
30,500000,1489,3268,2026-09-09T09:54:28.893Z,30,2026-09-09T10:24:46.000Z,source_block_54,500000,0,recenter60,793732,125,0,0,0,True,inventory_cap,,,exit@3270,969.307614,-0.1709,1.124903,0.058048,2.324214,0.0
30,500000,1489,3268,2026-09-09T09:54:28.893Z,30,2026-09-09T10:24:46.000Z,source_block_54,500000,0,trim25,793732,125,0,0,0,True,inventory_cap,,,exit@3270,969.307614,-0.1709,1.124903,0.058048,2.324214,0.0
30,500000,1489,3268,2026-09-09T09:54:28.893Z,30,2026-09-09T10:24:46.000Z,source_block_54,500000,0,hold80,796143,1844,1658,0,0,False,,,,,967.079887,-2.398627,1.124903,0.059446,3.4434,-2.227727
30,500000,1489,3268,2026-09-09T09:54:28.893Z,30,2026-09-09T10:24:46.000Z,source_block_54,500000,600,recenter60,793732,125,0,0,0,False,inventory_cap,,,exit@3270,969.307614,-0.1709,1.124903,0.058048,2.324214,0.0
30,500000,1489,3268,2026-09-09T09:54:28.893Z,120,2026-09-09T11:54:55.000Z,frozen_session6,1000000,0,guard60,793091,125,0,0,0,False,inventory_cap,,,exit@3270,970.157226,-0.770828,0.333297,0.116097,1.474602,0.0
30,500000,1489,3268,2026-09-09T09:54:28.893Z,120,2026-09-09T11:54:55.000Z,frozen_session6,1000000,0,exit_early,618325,62,0,0,0,True,early_inventory_exit,,,exit@3269,970.768789,-0.159265,0.333297,0.036779,0.863039,0.611563
30,500000,1489,3268,2026-09-09T09:54:28.893Z,120,2026-09-09T11:54:55.000Z,frozen_session6,1000000,0,recenter60,793091,125,0,0,0,True,inventory_cap,,,exit@3270,970.157226,-0.770828,0.333297,0.116097,1.474602,0.0
30,500000,1489,3268,2026-09-09T09:54:28.893Z,120,2026-09-09T11:54:55.000Z,frozen_session6,1000000,0,trim25,793091,125,0,0,0,True,inventory_cap,,,exit@3270,970.157226,-0.770828,0.333297,0.116097,1.474602,0.0
30,500000,1489,3268,2026-09-09T09:54:28.893Z,120,2026-09-09T11:54:55.000Z,frozen_session6,1000000,0,hold80,795500,7253,6822,0,0,False,,,,,970.202305,-0.725749,0.333297,0.183328,3.384154,0.045079
30,500000,1489,3268,2026-09-09T09:54:28.893Z,120,2026-09-09T11:54:55.000Z,frozen_session6,1000000,600,recenter60,793091,125,0,0,0,False,inventory_cap,,,exit@3270,970.157226,-0.770828,0.333297,0.116097,1.474602,0.0
30,500000,1489,3268,2026-09-09T09:54:28.893Z,120,2026-09-09T11:54:55.000Z,frozen_session6,500000,0,guard60,793083,125,0,0,0,False,inventory_cap,,,exit@3270,970.09922,-0.828834,0.333297,0.058048,1.532608,0.0
30,500000,1489,3268,2026-09-09T09:54:28.893Z,120,2026-09-09T11:54:55.000Z,frozen_session6,500000,0,exit_early,618319,62,0,0,0,True,early_inventory_exit,,,exit@3269,970.750408,-0.177646,0.333297,0.018389,0.88142,0.651188
30,500000,1489,3268,2026-09-09T09:54:28.893Z,120,2026-09-09T11:54:55.000Z,frozen_session6,500000,0,recenter60,793083,125,0,0,0,True,inventory_cap,,,exit@3270,970.09922,-0.828834,0.333297,0.058048,1.532608,0.0
30,500000,1489,3268,2026-09-09T09:54:28.893Z,120,2026-09-09T11:54:55.000Z,frozen_session6,500000,0,trim25,793083,125,0,0,0,True,inventory_cap,,,exit@3270,970.09922,-0.828834,0.333297,0.058048,1.532608,0.0
30,500000,1489,3268,2026-09-09T09:54:28.893Z,120,2026-09-09T11:54:55.000Z,frozen_session6,500000,0,hold80,795492,7253,6822,0,0,False,,,,,970.110694,-0.81736,0.333297,0.091662,3.4434,0.011474
30,500000,1489,3268,2026-09-09T09:54:28.893Z,120,2026-09-09T11:54:55.000Z,frozen_session6,500000,600,recenter60,793083,125,0,0,0,False,inventory_cap,,,exit@3270,970.09922,-0.828834,0.333297,0.058048,1.532608,0.0
30,500000,1489,3268,2026-09-09T09:54:28.893Z,120,2026-09-09T11:54:55.000Z,source_block_54,1000000,0,guard60,793740,125,0,0,0,False,inventory_cap,,,exit@3270,969.36562,-1.562434,1.124903,0.116097,2.266208,0.0
30,500000,1489,3268,2026-09-09T09:54:28.893Z,120,2026-09-09T11:54:55.000Z,source_block_54,1000000,0,exit_early,618829,62,0,0,0,True,early_inventory_exit,,,exit@3269,969.977183,-0.950871,1.124903,0.036779,1.654645,0.611563
30,500000,1489,3268,2026-09-09T09:54:28.893Z,120,2026-09-09T11:54:55.000Z,source_block_54,1000000,0,recenter60,793740,125,0,0,0,True,inventory_cap,,,exit@3270,969.36562,-1.562434,1.124903,0.116097,2.266208,0.0
30,500000,1489,3268,2026-09-09T09:54:28.893Z,120,2026-09-09T11:54:55.000Z,source_block_54,1000000,0,trim25,793740,125,0,0,0,True,inventory_cap,,,exit@3270,969.36562,-1.562434,1.124903,0.116097,2.266208,0.0
30,500000,1489,3268,2026-09-09T09:54:28.893Z,120,2026-09-09T11:54:55.000Z,source_block_54,1000000,0,hold80,796150,7253,6822,0,0,False,,,,,969.410699,-1.517355,1.124903,0.183328,3.384154,0.045079
30,500000,1489,3268,2026-09-09T09:54:28.893Z,120,2026-09-09T11:54:55.000Z,source_block_54,1000000,600,recenter60,793740,125,0,0,0,False,inventory_cap,,,exit@3270,969.36562,-1.562434,1.124903,0.116097,2.266208,0.0
30,500000,1489,3268,2026-09-09T09:54:28.893Z,120,2026-09-09T11:54:55.000Z,source_block_54,500000,0,guard60,793732,125,0,0,0,False,inventory_cap,,,exit@3270,969.307614,-1.62044,1.124903,0.058048,2.324214,0.0
30,500000,1489,3268,2026-09-09T09:54:28.893Z,120,2026-09-09T11:54:55.000Z,source_block_54,500000,0,exit_early,618823,62,0,0,0,True,early_inventory_exit,,,exit@3269,969.958802,-0.969252,1.124903,0.018389,1.673026,0.651188
30,500000,1489,3268,2026-09-09T09:54:28.893Z,120,2026-09-09T11:54:55.000Z,source_block_54,500000,0,recenter60,793732,125,0,0,0,True,inventory_cap,,,exit@3270,969.307614,-1.62044,1.124903,0.058048,2.324214,0.0
30,500000,1489,3268,2026-09-09T09:54:28.893Z,120,2026-09-09T11:54:55.000Z,source_block_54,500000,0,trim25,793732,125,0,0,0,True,inventory_cap,,,exit@3270,969.307614,-1.62044,1.124903,0.058048,2.324214,0.0
30,500000,1489,3268,2026-09-09T09:54:28.893Z,120,2026-09-09T11:54:55.000Z,source_block_54,500000,0,hold80,796143,7253,6822,0,0,False,,,,,969.319088,-1.608966,1.124903,0.091662,3.4434,0.011474
30,500000,1489,3268,2026-09-09T09:54:28.893Z,120,2026-09-09T11:54:55.000Z,source_block_54,500000,600,recenter60,793732,125,0,0,0,False,inventory_cap,,,exit@3270,969.307614,-1.62044,1.124903,0.058048,2.324214,0.0
34,500000,1744,3525,2026-09-09T14:19:37.888Z,30,2026-09-09T14:49:57.000Z,frozen_session6,1000000,0,guard60,682633,183,0,0,0,False,inventory_cap,,,exit@3528,966.068009,-2.457269,0.333297,0.074977,1.04681,0.0
34,500000,1744,3525,2026-09-09T14:19:37.888Z,30,2026-09-09T14:49:57.000Z,frozen_session6,1000000,0,exit_early,571399,61,0,0,0,True,early_inventory_exit,,,exit@3526,966.459862,-2.065416,0.333297,0.020633,0.654957,0.391853
34,500000,1744,3525,2026-09-09T14:19:37.888Z,30,2026-09-09T14:49:57.000Z,frozen_session6,1000000,0,recenter60,682633,183,0,0,0,True,inventory_cap,,Frozen mint minimum unavailable,exit@3528,966.068009,-2.457269,0.333297,0.074977,1.04681,0.0
34,500000,1744,3525,2026-09-09T14:19:37.888Z,30,2026-09-09T14:49:57.000Z,frozen_session6,1000000,0,trim25,571399,1835,551,0,1,True,,,,trim@3526,967.796576,-0.728702,0.613155,0.781006,0.646123,1.728567
34,500000,1744,3525,2026-09-09T14:19:37.888Z,30,2026-09-09T14:49:57.000Z,frozen_session6,1000000,0,hold80,682633,1835,551,0,0,False,,,,,968.596138,0.07086,0.333297,1.033888,0.38079,2.528129
34,500000,1744,3525,2026-09-09T14:19:37.888Z,30,2026-09-09T14:49:57.000Z,frozen_session6,1000000,600,recenter60,682633,183,0,0,0,False,inventory_cap,,,exit@3528,966.068009,-2.457269,0.333297,0.074977,1.04681,0.0
34,500000,1744,3525,2026-09-09T14:19:37.888Z,30,2026-09-09T14:49:57.000Z,frozen_session6,500000,0,guard60,682627,183,0,0,0,False,inventory_cap,,,exit@3528,966.030543,-2.494735,0.333297,0.037488,1.084276,0.0
34,500000,1744,3525,2026-09-09T14:19:37.888Z,30,2026-09-09T14:49:57.000Z,frozen_session6,500000,0,exit_early,571398,61,0,0,0,True,early_inventory_exit,,,exit@3526,966.449549,-2.075729,0.333297,0.010316,0.66527,0.419006
34,500000,1744,3525,2026-09-09T14:19:37.888Z,30,2026-09-09T14:49:57.000Z,frozen_session6,500000,0,recenter60,682627,183,0,0,0,True,inventory_cap,,Frozen mint minimum unavailable,exit@3528,966.030543,-2.494735,0.333297,0.037488,1.084276,0.0
34,500000,1744,3525,2026-09-09T14:19:37.888Z,30,2026-09-09T14:49:57.000Z,frozen_session6,500000,0,trim25,571398,1835,551,0,1,True,,,,trim@3526,967.406031,-1.119247,0.613155,0.390497,0.676825,1.375488
34,500000,1744,3525,2026-09-09T14:19:37.888Z,30,2026-09-09T14:49:57.000Z,frozen_session6,500000,0,hold80,682627,1835,551,0,0,False,,,,,968.079144,-0.446134,0.333297,0.516938,0.418272,2.048601
34,500000,1744,3525,2026-09-09T14:19:37.888Z,30,2026-09-09T14:49:57.000Z,frozen_session6,500000,600,recenter60,682627,183,0,0,0,False,inventory_cap,,,exit@3528,966.030543,-2.494735,0.333297,0.037488,1.084276,0.0
34,500000,1744,3525,2026-09-09T14:19:37.888Z,30,2026-09-09T14:49:57.000Z,source_block_54,1000000,0,guard60,683191,183,0,0,0,False,inventory_cap,,,exit@3528,965.276403,-3.248875,1.124903,0.074977,1.838416,0.0
34,500000,1744,3525,2026-09-09T14:19:37.888Z,30,2026-09-09T14:49:57.000Z,source_block_54,1000000,0,exit_early,571866,61,0,0,0,True,early_inventory_exit,,,exit@3526,965.668256,-2.857022,1.124903,0.020633,1.446563,0.391853
34,500000,1744,3525,2026-09-09T14:19:37.888Z,30,2026-09-09T14:49:57.000Z,source_block_54,1000000,0,recenter60,683191,183,0,0,0,True,inventory_cap,,Frozen mint minimum unavailable,exit@3528,965.276403,-3.248875,1.124903,0.074977,1.838416,0.0
34,500000,1744,3525,2026-09-09T14:19:37.888Z,30,2026-09-09T14:49:57.000Z,source_block_54,1000000,0,trim25,571866,1835,551,0,1,True,,,,trim@3526,966.306737,-2.218541,2.102994,0.781006,1.344356,1.030334
34,500000,1744,3525,2026-09-09T14:19:37.888Z,30,2026-09-09T14:49:57.000Z,source_block_54,1000000,0,hold80,683191,1835,551,0,0,False,,,,,967.804532,-0.720746,1.124903,1.033888,0.38079,2.528129
34,500000,1744,3525,2026-09-09T14:19:37.888Z,30,2026-09-09T14:49:57.000Z,source_block_54,1000000,600,recenter60,683191,183,0,0,0,False,inventory_cap,,,exit@3528,965.276403,-3.248875,1.124903,0.074977,1.838416,0.0
34,500000,1744,3525,2026-09-09T14:19:37.888Z,30,2026-09-09T14:49:57.000Z,source_block_54,500000,0,guard60,683186,183,0,0,0,False,inventory_cap,,,exit@3528,965.238937,-3.286341,1.124903,0.037488,1.875882,0.0
34,500000,1744,3525,2026-09-09T14:19:37.888Z,30,2026-09-09T14:49:57.000Z,source_block_54,500000,0,exit_early,571865,61,0,0,0,True,early_inventory_exit,,,exit@3526,965.657943,-2.867335,1.124903,0.010316,1.456876,0.419006
34,500000,1744,3525,2026-09-09T14:19:37.888Z,30,2026-09-09T14:49:57.000Z,source_block_54,500000,0,recenter60,683186,183,0,0,0,True,inventory_cap,,Frozen mint minimum unavailable,exit@3528,965.238937,-3.286341,1.124903,0.037488,1.875882,0.0
34,500000,1744,3525,2026-09-09T14:19:37.888Z,30,2026-09-09T14:49:57.000Z,source_block_54,500000,0,trim25,571865,1835,551,0,1,True,,,,trim@3526,965.916192,-2.609086,2.102994,0.390497,1.375058,0.677255
34,500000,1744,3525,2026-09-09T14:19:37.888Z,30,2026-09-09T14:49:57.000Z,source_block_54,500000,0,hold80,683186,1835,551,0,0,False,,,,,967.287538,-1.23774,1.124903,0.516938,0.418272,2.048601
34,500000,1744,3525,2026-09-09T14:19:37.888Z,30,2026-09-09T14:49:57.000Z,source_block_54,500000,600,recenter60,683186,183,0,0,0,False,inventory_cap,,,exit@3528,965.238937,-3.286341,1.124903,0.037488,1.875882,0.0
34,500000,1744,3525,2026-09-09T14:19:37.888Z,120,2026-09-09T16:20:09.000Z,frozen_session6,1000000,0,guard60,682633,183,0,0,0,False,inventory_cap,,,exit@3528,966.068009,-0.752014,0.333297,0.074977,1.04681,0.0
34,500000,1744,3525,2026-09-09T14:19:37.888Z,120,2026-09-09T16:20:09.000Z,frozen_session6,1000000,0,exit_early,571399,61,0,0,0,True,early_inventory_exit,,,exit@3526,966.459862,-0.360161,0.333297,0.020633,0.654957,0.391853
34,500000,1744,3525,2026-09-09T14:19:37.888Z,120,2026-09-09T16:20:09.000Z,frozen_session6,1000000,0,recenter60,682633,183,0,0,0,True,inventory_cap,,Frozen mint minimum unavailable,exit@3528,966.068009,-0.752014,0.333297,0.074977,1.04681,0.0
34,500000,1744,3525,2026-09-09T14:19:37.888Z,120,2026-09-09T16:20:09.000Z,frozen_session6,1000000,0,trim25,571399,3249,551,0,1,True,historical_guard,,,trim@3526; exit@3576,967.989884,1.169861,0.613155,1.194613,0.646123,1.921875
34,500000,1744,3525,2026-09-09T14:19:37.888Z,120,2026-09-09T16:20:09.000Z,frozen_session6,1000000,0,hold80,682633,3249,551,0,0,False,historical_guard,,,exit@3576,968.860518,2.040495,0.333297,1.585074,0.57408,2.792509
34,500000,1744,3525,2026-09-09T14:19:37.888Z,120,2026-09-09T16:20:09.000Z,frozen_session6,1000000,600,recenter60,682633,183,0,0,0,False,inventory_cap,,,exit@3528,966.068009,-0.752014,0.333297,0.074977,1.04681,0.0
34,500000,1744,3525,2026-09-09T14:19:37.888Z,120,2026-09-09T16:20:09.000Z,frozen_session6,500000,0,guard60,682627,183,0,0,0,False,inventory_cap,,,exit@3528,966.030543,-0.78948,0.333297,0.037488,1.084276,0.0
34,500000,1744,3525,2026-09-09T14:19:37.888Z,120,2026-09-09T16:20:09.000Z,frozen_session6,500000,0,exit_early,571398,61,0,0,0,True,early_inventory_exit,,,exit@3526,966.449549,-0.370474,0.333297,0.010316,0.66527,0.419006
34,500000,1744,3525,2026-09-09T14:19:37.888Z,120,2026-09-09T16:20:09.000Z,frozen_session6,500000,0,recenter60,682627,183,0,0,0,True,inventory_cap,,Frozen mint minimum unavailable,exit@3528,966.030543,-0.78948,0.333297,0.037488,1.084276,0.0
34,500000,1744,3525,2026-09-09T14:19:37.888Z,120,2026-09-09T16:20:09.000Z,frozen_session6,500000,0,trim25,571398,3249,551,0,1,True,historical_guard,,,trim@3526; exit@3576,967.392809,0.572786,0.613155,0.597293,0.676825,1.362266
34,500000,1744,3525,2026-09-09T14:19:37.888Z,120,2026-09-09T16:20:09.000Z,frozen_session6,500000,0,hold80,682627,3249,551,0,0,False,historical_guard,,,exit@3576,968.068297,1.248274,0.333297,0.792527,0.602006,2.037754
34,500000,1744,3525,2026-09-09T14:19:37.888Z,120,2026-09-09T16:20:09.000Z,frozen_session6,500000,600,recenter60,682627,183,0,0,0,False,inventory_cap,,,exit@3528,966.030543,-0.78948,0.333297,0.037488,1.084276,0.0
34,500000,1744,3525,2026-09-09T14:19:37.888Z,120,2026-09-09T16:20:09.000Z,source_block_54,1000000,0,guard60,683191,183,0,0,0,False,inventory_cap,,,exit@3528,965.276403,-1.54362,1.124903,0.074977,1.838416,0.0
34,500000,1744,3525,2026-09-09T14:19:37.888Z,120,2026-09-09T16:20:09.000Z,source_block_54,1000000,0,exit_early,571866,61,0,0,0,True,early_inventory_exit,,,exit@3526,965.668256,-1.151767,1.124903,0.020633,1.446563,0.391853
34,500000,1744,3525,2026-09-09T14:19:37.888Z,120,2026-09-09T16:20:09.000Z,source_block_54,1000000,0,recenter60,683191,183,0,0,0,True,inventory_cap,,Frozen mint minimum unavailable,exit@3528,965.276403,-1.54362,1.124903,0.074977,1.838416,0.0
34,500000,1744,3525,2026-09-09T14:19:37.888Z,120,2026-09-09T16:20:09.000Z,source_block_54,1000000,0,trim25,571866,3249,551,0,1,True,historical_guard,,,trim@3526; exit@3576,966.500045,-0.319978,2.102994,1.194613,1.344356,1.223642
34,500000,1744,3525,2026-09-09T14:19:37.888Z,120,2026-09-09T16:20:09.000Z,source_block_54,1000000,0,hold80,683191,3249,551,0,0,False,historical_guard,,,exit@3576,968.068912,1.248889,1.124903,1.585074,1.365686,2.792509
34,500000,1744,3525,2026-09-09T14:19:37.888Z,120,2026-09-09T16:20:09.000Z,source_block_54,1000000,600,recenter60,683191,183,0,0,0,False,inventory_cap,,,exit@3528,965.276403,-1.54362,1.124903,0.074977,1.838416,0.0
34,500000,1744,3525,2026-09-09T14:19:37.888Z,120,2026-09-09T16:20:09.000Z,source_block_54,500000,0,guard60,683186,183,0,0,0,False,inventory_cap,,,exit@3528,965.238937,-1.581086,1.124903,0.037488,1.875882,0.0
34,500000,1744,3525,2026-09-09T14:19:37.888Z,120,2026-09-09T16:20:09.000Z,source_block_54,500000,0,exit_early,571865,61,0,0,0,True,early_inventory_exit,,,exit@3526,965.657943,-1.16208,1.124903,0.010316,1.456876,0.419006
34,500000,1744,3525,2026-09-09T14:19:37.888Z,120,2026-09-09T16:20:09.000Z,source_block_54,500000,0,recenter60,683186,183,0,0,0,True,inventory_cap,,Frozen mint minimum unavailable,exit@3528,965.238937,-1.581086,1.124903,0.037488,1.875882,0.0
34,500000,1744,3525,2026-09-09T14:19:37.888Z,120,2026-09-09T16:20:09.000Z,source_block_54,500000,0,trim25,571865,3249,551,0,1,True,historical_guard,,,trim@3526; exit@3576,965.90297,-0.917053,2.102994,0.597293,1.375058,0.664033
34,500000,1744,3525,2026-09-09T14:19:37.888Z,120,2026-09-09T16:20:09.000Z,source_block_54,500000,0,hold80,683186,3249,551,0,0,False,historical_guard,,,exit@3576,967.276691,0.456668,1.124903,0.792527,1.393612,2.037754
34,500000,1744,3525,2026-09-09T14:19:37.888Z,120,2026-09-09T16:20:09.000Z,source_block_54,500000,600,recenter60,683186,183,0,0,0,False,inventory_cap,,,exit@3528,965.238937,-1.581086,1.124903,0.037488,1.875882,0.0
34,550000,1744,3525,2026-09-09T14:19:37.888Z,30,2026-09-09T14:49:57.000Z,frozen_session6,1000000,0,guard60,682633,183,0,0,0,False,inventory_cap,,,exit@3528,966.068009,-2.457269,0.333297,0.074977,1.04681,0.0
34,550000,1744,3525,2026-09-09T14:19:37.888Z,30,2026-09-09T14:49:57.000Z,frozen_session6,1000000,0,exit_early,571399,61,0,0,0,True,early_inventory_exit,,,exit@3526,966.459862,-2.065416,0.333297,0.020633,0.654957,0.391853
34,550000,1744,3525,2026-09-09T14:19:37.888Z,30,2026-09-09T14:49:57.000Z,frozen_session6,1000000,0,recenter60,682633,183,0,0,0,True,inventory_cap,,Frozen mint minimum unavailable,exit@3528,966.068009,-2.457269,0.333297,0.074977,1.04681,0.0
34,550000,1744,3525,2026-09-09T14:19:37.888Z,30,2026-09-09T14:49:57.000Z,frozen_session6,1000000,0,trim25,571399,1835,551,0,1,True,,,,trim@3526,967.796576,-0.728702,0.613155,0.781006,0.646123,1.728567
34,550000,1744,3525,2026-09-09T14:19:37.888Z,30,2026-09-09T14:49:57.000Z,frozen_session6,1000000,0,hold80,682633,1835,551,0,0,False,,,,,968.596138,0.07086,0.333297,1.033888,0.38079,2.528129
34,550000,1744,3525,2026-09-09T14:19:37.888Z,30,2026-09-09T14:49:57.000Z,frozen_session6,1000000,600,recenter60,682633,183,0,0,0,False,inventory_cap,,,exit@3528,966.068009,-2.457269,0.333297,0.074977,1.04681,0.0
34,550000,1744,3525,2026-09-09T14:19:37.888Z,30,2026-09-09T14:49:57.000Z,frozen_session6,500000,0,guard60,682627,183,0,0,0,False,inventory_cap,,,exit@3528,966.030543,-2.494735,0.333297,0.037488,1.084276,0.0
34,550000,1744,3525,2026-09-09T14:19:37.888Z,30,2026-09-09T14:49:57.000Z,frozen_session6,500000,0,exit_early,571398,61,0,0,0,True,early_inventory_exit,,,exit@3526,966.449549,-2.075729,0.333297,0.010316,0.66527,0.419006
34,550000,1744,3525,2026-09-09T14:19:37.888Z,30,2026-09-09T14:49:57.000Z,frozen_session6,500000,0,recenter60,682627,183,0,0,0,True,inventory_cap,,Frozen mint minimum unavailable,exit@3528,966.030543,-2.494735,0.333297,0.037488,1.084276,0.0
34,550000,1744,3525,2026-09-09T14:19:37.888Z,30,2026-09-09T14:49:57.000Z,frozen_session6,500000,0,trim25,571398,1835,551,0,1,True,,,,trim@3526,967.406031,-1.119247,0.613155,0.390497,0.676825,1.375488
34,550000,1744,3525,2026-09-09T14:19:37.888Z,30,2026-09-09T14:49:57.000Z,frozen_session6,500000,0,hold80,682627,1835,551,0,0,False,,,,,968.079144,-0.446134,0.333297,0.516938,0.418272,2.048601
34,550000,1744,3525,2026-09-09T14:19:37.888Z,30,2026-09-09T14:49:57.000Z,frozen_session6,500000,600,recenter60,682627,183,0,0,0,False,inventory_cap,,,exit@3528,966.030543,-2.494735,0.333297,0.037488,1.084276,0.0
34,550000,1744,3525,2026-09-09T14:19:37.888Z,30,2026-09-09T14:49:57.000Z,source_block_54,1000000,0,guard60,683191,183,0,0,0,False,inventory_cap,,,exit@3528,965.276403,-3.248875,1.124903,0.074977,1.838416,0.0
34,550000,1744,3525,2026-09-09T14:19:37.888Z,30,2026-09-09T14:49:57.000Z,source_block_54,1000000,0,exit_early,571866,61,0,0,0,True,early_inventory_exit,,,exit@3526,965.668256,-2.857022,1.124903,0.020633,1.446563,0.391853
34,550000,1744,3525,2026-09-09T14:19:37.888Z,30,2026-09-09T14:49:57.000Z,source_block_54,1000000,0,recenter60,683191,183,0,0,0,True,inventory_cap,,Frozen mint minimum unavailable,exit@3528,965.276403,-3.248875,1.124903,0.074977,1.838416,0.0
34,550000,1744,3525,2026-09-09T14:19:37.888Z,30,2026-09-09T14:49:57.000Z,source_block_54,1000000,0,trim25,571866,1835,551,0,1,True,,,,trim@3526,966.306737,-2.218541,2.102994,0.781006,1.344356,1.030334
34,550000,1744,3525,2026-09-09T14:19:37.888Z,30,2026-09-09T14:49:57.000Z,source_block_54,1000000,0,hold80,683191,1835,551,0,0,False,,,,,967.804532,-0.720746,1.124903,1.033888,0.38079,2.528129
34,550000,1744,3525,2026-09-09T14:19:37.888Z,30,2026-09-09T14:49:57.000Z,source_block_54,1000000,600,recenter60,683191,183,0,0,0,False,inventory_cap,,,exit@3528,965.276403,-3.248875,1.124903,0.074977,1.838416,0.0
34,550000,1744,3525,2026-09-09T14:19:37.888Z,30,2026-09-09T14:49:57.000Z,source_block_54,500000,0,guard60,683186,183,0,0,0,False,inventory_cap,,,exit@3528,965.238937,-3.286341,1.124903,0.037488,1.875882,0.0
34,550000,1744,3525,2026-09-09T14:19:37.888Z,30,2026-09-09T14:49:57.000Z,source_block_54,500000,0,exit_early,571865,61,0,0,0,True,early_inventory_exit,,,exit@3526,965.657943,-2.867335,1.124903,0.010316,1.456876,0.419006
34,550000,1744,3525,2026-09-09T14:19:37.888Z,30,2026-09-09T14:49:57.000Z,source_block_54,500000,0,recenter60,683186,183,0,0,0,True,inventory_cap,,Frozen mint minimum unavailable,exit@3528,965.238937,-3.286341,1.124903,0.037488,1.875882,0.0
34,550000,1744,3525,2026-09-09T14:19:37.888Z,30,2026-09-09T14:49:57.000Z,source_block_54,500000,0,trim25,571865,1835,551,0,1,True,,,,trim@3526,965.916192,-2.609086,2.102994,0.390497,1.375058,0.677255
34,550000,1744,3525,2026-09-09T14:19:37.888Z,30,2026-09-09T14:49:57.000Z,source_block_54,500000,0,hold80,683186,1835,551,0,0,False,,,,,967.287538,-1.23774,1.124903,0.516938,0.418272,2.048601
34,550000,1744,3525,2026-09-09T14:19:37.888Z,30,2026-09-09T14:49:57.000Z,source_block_54,500000,600,recenter60,683186,183,0,0,0,False,inventory_cap,,,exit@3528,965.238937,-3.286341,1.124903,0.037488,1.875882,0.0
34,550000,1744,3525,2026-09-09T14:19:37.888Z,120,2026-09-09T16:20:09.000Z,frozen_session6,1000000,0,guard60,682633,183,0,0,0,False,inventory_cap,,,exit@3528,966.068009,-0.752014,0.333297,0.074977,1.04681,0.0
34,550000,1744,3525,2026-09-09T14:19:37.888Z,120,2026-09-09T16:20:09.000Z,frozen_session6,1000000,0,exit_early,571399,61,0,0,0,True,early_inventory_exit,,,exit@3526,966.459862,-0.360161,0.333297,0.020633,0.654957,0.391853
34,550000,1744,3525,2026-09-09T14:19:37.888Z,120,2026-09-09T16:20:09.000Z,frozen_session6,1000000,0,recenter60,682633,183,0,0,0,True,inventory_cap,,Frozen mint minimum unavailable,exit@3528,966.068009,-0.752014,0.333297,0.074977,1.04681,0.0
34,550000,1744,3525,2026-09-09T14:19:37.888Z,120,2026-09-09T16:20:09.000Z,frozen_session6,1000000,0,trim25,571399,3249,551,0,1,True,historical_guard,,,trim@3526; exit@3576,967.989884,1.169861,0.613155,1.194613,0.646123,1.921875
34,550000,1744,3525,2026-09-09T14:19:37.888Z,120,2026-09-09T16:20:09.000Z,frozen_session6,1000000,0,hold80,682633,3249,551,0,0,False,historical_guard,,,exit@3576,968.860518,2.040495,0.333297,1.585074,0.57408,2.792509
34,550000,1744,3525,2026-09-09T14:19:37.888Z,120,2026-09-09T16:20:09.000Z,frozen_session6,1000000,600,recenter60,682633,183,0,0,0,False,inventory_cap,,,exit@3528,966.068009,-0.752014,0.333297,0.074977,1.04681,0.0
34,550000,1744,3525,2026-09-09T14:19:37.888Z,120,2026-09-09T16:20:09.000Z,frozen_session6,500000,0,guard60,682627,183,0,0,0,False,inventory_cap,,,exit@3528,966.030543,-0.78948,0.333297,0.037488,1.084276,0.0
34,550000,1744,3525,2026-09-09T14:19:37.888Z,120,2026-09-09T16:20:09.000Z,frozen_session6,500000,0,exit_early,571398,61,0,0,0,True,early_inventory_exit,,,exit@3526,966.449549,-0.370474,0.333297,0.010316,0.66527,0.419006
34,550000,1744,3525,2026-09-09T14:19:37.888Z,120,2026-09-09T16:20:09.000Z,frozen_session6,500000,0,recenter60,682627,183,0,0,0,True,inventory_cap,,Frozen mint minimum unavailable,exit@3528,966.030543,-0.78948,0.333297,0.037488,1.084276,0.0
34,550000,1744,3525,2026-09-09T14:19:37.888Z,120,2026-09-09T16:20:09.000Z,frozen_session6,500000,0,trim25,571398,3249,551,0,1,True,historical_guard,,,trim@3526; exit@3576,967.392809,0.572786,0.613155,0.597293,0.676825,1.362266
34,550000,1744,3525,2026-09-09T14:19:37.888Z,120,2026-09-09T16:20:09.000Z,frozen_session6,500000,0,hold80,682627,3249,551,0,0,False,historical_guard,,,exit@3576,968.068297,1.248274,0.333297,0.792527,0.602006,2.037754
34,550000,1744,3525,2026-09-09T14:19:37.888Z,120,2026-09-09T16:20:09.000Z,frozen_session6,500000,600,recenter60,682627,183,0,0,0,False,inventory_cap,,,exit@3528,966.030543,-0.78948,0.333297,0.037488,1.084276,0.0
34,550000,1744,3525,2026-09-09T14:19:37.888Z,120,2026-09-09T16:20:09.000Z,source_block_54,1000000,0,guard60,683191,183,0,0,0,False,inventory_cap,,,exit@3528,965.276403,-1.54362,1.124903,0.074977,1.838416,0.0
34,550000,1744,3525,2026-09-09T14:19:37.888Z,120,2026-09-09T16:20:09.000Z,source_block_54,1000000,0,exit_early,571866,61,0,0,0,True,early_inventory_exit,,,exit@3526,965.668256,-1.151767,1.124903,0.020633,1.446563,0.391853
34,550000,1744,3525,2026-09-09T14:19:37.888Z,120,2026-09-09T16:20:09.000Z,source_block_54,1000000,0,recenter60,683191,183,0,0,0,True,inventory_cap,,Frozen mint minimum unavailable,exit@3528,965.276403,-1.54362,1.124903,0.074977,1.838416,0.0
34,550000,1744,3525,2026-09-09T14:19:37.888Z,120,2026-09-09T16:20:09.000Z,source_block_54,1000000,0,trim25,571866,3249,551,0,1,True,historical_guard,,,trim@3526; exit@3576,966.500045,-0.319978,2.102994,1.194613,1.344356,1.223642
34,550000,1744,3525,2026-09-09T14:19:37.888Z,120,2026-09-09T16:20:09.000Z,source_block_54,1000000,0,hold80,683191,3249,551,0,0,False,historical_guard,,,exit@3576,968.068912,1.248889,1.124903,1.585074,1.365686,2.792509
34,550000,1744,3525,2026-09-09T14:19:37.888Z,120,2026-09-09T16:20:09.000Z,source_block_54,1000000,600,recenter60,683191,183,0,0,0,False,inventory_cap,,,exit@3528,965.276403,-1.54362,1.124903,0.074977,1.838416,0.0
34,550000,1744,3525,2026-09-09T14:19:37.888Z,120,2026-09-09T16:20:09.000Z,source_block_54,500000,0,guard60,683186,183,0,0,0,False,inventory_cap,,,exit@3528,965.238937,-1.581086,1.124903,0.037488,1.875882,0.0
34,550000,1744,3525,2026-09-09T14:19:37.888Z,120,2026-09-09T16:20:09.000Z,source_block_54,500000,0,exit_early,571865,61,0,0,0,True,early_inventory_exit,,,exit@3526,965.657943,-1.16208,1.124903,0.010316,1.456876,0.419006
34,550000,1744,3525,2026-09-09T14:19:37.888Z,120,2026-09-09T16:20:09.000Z,source_block_54,500000,0,recenter60,683186,183,0,0,0,True,inventory_cap,,Frozen mint minimum unavailable,exit@3528,965.238937,-1.581086,1.124903,0.037488,1.875882,0.0
34,550000,1744,3525,2026-09-09T14:19:37.888Z,120,2026-09-09T16:20:09.000Z,source_block_54,500000,0,trim25,571865,3249,551,0,1,True,historical_guard,,,trim@3526; exit@3576,965.90297,-0.917053,2.102994,0.597293,1.375058,0.664033
34,550000,1744,3525,2026-09-09T14:19:37.888Z,120,2026-09-09T16:20:09.000Z,source_block_54,500000,0,hold80,683186,3249,551,0,0,False,historical_guard,,,exit@3576,967.276691,0.456668,1.124903,0.792527,1.393612,2.037754
34,550000,1744,3525,2026-09-09T14:19:37.888Z,120,2026-09-09T16:20:09.000Z,source_block_54,500000,600,recenter60,683186,183,0,0,0,False,inventory_cap,,,exit@3528,965.238937,-1.581086,1.124903,0.037488,1.875882,0.0
36,500000,1779,3560,2026-09-09T14:55:22.803Z,30,2026-09-09T15:25:46.000Z,frozen_session6,1000000,0,guard60,565927,1105,0,0,0,False,historical_guard,,,exit@3576,963.17872,1.33831,0.333297,0.503067,0.842046,0.0
36,500000,1779,3560,2026-09-09T14:55:22.803Z,30,2026-09-09T15:25:46.000Z,frozen_session6,1000000,0,exit_early,526439,60,0,0,0,True,early_inventory_exit,,,exit@3561,962.631636,0.791226,0.333297,0.003152,0.594878,-0.547084
36,500000,1779,3560,2026-09-09T14:55:22.803Z,30,2026-09-09T15:25:46.000Z,frozen_session6,1000000,0,recenter60,565927,1105,0,0,0,True,historical_guard,,Frozen mint minimum unavailable,exit@3576,963.17872,1.33831,0.333297,0.503067,0.842046,0.0
36,500000,1779,3560,2026-09-09T14:55:22.803Z,30,2026-09-09T15:25:46.000Z,frozen_session6,1000000,0,trim25,526439,1105,0,0,1,True,historical_guard,,,trim@3561; exit@3576,962.762944,0.922534,0.613155,0.378307,0.715647,-0.415776
36,500000,1779,3560,2026-09-09T14:55:22.803Z,30,2026-09-09T15:25:46.000Z,frozen_session6,1000000,0,hold80,565927,1105,0,0,0,False,historical_guard,,,exit@3576,963.17872,1.33831,0.333297,0.503067,0.842046,0.0
36,500000,1779,3560,2026-09-09T14:55:22.803Z,30,2026-09-09T15:25:46.000Z,frozen_session6,1000000,600,recenter60,565927,1105,0,0,0,False,historical_guard,,,exit@3576,963.17872,1.33831,0.333297,0.503067,0.842046,0.0
36,500000,1779,3560,2026-09-09T14:55:22.803Z,30,2026-09-09T15:25:46.000Z,frozen_session6,500000,0,guard60,565924,1105,0,0,0,False,historical_guard,,,exit@3576,962.927295,1.086885,0.333297,0.251529,0.896221,0.0
36,500000,1779,3560,2026-09-09T14:55:22.803Z,30,2026-09-09T15:25:46.000Z,frozen_session6,500000,0,exit_early,526439,60,0,0,0,True,early_inventory_exit,,,exit@3561,962.63006,0.78965,0.333297,0.001576,0.596454,-0.297235
36,500000,1779,3560,2026-09-09T14:55:22.803Z,30,2026-09-09T15:25:46.000Z,frozen_session6,500000,0,recenter60,565924,1105,0,0,0,True,historical_guard,,Frozen mint minimum unavailable,exit@3576,962.927295,1.086885,0.333297,0.251529,0.896221,0.0
36,500000,1779,3560,2026-09-09T14:55:22.803Z,30,2026-09-09T15:25:46.000Z,frozen_session6,500000,0,trim25,526439,1105,0,0,1,True,historical_guard,,,trim@3561; exit@3576,962.573868,0.733458,0.613155,0.18915,0.756546,-0.353427
36,500000,1779,3560,2026-09-09T14:55:22.803Z,30,2026-09-09T15:25:46.000Z,frozen_session6,500000,0,hold80,565924,1105,0,0,0,False,historical_guard,,,exit@3576,962.927295,1.086885,0.333297,0.251529,0.896221,0.0
36,500000,1779,3560,2026-09-09T14:55:22.803Z,30,2026-09-09T15:25:46.000Z,frozen_session6,500000,600,recenter60,565924,1105,0,0,0,False,historical_guard,,,exit@3576,962.927295,1.086885,0.333297,0.251529,0.896221,0.0
36,500000,1779,3560,2026-09-09T14:55:22.803Z,30,2026-09-09T15:25:46.000Z,source_block_54,1000000,0,guard60,566393,1105,0,0,0,False,historical_guard,,,exit@3576,962.387114,0.546704,1.124903,0.503067,1.633652,0.0
36,500000,1779,3560,2026-09-09T14:55:22.803Z,30,2026-09-09T15:25:46.000Z,source_block_54,1000000,0,exit_early,526872,60,0,0,0,True,early_inventory_exit,,,exit@3561,961.84003,-0.00038,1.124903,0.003152,1.386484,-0.547084
36,500000,1779,3560,2026-09-09T14:55:22.803Z,30,2026-09-09T15:25:46.000Z,source_block_54,1000000,0,recenter60,566393,1105,0,0,0,True,historical_guard,,Frozen mint minimum unavailable,exit@3576,962.387114,0.546704,1.124903,0.503067,1.633652,0.0
36,500000,1779,3560,2026-09-09T14:55:22.803Z,30,2026-09-09T15:25:46.000Z,source_block_54,1000000,0,trim25,526872,1105,0,0,1,True,historical_guard,,,trim@3561; exit@3576,961.273105,-0.567305,2.102994,0.378307,1.953409,-1.114009
36,500000,1779,3560,2026-09-09T14:55:22.803Z,30,2026-09-09T15:25:46.000Z,source_block_54,1000000,0,hold80,566393,1105,0,0,0,False,historical_guard,,,exit@3576,962.387114,0.546704,1.124903,0.503067,1.633652,0.0
36,500000,1779,3560,2026-09-09T14:55:22.803Z,30,2026-09-09T15:25:46.000Z,source_block_54,1000000,600,recenter60,566393,1105,0,0,0,False,historical_guard,,,exit@3576,962.387114,0.546704,1.124903,0.503067,1.633652,0.0
36,500000,1779,3560,2026-09-09T14:55:22.803Z,30,2026-09-09T15:25:46.000Z,source_block_54,500000,0,guard60,566390,1105,0,0,0,False,historical_guard,,,exit@3576,962.135689,0.295279,1.124903,0.251529,1.687827,0.0
36,500000,1779,3560,2026-09-09T14:55:22.803Z,30,2026-09-09T15:25:46.000Z,source_block_54,500000,0,exit_early,526872,60,0,0,0,True,early_inventory_exit,,,exit@3561,961.838454,-0.001956,1.124903,0.001576,1.38806,-0.297235
36,500000,1779,3560,2026-09-09T14:55:22.803Z,30,2026-09-09T15:25:46.000Z,source_block_54,500000,0,recenter60,566390,1105,0,0,0,True,historical_guard,,Frozen mint minimum unavailable,exit@3576,962.135689,0.295279,1.124903,0.251529,1.687827,0.0
36,500000,1779,3560,2026-09-09T14:55:22.803Z,30,2026-09-09T15:25:46.000Z,source_block_54,500000,0,trim25,526872,1105,0,0,1,True,historical_guard,,,trim@3561; exit@3576,961.084029,-0.756381,2.102994,0.18915,2.142485,-1.05166
36,500000,1779,3560,2026-09-09T14:55:22.803Z,30,2026-09-09T15:25:46.000Z,source_block_54,500000,0,hold80,566390,1105,0,0,0,False,historical_guard,,,exit@3576,962.135689,0.295279,1.124903,0.251529,1.687827,0.0
36,500000,1779,3560,2026-09-09T14:55:22.803Z,30,2026-09-09T15:25:46.000Z,source_block_54,500000,600,recenter60,566390,1105,0,0,0,False,historical_guard,,,exit@3576,962.135689,0.295279,1.124903,0.251529,1.687827,0.0
36,500000,1779,3560,2026-09-09T14:55:22.803Z,120,2026-09-09T16:56:05.000Z,frozen_session6,1000000,0,guard60,565927,1105,0,0,0,False,historical_guard,,,exit@3576,963.17872,0.076689,0.333297,0.503067,0.842046,0.0
36,500000,1779,3560,2026-09-09T14:55:22.803Z,120,2026-09-09T16:56:05.000Z,frozen_session6,1000000,0,exit_early,526439,60,0,0,0,True,early_inventory_exit,,,exit@3561,962.631636,-0.470395,0.333297,0.003152,0.594878,-0.547084
36,500000,1779,3560,2026-09-09T14:55:22.803Z,120,2026-09-09T16:56:05.000Z,frozen_session6,1000000,0,recenter60,565927,1105,0,0,0,True,historical_guard,,Frozen mint minimum unavailable,exit@3576,963.17872,0.076689,0.333297,0.503067,0.842046,0.0
36,500000,1779,3560,2026-09-09T14:55:22.803Z,120,2026-09-09T16:56:05.000Z,frozen_session6,1000000,0,trim25,526439,1105,0,0,1,True,historical_guard,,,trim@3561; exit@3576,962.762944,-0.339087,0.613155,0.378307,0.715647,-0.415776
36,500000,1779,3560,2026-09-09T14:55:22.803Z,120,2026-09-09T16:56:05.000Z,frozen_session6,1000000,0,hold80,565927,1105,0,0,0,False,historical_guard,,,exit@3576,963.17872,0.076689,0.333297,0.503067,0.842046,0.0
36,500000,1779,3560,2026-09-09T14:55:22.803Z,120,2026-09-09T16:56:05.000Z,frozen_session6,1000000,600,recenter60,565927,1105,0,0,0,False,historical_guard,,,exit@3576,963.17872,0.076689,0.333297,0.503067,0.842046,0.0
36,500000,1779,3560,2026-09-09T14:55:22.803Z,120,2026-09-09T16:56:05.000Z,frozen_session6,500000,0,guard60,565924,1105,0,0,0,False,historical_guard,,,exit@3576,962.927295,-0.174736,0.333297,0.251529,0.896221,0.0
36,500000,1779,3560,2026-09-09T14:55:22.803Z,120,2026-09-09T16:56:05.000Z,frozen_session6,500000,0,exit_early,526439,60,0,0,0,True,early_inventory_exit,,,exit@3561,962.63006,-0.471971,0.333297,0.001576,0.596454,-0.297235
36,500000,1779,3560,2026-09-09T14:55:22.803Z,120,2026-09-09T16:56:05.000Z,frozen_session6,500000,0,recenter60,565924,1105,0,0,0,True,historical_guard,,Frozen mint minimum unavailable,exit@3576,962.927295,-0.174736,0.333297,0.251529,0.896221,0.0
36,500000,1779,3560,2026-09-09T14:55:22.803Z,120,2026-09-09T16:56:05.000Z,frozen_session6,500000,0,trim25,526439,1105,0,0,1,True,historical_guard,,,trim@3561; exit@3576,962.573868,-0.528163,0.613155,0.18915,0.756546,-0.353427
36,500000,1779,3560,2026-09-09T14:55:22.803Z,120,2026-09-09T16:56:05.000Z,frozen_session6,500000,0,hold80,565924,1105,0,0,0,False,historical_guard,,,exit@3576,962.927295,-0.174736,0.333297,0.251529,0.896221,0.0
36,500000,1779,3560,2026-09-09T14:55:22.803Z,120,2026-09-09T16:56:05.000Z,frozen_session6,500000,600,recenter60,565924,1105,0,0,0,False,historical_guard,,,exit@3576,962.927295,-0.174736,0.333297,0.251529,0.896221,0.0
36,500000,1779,3560,2026-09-09T14:55:22.803Z,120,2026-09-09T16:56:05.000Z,source_block_54,1000000,0,guard60,566393,1105,0,0,0,False,historical_guard,,,exit@3576,962.387114,-0.714917,1.124903,0.503067,1.633652,0.0
36,500000,1779,3560,2026-09-09T14:55:22.803Z,120,2026-09-09T16:56:05.000Z,source_block_54,1000000,0,exit_early,526872,60,0,0,0,True,early_inventory_exit,,,exit@3561,961.84003,-1.262001,1.124903,0.003152,1.386484,-0.547084
36,500000,1779,3560,2026-09-09T14:55:22.803Z,120,2026-09-09T16:56:05.000Z,source_block_54,1000000,0,recenter60,566393,1105,0,0,0,True,historical_guard,,Frozen mint minimum unavailable,exit@3576,962.387114,-0.714917,1.124903,0.503067,1.633652,0.0
36,500000,1779,3560,2026-09-09T14:55:22.803Z,120,2026-09-09T16:56:05.000Z,source_block_54,1000000,0,trim25,526872,1105,0,0,1,True,historical_guard,,,trim@3561; exit@3576,961.273105,-1.828926,2.102994,0.378307,1.953409,-1.114009
36,500000,1779,3560,2026-09-09T14:55:22.803Z,120,2026-09-09T16:56:05.000Z,source_block_54,1000000,0,hold80,566393,1105,0,0,0,False,historical_guard,,,exit@3576,962.387114,-0.714917,1.124903,0.503067,1.633652,0.0
36,500000,1779,3560,2026-09-09T14:55:22.803Z,120,2026-09-09T16:56:05.000Z,source_block_54,1000000,600,recenter60,566393,1105,0,0,0,False,historical_guard,,,exit@3576,962.387114,-0.714917,1.124903,0.503067,1.633652,0.0
36,500000,1779,3560,2026-09-09T14:55:22.803Z,120,2026-09-09T16:56:05.000Z,source_block_54,500000,0,guard60,566390,1105,0,0,0,False,historical_guard,,,exit@3576,962.135689,-0.966342,1.124903,0.251529,1.687827,0.0
36,500000,1779,3560,2026-09-09T14:55:22.803Z,120,2026-09-09T16:56:05.000Z,source_block_54,500000,0,exit_early,526872,60,0,0,0,True,early_inventory_exit,,,exit@3561,961.838454,-1.263577,1.124903,0.001576,1.38806,-0.297235
36,500000,1779,3560,2026-09-09T14:55:22.803Z,120,2026-09-09T16:56:05.000Z,source_block_54,500000,0,recenter60,566390,1105,0,0,0,True,historical_guard,,Frozen mint minimum unavailable,exit@3576,962.135689,-0.966342,1.124903,0.251529,1.687827,0.0
36,500000,1779,3560,2026-09-09T14:55:22.803Z,120,2026-09-09T16:56:05.000Z,source_block_54,500000,0,trim25,526872,1105,0,0,1,True,historical_guard,,,trim@3561; exit@3576,961.084029,-2.018002,2.102994,0.18915,2.142485,-1.05166
36,500000,1779,3560,2026-09-09T14:55:22.803Z,120,2026-09-09T16:56:05.000Z,source_block_54,500000,0,hold80,566390,1105,0,0,0,False,historical_guard,,,exit@3576,962.135689,-0.966342,1.124903,0.251529,1.687827,0.0
36,500000,1779,3560,2026-09-09T14:55:22.803Z,120,2026-09-09T16:56:05.000Z,source_block_54,500000,600,recenter60,566390,1105,0,0,0,False,historical_guard,,,exit@3576,962.135689,-0.966342,1.124903,0.251529,1.687827,0.0
36,550000,1782,3563,2026-09-09T14:58:32.903Z,30,2026-09-09T15:28:50.000Z,frozen_session6,1000000,0,guard60,565927,920,0,0,0,False,historical_guard,,,exit@3576,963.17878,1.392145,0.333297,0.47609,0.842047,0.0
36,550000,1782,3563,2026-09-09T14:58:32.903Z,30,2026-09-09T15:28:50.000Z,frozen_session6,1000000,0,exit_early,565927,61,0,0,0,True,early_inventory_exit,,,exit@3564,962.697891,0.911256,0.333297,0.080612,0.594319,-0.480889
36,550000,1782,3563,2026-09-09T14:58:32.903Z,30,2026-09-09T15:28:50.000Z,frozen_session6,1000000,0,recenter60,565927,920,0,0,0,True,historical_guard,,Frozen mint minimum unavailable,exit@3576,963.17878,1.392145,0.333297,0.47609,0.842047,0.0
36,550000,1782,3563,2026-09-09T14:58:32.903Z,30,2026-09-09T15:28:50.000Z,frozen_session6,1000000,0,trim25,565927,920,0,0,0,True,historical_guard,,Frozen trim funding unavailable,exit@3576,963.17878,1.392145,0.333297,0.47609,0.842047,0.0
36,550000,1782,3563,2026-09-09T14:58:32.903Z,30,2026-09-09T15:28:50.000Z,frozen_session6,1000000,0,hold80,565927,920,0,0,0,False,historical_guard,,,exit@3576,963.17878,1.392145,0.333297,0.47609,0.842047,0.0
36,550000,1782,3563,2026-09-09T14:58:32.903Z,30,2026-09-09T15:28:50.000Z,frozen_session6,1000000,600,recenter60,565927,920,0,0,0,False,historical_guard,,,exit@3576,963.17878,1.392145,0.333297,0.47609,0.842047,0.0
36,550000,1782,3563,2026-09-09T14:58:32.903Z,30,2026-09-09T15:28:50.000Z,frozen_session6,500000,0,guard60,565927,920,0,0,0,False,historical_guard,,,exit@3576,962.940841,1.154206,0.333297,0.238041,0.896239,0.0
36,550000,1782,3563,2026-09-09T14:58:32.903Z,30,2026-09-09T15:28:50.000Z,frozen_session6,500000,0,exit_early,565927,61,0,0,0,True,early_inventory_exit,,,exit@3564,962.657593,0.870958,0.333297,0.040305,0.59431,-0.283248
36,550000,1782,3563,2026-09-09T14:58:32.903Z,30,2026-09-09T15:28:50.000Z,frozen_session6,500000,0,recenter60,565927,920,0,0,0,True,historical_guard,,Frozen mint minimum unavailable,exit@3576,962.940841,1.154206,0.333297,0.238041,0.896239,0.0
36,550000,1782,3563,2026-09-09T14:58:32.903Z,30,2026-09-09T15:28:50.000Z,frozen_session6,500000,0,trim25,565927,920,0,0,0,True,historical_guard,,Frozen trim funding unavailable,exit@3576,962.940841,1.154206,0.333297,0.238041,0.896239,0.0
36,550000,1782,3563,2026-09-09T14:58:32.903Z,30,2026-09-09T15:28:50.000Z,frozen_session6,500000,0,hold80,565927,920,0,0,0,False,historical_guard,,,exit@3576,962.940841,1.154206,0.333297,0.238041,0.896239,0.0
36,550000,1782,3563,2026-09-09T14:58:32.903Z,30,2026-09-09T15:28:50.000Z,frozen_session6,500000,600,recenter60,565927,920,0,0,0,False,historical_guard,,,exit@3576,962.940841,1.154206,0.333297,0.238041,0.896239,0.0
36,550000,1782,3563,2026-09-09T14:58:32.903Z,30,2026-09-09T15:28:50.000Z,source_block_54,1000000,0,guard60,566393,920,0,0,0,False,historical_guard,,,exit@3576,962.387174,0.600539,1.124903,0.47609,1.633653,0.0
36,550000,1782,3563,2026-09-09T14:58:32.903Z,30,2026-09-09T15:28:50.000Z,source_block_54,1000000,0,exit_early,566393,61,0,0,0,True,early_inventory_exit,,,exit@3564,961.906285,0.11965,1.124903,0.080612,1.385925,-0.480889
36,550000,1782,3563,2026-09-09T14:58:32.903Z,30,2026-09-09T15:28:50.000Z,source_block_54,1000000,0,recenter60,566393,920,0,0,0,True,historical_guard,,Frozen mint minimum unavailable,exit@3576,962.387174,0.600539,1.124903,0.47609,1.633653,0.0
36,550000,1782,3563,2026-09-09T14:58:32.903Z,30,2026-09-09T15:28:50.000Z,source_block_54,1000000,0,trim25,566393,920,0,0,0,True,historical_guard,,Frozen trim funding unavailable,exit@3576,962.387174,0.600539,1.124903,0.47609,1.633653,0.0
36,550000,1782,3563,2026-09-09T14:58:32.903Z,30,2026-09-09T15:28:50.000Z,source_block_54,1000000,0,hold80,566393,920,0,0,0,False,historical_guard,,,exit@3576,962.387174,0.600539,1.124903,0.47609,1.633653,0.0
36,550000,1782,3563,2026-09-09T14:58:32.903Z,30,2026-09-09T15:28:50.000Z,source_block_54,1000000,600,recenter60,566393,920,0,0,0,False,historical_guard,,,exit@3576,962.387174,0.600539,1.124903,0.47609,1.633653,0.0
36,550000,1782,3563,2026-09-09T14:58:32.903Z,30,2026-09-09T15:28:50.000Z,source_block_54,500000,0,guard60,566393,920,0,0,0,False,historical_guard,,,exit@3576,962.149235,0.3626,1.124903,0.238041,1.687845,0.0
36,550000,1782,3563,2026-09-09T14:58:32.903Z,30,2026-09-09T15:28:50.000Z,source_block_54,500000,0,exit_early,566393,61,0,0,0,True,early_inventory_exit,,,exit@3564,961.865987,0.079352,1.124903,0.040305,1.385916,-0.283248
36,550000,1782,3563,2026-09-09T14:58:32.903Z,30,2026-09-09T15:28:50.000Z,source_block_54,500000,0,recenter60,566393,920,0,0,0,True,historical_guard,,Frozen mint minimum unavailable,exit@3576,962.149235,0.3626,1.124903,0.238041,1.687845,0.0
36,550000,1782,3563,2026-09-09T14:58:32.903Z,30,2026-09-09T15:28:50.000Z,source_block_54,500000,0,trim25,566393,920,0,0,0,True,historical_guard,,Frozen trim funding unavailable,exit@3576,962.149235,0.3626,1.124903,0.238041,1.687845,0.0
36,550000,1782,3563,2026-09-09T14:58:32.903Z,30,2026-09-09T15:28:50.000Z,source_block_54,500000,0,hold80,566393,920,0,0,0,False,historical_guard,,,exit@3576,962.149235,0.3626,1.124903,0.238041,1.687845,0.0
36,550000,1782,3563,2026-09-09T14:58:32.903Z,30,2026-09-09T15:28:50.000Z,source_block_54,500000,600,recenter60,566393,920,0,0,0,False,historical_guard,,,exit@3576,962.149235,0.3626,1.124903,0.238041,1.687845,0.0
36,550000,1782,3563,2026-09-09T14:58:32.903Z,120,2026-09-09T16:59:10.000Z,frozen_session6,1000000,0,guard60,565927,920,0,0,0,False,historical_guard,,,exit@3576,963.17878,0.091097,0.333297,0.47609,0.842047,0.0
36,550000,1782,3563,2026-09-09T14:58:32.903Z,120,2026-09-09T16:59:10.000Z,frozen_session6,1000000,0,exit_early,565927,61,0,0,0,True,early_inventory_exit,,,exit@3564,962.697891,-0.389792,0.333297,0.080612,0.594319,-0.480889
36,550000,1782,3563,2026-09-09T14:58:32.903Z,120,2026-09-09T16:59:10.000Z,frozen_session6,1000000,0,recenter60,565927,920,0,0,0,True,historical_guard,,Frozen mint minimum unavailable,exit@3576,963.17878,0.091097,0.333297,0.47609,0.842047,0.0
36,550000,1782,3563,2026-09-09T14:58:32.903Z,120,2026-09-09T16:59:10.000Z,frozen_session6,1000000,0,trim25,565927,920,0,0,0,True,historical_guard,,Frozen trim funding unavailable,exit@3576,963.17878,0.091097,0.333297,0.47609,0.842047,0.0
36,550000,1782,3563,2026-09-09T14:58:32.903Z,120,2026-09-09T16:59:10.000Z,frozen_session6,1000000,0,hold80,565927,920,0,0,0,False,historical_guard,,,exit@3576,963.17878,0.091097,0.333297,0.47609,0.842047,0.0
36,550000,1782,3563,2026-09-09T14:58:32.903Z,120,2026-09-09T16:59:10.000Z,frozen_session6,1000000,600,recenter60,565927,920,0,0,0,False,historical_guard,,,exit@3576,963.17878,0.091097,0.333297,0.47609,0.842047,0.0
36,550000,1782,3563,2026-09-09T14:58:32.903Z,120,2026-09-09T16:59:10.000Z,frozen_session6,500000,0,guard60,565927,920,0,0,0,False,historical_guard,,,exit@3576,962.940841,-0.146842,0.333297,0.238041,0.896239,0.0
36,550000,1782,3563,2026-09-09T14:58:32.903Z,120,2026-09-09T16:59:10.000Z,frozen_session6,500000,0,exit_early,565927,61,0,0,0,True,early_inventory_exit,,,exit@3564,962.657593,-0.43009,0.333297,0.040305,0.59431,-0.283248
36,550000,1782,3563,2026-09-09T14:58:32.903Z,120,2026-09-09T16:59:10.000Z,frozen_session6,500000,0,recenter60,565927,920,0,0,0,True,historical_guard,,Frozen mint minimum unavailable,exit@3576,962.940841,-0.146842,0.333297,0.238041,0.896239,0.0
36,550000,1782,3563,2026-09-09T14:58:32.903Z,120,2026-09-09T16:59:10.000Z,frozen_session6,500000,0,trim25,565927,920,0,0,0,True,historical_guard,,Frozen trim funding unavailable,exit@3576,962.940841,-0.146842,0.333297,0.238041,0.896239,0.0
36,550000,1782,3563,2026-09-09T14:58:32.903Z,120,2026-09-09T16:59:10.000Z,frozen_session6,500000,0,hold80,565927,920,0,0,0,False,historical_guard,,,exit@3576,962.940841,-0.146842,0.333297,0.238041,0.896239,0.0
36,550000,1782,3563,2026-09-09T14:58:32.903Z,120,2026-09-09T16:59:10.000Z,frozen_session6,500000,600,recenter60,565927,920,0,0,0,False,historical_guard,,,exit@3576,962.940841,-0.146842,0.333297,0.238041,0.896239,0.0
36,550000,1782,3563,2026-09-09T14:58:32.903Z,120,2026-09-09T16:59:10.000Z,source_block_54,1000000,0,guard60,566393,920,0,0,0,False,historical_guard,,,exit@3576,962.387174,-0.700509,1.124903,0.47609,1.633653,0.0
36,550000,1782,3563,2026-09-09T14:58:32.903Z,120,2026-09-09T16:59:10.000Z,source_block_54,1000000,0,exit_early,566393,61,0,0,0,True,early_inventory_exit,,,exit@3564,961.906285,-1.181398,1.124903,0.080612,1.385925,-0.480889
36,550000,1782,3563,2026-09-09T14:58:32.903Z,120,2026-09-09T16:59:10.000Z,source_block_54,1000000,0,recenter60,566393,920,0,0,0,True,historical_guard,,Frozen mint minimum unavailable,exit@3576,962.387174,-0.700509,1.124903,0.47609,1.633653,0.0
36,550000,1782,3563,2026-09-09T14:58:32.903Z,120,2026-09-09T16:59:10.000Z,source_block_54,1000000,0,trim25,566393,920,0,0,0,True,historical_guard,,Frozen trim funding unavailable,exit@3576,962.387174,-0.700509,1.124903,0.47609,1.633653,0.0
36,550000,1782,3563,2026-09-09T14:58:32.903Z,120,2026-09-09T16:59:10.000Z,source_block_54,1000000,0,hold80,566393,920,0,0,0,False,historical_guard,,,exit@3576,962.387174,-0.700509,1.124903,0.47609,1.633653,0.0
36,550000,1782,3563,2026-09-09T14:58:32.903Z,120,2026-09-09T16:59:10.000Z,source_block_54,1000000,600,recenter60,566393,920,0,0,0,False,historical_guard,,,exit@3576,962.387174,-0.700509,1.124903,0.47609,1.633653,0.0
36,550000,1782,3563,2026-09-09T14:58:32.903Z,120,2026-09-09T16:59:10.000Z,source_block_54,500000,0,guard60,566393,920,0,0,0,False,historical_guard,,,exit@3576,962.149235,-0.938448,1.124903,0.238041,1.687845,0.0
36,550000,1782,3563,2026-09-09T14:58:32.903Z,120,2026-09-09T16:59:10.000Z,source_block_54,500000,0,exit_early,566393,61,0,0,0,True,early_inventory_exit,,,exit@3564,961.865987,-1.221696,1.124903,0.040305,1.385916,-0.283248
36,550000,1782,3563,2026-09-09T14:58:32.903Z,120,2026-09-09T16:59:10.000Z,source_block_54,500000,0,recenter60,566393,920,0,0,0,True,historical_guard,,Frozen mint minimum unavailable,exit@3576,962.149235,-0.938448,1.124903,0.238041,1.687845,0.0
36,550000,1782,3563,2026-09-09T14:58:32.903Z,120,2026-09-09T16:59:10.000Z,source_block_54,500000,0,trim25,566393,920,0,0,0,True,historical_guard,,Frozen trim funding unavailable,exit@3576,962.149235,-0.938448,1.124903,0.238041,1.687845,0.0
36,550000,1782,3563,2026-09-09T14:58:32.903Z,120,2026-09-09T16:59:10.000Z,source_block_54,500000,0,hold80,566393,920,0,0,0,False,historical_guard,,,exit@3576,962.149235,-0.938448,1.124903,0.238041,1.687845,0.0
36,550000,1782,3563,2026-09-09T14:58:32.903Z,120,2026-09-09T16:59:10.000Z,source_block_54,500000,600,recenter60,566393,920,0,0,0,False,historical_guard,,,exit@3576,962.149235,-0.938448,1.124903,0.238041,1.687845,0.0
42,500000,2045,3829,2026-09-09T19:46:45.121Z,30,2026-09-09T20:17:05.000Z,frozen_session6,1000000,0,guard60,580395,1844,369,0,0,False,,,,,960.388888,-0.283997,0.333297,0.350093,0.314046,0.0
42,500000,2045,3829,2026-09-09T19:46:45.121Z,30,2026-09-09T20:17:05.000Z,frozen_session6,1000000,0,exit_early,530273,61,0,0,0,True,early_inventory_exit,,,exit@3830,960.30258,-0.370305,0.333297,0.006396,0.642114,-0.086308
42,500000,2045,3829,2026-09-09T19:46:45.121Z,30,2026-09-09T20:17:05.000Z,frozen_session6,1000000,0,recenter60,580395,1844,369,0,0,True,,,Frozen mint minimum unavailable,,960.388888,-0.283997,0.333297,0.350093,0.314046,0.0
42,500000,2045,3829,2026-09-09T19:46:45.121Z,30,2026-09-09T20:17:05.000Z,frozen_session6,1000000,0,trim25,530273,1844,369,0,1,True,,,,trim@3830,960.086152,-0.586733,0.613155,0.264236,0.464127,-0.302736
42,500000,2045,3829,2026-09-09T19:46:45.121Z,30,2026-09-09T20:17:05.000Z,frozen_session6,1000000,0,hold80,580395,1844,369,0,0,False,,,,,960.388888,-0.283997,0.333297,0.350093,0.314046,0.0
42,500000,2045,3829,2026-09-09T19:46:45.121Z,30,2026-09-09T20:17:05.000Z,frozen_session6,1000000,600,recenter60,580395,1844,369,0,0,True,,,Frozen mint minimum unavailable,,960.388888,-0.283997,0.333297,0.350093,0.314046,0.0
42,500000,2045,3829,2026-09-09T19:46:45.121Z,30,2026-09-09T20:17:05.000Z,frozen_session6,500000,0,guard60,580394,1844,369,0,0,False,,,,,960.213893,-0.458992,0.333297,0.17504,0.355099,0.0
42,500000,2045,3829,2026-09-09T19:46:45.121Z,30,2026-09-09T20:17:05.000Z,frozen_session6,500000,0,exit_early,530271,61,0,0,0,True,early_inventory_exit,,,exit@3830,960.299383,-0.373502,0.333297,0.003197,0.645311,0.08549
42,500000,2045,3829,2026-09-09T19:46:45.121Z,30,2026-09-09T20:17:05.000Z,frozen_session6,500000,0,recenter60,580394,1844,369,0,0,True,,,Frozen mint minimum unavailable,,960.213893,-0.458992,0.333297,0.17504,0.355099,0.0
42,500000,2045,3829,2026-09-09T19:46:45.121Z,30,2026-09-09T20:17:05.000Z,frozen_session6,500000,0,trim25,530271,1844,369,0,1,True,,,,trim@3830,959.954073,-0.718812,0.613155,0.132108,0.515094,-0.25982
42,500000,2045,3829,2026-09-09T19:46:45.121Z,30,2026-09-09T20:17:05.000Z,frozen_session6,500000,0,hold80,580394,1844,369,0,0,False,,,,,960.213893,-0.458992,0.333297,0.17504,0.355099,0.0
42,500000,2045,3829,2026-09-09T19:46:45.121Z,30,2026-09-09T20:17:05.000Z,frozen_session6,500000,600,recenter60,580394,1844,369,0,0,True,,,Frozen mint minimum unavailable,,960.213893,-0.458992,0.333297,0.17504,0.355099,0.0
42,500000,2045,3829,2026-09-09T19:46:45.121Z,30,2026-09-09T20:17:05.000Z,source_block_54,1000000,0,guard60,580874,1844,369,0,0,False,,,,,959.597282,-1.075603,1.124903,0.350093,0.314046,0.0
42,500000,2045,3829,2026-09-09T19:46:45.121Z,30,2026-09-09T20:17:05.000Z,source_block_54,1000000,0,exit_early,530710,61,0,0,0,True,early_inventory_exit,,,exit@3830,959.510974,-1.161911,1.124903,0.006396,1.43372,-0.086308
42,500000,2045,3829,2026-09-09T19:46:45.121Z,30,2026-09-09T20:17:05.000Z,source_block_54,1000000,0,recenter60,580874,1844,369,0,0,True,,,Frozen mint minimum unavailable,,959.597282,-1.075603,1.124903,0.350093,0.314046,0.0
42,500000,2045,3829,2026-09-09T19:46:45.121Z,30,2026-09-09T20:17:05.000Z,source_block_54,1000000,0,trim25,530710,1844,369,0,1,True,,,,trim@3830,958.596313,-2.076572,2.102994,0.264236,1.16236,-1.000969
42,500000,2045,3829,2026-09-09T19:46:45.121Z,30,2026-09-09T20:17:05.000Z,source_block_54,1000000,0,hold80,580874,1844,369,0,0,False,,,,,959.597282,-1.075603,1.124903,0.350093,0.314046,0.0
42,500000,2045,3829,2026-09-09T19:46:45.121Z,30,2026-09-09T20:17:05.000Z,source_block_54,1000000,600,recenter60,580874,1844,369,0,0,True,,,Frozen mint minimum unavailable,,959.597282,-1.075603,1.124903,0.350093,0.314046,0.0
42,500000,2045,3829,2026-09-09T19:46:45.121Z,30,2026-09-09T20:17:05.000Z,source_block_54,500000,0,guard60,580874,1844,369,0,0,False,,,,,959.422287,-1.250598,1.124903,0.17504,0.355099,0.0
42,500000,2045,3829,2026-09-09T19:46:45.121Z,30,2026-09-09T20:17:05.000Z,source_block_54,500000,0,exit_early,530709,61,0,0,0,True,early_inventory_exit,,,exit@3830,959.507777,-1.165108,1.124903,0.003197,1.436917,0.08549
42,500000,2045,3829,2026-09-09T19:46:45.121Z,30,2026-09-09T20:17:05.000Z,source_block_54,500000,0,recenter60,580874,1844,369,0,0,True,,,Frozen mint minimum unavailable,,959.422287,-1.250598,1.124903,0.17504,0.355099,0.0
42,500000,2045,3829,2026-09-09T19:46:45.121Z,30,2026-09-09T20:17:05.000Z,source_block_54,500000,0,trim25,530709,1844,369,0,1,True,,,,trim@3830,958.464234,-2.208651,2.102994,0.132108,1.213327,-0.958053
42,500000,2045,3829,2026-09-09T19:46:45.121Z,30,2026-09-09T20:17:05.000Z,source_block_54,500000,0,hold80,580874,1844,369,0,0,False,,,,,959.422287,-1.250598,1.124903,0.17504,0.355099,0.0
42,500000,2045,3829,2026-09-09T19:46:45.121Z,30,2026-09-09T20:17:05.000Z,source_block_54,500000,600,recenter60,580874,1844,369,0,0,True,,,Frozen mint minimum unavailable,,959.422287,-1.250598,1.124903,0.17504,0.355099,0.0
42,500000,2045,3829,2026-09-09T19:46:45.121Z,120,2026-09-09T21:47:11.000Z,frozen_session6,1000000,0,guard60,580395,7250,3748,0,0,False,,,,,960.047206,-0.274626,0.333297,0.405349,0.585555,0.0
42,500000,2045,3829,2026-09-09T19:46:45.121Z,120,2026-09-09T21:47:11.000Z,frozen_session6,1000000,0,exit_early,530273,61,0,0,0,True,early_inventory_exit,,,exit@3830,960.30258,-0.019252,0.333297,0.006396,0.642114,0.255374
42,500000,2045,3829,2026-09-09T19:46:45.121Z,120,2026-09-09T21:47:11.000Z,frozen_session6,1000000,0,recenter60,580395,7250,3748,0,0,True,,,Frozen mint minimum unavailable,,960.047206,-0.274626,0.333297,0.405349,0.585555,0.0
42,500000,2045,3829,2026-09-09T19:46:45.121Z,120,2026-09-09T21:47:11.000Z,frozen_session6,1000000,0,trim25,530273,7250,3748,0,1,True,,,,trim@3830,959.826988,-0.494844,0.613155,0.305681,0.621993,-0.220218
42,500000,2045,3829,2026-09-09T19:46:45.121Z,120,2026-09-09T21:47:11.000Z,frozen_session6,1000000,0,hold80,580395,7250,3748,0,0,False,,,,,960.047206,-0.274626,0.333297,0.405349,0.585555,0.0
42,500000,2045,3829,2026-09-09T19:46:45.121Z,120,2026-09-09T21:47:11.000Z,frozen_session6,1000000,600,recenter60,580395,7250,3748,0,0,True,,,Frozen mint minimum unavailable,,960.047206,-0.274626,0.333297,0.405349,0.585555,0.0
42,500000,2045,3829,2026-09-09T19:46:45.121Z,120,2026-09-09T21:47:11.000Z,frozen_session6,500000,0,guard60,580394,7250,3748,0,0,False,,,,,959.844661,-0.477171,0.333297,0.202659,0.697314,0.0
42,500000,2045,3829,2026-09-09T19:46:45.121Z,120,2026-09-09T21:47:11.000Z,frozen_session6,500000,0,exit_early,530271,61,0,0,0,True,early_inventory_exit,,,exit@3830,960.299383,-0.022449,0.333297,0.003197,0.645311,0.454722
42,500000,2045,3829,2026-09-09T19:46:45.121Z,120,2026-09-09T21:47:11.000Z,frozen_session6,500000,0,recenter60,580394,7250,3748,0,0,True,,,Frozen mint minimum unavailable,,959.844661,-0.477171,0.333297,0.202659,0.697314,0.0
42,500000,2045,3829,2026-09-09T19:46:45.121Z,120,2026-09-09T21:47:11.000Z,frozen_session6,500000,0,trim25,530271,7250,3748,0,1,True,,,,trim@3830,959.674242,-0.64759,0.613155,0.152822,0.77477,-0.170419
42,500000,2045,3829,2026-09-09T19:46:45.121Z,120,2026-09-09T21:47:11.000Z,frozen_session6,500000,0,hold80,580394,7250,3748,0,0,False,,,,,959.844661,-0.477171,0.333297,0.202659,0.697314,0.0
42,500000,2045,3829,2026-09-09T19:46:45.121Z,120,2026-09-09T21:47:11.000Z,frozen_session6,500000,600,recenter60,580394,7250,3748,0,0,True,,,Frozen mint minimum unavailable,,959.844661,-0.477171,0.333297,0.202659,0.697314,0.0
42,500000,2045,3829,2026-09-09T19:46:45.121Z,120,2026-09-09T21:47:11.000Z,source_block_54,1000000,0,guard60,580874,7250,3748,0,0,False,,,,,959.2556,-1.066232,1.124903,0.405349,0.585555,0.0
42,500000,2045,3829,2026-09-09T19:46:45.121Z,120,2026-09-09T21:47:11.000Z,source_block_54,1000000,0,exit_early,530710,61,0,0,0,True,early_inventory_exit,,,exit@3830,959.510974,-0.810858,1.124903,0.006396,1.43372,0.255374
42,500000,2045,3829,2026-09-09T19:46:45.121Z,120,2026-09-09T21:47:11.000Z,source_block_54,1000000,0,recenter60,580874,7250,3748,0,0,True,,,Frozen mint minimum unavailable,,959.2556,-1.066232,1.124903,0.405349,0.585555,0.0
42,500000,2045,3829,2026-09-09T19:46:45.121Z,120,2026-09-09T21:47:11.000Z,source_block_54,1000000,0,trim25,530710,7250,3748,0,1,True,,,,trim@3830,958.337149,-1.984683,2.102994,0.305681,1.320226,-0.918451
42,500000,2045,3829,2026-09-09T19:46:45.121Z,120,2026-09-09T21:47:11.000Z,source_block_54,1000000,0,hold80,580874,7250,3748,0,0,False,,,,,959.2556,-1.066232,1.124903,0.405349,0.585555,0.0
42,500000,2045,3829,2026-09-09T19:46:45.121Z,120,2026-09-09T21:47:11.000Z,source_block_54,1000000,600,recenter60,580874,7250,3748,0,0,True,,,Frozen mint minimum unavailable,,959.2556,-1.066232,1.124903,0.405349,0.585555,0.0
42,500000,2045,3829,2026-09-09T19:46:45.121Z,120,2026-09-09T21:47:11.000Z,source_block_54,500000,0,guard60,580874,7250,3748,0,0,False,,,,,959.053055,-1.268777,1.124903,0.202659,0.697314,0.0
42,500000,2045,3829,2026-09-09T19:46:45.121Z,120,2026-09-09T21:47:11.000Z,source_block_54,500000,0,exit_early,530709,61,0,0,0,True,early_inventory_exit,,,exit@3830,959.507777,-0.814055,1.124903,0.003197,1.436917,0.454722
42,500000,2045,3829,2026-09-09T19:46:45.121Z,120,2026-09-09T21:47:11.000Z,source_block_54,500000,0,recenter60,580874,7250,3748,0,0,True,,,Frozen mint minimum unavailable,,959.053055,-1.268777,1.124903,0.202659,0.697314,0.0
42,500000,2045,3829,2026-09-09T19:46:45.121Z,120,2026-09-09T21:47:11.000Z,source_block_54,500000,0,trim25,530709,7250,3748,0,1,True,,,,trim@3830,958.184403,-2.137429,2.102994,0.152822,1.473003,-0.868652
42,500000,2045,3829,2026-09-09T19:46:45.121Z,120,2026-09-09T21:47:11.000Z,source_block_54,500000,0,hold80,580874,7250,3748,0,0,False,,,,,959.053055,-1.268777,1.124903,0.202659,0.697314,0.0
42,500000,2045,3829,2026-09-09T19:46:45.121Z,120,2026-09-09T21:47:11.000Z,source_block_54,500000,600,recenter60,580874,7250,3748,0,0,True,,,Frozen mint minimum unavailable,,959.053055,-1.268777,1.124903,0.202659,0.697314,0.0
42,550000,2051,3835,2026-09-09T19:53:05.941Z,30,2026-09-09T20:23:16.000Z,frozen_session6,1000000,0,guard60,580395,1846,740,0,0,False,,,,,960.318672,-0.319824,0.333297,0.296524,0.314044,0.0
42,550000,2051,3835,2026-09-09T19:53:05.941Z,30,2026-09-09T20:23:16.000Z,frozen_session6,1000000,0,exit_early,580395,61,0,0,0,True,early_inventory_exit,,,exit@3836,960.19876,-0.439736,0.333297,0.081902,0.61414,-0.119912
42,550000,2051,3835,2026-09-09T19:53:05.941Z,30,2026-09-09T20:23:16.000Z,frozen_session6,1000000,0,recenter60,580395,1846,740,0,0,True,,,Frozen mint minimum unavailable,,960.318672,-0.319824,0.333297,0.296524,0.314044,0.0
42,550000,2051,3835,2026-09-09T19:53:05.941Z,30,2026-09-09T20:23:16.000Z,frozen_session6,1000000,0,trim25,580395,1846,740,0,1,True,,,,trim@3836,960.008974,-0.629522,0.613155,0.242911,0.310221,-0.309698
42,550000,2051,3835,2026-09-09T19:53:05.941Z,30,2026-09-09T20:23:16.000Z,frozen_session6,1000000,0,hold80,580395,1846,740,0,0,False,,,,,960.318672,-0.319824,0.333297,0.296524,0.314044,0.0
42,550000,2051,3835,2026-09-09T19:53:05.941Z,30,2026-09-09T20:23:16.000Z,frozen_session6,1000000,600,recenter60,580395,1846,740,0,0,True,,,Frozen mint minimum unavailable,,960.318672,-0.319824,0.333297,0.296524,0.314044,0.0
42,550000,2051,3835,2026-09-09T19:53:05.941Z,30,2026-09-09T20:23:16.000Z,frozen_session6,500000,0,guard60,580397,1846,740,0,0,False,,,,,960.170457,-0.468039,0.333297,0.148257,0.386358,0.0
42,550000,2051,3835,2026-09-09T19:53:05.941Z,30,2026-09-09T20:23:16.000Z,frozen_session6,500000,0,exit_early,580397,61,0,0,0,True,early_inventory_exit,,,exit@3836,960.15782,-0.480676,0.333297,0.040951,0.642624,-0.012637
42,550000,2051,3835,2026-09-09T19:53:05.941Z,30,2026-09-09T20:23:16.000Z,frozen_session6,500000,0,recenter60,580397,1846,740,0,0,True,,,Frozen mint minimum unavailable,,960.170457,-0.468039,0.333297,0.148257,0.386358,0.0
42,550000,2051,3835,2026-09-09T19:53:05.941Z,30,2026-09-09T20:23:16.000Z,frozen_session6,500000,0,trim25,580397,1846,740,0,1,True,,,,trim@3836,959.887558,-0.750938,0.613155,0.121449,0.40864,-0.282899
42,550000,2051,3835,2026-09-09T19:53:05.941Z,30,2026-09-09T20:23:16.000Z,frozen_session6,500000,0,hold80,580397,1846,740,0,0,False,,,,,960.170457,-0.468039,0.333297,0.148257,0.386358,0.0
42,550000,2051,3835,2026-09-09T19:53:05.941Z,30,2026-09-09T20:23:16.000Z,frozen_session6,500000,600,recenter60,580397,1846,740,0,0,True,,,Frozen mint minimum unavailable,,960.170457,-0.468039,0.333297,0.148257,0.386358,0.0
42,550000,2051,3835,2026-09-09T19:53:05.941Z,30,2026-09-09T20:23:16.000Z,source_block_54,1000000,0,guard60,580874,1846,740,0,0,False,,,,,959.527066,-1.11143,1.124903,0.296524,0.314044,0.0
42,550000,2051,3835,2026-09-09T19:53:05.941Z,30,2026-09-09T20:23:16.000Z,source_block_54,1000000,0,exit_early,580874,61,0,0,0,True,early_inventory_exit,,,exit@3836,959.407154,-1.231342,1.124903,0.081902,1.405746,-0.119912
42,550000,2051,3835,2026-09-09T19:53:05.941Z,30,2026-09-09T20:23:16.000Z,source_block_54,1000000,0,recenter60,580874,1846,740,0,0,True,,,Frozen mint minimum unavailable,,959.527066,-1.11143,1.124903,0.296524,0.314044,0.0
42,550000,2051,3835,2026-09-09T19:53:05.941Z,30,2026-09-09T20:23:16.000Z,source_block_54,1000000,0,trim25,580874,1846,740,0,1,True,,,,trim@3836,958.519135,-2.119361,2.102994,0.242911,1.008454,-1.007931
42,550000,2051,3835,2026-09-09T19:53:05.941Z,30,2026-09-09T20:23:16.000Z,source_block_54,1000000,0,hold80,580874,1846,740,0,0,False,,,,,959.527066,-1.11143,1.124903,0.296524,0.314044,0.0
42,550000,2051,3835,2026-09-09T19:53:05.941Z,30,2026-09-09T20:23:16.000Z,source_block_54,1000000,600,recenter60,580874,1846,740,0,0,True,,,Frozen mint minimum unavailable,,959.527066,-1.11143,1.124903,0.296524,0.314044,0.0
42,550000,2051,3835,2026-09-09T19:53:05.941Z,30,2026-09-09T20:23:16.000Z,source_block_54,500000,0,guard60,580876,1846,740,0,0,False,,,,,959.378851,-1.259645,1.124903,0.148257,0.386358,0.0
42,550000,2051,3835,2026-09-09T19:53:05.941Z,30,2026-09-09T20:23:16.000Z,source_block_54,500000,0,exit_early,580876,61,0,0,0,True,early_inventory_exit,,,exit@3836,959.366214,-1.272282,1.124903,0.040951,1.43423,-0.012637
42,550000,2051,3835,2026-09-09T19:53:05.941Z,30,2026-09-09T20:23:16.000Z,source_block_54,500000,0,recenter60,580876,1846,740,0,0,True,,,Frozen mint minimum unavailable,,959.378851,-1.259645,1.124903,0.148257,0.386358,0.0
42,550000,2051,3835,2026-09-09T19:53:05.941Z,30,2026-09-09T20:23:16.000Z,source_block_54,500000,0,trim25,580876,1846,740,0,1,True,,,,trim@3836,958.397719,-2.240777,2.102994,0.121449,1.106873,-0.981132
42,550000,2051,3835,2026-09-09T19:53:05.941Z,30,2026-09-09T20:23:16.000Z,source_block_54,500000,0,hold80,580876,1846,740,0,0,False,,,,,959.378851,-1.259645,1.124903,0.148257,0.386358,0.0
42,550000,2051,3835,2026-09-09T19:53:05.941Z,30,2026-09-09T20:23:16.000Z,source_block_54,500000,600,recenter60,580876,1846,740,0,0,True,,,Frozen mint minimum unavailable,,959.378851,-1.259645,1.124903,0.148257,0.386358,0.0
42,550000,2051,3835,2026-09-09T19:53:05.941Z,120,2026-09-09T21:53:21.000Z,frozen_session6,1000000,0,guard60,580395,7251,4118,0,0,False,,,,,959.970469,-0.272752,0.333297,0.351781,0.597249,0.0
42,550000,2051,3835,2026-09-09T19:53:05.941Z,120,2026-09-09T21:53:21.000Z,frozen_session6,1000000,0,exit_early,580395,61,0,0,0,True,early_inventory_exit,,,exit@3836,960.19876,-0.044461,0.333297,0.081902,0.61414,0.228291
42,550000,2051,3835,2026-09-09T19:53:05.941Z,120,2026-09-09T21:53:21.000Z,frozen_session6,1000000,0,recenter60,580395,7251,4118,0,0,True,,,Frozen mint minimum unavailable,,959.970469,-0.272752,0.333297,0.351781,0.597249,0.0
42,550000,2051,3835,2026-09-09T19:53:05.941Z,120,2026-09-09T21:53:21.000Z,frozen_session6,1000000,0,trim25,580395,7251,4118,0,1,True,,,,trim@3836,959.745787,-0.497434,0.613155,0.284356,0.522736,-0.224682
42,550000,2051,3835,2026-09-09T19:53:05.941Z,120,2026-09-09T21:53:21.000Z,frozen_session6,1000000,0,hold80,580395,7251,4118,0,0,False,,,,,959.970469,-0.272752,0.333297,0.351781,0.597249,0.0
42,550000,2051,3835,2026-09-09T19:53:05.941Z,120,2026-09-09T21:53:21.000Z,frozen_session6,1000000,600,recenter60,580395,7251,4118,0,0,True,,,Frozen mint minimum unavailable,,959.970469,-0.272752,0.333297,0.351781,0.597249,0.0
42,550000,2051,3835,2026-09-09T19:53:05.941Z,120,2026-09-09T21:53:21.000Z,frozen_session6,500000,0,guard60,580397,7251,4118,0,0,False,,,,,959.794694,-0.448527,0.333297,0.175877,0.709035,0.0
42,550000,2051,3835,2026-09-09T19:53:05.941Z,120,2026-09-09T21:53:21.000Z,frozen_session6,500000,0,exit_early,580397,61,0,0,0,True,early_inventory_exit,,,exit@3836,960.15782,-0.085401,0.333297,0.040951,0.642624,0.363126
42,550000,2051,3835,2026-09-09T19:53:05.941Z,120,2026-09-09T21:53:21.000Z,frozen_session6,500000,0,recenter60,580397,7251,4118,0,0,True,,,Frozen mint minimum unavailable,,959.794694,-0.448527,0.333297,0.175877,0.709035,0.0
42,550000,2051,3835,2026-09-09T19:53:05.941Z,120,2026-09-09T21:53:21.000Z,frozen_session6,500000,0,trim25,580397,7251,4118,0,1,True,,,,trim@3836,959.6037,-0.639521,0.613155,0.142163,0.652403,-0.190994
42,550000,2051,3835,2026-09-09T19:53:05.941Z,120,2026-09-09T21:53:21.000Z,frozen_session6,500000,0,hold80,580397,7251,4118,0,0,False,,,,,959.794694,-0.448527,0.333297,0.175877,0.709035,0.0
42,550000,2051,3835,2026-09-09T19:53:05.941Z,120,2026-09-09T21:53:21.000Z,frozen_session6,500000,600,recenter60,580397,7251,4118,0,0,True,,,Frozen mint minimum unavailable,,959.794694,-0.448527,0.333297,0.175877,0.709035,0.0
42,550000,2051,3835,2026-09-09T19:53:05.941Z,120,2026-09-09T21:53:21.000Z,source_block_54,1000000,0,guard60,580874,7251,4118,0,0,False,,,,,959.178863,-1.064358,1.124903,0.351781,0.597249,0.0
42,550000,2051,3835,2026-09-09T19:53:05.941Z,120,2026-09-09T21:53:21.000Z,source_block_54,1000000,0,exit_early,580874,61,0,0,0,True,early_inventory_exit,,,exit@3836,959.407154,-0.836067,1.124903,0.081902,1.405746,0.228291
42,550000,2051,3835,2026-09-09T19:53:05.941Z,120,2026-09-09T21:53:21.000Z,source_block_54,1000000,0,recenter60,580874,7251,4118,0,0,True,,,Frozen mint minimum unavailable,,959.178863,-1.064358,1.124903,0.351781,0.597249,0.0
42,550000,2051,3835,2026-09-09T19:53:05.941Z,120,2026-09-09T21:53:21.000Z,source_block_54,1000000,0,trim25,580874,7251,4118,0,1,True,,,,trim@3836,958.255948,-1.987273,2.102994,0.284356,1.220969,-0.922915
42,550000,2051,3835,2026-09-09T19:53:05.941Z,120,2026-09-09T21:53:21.000Z,source_block_54,1000000,0,hold80,580874,7251,4118,0,0,False,,,,,959.178863,-1.064358,1.124903,0.351781,0.597249,0.0
42,550000,2051,3835,2026-09-09T19:53:05.941Z,120,2026-09-09T21:53:21.000Z,source_block_54,1000000,600,recenter60,580874,7251,4118,0,0,True,,,Frozen mint minimum unavailable,,959.178863,-1.064358,1.124903,0.351781,0.597249,0.0
42,550000,2051,3835,2026-09-09T19:53:05.941Z,120,2026-09-09T21:53:21.000Z,source_block_54,500000,0,guard60,580876,7251,4118,0,0,False,,,,,959.003088,-1.240133,1.124903,0.175877,0.709035,0.0
42,550000,2051,3835,2026-09-09T19:53:05.941Z,120,2026-09-09T21:53:21.000Z,source_block_54,500000,0,exit_early,580876,61,0,0,0,True,early_inventory_exit,,,exit@3836,959.366214,-0.877007,1.124903,0.040951,1.43423,0.363126
42,550000,2051,3835,2026-09-09T19:53:05.941Z,120,2026-09-09T21:53:21.000Z,source_block_54,500000,0,recenter60,580876,7251,4118,0,0,True,,,Frozen mint minimum unavailable,,959.003088,-1.240133,1.124903,0.175877,0.709035,0.0
42,550000,2051,3835,2026-09-09T19:53:05.941Z,120,2026-09-09T21:53:21.000Z,source_block_54,500000,0,trim25,580876,7251,4118,0,1,True,,,,trim@3836,958.113861,-2.12936,2.102994,0.142163,1.350636,-0.889227
42,550000,2051,3835,2026-09-09T19:53:05.941Z,120,2026-09-09T21:53:21.000Z,source_block_54,500000,0,hold80,580876,7251,4118,0,0,False,,,,,959.003088,-1.240133,1.124903,0.175877,0.709035,0.0
42,550000,2051,3835,2026-09-09T19:53:05.941Z,120,2026-09-09T21:53:21.000Z,source_block_54,500000,600,recenter60,580876,7251,4118,0,0,True,,,Frozen mint minimum unavailable,,959.003088,-1.240133,1.124903,0.175877,0.709035,0.0
43,500000,2306,4090,2026-09-10T00:14:00.837Z,30,2026-09-10T00:44:20.000Z,frozen_session6,1000000,0,guard60,608619,432,0,0,0,False,inventory_cap,,,exit@4097,958.562381,-0.235005,0.333297,0.057862,0.790135,0.0
43,500000,2306,4090,2026-09-10T00:14:00.837Z,30,2026-09-10T00:44:20.000Z,frozen_session6,1000000,0,exit_early,529914,63,0,0,0,True,early_inventory_exit,,,exit@4091,958.764045,-0.033341,0.333297,0.004198,0.588471,0.201664
43,500000,2306,4090,2026-09-10T00:14:00.837Z,30,2026-09-10T00:44:20.000Z,frozen_session6,1000000,0,recenter60,566337,987,0,1,0,True,historical_guard,,,recenter@4091; exit@4106,957.728508,-1.068878,0.970376,0.163719,1.624008,-0.833873
43,500000,2306,4090,2026-09-10T00:14:00.837Z,30,2026-09-10T00:44:20.000Z,frozen_session6,1000000,0,trim25,566126,987,0,0,1,True,historical_guard,,,trim@4091; exit@4106,958.038453,-0.758933,0.613155,0.122022,1.314063,-0.523928
43,500000,2306,4090,2026-09-10T00:14:00.837Z,30,2026-09-10T00:44:20.000Z,frozen_session6,1000000,0,hold80,754147,987,0,0,0,False,historical_guard,,,exit@4106,958.169746,-0.62764,0.333297,0.161267,1.18277,-0.392635
43,500000,2306,4090,2026-09-10T00:14:00.837Z,30,2026-09-10T00:44:20.000Z,frozen_session6,1000000,600,recenter60,608619,432,0,0,0,True,inventory_cap,,Frozen mint minimum unavailable,exit@4097,958.562381,-0.235005,0.333297,0.057862,0.790135,0.0
43,500000,2306,4090,2026-09-10T00:14:00.837Z,30,2026-09-10T00:44:20.000Z,frozen_session6,500000,0,guard60,608615,432,0,0,0,False,inventory_cap,,,exit@4097,958.533463,-0.263923,0.333297,0.028929,0.819053,0.0
43,500000,2306,4090,2026-09-10T00:14:00.837Z,30,2026-09-10T00:44:20.000Z,frozen_session6,500000,0,exit_early,529914,63,0,0,0,True,early_inventory_exit,,,exit@4091,958.761946,-0.03544,0.333297,0.002098,0.59057,0.228483
43,500000,2306,4090,2026-09-10T00:14:00.837Z,30,2026-09-10T00:44:20.000Z,frozen_session6,500000,0,recenter60,566320,987,0,1,0,True,historical_guard,,,recenter@4091; exit@4106,957.646699,-1.150687,0.970376,0.081855,1.705817,-0.886764
43,500000,2306,4090,2026-09-10T00:14:00.837Z,30,2026-09-10T00:44:20.000Z,frozen_session6,500000,0,trim25,566114,987,0,0,1,True,historical_guard,,,trim@4091; exit@4106,957.977479,-0.819907,0.613155,0.061006,1.375037,-0.555984
43,500000,2306,4090,2026-09-10T00:14:00.837Z,30,2026-09-10T00:44:20.000Z,frozen_session6,500000,0,hold80,754146,987,0,0,0,False,historical_guard,,,exit@4106,958.089164,-0.708222,0.333297,0.08063,1.263352,-0.444299
43,500000,2306,4090,2026-09-10T00:14:00.837Z,30,2026-09-10T00:44:20.000Z,frozen_session6,500000,600,recenter60,608615,432,0,0,0,True,inventory_cap,,Frozen mint minimum unavailable,exit@4097,958.533463,-0.263923,0.333297,0.028929,0.819053,0.0
43,500000,2306,4090,2026-09-10T00:14:00.837Z,30,2026-09-10T00:44:20.000Z,source_block_54,1000000,0,guard60,609122,432,0,0,0,False,inventory_cap,,,exit@4097,957.770775,-1.026611,1.124903,0.057862,1.581741,0.0
43,500000,2306,4090,2026-09-10T00:14:00.837Z,30,2026-09-10T00:44:20.000Z,source_block_54,1000000,0,exit_early,530352,63,0,0,0,True,early_inventory_exit,,,exit@4091,957.972439,-0.824947,1.124903,0.004198,1.380077,0.201664
43,500000,2306,4090,2026-09-10T00:14:00.837Z,30,2026-09-10T00:44:20.000Z,source_block_54,1000000,0,recenter60,567632,987,0,1,0,True,historical_guard,,,recenter@4091; exit@4106,955.541901,-3.255485,3.156983,0.163719,3.810615,-2.228874
43,500000,2306,4090,2026-09-10T00:14:00.837Z,30,2026-09-10T00:44:20.000Z,source_block_54,1000000,0,trim25,567008,987,0,0,1,True,historical_guard,,,trim@4091; exit@4106,956.548614,-2.248772,2.102994,0.122022,2.803902,-1.222161
43,500000,2306,4090,2026-09-10T00:14:00.837Z,30,2026-09-10T00:44:20.000Z,source_block_54,1000000,0,hold80,754770,987,0,0,0,False,historical_guard,,,exit@4106,957.37814,-1.419246,1.124903,0.161267,1.974376,-0.392635
43,500000,2306,4090,2026-09-10T00:14:00.837Z,30,2026-09-10T00:44:20.000Z,source_block_54,1000000,600,recenter60,609122,432,0,0,0,True,inventory_cap,,Frozen mint minimum unavailable,exit@4097,957.770775,-1.026611,1.124903,0.057862,1.581741,0.0
43,500000,2306,4090,2026-09-10T00:14:00.837Z,30,2026-09-10T00:44:20.000Z,source_block_54,500000,0,guard60,609118,432,0,0,0,False,inventory_cap,,,exit@4097,957.741857,-1.055529,1.124903,0.028929,1.610659,0.0
43,500000,2306,4090,2026-09-10T00:14:00.837Z,30,2026-09-10T00:44:20.000Z,source_block_54,500000,0,exit_early,530352,63,0,0,0,True,early_inventory_exit,,,exit@4091,957.97034,-0.827046,1.124903,0.002098,1.382176,0.228483
43,500000,2306,4090,2026-09-10T00:14:00.837Z,30,2026-09-10T00:44:20.000Z,source_block_54,500000,0,recenter60,567615,987,0,1,0,True,historical_guard,,,recenter@4091; exit@4106,955.460092,-3.337294,3.156983,0.081855,3.892424,-2.281765
43,500000,2306,4090,2026-09-10T00:14:00.837Z,30,2026-09-10T00:44:20.000Z,source_block_54,500000,0,trim25,566996,987,0,0,1,True,historical_guard,,,trim@4091; exit@4106,956.48764,-2.309746,2.102994,0.061006,2.864876,-1.254217
43,500000,2306,4090,2026-09-10T00:14:00.837Z,30,2026-09-10T00:44:20.000Z,source_block_54,500000,0,hold80,754770,987,0,0,0,False,historical_guard,,,exit@4106,957.297558,-1.499828,1.124903,0.08063,2.054958,-0.444299
43,500000,2306,4090,2026-09-10T00:14:00.837Z,30,2026-09-10T00:44:20.000Z,source_block_54,500000,600,recenter60,609118,432,0,0,0,True,inventory_cap,,Frozen mint minimum unavailable,exit@4097,957.741857,-1.055529,1.124903,0.028929,1.610659,0.0
43,500000,2306,4090,2026-09-10T00:14:00.837Z,120,2026-09-10T02:14:26.000Z,frozen_session6,1000000,0,guard60,608619,432,0,0,0,False,inventory_cap,,,exit@4097,958.562381,0.827961,0.333297,0.057862,0.790135,0.0
43,500000,2306,4090,2026-09-10T00:14:00.837Z,120,2026-09-10T02:14:26.000Z,frozen_session6,1000000,0,exit_early,529914,63,0,0,0,True,early_inventory_exit,,,exit@4091,958.764045,1.029625,0.333297,0.004198,0.588471,0.201664
43,500000,2306,4090,2026-09-10T00:14:00.837Z,120,2026-09-10T02:14:26.000Z,frozen_session6,1000000,0,recenter60,566337,987,0,1,0,True,historical_guard,,,recenter@4091; exit@4106,957.728508,-0.005912,0.970376,0.163719,1.624008,-0.833873
43,500000,2306,4090,2026-09-10T00:14:00.837Z,120,2026-09-10T02:14:26.000Z,frozen_session6,1000000,0,trim25,566126,987,0,0,1,True,historical_guard,,,trim@4091; exit@4106,958.038453,0.304033,0.613155,0.122022,1.314063,-0.523928
43,500000,2306,4090,2026-09-10T00:14:00.837Z,120,2026-09-10T02:14:26.000Z,frozen_session6,1000000,0,hold80,754147,987,0,0,0,False,historical_guard,,,exit@4106,958.169746,0.435326,0.333297,0.161267,1.18277,-0.392635
43,500000,2306,4090,2026-09-10T00:14:00.837Z,120,2026-09-10T02:14:26.000Z,frozen_session6,1000000,600,recenter60,608619,432,0,0,0,True,inventory_cap,,Frozen mint minimum unavailable,exit@4097,958.562381,0.827961,0.333297,0.057862,0.790135,0.0
43,500000,2306,4090,2026-09-10T00:14:00.837Z,120,2026-09-10T02:14:26.000Z,frozen_session6,500000,0,guard60,608615,432,0,0,0,False,inventory_cap,,,exit@4097,958.533463,0.799043,0.333297,0.028929,0.819053,0.0
43,500000,2306,4090,2026-09-10T00:14:00.837Z,120,2026-09-10T02:14:26.000Z,frozen_session6,500000,0,exit_early,529914,63,0,0,0,True,early_inventory_exit,,,exit@4091,958.761946,1.027526,0.333297,0.002098,0.59057,0.228483
43,500000,2306,4090,2026-09-10T00:14:00.837Z,120,2026-09-10T02:14:26.000Z,frozen_session6,500000,0,recenter60,566320,987,0,1,0,True,historical_guard,,,recenter@4091; exit@4106,957.646699,-0.087721,0.970376,0.081855,1.705817,-0.886764
43,500000,2306,4090,2026-09-10T00:14:00.837Z,120,2026-09-10T02:14:26.000Z,frozen_session6,500000,0,trim25,566114,987,0,0,1,True,historical_guard,,,trim@4091; exit@4106,957.977479,0.243059,0.613155,0.061006,1.375037,-0.555984
43,500000,2306,4090,2026-09-10T00:14:00.837Z,120,2026-09-10T02:14:26.000Z,frozen_session6,500000,0,hold80,754146,987,0,0,0,False,historical_guard,,,exit@4106,958.089164,0.354744,0.333297,0.08063,1.263352,-0.444299
43,500000,2306,4090,2026-09-10T00:14:00.837Z,120,2026-09-10T02:14:26.000Z,frozen_session6,500000,600,recenter60,608615,432,0,0,0,True,inventory_cap,,Frozen mint minimum unavailable,exit@4097,958.533463,0.799043,0.333297,0.028929,0.819053,0.0
43,500000,2306,4090,2026-09-10T00:14:00.837Z,120,2026-09-10T02:14:26.000Z,source_block_54,1000000,0,guard60,609122,432,0,0,0,False,inventory_cap,,,exit@4097,957.770775,0.036355,1.124903,0.057862,1.581741,0.0
43,500000,2306,4090,2026-09-10T00:14:00.837Z,120,2026-09-10T02:14:26.000Z,source_block_54,1000000,0,exit_early,530352,63,0,0,0,True,early_inventory_exit,,,exit@4091,957.972439,0.238019,1.124903,0.004198,1.380077,0.201664
43,500000,2306,4090,2026-09-10T00:14:00.837Z,120,2026-09-10T02:14:26.000Z,source_block_54,1000000,0,recenter60,567632,987,0,1,0,True,historical_guard,,,recenter@4091; exit@4106,955.541901,-2.192519,3.156983,0.163719,3.810615,-2.228874
43,500000,2306,4090,2026-09-10T00:14:00.837Z,120,2026-09-10T02:14:26.000Z,source_block_54,1000000,0,trim25,567008,987,0,0,1,True,historical_guard,,,trim@4091; exit@4106,956.548614,-1.185806,2.102994,0.122022,2.803902,-1.222161
43,500000,2306,4090,2026-09-10T00:14:00.837Z,120,2026-09-10T02:14:26.000Z,source_block_54,1000000,0,hold80,754770,987,0,0,0,False,historical_guard,,,exit@4106,957.37814,-0.35628,1.124903,0.161267,1.974376,-0.392635
43,500000,2306,4090,2026-09-10T00:14:00.837Z,120,2026-09-10T02:14:26.000Z,source_block_54,1000000,600,recenter60,609122,432,0,0,0,True,inventory_cap,,Frozen mint minimum unavailable,exit@4097,957.770775,0.036355,1.124903,0.057862,1.581741,0.0
43,500000,2306,4090,2026-09-10T00:14:00.837Z,120,2026-09-10T02:14:26.000Z,source_block_54,500000,0,guard60,609118,432,0,0,0,False,inventory_cap,,,exit@4097,957.741857,0.007437,1.124903,0.028929,1.610659,0.0
43,500000,2306,4090,2026-09-10T00:14:00.837Z,120,2026-09-10T02:14:26.000Z,source_block_54,500000,0,exit_early,530352,63,0,0,0,True,early_inventory_exit,,,exit@4091,957.97034,0.23592,1.124903,0.002098,1.382176,0.228483
43,500000,2306,4090,2026-09-10T00:14:00.837Z,120,2026-09-10T02:14:26.000Z,source_block_54,500000,0,recenter60,567615,987,0,1,0,True,historical_guard,,,recenter@4091; exit@4106,955.460092,-2.274328,3.156983,0.081855,3.892424,-2.281765
43,500000,2306,4090,2026-09-10T00:14:00.837Z,120,2026-09-10T02:14:26.000Z,source_block_54,500000,0,trim25,566996,987,0,0,1,True,historical_guard,,,trim@4091; exit@4106,956.48764,-1.24678,2.102994,0.061006,2.864876,-1.254217
43,500000,2306,4090,2026-09-10T00:14:00.837Z,120,2026-09-10T02:14:26.000Z,source_block_54,500000,0,hold80,754770,987,0,0,0,False,historical_guard,,,exit@4106,957.297558,-0.436862,1.124903,0.08063,2.054958,-0.444299
43,500000,2306,4090,2026-09-10T00:14:00.837Z,120,2026-09-10T02:14:26.000Z,source_block_54,500000,600,recenter60,609118,432,0,0,0,True,inventory_cap,,Frozen mint minimum unavailable,exit@4097,957.741857,0.007437,1.124903,0.028929,1.610659,0.0
43,550000,2308,4092,2026-09-10T00:15:52.964Z,30,2026-09-10T00:46:25.000Z,frozen_session6,1000000,0,guard60,608619,309,0,0,0,False,inventory_cap,,,exit@4097,958.562413,-0.224072,0.333297,0.034288,0.709689,0.0
43,550000,2308,4092,2026-09-10T00:15:52.964Z,30,2026-09-10T00:46:25.000Z,frozen_session6,1000000,0,exit_early,573863,63,0,0,0,True,early_inventory_exit,,,exit@4093,958.664649,-0.121836,0.333297,0.005799,0.607453,0.102236
43,550000,2308,4092,2026-09-10T00:15:52.964Z,30,2026-09-10T00:46:25.000Z,frozen_session6,1000000,0,recenter60,608619,309,0,0,0,True,inventory_cap,,Frozen mint minimum unavailable,exit@4097,958.562413,-0.224072,0.333297,0.034288,0.709689,0.0
43,550000,2308,4092,2026-09-10T00:15:52.964Z,30,2026-09-10T00:46:25.000Z,frozen_session6,1000000,0,trim25,608619,309,0,0,0,True,inventory_cap,,Frozen trim funding unavailable,exit@4097,958.562413,-0.224072,0.333297,0.034288,0.709689,0.0
43,550000,2308,4092,2026-09-10T00:15:52.964Z,30,2026-09-10T00:46:25.000Z,frozen_session6,1000000,0,hold80,754147,864,0,0,0,False,historical_guard,,,exit@4106,958.169778,-0.616707,0.333297,0.137693,1.102324,-0.392635
43,550000,2308,4092,2026-09-10T00:15:52.964Z,30,2026-09-10T00:46:25.000Z,frozen_session6,1000000,600,recenter60,608619,309,0,0,0,True,inventory_cap,,Frozen mint minimum unavailable,exit@4097,958.562413,-0.224072,0.333297,0.034288,0.709689,0.0
43,550000,2308,4092,2026-09-10T00:15:52.964Z,30,2026-09-10T00:46:25.000Z,frozen_session6,500000,0,guard60,608617,309,0,0,0,False,inventory_cap,,,exit@4097,958.545274,-0.241211,0.333297,0.017142,0.723928,0.0
43,550000,2308,4092,2026-09-10T00:15:52.964Z,30,2026-09-10T00:46:25.000Z,frozen_session6,500000,0,exit_early,573863,63,0,0,0,True,early_inventory_exit,,,exit@4093,958.66175,-0.124735,0.333297,0.002899,0.607452,0.116476
43,550000,2308,4092,2026-09-10T00:15:52.964Z,30,2026-09-10T00:46:25.000Z,frozen_session6,500000,0,recenter60,608617,309,0,0,0,True,inventory_cap,,Frozen mint minimum unavailable,exit@4097,958.545274,-0.241211,0.333297,0.017142,0.723928,0.0
43,550000,2308,4092,2026-09-10T00:15:52.964Z,30,2026-09-10T00:46:25.000Z,frozen_session6,500000,0,trim25,608617,309,0,0,0,True,inventory_cap,,Frozen trim funding unavailable,exit@4097,958.545274,-0.241211,0.333297,0.017142,0.723928,0.0
43,550000,2308,4092,2026-09-10T00:15:52.964Z,30,2026-09-10T00:46:25.000Z,frozen_session6,500000,0,hold80,754148,864,0,0,0,False,historical_guard,,,exit@4106,958.100969,-0.685516,0.333297,0.068843,1.168233,-0.444305
43,550000,2308,4092,2026-09-10T00:15:52.964Z,30,2026-09-10T00:46:25.000Z,frozen_session6,500000,600,recenter60,608617,309,0,0,0,True,inventory_cap,,Frozen mint minimum unavailable,exit@4097,958.545274,-0.241211,0.333297,0.017142,0.723928,0.0
43,550000,2308,4092,2026-09-10T00:15:52.964Z,30,2026-09-10T00:46:25.000Z,source_block_54,1000000,0,guard60,609122,309,0,0,0,False,inventory_cap,,,exit@4097,957.770807,-1.015678,1.124903,0.034288,1.501295,0.0
43,550000,2308,4092,2026-09-10T00:15:52.964Z,30,2026-09-10T00:46:25.000Z,source_block_54,1000000,0,exit_early,574337,63,0,0,0,True,early_inventory_exit,,,exit@4093,957.873043,-0.913442,1.124903,0.005799,1.399059,0.102236
43,550000,2308,4092,2026-09-10T00:15:52.964Z,30,2026-09-10T00:46:25.000Z,source_block_54,1000000,0,recenter60,609122,309,0,0,0,True,inventory_cap,,Frozen mint minimum unavailable,exit@4097,957.770807,-1.015678,1.124903,0.034288,1.501295,0.0
43,550000,2308,4092,2026-09-10T00:15:52.964Z,30,2026-09-10T00:46:25.000Z,source_block_54,1000000,0,trim25,609122,309,0,0,0,True,inventory_cap,,Frozen trim funding unavailable,exit@4097,957.770807,-1.015678,1.124903,0.034288,1.501295,0.0
43,550000,2308,4092,2026-09-10T00:15:52.964Z,30,2026-09-10T00:46:25.000Z,source_block_54,1000000,0,hold80,754770,864,0,0,0,False,historical_guard,,,exit@4106,957.378172,-1.408313,1.124903,0.137693,1.89393,-0.392635
43,550000,2308,4092,2026-09-10T00:15:52.964Z,30,2026-09-10T00:46:25.000Z,source_block_54,1000000,600,recenter60,609122,309,0,0,0,True,inventory_cap,,Frozen mint minimum unavailable,exit@4097,957.770807,-1.015678,1.124903,0.034288,1.501295,0.0
43,550000,2308,4092,2026-09-10T00:15:52.964Z,30,2026-09-10T00:46:25.000Z,source_block_54,500000,0,guard60,609121,309,0,0,0,False,inventory_cap,,,exit@4097,957.753668,-1.032817,1.124903,0.017142,1.515534,0.0
43,550000,2308,4092,2026-09-10T00:15:52.964Z,30,2026-09-10T00:46:25.000Z,source_block_54,500000,0,exit_early,574337,63,0,0,0,True,early_inventory_exit,,,exit@4093,957.870144,-0.916341,1.124903,0.002899,1.399058,0.116476
43,550000,2308,4092,2026-09-10T00:15:52.964Z,30,2026-09-10T00:46:25.000Z,source_block_54,500000,0,recenter60,609121,309,0,0,0,True,inventory_cap,,Frozen mint minimum unavailable,exit@4097,957.753668,-1.032817,1.124903,0.017142,1.515534,0.0
43,550000,2308,4092,2026-09-10T00:15:52.964Z,30,2026-09-10T00:46:25.000Z,source_block_54,500000,0,trim25,609121,309,0,0,0,True,inventory_cap,,Frozen trim funding unavailable,exit@4097,957.753668,-1.032817,1.124903,0.017142,1.515534,0.0
43,550000,2308,4092,2026-09-10T00:15:52.964Z,30,2026-09-10T00:46:25.000Z,source_block_54,500000,0,hold80,754771,864,0,0,0,False,historical_guard,,,exit@4106,957.309363,-1.477122,1.124903,0.068843,1.959839,-0.444305
43,550000,2308,4092,2026-09-10T00:15:52.964Z,30,2026-09-10T00:46:25.000Z,source_block_54,500000,600,recenter60,609121,309,0,0,0,True,inventory_cap,,Frozen mint minimum unavailable,exit@4097,957.753668,-1.032817,1.124903,0.017142,1.515534,0.0
43,550000,2308,4092,2026-09-10T00:15:52.964Z,120,2026-09-10T02:16:28.000Z,frozen_session6,1000000,0,guard60,608619,309,0,0,0,False,inventory_cap,,,exit@4097,958.562413,0.972028,0.333297,0.034288,0.709689,0.0
43,550000,2308,4092,2026-09-10T00:15:52.964Z,120,2026-09-10T02:16:28.000Z,frozen_session6,1000000,0,exit_early,573863,63,0,0,0,True,early_inventory_exit,,,exit@4093,958.664649,1.074264,0.333297,0.005799,0.607453,0.102236
43,550000,2308,4092,2026-09-10T00:15:52.964Z,120,2026-09-10T02:16:28.000Z,frozen_session6,1000000,0,recenter60,608619,309,0,0,0,True,inventory_cap,,Frozen mint minimum unavailable,exit@4097,958.562413,0.972028,0.333297,0.034288,0.709689,0.0
43,550000,2308,4092,2026-09-10T00:15:52.964Z,120,2026-09-10T02:16:28.000Z,frozen_session6,1000000,0,trim25,608619,309,0,0,0,True,inventory_cap,,Frozen trim funding unavailable,exit@4097,958.562413,0.972028,0.333297,0.034288,0.709689,0.0
43,550000,2308,4092,2026-09-10T00:15:52.964Z,120,2026-09-10T02:16:28.000Z,frozen_session6,1000000,0,hold80,754147,864,0,0,0,False,historical_guard,,,exit@4106,958.169778,0.579393,0.333297,0.137693,1.102324,-0.392635
43,550000,2308,4092,2026-09-10T00:15:52.964Z,120,2026-09-10T02:16:28.000Z,frozen_session6,1000000,600,recenter60,608619,309,0,0,0,True,inventory_cap,,Frozen mint minimum unavailable,exit@4097,958.562413,0.972028,0.333297,0.034288,0.709689,0.0
43,550000,2308,4092,2026-09-10T00:15:52.964Z,120,2026-09-10T02:16:28.000Z,frozen_session6,500000,0,guard60,608617,309,0,0,0,False,inventory_cap,,,exit@4097,958.545274,0.954889,0.333297,0.017142,0.723928,0.0
43,550000,2308,4092,2026-09-10T00:15:52.964Z,120,2026-09-10T02:16:28.000Z,frozen_session6,500000,0,exit_early,573863,63,0,0,0,True,early_inventory_exit,,,exit@4093,958.66175,1.071365,0.333297,0.002899,0.607452,0.116476
43,550000,2308,4092,2026-09-10T00:15:52.964Z,120,2026-09-10T02:16:28.000Z,frozen_session6,500000,0,recenter60,608617,309,0,0,0,True,inventory_cap,,Frozen mint minimum unavailable,exit@4097,958.545274,0.954889,0.333297,0.017142,0.723928,0.0
43,550000,2308,4092,2026-09-10T00:15:52.964Z,120,2026-09-10T02:16:28.000Z,frozen_session6,500000,0,trim25,608617,309,0,0,0,True,inventory_cap,,Frozen trim funding unavailable,exit@4097,958.545274,0.954889,0.333297,0.017142,0.723928,0.0
43,550000,2308,4092,2026-09-10T00:15:52.964Z,120,2026-09-10T02:16:28.000Z,frozen_session6,500000,0,hold80,754148,864,0,0,0,False,historical_guard,,,exit@4106,958.100969,0.510584,0.333297,0.068843,1.168233,-0.444305
43,550000,2308,4092,2026-09-10T00:15:52.964Z,120,2026-09-10T02:16:28.000Z,frozen_session6,500000,600,recenter60,608617,309,0,0,0,True,inventory_cap,,Frozen mint minimum unavailable,exit@4097,958.545274,0.954889,0.333297,0.017142,0.723928,0.0
43,550000,2308,4092,2026-09-10T00:15:52.964Z,120,2026-09-10T02:16:28.000Z,source_block_54,1000000,0,guard60,609122,309,0,0,0,False,inventory_cap,,,exit@4097,957.770807,0.180422,1.124903,0.034288,1.501295,0.0
43,550000,2308,4092,2026-09-10T00:15:52.964Z,120,2026-09-10T02:16:28.000Z,source_block_54,1000000,0,exit_early,574337,63,0,0,0,True,early_inventory_exit,,,exit@4093,957.873043,0.282658,1.124903,0.005799,1.399059,0.102236
43,550000,2308,4092,2026-09-10T00:15:52.964Z,120,2026-09-10T02:16:28.000Z,source_block_54,1000000,0,recenter60,609122,309,0,0,0,True,inventory_cap,,Frozen mint minimum unavailable,exit@4097,957.770807,0.180422,1.124903,0.034288,1.501295,0.0
43,550000,2308,4092,2026-09-10T00:15:52.964Z,120,2026-09-10T02:16:28.000Z,source_block_54,1000000,0,trim25,609122,309,0,0,0,True,inventory_cap,,Frozen trim funding unavailable,exit@4097,957.770807,0.180422,1.124903,0.034288,1.501295,0.0
43,550000,2308,4092,2026-09-10T00:15:52.964Z,120,2026-09-10T02:16:28.000Z,source_block_54,1000000,0,hold80,754770,864,0,0,0,False,historical_guard,,,exit@4106,957.378172,-0.212213,1.124903,0.137693,1.89393,-0.392635
43,550000,2308,4092,2026-09-10T00:15:52.964Z,120,2026-09-10T02:16:28.000Z,source_block_54,1000000,600,recenter60,609122,309,0,0,0,True,inventory_cap,,Frozen mint minimum unavailable,exit@4097,957.770807,0.180422,1.124903,0.034288,1.501295,0.0
43,550000,2308,4092,2026-09-10T00:15:52.964Z,120,2026-09-10T02:16:28.000Z,source_block_54,500000,0,guard60,609121,309,0,0,0,False,inventory_cap,,,exit@4097,957.753668,0.163283,1.124903,0.017142,1.515534,0.0
43,550000,2308,4092,2026-09-10T00:15:52.964Z,120,2026-09-10T02:16:28.000Z,source_block_54,500000,0,exit_early,574337,63,0,0,0,True,early_inventory_exit,,,exit@4093,957.870144,0.279759,1.124903,0.002899,1.399058,0.116476
43,550000,2308,4092,2026-09-10T00:15:52.964Z,120,2026-09-10T02:16:28.000Z,source_block_54,500000,0,recenter60,609121,309,0,0,0,True,inventory_cap,,Frozen mint minimum unavailable,exit@4097,957.753668,0.163283,1.124903,0.017142,1.515534,0.0
43,550000,2308,4092,2026-09-10T00:15:52.964Z,120,2026-09-10T02:16:28.000Z,source_block_54,500000,0,trim25,609121,309,0,0,0,True,inventory_cap,,Frozen trim funding unavailable,exit@4097,957.753668,0.163283,1.124903,0.017142,1.515534,0.0
43,550000,2308,4092,2026-09-10T00:15:52.964Z,120,2026-09-10T02:16:28.000Z,source_block_54,500000,0,hold80,754771,864,0,0,0,False,historical_guard,,,exit@4106,957.309363,-0.281022,1.124903,0.068843,1.959839,-0.444305
43,550000,2308,4092,2026-09-10T00:15:52.964Z,120,2026-09-10T02:16:28.000Z,source_block_54,500000,600,recenter60,609121,309,0,0,0,True,inventory_cap,,Frozen mint minimum unavailable,exit@4097,957.753668,0.163283,1.124903,0.017142,1.515534,0.0
45,500000,2372,4158,2026-09-10T01:23:31.900Z,30,2026-09-10T01:53:57.000Z,frozen_session6,1000000,0,guard60,653059,431,0,0,0,False,inventory_cap,,,exit@4165,955.888547,-0.512216,0.333297,0.180601,0.927819,0.0
45,500000,2372,4158,2026-09-10T01:23:31.900Z,30,2026-09-10T01:53:57.000Z,frozen_session6,1000000,0,exit_early,515347,61,0,0,0,True,early_inventory_exit,,,exit@4159,956.220694,-0.180069,0.333297,0.002645,0.595672,0.332147
45,500000,2372,4158,2026-09-10T01:23:31.900Z,30,2026-09-10T01:53:57.000Z,frozen_session6,1000000,0,recenter60,653059,431,0,0,0,True,inventory_cap,,Frozen mint minimum unavailable,exit@4165,955.888547,-0.512216,0.333297,0.180601,0.927819,0.0
45,500000,2372,4158,2026-09-10T01:23:31.900Z,30,2026-09-10T01:53:57.000Z,frozen_session6,1000000,0,trim25,522153,1841,1040,0,1,True,,,,trim@4159,955.824974,-0.575789,0.613155,0.282829,1.660656,-0.063573
45,500000,2372,4158,2026-09-10T01:23:31.900Z,30,2026-09-10T01:53:57.000Z,frozen_session6,1000000,0,hold80,693709,1841,1040,0,0,False,,,,,956.066811,-0.333952,0.333297,0.376049,1.749048,0.178264
45,500000,2372,4158,2026-09-10T01:23:31.900Z,30,2026-09-10T01:53:57.000Z,frozen_session6,1000000,600,recenter60,653059,431,0,0,0,True,inventory_cap,,Frozen mint minimum unavailable,exit@4165,955.888547,-0.512216,0.333297,0.180601,0.927819,0.0
45,500000,2372,4158,2026-09-10T01:23:31.900Z,30,2026-09-10T01:53:57.000Z,frozen_session6,500000,0,guard60,653060,431,0,0,0,False,inventory_cap,,,exit@4165,955.798292,-0.602471,0.333297,0.090298,1.018074,0.0
45,500000,2372,4158,2026-09-10T01:23:31.900Z,30,2026-09-10T01:53:57.000Z,frozen_session6,500000,0,exit_early,515347,61,0,0,0,True,early_inventory_exit,,,exit@4159,956.219371,-0.181392,0.333297,0.001322,0.596995,0.421079
45,500000,2372,4158,2026-09-10T01:23:31.900Z,30,2026-09-10T01:53:57.000Z,frozen_session6,500000,0,recenter60,653060,431,0,0,0,True,inventory_cap,,Frozen mint minimum unavailable,exit@4165,955.798292,-0.602471,0.333297,0.090298,1.018074,0.0
45,500000,2372,4158,2026-09-10T01:23:31.900Z,30,2026-09-10T01:53:57.000Z,frozen_session6,500000,0,trim25,522142,1841,1040,0,1,True,,,,trim@4159,955.683609,-0.717154,0.613155,0.14141,1.735859,-0.114683
45,500000,2372,4158,2026-09-10T01:23:31.900Z,30,2026-09-10T01:53:57.000Z,frozen_session6,500000,0,hold80,693712,1841,1040,0,0,False,,,,,955.878856,-0.521907,0.333297,0.18802,1.848831,0.080564
45,500000,2372,4158,2026-09-10T01:23:31.900Z,30,2026-09-10T01:53:57.000Z,frozen_session6,500000,600,recenter60,653060,431,0,0,0,True,inventory_cap,,Frozen mint minimum unavailable,exit@4165,955.798292,-0.602471,0.333297,0.090298,1.018074,0.0
45,500000,2372,4158,2026-09-10T01:23:31.900Z,30,2026-09-10T01:53:57.000Z,source_block_54,1000000,0,guard60,653600,431,0,0,0,False,inventory_cap,,,exit@4165,955.096941,-1.303822,1.124903,0.180601,1.719425,0.0
45,500000,2372,4158,2026-09-10T01:23:31.900Z,30,2026-09-10T01:53:57.000Z,source_block_54,1000000,0,exit_early,515774,61,0,0,0,True,early_inventory_exit,,,exit@4159,955.429088,-0.971675,1.124903,0.002645,1.387278,0.332147
45,500000,2372,4158,2026-09-10T01:23:31.900Z,30,2026-09-10T01:53:57.000Z,source_block_54,1000000,0,recenter60,653600,431,0,0,0,True,inventory_cap,,Frozen mint minimum unavailable,exit@4165,955.096941,-1.303822,1.124903,0.180601,1.719425,0.0
45,500000,2372,4158,2026-09-10T01:23:31.900Z,30,2026-09-10T01:53:57.000Z,source_block_54,1000000,0,trim25,522967,1841,1040,0,1,True,,,,trim@4159,954.335135,-2.065628,2.102994,0.282829,2.358889,-0.761806
45,500000,2372,4158,2026-09-10T01:23:31.900Z,30,2026-09-10T01:53:57.000Z,source_block_54,1000000,0,hold80,694283,1841,1040,0,0,False,,,,,955.275205,-1.125558,1.124903,0.376049,1.749048,0.178264
45,500000,2372,4158,2026-09-10T01:23:31.900Z,30,2026-09-10T01:53:57.000Z,source_block_54,1000000,600,recenter60,653600,431,0,0,0,True,inventory_cap,,Frozen mint minimum unavailable,exit@4165,955.096941,-1.303822,1.124903,0.180601,1.719425,0.0
45,500000,2372,4158,2026-09-10T01:23:31.900Z,30,2026-09-10T01:53:57.000Z,source_block_54,500000,0,guard60,653601,431,0,0,0,False,inventory_cap,,,exit@4165,955.006686,-1.394077,1.124903,0.090298,1.80968,0.0
45,500000,2372,4158,2026-09-10T01:23:31.900Z,30,2026-09-10T01:53:57.000Z,source_block_54,500000,0,exit_early,515773,61,0,0,0,True,early_inventory_exit,,,exit@4159,955.427765,-0.972998,1.124903,0.001322,1.388601,0.421079
45,500000,2372,4158,2026-09-10T01:23:31.900Z,30,2026-09-10T01:53:57.000Z,source_block_54,500000,0,recenter60,653601,431,0,0,0,True,inventory_cap,,Frozen mint minimum unavailable,exit@4165,955.006686,-1.394077,1.124903,0.090298,1.80968,0.0
45,500000,2372,4158,2026-09-10T01:23:31.900Z,30,2026-09-10T01:53:57.000Z,source_block_54,500000,0,trim25,522956,1841,1040,0,1,True,,,,trim@4159,954.19377,-2.206993,2.102994,0.14141,2.434092,-0.812916
45,500000,2372,4158,2026-09-10T01:23:31.900Z,30,2026-09-10T01:53:57.000Z,source_block_54,500000,0,hold80,694286,1841,1040,0,0,False,,,,,955.08725,-1.313513,1.124903,0.18802,1.848831,0.080564
45,500000,2372,4158,2026-09-10T01:23:31.900Z,30,2026-09-10T01:53:57.000Z,source_block_54,500000,600,recenter60,653601,431,0,0,0,True,inventory_cap,,Frozen mint minimum unavailable,exit@4165,955.006686,-1.394077,1.124903,0.090298,1.80968,0.0
45,500000,2372,4158,2026-09-10T01:23:31.900Z,120,2026-09-10T03:24:03.000Z,frozen_session6,1000000,0,guard60,653059,431,0,0,0,False,inventory_cap,,,exit@4165,955.888547,-1.05461,0.333297,0.180601,0.927819,0.0
45,500000,2372,4158,2026-09-10T01:23:31.900Z,120,2026-09-10T03:24:03.000Z,frozen_session6,1000000,0,exit_early,515347,61,0,0,0,True,early_inventory_exit,,,exit@4159,956.220694,-0.722463,0.333297,0.002645,0.595672,0.332147
45,500000,2372,4158,2026-09-10T01:23:31.900Z,120,2026-09-10T03:24:03.000Z,frozen_session6,1000000,0,recenter60,653059,431,0,0,0,True,inventory_cap,,Frozen mint minimum unavailable,exit@4165,955.888547,-1.05461,0.333297,0.180601,0.927819,0.0
45,500000,2372,4158,2026-09-10T01:23:31.900Z,120,2026-09-10T03:24:03.000Z,frozen_session6,1000000,0,trim25,522153,7247,1713,0,1,True,,,,trim@4159,956.989438,0.046281,0.613155,0.927571,1.660656,1.100891
45,500000,2372,4158,2026-09-10T01:23:31.900Z,120,2026-09-10T03:24:03.000Z,frozen_session6,1000000,0,hold80,693709,7247,1713,0,0,False,,,,,957.617299,0.674142,0.333297,1.235421,1.749048,1.728752
45,500000,2372,4158,2026-09-10T01:23:31.900Z,120,2026-09-10T03:24:03.000Z,frozen_session6,1000000,600,recenter60,653059,431,0,0,0,True,inventory_cap,,Frozen mint minimum unavailable,exit@4165,955.888547,-1.05461,0.333297,0.180601,0.927819,0.0
45,500000,2372,4158,2026-09-10T01:23:31.900Z,120,2026-09-10T03:24:03.000Z,frozen_session6,500000,0,guard60,653060,431,0,0,0,False,inventory_cap,,,exit@4165,955.798292,-1.144865,0.333297,0.090298,1.018074,0.0
45,500000,2372,4158,2026-09-10T01:23:31.900Z,120,2026-09-10T03:24:03.000Z,frozen_session6,500000,0,exit_early,515347,61,0,0,0,True,early_inventory_exit,,,exit@4159,956.219371,-0.723786,0.333297,0.001322,0.596995,0.421079
45,500000,2372,4158,2026-09-10T01:23:31.900Z,120,2026-09-10T03:24:03.000Z,frozen_session6,500000,0,recenter60,653060,431,0,0,0,True,inventory_cap,,Frozen mint minimum unavailable,exit@4165,955.798292,-1.144865,0.333297,0.090298,1.018074,0.0
45,500000,2372,4158,2026-09-10T01:23:31.900Z,120,2026-09-10T03:24:03.000Z,frozen_session6,500000,0,trim25,522142,7247,1713,0,1,True,,,,trim@4159,956.525577,-0.41758,0.613155,0.463758,1.735859,0.727285
45,500000,2372,4158,2026-09-10T01:23:31.900Z,120,2026-09-10T03:24:03.000Z,frozen_session6,500000,0,hold80,693712,7247,1713,0,0,False,,,,,956.999495,0.056338,0.333297,0.617685,1.848831,1.201203
45,500000,2372,4158,2026-09-10T01:23:31.900Z,120,2026-09-10T03:24:03.000Z,frozen_session6,500000,600,recenter60,653060,431,0,0,0,True,inventory_cap,,Frozen mint minimum unavailable,exit@4165,955.798292,-1.144865,0.333297,0.090298,1.018074,0.0
45,500000,2372,4158,2026-09-10T01:23:31.900Z,120,2026-09-10T03:24:03.000Z,source_block_54,1000000,0,guard60,653600,431,0,0,0,False,inventory_cap,,,exit@4165,955.096941,-1.846216,1.124903,0.180601,1.719425,0.0
45,500000,2372,4158,2026-09-10T01:23:31.900Z,120,2026-09-10T03:24:03.000Z,source_block_54,1000000,0,exit_early,515774,61,0,0,0,True,early_inventory_exit,,,exit@4159,955.429088,-1.514069,1.124903,0.002645,1.387278,0.332147
45,500000,2372,4158,2026-09-10T01:23:31.900Z,120,2026-09-10T03:24:03.000Z,source_block_54,1000000,0,recenter60,653600,431,0,0,0,True,inventory_cap,,Frozen mint minimum unavailable,exit@4165,955.096941,-1.846216,1.124903,0.180601,1.719425,0.0
45,500000,2372,4158,2026-09-10T01:23:31.900Z,120,2026-09-10T03:24:03.000Z,source_block_54,1000000,0,trim25,522967,7247,1713,0,1,True,,,,trim@4159,955.499599,-1.443558,2.102994,0.927571,2.358889,0.402658
45,500000,2372,4158,2026-09-10T01:23:31.900Z,120,2026-09-10T03:24:03.000Z,source_block_54,1000000,0,hold80,694283,7247,1713,0,0,False,,,,,956.825693,-0.117464,1.124903,1.235421,1.749048,1.728752
45,500000,2372,4158,2026-09-10T01:23:31.900Z,120,2026-09-10T03:24:03.000Z,source_block_54,1000000,600,recenter60,653600,431,0,0,0,True,inventory_cap,,Frozen mint minimum unavailable,exit@4165,955.096941,-1.846216,1.124903,0.180601,1.719425,0.0
45,500000,2372,4158,2026-09-10T01:23:31.900Z,120,2026-09-10T03:24:03.000Z,source_block_54,500000,0,guard60,653601,431,0,0,0,False,inventory_cap,,,exit@4165,955.006686,-1.936471,1.124903,0.090298,1.80968,0.0
45,500000,2372,4158,2026-09-10T01:23:31.900Z,120,2026-09-10T03:24:03.000Z,source_block_54,500000,0,exit_early,515773,61,0,0,0,True,early_inventory_exit,,,exit@4159,955.427765,-1.515392,1.124903,0.001322,1.388601,0.421079
45,500000,2372,4158,2026-09-10T01:23:31.900Z,120,2026-09-10T03:24:03.000Z,source_block_54,500000,0,recenter60,653601,431,0,0,0,True,inventory_cap,,Frozen mint minimum unavailable,exit@4165,955.006686,-1.936471,1.124903,0.090298,1.80968,0.0
45,500000,2372,4158,2026-09-10T01:23:31.900Z,120,2026-09-10T03:24:03.000Z,source_block_54,500000,0,trim25,522956,7247,1713,0,1,True,,,,trim@4159,955.035738,-1.907419,2.102994,0.463758,2.434092,0.029052
45,500000,2372,4158,2026-09-10T01:23:31.900Z,120,2026-09-10T03:24:03.000Z,source_block_54,500000,0,hold80,694286,7247,1713,0,0,False,,,,,956.207889,-0.735268,1.124903,0.617685,1.848831,1.201203
45,500000,2372,4158,2026-09-10T01:23:31.900Z,120,2026-09-10T03:24:03.000Z,source_block_54,500000,600,recenter60,653601,431,0,0,0,True,inventory_cap,,Frozen mint minimum unavailable,exit@4165,955.006686,-1.936471,1.124903,0.090298,1.80968,0.0
45,550000,2374,4160,2026-09-10T01:26:08.875Z,30,2026-09-10T01:56:00.000Z,frozen_session6,1000000,0,guard60,653059,308,0,0,0,False,inventory_cap,,,exit@4165,955.888592,-0.203817,0.333297,0.158362,0.823251,0.0
45,550000,2374,4160,2026-09-10T01:26:08.875Z,30,2026-09-10T01:56:00.000Z,frozen_session6,1000000,0,exit_early,583232,62,0,0,0,True,early_inventory_exit,,,exit@4161,956.062007,-0.030402,0.333297,0.0601,0.613761,0.173415
45,550000,2374,4160,2026-09-10T01:26:08.875Z,30,2026-09-10T01:56:00.000Z,frozen_session6,1000000,0,recenter60,653059,308,0,0,0,True,inventory_cap,,Frozen mint minimum unavailable,exit@4165,955.888592,-0.203817,0.333297,0.158362,0.823251,0.0
45,550000,2374,4160,2026-09-10T01:26:08.875Z,30,2026-09-10T01:56:00.000Z,frozen_session6,1000000,0,trim25,583232,1841,1040,0,1,True,,,,trim@4161,955.518018,-0.574391,0.613155,0.291629,1.562858,-0.370574
45,550000,2374,4160,2026-09-10T01:26:08.875Z,30,2026-09-10T01:56:00.000Z,frozen_session6,1000000,0,hold80,693709,1841,1040,0,0,False,,,,,955.712809,-0.3796,0.333297,0.368665,1.64448,-0.175783
45,550000,2374,4160,2026-09-10T01:26:08.875Z,30,2026-09-10T01:56:00.000Z,frozen_session6,1000000,600,recenter60,653059,308,0,0,0,True,inventory_cap,,Frozen mint minimum unavailable,exit@4165,955.888592,-0.203817,0.333297,0.158362,0.823251,0.0
45,550000,2374,4160,2026-09-10T01:26:08.875Z,30,2026-09-10T01:56:00.000Z,frozen_session6,500000,0,guard60,653064,308,0,0,0,False,inventory_cap,,,exit@4165,955.809446,-0.282963,0.333297,0.079179,0.850069,0.0
45,550000,2374,4160,2026-09-10T01:26:08.875Z,30,2026-09-10T01:56:00.000Z,frozen_session6,500000,0,exit_early,583234,62,0,0,0,True,early_inventory_exit,,,exit@4161,956.031964,-0.060445,0.333297,0.030049,0.627062,0.222518
45,550000,2374,4160,2026-09-10T01:26:08.875Z,30,2026-09-10T01:56:00.000Z,frozen_session6,500000,0,recenter60,653064,308,0,0,0,True,inventory_cap,,Frozen mint minimum unavailable,exit@4165,955.809446,-0.282963,0.333297,0.079179,0.850069,0.0
45,550000,2374,4160,2026-09-10T01:26:08.875Z,30,2026-09-10T01:56:00.000Z,frozen_session6,500000,0,trim25,583234,1841,1040,0,1,True,,,,trim@4161,955.372293,-0.720116,0.613155,0.145811,1.620159,-0.437153
45,550000,2374,4160,2026-09-10T01:26:08.875Z,30,2026-09-10T01:56:00.000Z,frozen_session6,500000,0,hold80,693716,1841,1040,0,0,False,,,,,955.528591,-0.563818,0.333297,0.184328,1.680845,-0.280855
45,550000,2374,4160,2026-09-10T01:26:08.875Z,30,2026-09-10T01:56:00.000Z,frozen_session6,500000,600,recenter60,653064,308,0,0,0,True,inventory_cap,,Frozen mint minimum unavailable,exit@4165,955.809446,-0.282963,0.333297,0.079179,0.850069,0.0
45,550000,2374,4160,2026-09-10T01:26:08.875Z,30,2026-09-10T01:56:00.000Z,source_block_54,1000000,0,guard60,653600,308,0,0,0,False,inventory_cap,,,exit@4165,955.096986,-0.995423,1.124903,0.158362,1.614857,0.0
45,550000,2374,4160,2026-09-10T01:26:08.875Z,30,2026-09-10T01:56:00.000Z,source_block_54,1000000,0,exit_early,583715,62,0,0,0,True,early_inventory_exit,,,exit@4161,955.270401,-0.822008,1.124903,0.0601,1.405367,0.173415
45,550000,2374,4160,2026-09-10T01:26:08.875Z,30,2026-09-10T01:56:00.000Z,source_block_54,1000000,0,recenter60,653600,308,0,0,0,True,inventory_cap,,Frozen mint minimum unavailable,exit@4165,955.096986,-0.995423,1.124903,0.158362,1.614857,0.0
45,550000,2374,4160,2026-09-10T01:26:08.875Z,30,2026-09-10T01:56:00.000Z,source_block_54,1000000,0,trim25,583715,1841,1040,0,1,True,,,,trim@4161,954.028179,-2.06423,2.102994,0.291629,2.261091,-1.068807
45,550000,2374,4160,2026-09-10T01:26:08.875Z,30,2026-09-10T01:56:00.000Z,source_block_54,1000000,0,hold80,694283,1841,1040,0,0,False,,,,,954.921203,-1.171206,1.124903,0.368665,1.64448,-0.175783
45,550000,2374,4160,2026-09-10T01:26:08.875Z,30,2026-09-10T01:56:00.000Z,source_block_54,1000000,600,recenter60,653600,308,0,0,0,True,inventory_cap,,Frozen mint minimum unavailable,exit@4165,955.096986,-0.995423,1.124903,0.158362,1.614857,0.0
45,550000,2374,4160,2026-09-10T01:26:08.875Z,30,2026-09-10T01:56:00.000Z,source_block_54,500000,0,guard60,653605,308,0,0,0,False,inventory_cap,,,exit@4165,955.01784,-1.074569,1.124903,0.079179,1.641675,0.0
45,550000,2374,4160,2026-09-10T01:26:08.875Z,30,2026-09-10T01:56:00.000Z,source_block_54,500000,0,exit_early,583716,62,0,0,0,True,early_inventory_exit,,,exit@4161,955.240358,-0.852051,1.124903,0.030049,1.418668,0.222518
45,550000,2374,4160,2026-09-10T01:26:08.875Z,30,2026-09-10T01:56:00.000Z,source_block_54,500000,0,recenter60,653605,308,0,0,0,True,inventory_cap,,Frozen mint minimum unavailable,exit@4165,955.01784,-1.074569,1.124903,0.079179,1.641675,0.0
45,550000,2374,4160,2026-09-10T01:26:08.875Z,30,2026-09-10T01:56:00.000Z,source_block_54,500000,0,trim25,583716,1841,1040,0,1,True,,,,trim@4161,953.882454,-2.209955,2.102994,0.145811,2.318392,-1.135386
45,550000,2374,4160,2026-09-10T01:26:08.875Z,30,2026-09-10T01:56:00.000Z,source_block_54,500000,0,hold80,694289,1841,1040,0,0,False,,,,,954.736985,-1.355424,1.124903,0.184328,1.680845,-0.280855
45,550000,2374,4160,2026-09-10T01:26:08.875Z,30,2026-09-10T01:56:00.000Z,source_block_54,500000,600,recenter60,653605,308,0,0,0,True,inventory_cap,,Frozen mint minimum unavailable,exit@4165,955.01784,-1.074569,1.124903,0.079179,1.641675,0.0
45,550000,2374,4160,2026-09-10T01:26:08.875Z,120,2026-09-10T03:26:05.000Z,frozen_session6,1000000,0,guard60,653059,308,0,0,0,False,inventory_cap,,,exit@4165,955.888592,-1.079107,0.333297,0.158362,0.823251,0.0
45,550000,2374,4160,2026-09-10T01:26:08.875Z,120,2026-09-10T03:26:05.000Z,frozen_session6,1000000,0,exit_early,583232,62,0,0,0,True,early_inventory_exit,,,exit@4161,956.062007,-0.905692,0.333297,0.0601,0.613761,0.173415
45,550000,2374,4160,2026-09-10T01:26:08.875Z,120,2026-09-10T03:26:05.000Z,frozen_session6,1000000,0,recenter60,653059,308,0,0,0,True,inventory_cap,,Frozen mint minimum unavailable,exit@4165,955.888592,-1.079107,0.333297,0.158362,0.823251,0.0
45,550000,2374,4160,2026-09-10T01:26:08.875Z,120,2026-09-10T03:26:05.000Z,frozen_session6,1000000,0,trim25,583232,7246,1713,0,1,True,,,,trim@4161,956.943287,-0.024412,0.613155,0.933718,1.562858,1.054695
45,550000,2374,4160,2026-09-10T01:26:08.875Z,120,2026-09-10T03:26:05.000Z,frozen_session6,1000000,0,hold80,693709,7246,1713,0,0,False,,,,,957.606344,0.638645,0.333297,1.224501,1.64448,1.717752
45,550000,2374,4160,2026-09-10T01:26:08.875Z,120,2026-09-10T03:26:05.000Z,frozen_session6,1000000,600,recenter60,653059,308,0,0,0,True,inventory_cap,,Frozen mint minimum unavailable,exit@4165,955.888592,-1.079107,0.333297,0.158362,0.823251,0.0
45,550000,2374,4160,2026-09-10T01:26:08.875Z,120,2026-09-10T03:26:05.000Z,frozen_session6,500000,0,guard60,653064,308,0,0,0,False,inventory_cap,,,exit@4165,955.809446,-1.158253,0.333297,0.079179,0.850069,0.0
45,550000,2374,4160,2026-09-10T01:26:08.875Z,120,2026-09-10T03:26:05.000Z,frozen_session6,500000,0,exit_early,583234,62,0,0,0,True,early_inventory_exit,,,exit@4161,956.031964,-0.935735,0.333297,0.030049,0.627062,0.222518
45,550000,2374,4160,2026-09-10T01:26:08.875Z,120,2026-09-10T03:26:05.000Z,frozen_session6,500000,0,recenter60,653064,308,0,0,0,True,inventory_cap,,Frozen mint minimum unavailable,exit@4165,955.809446,-1.158253,0.333297,0.079179,0.850069,0.0
45,550000,2374,4160,2026-09-10T01:26:08.875Z,120,2026-09-10T03:26:05.000Z,frozen_session6,500000,0,trim25,583234,7246,1713,0,1,True,,,,trim@4161,956.476364,-0.491335,0.613155,0.466831,1.620159,0.666918
45,550000,2374,4160,2026-09-10T01:26:08.875Z,120,2026-09-10T03:26:05.000Z,frozen_session6,500000,0,hold80,693716,7246,1713,0,0,False,,,,,956.994015,0.026316,0.333297,0.612225,1.680845,1.184569
45,550000,2374,4160,2026-09-10T01:26:08.875Z,120,2026-09-10T03:26:05.000Z,frozen_session6,500000,600,recenter60,653064,308,0,0,0,True,inventory_cap,,Frozen mint minimum unavailable,exit@4165,955.809446,-1.158253,0.333297,0.079179,0.850069,0.0
45,550000,2374,4160,2026-09-10T01:26:08.875Z,120,2026-09-10T03:26:05.000Z,source_block_54,1000000,0,guard60,653600,308,0,0,0,False,inventory_cap,,,exit@4165,955.096986,-1.870713,1.124903,0.158362,1.614857,0.0
45,550000,2374,4160,2026-09-10T01:26:08.875Z,120,2026-09-10T03:26:05.000Z,source_block_54,1000000,0,exit_early,583715,62,0,0,0,True,early_inventory_exit,,,exit@4161,955.270401,-1.697298,1.124903,0.0601,1.405367,0.173415
45,550000,2374,4160,2026-09-10T01:26:08.875Z,120,2026-09-10T03:26:05.000Z,source_block_54,1000000,0,recenter60,653600,308,0,0,0,True,inventory_cap,,Frozen mint minimum unavailable,exit@4165,955.096986,-1.870713,1.124903,0.158362,1.614857,0.0
45,550000,2374,4160,2026-09-10T01:26:08.875Z,120,2026-09-10T03:26:05.000Z,source_block_54,1000000,0,trim25,583715,7246,1713,0,1,True,,,,trim@4161,955.453448,-1.514251,2.102994,0.933718,2.261091,0.356462
45,550000,2374,4160,2026-09-10T01:26:08.875Z,120,2026-09-10T03:26:05.000Z,source_block_54,1000000,0,hold80,694283,7246,1713,0,0,False,,,,,956.814738,-0.152961,1.124903,1.224501,1.64448,1.717752
45,550000,2374,4160,2026-09-10T01:26:08.875Z,120,2026-09-10T03:26:05.000Z,source_block_54,1000000,600,recenter60,653600,308,0,0,0,True,inventory_cap,,Frozen mint minimum unavailable,exit@4165,955.096986,-1.870713,1.124903,0.158362,1.614857,0.0
45,550000,2374,4160,2026-09-10T01:26:08.875Z,120,2026-09-10T03:26:05.000Z,source_block_54,500000,0,guard60,653605,308,0,0,0,False,inventory_cap,,,exit@4165,955.01784,-1.949859,1.124903,0.079179,1.641675,0.0
45,550000,2374,4160,2026-09-10T01:26:08.875Z,120,2026-09-10T03:26:05.000Z,source_block_54,500000,0,exit_early,583716,62,0,0,0,True,early_inventory_exit,,,exit@4161,955.240358,-1.727341,1.124903,0.030049,1.418668,0.222518
45,550000,2374,4160,2026-09-10T01:26:08.875Z,120,2026-09-10T03:26:05.000Z,source_block_54,500000,0,recenter60,653605,308,0,0,0,True,inventory_cap,,Frozen mint minimum unavailable,exit@4165,955.01784,-1.949859,1.124903,0.079179,1.641675,0.0
45,550000,2374,4160,2026-09-10T01:26:08.875Z,120,2026-09-10T03:26:05.000Z,source_block_54,500000,0,trim25,583716,7246,1713,0,1,True,,,,trim@4161,954.986525,-1.981174,2.102994,0.466831,2.318392,-0.031315
45,550000,2374,4160,2026-09-10T01:26:08.875Z,120,2026-09-10T03:26:05.000Z,source_block_54,500000,0,hold80,694289,7246,1713,0,0,False,,,,,956.202409,-0.76529,1.124903,0.612225,1.680845,1.184569
45,550000,2374,4160,2026-09-10T01:26:08.875Z,120,2026-09-10T03:26:05.000Z,source_block_54,500000,600,recenter60,653605,308,0,0,0,True,inventory_cap,,Frozen mint minimum unavailable,exit@4165,955.01784,-1.949859,1.124903,0.079179,1.641675,0.0
48,500000,2656,4443,2026-09-10T06:17:46.965Z,30,2026-09-10T06:47:59.000Z,frozen_session6,1000000,0,guard60,775187,243,0,0,0,False,inventory_cap,,,exit@4447,953.881211,-0.997042,0.333297,0.099113,1.427112,0.0
48,500000,2656,4443,2026-09-10T06:17:46.965Z,30,2026-09-10T06:47:59.000Z,frozen_session6,1000000,0,exit_early,560834,60,0,0,0,True,early_inventory_exit,,,exit@4444,954.590231,-0.288022,0.333297,0.018873,0.718092,0.70902
48,500000,2656,4443,2026-09-10T06:17:46.965Z,30,2026-09-10T06:47:59.000Z,frozen_session6,1000000,0,recenter60,775187,243,0,0,0,True,inventory_cap,,Frozen mint minimum unavailable,exit@4447,953.881211,-0.997042,0.333297,0.099113,1.427112,0.0
48,500000,2656,4443,2026-09-10T06:17:46.965Z,30,2026-09-10T06:47:59.000Z,frozen_session6,1000000,0,trim25,602231,366,0,0,1,True,inventory_cap,,,trim@4444; exit@4449,953.763829,-1.114424,0.613155,0.090177,1.544494,-0.117382
48,500000,2656,4443,2026-09-10T06:17:46.965Z,30,2026-09-10T06:47:59.000Z,frozen_session6,1000000,0,hold80,796827,1841,675,0,0,False,,,,,954.339379,-0.538874,0.333297,0.197736,0.967905,0.458168
48,500000,2656,4443,2026-09-10T06:17:46.965Z,30,2026-09-10T06:47:59.000Z,frozen_session6,1000000,600,recenter60,775187,243,0,0,0,True,inventory_cap,,Frozen mint minimum unavailable,exit@4447,953.881211,-0.997042,0.333297,0.099113,1.427112,0.0
48,500000,2656,4443,2026-09-10T06:17:46.965Z,30,2026-09-10T06:47:59.000Z,frozen_session6,500000,0,guard60,775176,243,0,0,0,False,inventory_cap,,,exit@4447,953.831693,-1.04656,0.333297,0.049556,1.47663,0.0
48,500000,2656,4443,2026-09-10T06:17:46.965Z,30,2026-09-10T06:47:59.000Z,frozen_session6,500000,0,exit_early,560830,60,0,0,0,True,early_inventory_exit,,,exit@4444,954.580799,-0.297454,0.333297,0.009436,0.727524,0.749106
48,500000,2656,4443,2026-09-10T06:17:46.965Z,30,2026-09-10T06:47:59.000Z,frozen_session6,500000,0,recenter60,775176,243,0,0,0,True,inventory_cap,,Frozen mint minimum unavailable,exit@4447,953.831693,-1.04656,0.333297,0.049556,1.47663,0.0
48,500000,2656,4443,2026-09-10T06:17:46.965Z,30,2026-09-10T06:47:59.000Z,frozen_session6,500000,0,trim25,602214,366,0,0,1,True,inventory_cap,,,trim@4444; exit@4449,953.718774,-1.159479,0.613155,0.045087,1.589549,-0.112919
48,500000,2656,4443,2026-09-10T06:17:46.965Z,30,2026-09-10T06:47:59.000Z,frozen_session6,500000,0,hold80,796818,1841,675,0,0,False,,,,,954.240525,-0.637728,0.333297,0.098864,1.027975,0.408832
48,500000,2656,4443,2026-09-10T06:17:46.965Z,30,2026-09-10T06:47:59.000Z,frozen_session6,500000,600,recenter60,775176,243,0,0,0,True,inventory_cap,,Frozen mint minimum unavailable,exit@4447,953.831693,-1.04656,0.333297,0.049556,1.47663,0.0
48,500000,2656,4443,2026-09-10T06:17:46.965Z,30,2026-09-10T06:47:59.000Z,source_block_54,1000000,0,guard60,775829,243,0,0,0,False,inventory_cap,,,exit@4447,953.089605,-1.788648,1.124903,0.099113,2.218718,0.0
48,500000,2656,4443,2026-09-10T06:17:46.965Z,30,2026-09-10T06:47:59.000Z,source_block_54,1000000,0,exit_early,561299,60,0,0,0,True,early_inventory_exit,,,exit@4444,953.798625,-1.079628,1.124903,0.018873,1.509698,0.70902
48,500000,2656,4443,2026-09-10T06:17:46.965Z,30,2026-09-10T06:47:59.000Z,source_block_54,1000000,0,recenter60,775829,243,0,0,0,True,inventory_cap,,Frozen mint minimum unavailable,exit@4447,953.089605,-1.788648,1.124903,0.099113,2.218718,0.0
48,500000,2656,4443,2026-09-10T06:17:46.965Z,30,2026-09-10T06:47:59.000Z,source_block_54,1000000,0,trim25,603171,366,0,0,1,True,inventory_cap,,,trim@4444; exit@4449,952.27399,-2.604263,2.102994,0.090177,3.034333,-0.815615
48,500000,2656,4443,2026-09-10T06:17:46.965Z,30,2026-09-10T06:47:59.000Z,source_block_54,1000000,0,hold80,797487,1841,675,0,0,False,,,,,953.547773,-1.33048,1.124903,0.197736,0.967905,0.458168
48,500000,2656,4443,2026-09-10T06:17:46.965Z,30,2026-09-10T06:47:59.000Z,source_block_54,1000000,600,recenter60,775829,243,0,0,0,True,inventory_cap,,Frozen mint minimum unavailable,exit@4447,953.089605,-1.788648,1.124903,0.099113,2.218718,0.0
48,500000,2656,4443,2026-09-10T06:17:46.965Z,30,2026-09-10T06:47:59.000Z,source_block_54,500000,0,guard60,775818,243,0,0,0,False,inventory_cap,,,exit@4447,953.040087,-1.838166,1.124903,0.049556,2.268236,0.0
48,500000,2656,4443,2026-09-10T06:17:46.965Z,30,2026-09-10T06:47:59.000Z,source_block_54,500000,0,exit_early,561295,60,0,0,0,True,early_inventory_exit,,,exit@4444,953.789193,-1.08906,1.124903,0.009436,1.51913,0.749106
48,500000,2656,4443,2026-09-10T06:17:46.965Z,30,2026-09-10T06:47:59.000Z,source_block_54,500000,0,recenter60,775818,243,0,0,0,True,inventory_cap,,Frozen mint minimum unavailable,exit@4447,953.040087,-1.838166,1.124903,0.049556,2.268236,0.0
48,500000,2656,4443,2026-09-10T06:17:46.965Z,30,2026-09-10T06:47:59.000Z,source_block_54,500000,0,trim25,603155,366,0,0,1,True,inventory_cap,,,trim@4444; exit@4449,952.228935,-2.649318,2.102994,0.045087,3.079388,-0.811152
48,500000,2656,4443,2026-09-10T06:17:46.965Z,30,2026-09-10T06:47:59.000Z,source_block_54,500000,0,hold80,797479,1841,675,0,0,False,,,,,953.448919,-1.429334,1.124903,0.098864,1.027975,0.408832
48,500000,2656,4443,2026-09-10T06:17:46.965Z,30,2026-09-10T06:47:59.000Z,source_block_54,500000,600,recenter60,775818,243,0,0,0,True,inventory_cap,,Frozen mint minimum unavailable,exit@4447,953.040087,-1.838166,1.124903,0.049556,2.268236,0.0
48,500000,2656,4443,2026-09-10T06:17:46.965Z,120,2026-09-10T08:18:06.000Z,frozen_session6,1000000,0,guard60,775187,243,0,0,0,False,inventory_cap,,,exit@4447,953.881211,-0.809541,0.333297,0.099113,1.427112,0.0
48,500000,2656,4443,2026-09-10T06:17:46.965Z,120,2026-09-10T08:18:06.000Z,frozen_session6,1000000,0,exit_early,560834,60,0,0,0,True,early_inventory_exit,,,exit@4444,954.590231,-0.100521,0.333297,0.018873,0.718092,0.70902
48,500000,2656,4443,2026-09-10T06:17:46.965Z,120,2026-09-10T08:18:06.000Z,frozen_session6,1000000,0,recenter60,775187,243,0,0,0,True,inventory_cap,,Frozen mint minimum unavailable,exit@4447,953.881211,-0.809541,0.333297,0.099113,1.427112,0.0
48,500000,2656,4443,2026-09-10T06:17:46.965Z,120,2026-09-10T08:18:06.000Z,frozen_session6,1000000,0,trim25,602231,366,0,0,1,True,inventory_cap,,,trim@4444; exit@4449,953.763829,-0.926923,0.613155,0.090177,1.544494,-0.117382
48,500000,2656,4443,2026-09-10T06:17:46.965Z,120,2026-09-10T08:18:06.000Z,frozen_session6,1000000,0,hold80,796827,2519,675,0,0,False,historical_guard,,,exit@4482,954.751477,0.060725,0.333297,0.242417,0.967905,0.870266
48,500000,2656,4443,2026-09-10T06:17:46.965Z,120,2026-09-10T08:18:06.000Z,frozen_session6,1000000,600,recenter60,775187,243,0,0,0,True,inventory_cap,,Frozen mint minimum unavailable,exit@4447,953.881211,-0.809541,0.333297,0.099113,1.427112,0.0
48,500000,2656,4443,2026-09-10T06:17:46.965Z,120,2026-09-10T08:18:06.000Z,frozen_session6,500000,0,guard60,775176,243,0,0,0,False,inventory_cap,,,exit@4447,953.831693,-0.859059,0.333297,0.049556,1.47663,0.0
48,500000,2656,4443,2026-09-10T06:17:46.965Z,120,2026-09-10T08:18:06.000Z,frozen_session6,500000,0,exit_early,560830,60,0,0,0,True,early_inventory_exit,,,exit@4444,954.580799,-0.109953,0.333297,0.009436,0.727524,0.749106
48,500000,2656,4443,2026-09-10T06:17:46.965Z,120,2026-09-10T08:18:06.000Z,frozen_session6,500000,0,recenter60,775176,243,0,0,0,True,inventory_cap,,Frozen mint minimum unavailable,exit@4447,953.831693,-0.859059,0.333297,0.049556,1.47663,0.0
48,500000,2656,4443,2026-09-10T06:17:46.965Z,120,2026-09-10T08:18:06.000Z,frozen_session6,500000,0,trim25,602214,366,0,0,1,True,inventory_cap,,,trim@4444; exit@4449,953.718774,-0.971978,0.613155,0.045087,1.589549,-0.112919
48,500000,2656,4443,2026-09-10T06:17:46.965Z,120,2026-09-10T08:18:06.000Z,frozen_session6,500000,0,hold80,796818,2519,675,0,0,False,historical_guard,,,exit@4482,954.630247,-0.060505,0.333297,0.121203,1.027975,0.798554
48,500000,2656,4443,2026-09-10T06:17:46.965Z,120,2026-09-10T08:18:06.000Z,frozen_session6,500000,600,recenter60,775176,243,0,0,0,True,inventory_cap,,Frozen mint minimum unavailable,exit@4447,953.831693,-0.859059,0.333297,0.049556,1.47663,0.0
48,500000,2656,4443,2026-09-10T06:17:46.965Z,120,2026-09-10T08:18:06.000Z,source_block_54,1000000,0,guard60,775829,243,0,0,0,False,inventory_cap,,,exit@4447,953.089605,-1.601147,1.124903,0.099113,2.218718,0.0
48,500000,2656,4443,2026-09-10T06:17:46.965Z,120,2026-09-10T08:18:06.000Z,source_block_54,1000000,0,exit_early,561299,60,0,0,0,True,early_inventory_exit,,,exit@4444,953.798625,-0.892127,1.124903,0.018873,1.509698,0.70902
48,500000,2656,4443,2026-09-10T06:17:46.965Z,120,2026-09-10T08:18:06.000Z,source_block_54,1000000,0,recenter60,775829,243,0,0,0,True,inventory_cap,,Frozen mint minimum unavailable,exit@4447,953.089605,-1.601147,1.124903,0.099113,2.218718,0.0
48,500000,2656,4443,2026-09-10T06:17:46.965Z,120,2026-09-10T08:18:06.000Z,source_block_54,1000000,0,trim25,603171,366,0,0,1,True,inventory_cap,,,trim@4444; exit@4449,952.27399,-2.416762,2.102994,0.090177,3.034333,-0.815615
48,500000,2656,4443,2026-09-10T06:17:46.965Z,120,2026-09-10T08:18:06.000Z,source_block_54,1000000,0,hold80,797487,2519,675,0,0,False,historical_guard,,,exit@4482,953.959871,-0.730881,1.124903,0.242417,1.403012,0.870266
48,500000,2656,4443,2026-09-10T06:17:46.965Z,120,2026-09-10T08:18:06.000Z,source_block_54,1000000,600,recenter60,775829,243,0,0,0,True,inventory_cap,,Frozen mint minimum unavailable,exit@4447,953.089605,-1.601147,1.124903,0.099113,2.218718,0.0
48,500000,2656,4443,2026-09-10T06:17:46.965Z,120,2026-09-10T08:18:06.000Z,source_block_54,500000,0,guard60,775818,243,0,0,0,False,inventory_cap,,,exit@4447,953.040087,-1.650665,1.124903,0.049556,2.268236,0.0
48,500000,2656,4443,2026-09-10T06:17:46.965Z,120,2026-09-10T08:18:06.000Z,source_block_54,500000,0,exit_early,561295,60,0,0,0,True,early_inventory_exit,,,exit@4444,953.789193,-0.901559,1.124903,0.009436,1.51913,0.749106
48,500000,2656,4443,2026-09-10T06:17:46.965Z,120,2026-09-10T08:18:06.000Z,source_block_54,500000,0,recenter60,775818,243,0,0,0,True,inventory_cap,,Frozen mint minimum unavailable,exit@4447,953.040087,-1.650665,1.124903,0.049556,2.268236,0.0
48,500000,2656,4443,2026-09-10T06:17:46.965Z,120,2026-09-10T08:18:06.000Z,source_block_54,500000,0,trim25,603155,366,0,0,1,True,inventory_cap,,,trim@4444; exit@4449,952.228935,-2.461817,2.102994,0.045087,3.079388,-0.811152
48,500000,2656,4443,2026-09-10T06:17:46.965Z,120,2026-09-10T08:18:06.000Z,source_block_54,500000,0,hold80,797479,2519,675,0,0,False,historical_guard,,,exit@4482,953.838641,-0.852111,1.124903,0.121203,1.469682,0.798554
48,500000,2656,4443,2026-09-10T06:17:46.965Z,120,2026-09-10T08:18:06.000Z,source_block_54,500000,600,recenter60,775818,243,0,0,0,True,inventory_cap,,Frozen mint minimum unavailable,exit@4447,953.040087,-1.650665,1.124903,0.049556,2.268236,0.0
48,550000,2657,4444,2026-09-10T06:18:50.902Z,30,2026-09-10T06:49:01.000Z,frozen_session6,1000000,0,guard60,775187,183,0,0,0,False,inventory_cap,,,exit@4447,953.881236,-1.031675,0.333297,0.08024,1.310966,0.0
48,550000,2657,4444,2026-09-10T06:18:50.902Z,30,2026-09-10T06:49:01.000Z,frozen_session6,1000000,0,exit_early,582814,61,0,0,0,True,early_inventory_exit,,,exit@4445,954.527379,-0.385532,0.333297,0.007871,0.664823,0.646143
48,550000,2657,4444,2026-09-10T06:18:50.902Z,30,2026-09-10T06:49:01.000Z,frozen_session6,1000000,0,recenter60,775187,183,0,0,0,True,inventory_cap,,Frozen mint minimum unavailable,exit@4447,953.881236,-1.031675,0.333297,0.08024,1.310966,0.0
48,550000,2657,4444,2026-09-10T06:18:50.902Z,30,2026-09-10T06:49:01.000Z,frozen_session6,1000000,0,trim25,603443,429,61,0,1,True,inventory_cap,,,trim@4445; exit@4451,953.699398,-1.213513,0.613155,0.077996,1.492804,-0.181838
48,550000,2657,4444,2026-09-10T06:18:50.902Z,30,2026-09-10T06:49:01.000Z,frozen_session6,1000000,0,hold80,796827,1843,675,0,0,False,,,,,954.420914,-0.491997,0.333297,0.186024,0.851759,0.539678
48,550000,2657,4444,2026-09-10T06:18:50.902Z,30,2026-09-10T06:49:01.000Z,frozen_session6,1000000,600,recenter60,775187,183,0,0,0,True,inventory_cap,,Frozen mint minimum unavailable,exit@4447,953.881236,-1.031675,0.333297,0.08024,1.310966,0.0
48,550000,2657,4444,2026-09-10T06:18:50.902Z,30,2026-09-10T06:49:01.000Z,frozen_session6,500000,0,guard60,775178,183,0,0,0,False,inventory_cap,,,exit@4447,953.84114,-1.071771,0.333297,0.040119,1.351062,0.0
48,550000,2657,4444,2026-09-10T06:18:50.902Z,30,2026-09-10T06:49:01.000Z,frozen_session6,500000,0,exit_early,582812,61,0,0,0,True,early_inventory_exit,,,exit@4445,954.523446,-0.389465,0.333297,0.003935,0.668756,0.682306
48,550000,2657,4444,2026-09-10T06:18:50.902Z,30,2026-09-10T06:49:01.000Z,frozen_session6,500000,0,recenter60,775178,183,0,0,0,True,inventory_cap,,Frozen mint minimum unavailable,exit@4447,953.84114,-1.071771,0.333297,0.040119,1.351062,0.0
48,550000,2657,4444,2026-09-10T06:18:50.902Z,30,2026-09-10T06:49:01.000Z,frozen_session6,500000,0,trim25,603430,429,61,0,1,True,inventory_cap,,,trim@4445; exit@4451,953.660425,-1.252486,0.613155,0.038996,1.531777,-0.180715
48,550000,2657,4444,2026-09-10T06:18:50.902Z,30,2026-09-10T06:49:01.000Z,frozen_session6,500000,0,hold80,796820,1843,675,0,0,False,,,,,954.3279,-0.585011,0.333297,0.093008,0.902406,0.48676
48,550000,2657,4444,2026-09-10T06:18:50.902Z,30,2026-09-10T06:49:01.000Z,frozen_session6,500000,600,recenter60,775178,183,0,0,0,True,inventory_cap,,Frozen mint minimum unavailable,exit@4447,953.84114,-1.071771,0.333297,0.040119,1.351062,0.0
48,550000,2657,4444,2026-09-10T06:18:50.902Z,30,2026-09-10T06:49:01.000Z,source_block_54,1000000,0,guard60,775829,183,0,0,0,False,inventory_cap,,,exit@4447,953.08963,-1.823281,1.124903,0.08024,2.102572,0.0
48,550000,2657,4444,2026-09-10T06:18:50.902Z,30,2026-09-10T06:49:01.000Z,source_block_54,1000000,0,exit_early,583297,61,0,0,0,True,early_inventory_exit,,,exit@4445,953.735773,-1.177138,1.124903,0.007871,1.456429,0.646143
48,550000,2657,4444,2026-09-10T06:18:50.902Z,30,2026-09-10T06:49:01.000Z,source_block_54,1000000,0,recenter60,775829,183,0,0,0,True,inventory_cap,,Frozen mint minimum unavailable,exit@4447,953.08963,-1.823281,1.124903,0.08024,2.102572,0.0
48,550000,2657,4444,2026-09-10T06:18:50.902Z,30,2026-09-10T06:49:01.000Z,source_block_54,1000000,0,trim25,604385,429,61,0,1,True,inventory_cap,,,trim@4445; exit@4451,952.209559,-2.703352,2.102994,0.077996,2.982643,-0.880071
48,550000,2657,4444,2026-09-10T06:18:50.902Z,30,2026-09-10T06:49:01.000Z,source_block_54,1000000,0,hold80,797487,1843,675,0,0,False,,,,,953.629308,-1.283603,1.124903,0.186024,0.851759,0.539678
48,550000,2657,4444,2026-09-10T06:18:50.902Z,30,2026-09-10T06:49:01.000Z,source_block_54,1000000,600,recenter60,775829,183,0,0,0,True,inventory_cap,,Frozen mint minimum unavailable,exit@4447,953.08963,-1.823281,1.124903,0.08024,2.102572,0.0
48,550000,2657,4444,2026-09-10T06:18:50.902Z,30,2026-09-10T06:49:01.000Z,source_block_54,500000,0,guard60,775821,183,0,0,0,False,inventory_cap,,,exit@4447,953.049534,-1.863377,1.124903,0.040119,2.142668,0.0
48,550000,2657,4444,2026-09-10T06:18:50.902Z,30,2026-09-10T06:49:01.000Z,source_block_54,500000,0,exit_early,583295,61,0,0,0,True,early_inventory_exit,,,exit@4445,953.73184,-1.181071,1.124903,0.003935,1.460362,0.682306
48,550000,2657,4444,2026-09-10T06:18:50.902Z,30,2026-09-10T06:49:01.000Z,source_block_54,500000,0,recenter60,775821,183,0,0,0,True,inventory_cap,,Frozen mint minimum unavailable,exit@4447,953.049534,-1.863377,1.124903,0.040119,2.142668,0.0
48,550000,2657,4444,2026-09-10T06:18:50.902Z,30,2026-09-10T06:49:01.000Z,source_block_54,500000,0,trim25,604372,429,61,0,1,True,inventory_cap,,,trim@4445; exit@4451,952.170586,-2.742325,2.102994,0.038996,3.021616,-0.878948
48,550000,2657,4444,2026-09-10T06:18:50.902Z,30,2026-09-10T06:49:01.000Z,source_block_54,500000,0,hold80,797481,1843,675,0,0,False,,,,,953.536294,-1.376617,1.124903,0.093008,0.902406,0.48676
48,550000,2657,4444,2026-09-10T06:18:50.902Z,30,2026-09-10T06:49:01.000Z,source_block_54,500000,600,recenter60,775821,183,0,0,0,True,inventory_cap,,Frozen mint minimum unavailable,exit@4447,953.049534,-1.863377,1.124903,0.040119,2.142668,0.0
48,550000,2657,4444,2026-09-10T06:18:50.902Z,120,2026-09-10T08:19:08.000Z,frozen_session6,1000000,0,guard60,775187,183,0,0,0,False,inventory_cap,,,exit@4447,953.881236,-0.759558,0.333297,0.08024,1.310966,0.0
48,550000,2657,4444,2026-09-10T06:18:50.902Z,120,2026-09-10T08:19:08.000Z,frozen_session6,1000000,0,exit_early,582814,61,0,0,0,True,early_inventory_exit,,,exit@4445,954.527379,-0.113415,0.333297,0.007871,0.664823,0.646143
48,550000,2657,4444,2026-09-10T06:18:50.902Z,120,2026-09-10T08:19:08.000Z,frozen_session6,1000000,0,recenter60,775187,183,0,0,0,True,inventory_cap,,Frozen mint minimum unavailable,exit@4447,953.881236,-0.759558,0.333297,0.08024,1.310966,0.0
48,550000,2657,4444,2026-09-10T06:18:50.902Z,120,2026-09-10T08:19:08.000Z,frozen_session6,1000000,0,trim25,603443,429,61,0,1,True,inventory_cap,,,trim@4445; exit@4451,953.699398,-0.941396,0.613155,0.077996,1.492804,-0.181838
48,550000,2657,4444,2026-09-10T06:18:50.902Z,120,2026-09-10T08:19:08.000Z,frozen_session6,1000000,0,hold80,796827,2459,675,0,0,False,historical_guard,,,exit@4482,954.751501,0.110707,0.333297,0.223543,0.851759,0.870265
48,550000,2657,4444,2026-09-10T06:18:50.902Z,120,2026-09-10T08:19:08.000Z,frozen_session6,1000000,600,recenter60,775187,183,0,0,0,True,inventory_cap,,Frozen mint minimum unavailable,exit@4447,953.881236,-0.759558,0.333297,0.08024,1.310966,0.0
48,550000,2657,4444,2026-09-10T06:18:50.902Z,120,2026-09-10T08:19:08.000Z,frozen_session6,500000,0,guard60,775178,183,0,0,0,False,inventory_cap,,,exit@4447,953.84114,-0.799654,0.333297,0.040119,1.351062,0.0
48,550000,2657,4444,2026-09-10T06:18:50.902Z,120,2026-09-10T08:19:08.000Z,frozen_session6,500000,0,exit_early,582812,61,0,0,0,True,early_inventory_exit,,,exit@4445,954.523446,-0.117348,0.333297,0.003935,0.668756,0.682306
48,550000,2657,4444,2026-09-10T06:18:50.902Z,120,2026-09-10T08:19:08.000Z,frozen_session6,500000,0,recenter60,775178,183,0,0,0,True,inventory_cap,,Frozen mint minimum unavailable,exit@4447,953.84114,-0.799654,0.333297,0.040119,1.351062,0.0
48,550000,2657,4444,2026-09-10T06:18:50.902Z,120,2026-09-10T08:19:08.000Z,frozen_session6,500000,0,trim25,603430,429,61,0,1,True,inventory_cap,,,trim@4445; exit@4451,953.660425,-0.980369,0.613155,0.038996,1.531777,-0.180715
48,550000,2657,4444,2026-09-10T06:18:50.902Z,120,2026-09-10T08:19:08.000Z,frozen_session6,500000,0,hold80,796820,2459,675,0,0,False,historical_guard,,,exit@4482,954.639703,-0.001091,0.333297,0.111766,0.902406,0.798563
48,550000,2657,4444,2026-09-10T06:18:50.902Z,120,2026-09-10T08:19:08.000Z,frozen_session6,500000,600,recenter60,775178,183,0,0,0,True,inventory_cap,,Frozen mint minimum unavailable,exit@4447,953.84114,-0.799654,0.333297,0.040119,1.351062,0.0
48,550000,2657,4444,2026-09-10T06:18:50.902Z,120,2026-09-10T08:19:08.000Z,source_block_54,1000000,0,guard60,775829,183,0,0,0,False,inventory_cap,,,exit@4447,953.08963,-1.551164,1.124903,0.08024,2.102572,0.0
48,550000,2657,4444,2026-09-10T06:18:50.902Z,120,2026-09-10T08:19:08.000Z,source_block_54,1000000,0,exit_early,583297,61,0,0,0,True,early_inventory_exit,,,exit@4445,953.735773,-0.905021,1.124903,0.007871,1.456429,0.646143
48,550000,2657,4444,2026-09-10T06:18:50.902Z,120,2026-09-10T08:19:08.000Z,source_block_54,1000000,0,recenter60,775829,183,0,0,0,True,inventory_cap,,Frozen mint minimum unavailable,exit@4447,953.08963,-1.551164,1.124903,0.08024,2.102572,0.0
48,550000,2657,4444,2026-09-10T06:18:50.902Z,120,2026-09-10T08:19:08.000Z,source_block_54,1000000,0,trim25,604385,429,61,0,1,True,inventory_cap,,,trim@4445; exit@4451,952.209559,-2.431235,2.102994,0.077996,2.982643,-0.880071
48,550000,2657,4444,2026-09-10T06:18:50.902Z,120,2026-09-10T08:19:08.000Z,source_block_54,1000000,0,hold80,797487,2459,675,0,0,False,historical_guard,,,exit@4482,953.959895,-0.680899,1.124903,0.223543,1.403013,0.870265
48,550000,2657,4444,2026-09-10T06:18:50.902Z,120,2026-09-10T08:19:08.000Z,source_block_54,1000000,600,recenter60,775829,183,0,0,0,True,inventory_cap,,Frozen mint minimum unavailable,exit@4447,953.08963,-1.551164,1.124903,0.08024,2.102572,0.0
48,550000,2657,4444,2026-09-10T06:18:50.902Z,120,2026-09-10T08:19:08.000Z,source_block_54,500000,0,guard60,775821,183,0,0,0,False,inventory_cap,,,exit@4447,953.049534,-1.59126,1.124903,0.040119,2.142668,0.0
48,550000,2657,4444,2026-09-10T06:18:50.902Z,120,2026-09-10T08:19:08.000Z,source_block_54,500000,0,exit_early,583295,61,0,0,0,True,early_inventory_exit,,,exit@4445,953.73184,-0.908954,1.124903,0.003935,1.460362,0.682306
48,550000,2657,4444,2026-09-10T06:18:50.902Z,120,2026-09-10T08:19:08.000Z,source_block_54,500000,0,recenter60,775821,183,0,0,0,True,inventory_cap,,Frozen mint minimum unavailable,exit@4447,953.049534,-1.59126,1.124903,0.040119,2.142668,0.0
48,550000,2657,4444,2026-09-10T06:18:50.902Z,120,2026-09-10T08:19:08.000Z,source_block_54,500000,0,trim25,604372,429,61,0,1,True,inventory_cap,,,trim@4445; exit@4451,952.170586,-2.470208,2.102994,0.038996,3.021616,-0.878948
48,550000,2657,4444,2026-09-10T06:18:50.902Z,120,2026-09-10T08:19:08.000Z,source_block_54,500000,0,hold80,797481,2459,675,0,0,False,historical_guard,,,exit@4482,953.848097,-0.792697,1.124903,0.111766,1.402983,0.798563
48,550000,2657,4444,2026-09-10T06:18:50.902Z,120,2026-09-10T08:19:08.000Z,source_block_54,500000,600,recenter60,775821,183,0,0,0,True,inventory_cap,,Frozen mint minimum unavailable,exit@4447,953.049534,-1.59126,1.124903,0.040119,2.142668,0.0
50,500000,2724,4513,2026-09-10T07:31:22.960Z,30,2026-09-10T08:01:46.000Z,frozen_session6,1000000,0,guard60,659174,184,0,0,0,False,inventory_cap,,,exit@4516,952.090421,-0.661123,0.333297,0.078405,0.907824,0.0
50,500000,2724,4513,2026-09-10T07:31:22.960Z,30,2026-09-10T08:01:46.000Z,frozen_session6,1000000,0,exit_early,516663,61,0,0,0,True,early_inventory_exit,,,exit@4514,952.41805,-0.333494,0.333297,0.000818,0.580195,0.327629
50,500000,2724,4513,2026-09-10T07:31:22.960Z,30,2026-09-10T08:01:46.000Z,frozen_session6,1000000,0,recenter60,536538,1044,0,1,0,True,historical_guard,,,recenter@4514; exit@4530,952.182859,-0.568685,0.970376,0.259637,1.06017,0.092438
50,500000,2724,4513,2026-09-10T07:31:22.960Z,30,2026-09-10T08:01:46.000Z,frozen_session6,1000000,0,trim25,549338,1044,0,0,1,True,historical_guard,,,trim@4514; exit@4530,952.493781,-0.257763,0.613155,0.193913,0.740522,0.40336
50,500000,2724,4513,2026-09-10T07:31:22.960Z,30,2026-09-10T08:01:46.000Z,frozen_session6,1000000,0,hold80,731895,1044,0,0,0,False,historical_guard,,,exit@4530,952.891628,0.140084,0.333297,0.258176,0.542776,0.801207
50,500000,2724,4513,2026-09-10T07:31:22.960Z,30,2026-09-10T08:01:46.000Z,frozen_session6,1000000,600,recenter60,536538,1044,0,1,0,True,historical_guard,,,recenter@4514; exit@4530,952.182859,-0.568685,0.970376,0.259637,1.06017,0.092438
50,500000,2724,4513,2026-09-10T07:31:22.960Z,30,2026-09-10T08:01:46.000Z,frozen_session6,500000,0,guard60,659167,184,0,0,0,False,inventory_cap,,,exit@4516,952.05123,-0.700314,0.333297,0.039201,0.946691,0.0
50,500000,2724,4513,2026-09-10T07:31:22.960Z,30,2026-09-10T08:01:46.000Z,frozen_session6,500000,0,exit_early,516663,61,0,0,0,True,early_inventory_exit,,,exit@4514,952.417641,-0.333903,0.333297,0.000408,0.58028,0.366411
50,500000,2724,4513,2026-09-10T07:31:22.960Z,30,2026-09-10T08:01:46.000Z,frozen_session6,500000,0,recenter60,536520,1044,0,1,0,True,historical_guard,,,recenter@4514; exit@4530,952.053002,-0.698542,0.970376,0.129816,1.115718,0.001772
50,500000,2724,4513,2026-09-10T07:31:22.960Z,30,2026-09-10T08:01:46.000Z,frozen_session6,500000,0,trim25,549325,1044,0,0,1,True,historical_guard,,,trim@4514; exit@4530,952.396795,-0.354749,0.613155,0.096951,0.781987,0.345565
50,500000,2724,4513,2026-09-10T07:31:22.960Z,30,2026-09-10T08:01:46.000Z,frozen_session6,500000,0,hold80,731888,1044,0,0,0,False,historical_guard,,,exit@4530,952.762504,0.01096,0.333297,0.129082,0.58746,0.711274
50,500000,2724,4513,2026-09-10T07:31:22.960Z,30,2026-09-10T08:01:46.000Z,frozen_session6,500000,600,recenter60,536520,1044,0,1,0,True,historical_guard,,,recenter@4514; exit@4530,952.053002,-0.698542,0.970376,0.129816,1.115718,0.001772
50,500000,2724,4513,2026-09-10T07:31:22.960Z,30,2026-09-10T08:01:46.000Z,source_block_54,1000000,0,guard60,659721,184,0,0,0,False,inventory_cap,,,exit@4516,951.298815,-1.452729,1.124903,0.078405,1.69943,0.0
50,500000,2724,4513,2026-09-10T07:31:22.960Z,30,2026-09-10T08:01:46.000Z,source_block_54,1000000,0,exit_early,517092,61,0,0,0,True,early_inventory_exit,,,exit@4514,951.626444,-1.1251,1.124903,0.000818,1.371801,0.327629
50,500000,2724,4513,2026-09-10T07:31:22.960Z,30,2026-09-10T08:01:46.000Z,source_block_54,1000000,0,recenter60,537772,1044,0,1,0,True,historical_guard,,,recenter@4514; exit@4530,949.996252,-2.755292,3.156983,0.259637,3.001993,-1.302563
50,500000,2724,4513,2026-09-10T07:31:22.960Z,30,2026-09-10T08:01:46.000Z,source_block_54,1000000,0,trim25,550198,1044,0,0,1,True,historical_guard,,,trim@4514; exit@4530,951.003942,-1.747602,2.102994,0.193913,1.994303,-0.294873
50,500000,2724,4513,2026-09-10T07:31:22.960Z,30,2026-09-10T08:01:46.000Z,source_block_54,1000000,0,hold80,732503,1044,0,0,0,False,historical_guard,,,exit@4530,952.100022,-0.651522,1.124903,0.258176,1.334382,0.801207
50,500000,2724,4513,2026-09-10T07:31:22.960Z,30,2026-09-10T08:01:46.000Z,source_block_54,1000000,600,recenter60,537772,1044,0,1,0,True,historical_guard,,,recenter@4514; exit@4530,949.996252,-2.755292,3.156983,0.259637,3.001993,-1.302563
50,500000,2724,4513,2026-09-10T07:31:22.960Z,30,2026-09-10T08:01:46.000Z,source_block_54,500000,0,guard60,659714,184,0,0,0,False,inventory_cap,,,exit@4516,951.259624,-1.49192,1.124903,0.039201,1.738297,0.0
50,500000,2724,4513,2026-09-10T07:31:22.960Z,30,2026-09-10T08:01:46.000Z,source_block_54,500000,0,exit_early,517092,61,0,0,0,True,early_inventory_exit,,,exit@4514,951.626035,-1.125509,1.124903,0.000408,1.371886,0.366411
50,500000,2724,4513,2026-09-10T07:31:22.960Z,30,2026-09-10T08:01:46.000Z,source_block_54,500000,0,recenter60,537754,1044,0,1,0,True,historical_guard,,,recenter@4514; exit@4530,949.866395,-2.885149,3.156983,0.129816,3.131526,-1.393229
50,500000,2724,4513,2026-09-10T07:31:22.960Z,30,2026-09-10T08:01:46.000Z,source_block_54,500000,0,trim25,550185,1044,0,0,1,True,historical_guard,,,trim@4514; exit@4530,950.906956,-1.844588,2.102994,0.096951,2.090965,-0.352668
50,500000,2724,4513,2026-09-10T07:31:22.960Z,30,2026-09-10T08:01:46.000Z,source_block_54,500000,0,hold80,732496,1044,0,0,0,False,historical_guard,,,exit@4530,951.970898,-0.780646,1.124903,0.129082,1.334352,0.711274
50,500000,2724,4513,2026-09-10T07:31:22.960Z,30,2026-09-10T08:01:46.000Z,source_block_54,500000,600,recenter60,537754,1044,0,1,0,True,historical_guard,,,recenter@4514; exit@4530,949.866395,-2.885149,3.156983,0.129816,3.131526,-1.393229
50,500000,2724,4513,2026-09-10T07:31:22.960Z,120,2026-09-10T09:31:50.000Z,frozen_session6,1000000,0,guard60,659174,184,0,0,0,False,inventory_cap,,,exit@4516,952.090421,-1.692737,0.333297,0.078405,0.907824,0.0
50,500000,2724,4513,2026-09-10T07:31:22.960Z,120,2026-09-10T09:31:50.000Z,frozen_session6,1000000,0,exit_early,516663,61,0,0,0,True,early_inventory_exit,,,exit@4514,952.41805,-1.365108,0.333297,0.000818,0.580195,0.327629
50,500000,2724,4513,2026-09-10T07:31:22.960Z,120,2026-09-10T09:31:50.000Z,frozen_session6,1000000,0,recenter60,536538,1044,0,1,0,True,historical_guard,,,recenter@4514; exit@4530,952.182859,-1.600299,0.970376,0.259637,1.06017,0.092438
50,500000,2724,4513,2026-09-10T07:31:22.960Z,120,2026-09-10T09:31:50.000Z,frozen_session6,1000000,0,trim25,549338,1044,0,0,1,True,historical_guard,,,trim@4514; exit@4530,952.493781,-1.289377,0.613155,0.193913,0.740522,0.40336
50,500000,2724,4513,2026-09-10T07:31:22.960Z,120,2026-09-10T09:31:50.000Z,frozen_session6,1000000,0,hold80,731895,1044,0,0,0,False,historical_guard,,,exit@4530,952.891628,-0.89153,0.333297,0.258176,0.542776,0.801207
50,500000,2724,4513,2026-09-10T07:31:22.960Z,120,2026-09-10T09:31:50.000Z,frozen_session6,1000000,600,recenter60,536538,1044,0,1,0,True,historical_guard,,,recenter@4514; exit@4530,952.182859,-1.600299,0.970376,0.259637,1.06017,0.092438
50,500000,2724,4513,2026-09-10T07:31:22.960Z,120,2026-09-10T09:31:50.000Z,frozen_session6,500000,0,guard60,659167,184,0,0,0,False,inventory_cap,,,exit@4516,952.05123,-1.731928,0.333297,0.039201,0.946691,0.0
50,500000,2724,4513,2026-09-10T07:31:22.960Z,120,2026-09-10T09:31:50.000Z,frozen_session6,500000,0,exit_early,516663,61,0,0,0,True,early_inventory_exit,,,exit@4514,952.417641,-1.365517,0.333297,0.000408,0.58028,0.366411
50,500000,2724,4513,2026-09-10T07:31:22.960Z,120,2026-09-10T09:31:50.000Z,frozen_session6,500000,0,recenter60,536520,1044,0,1,0,True,historical_guard,,,recenter@4514; exit@4530,952.053002,-1.730156,0.970376,0.129816,1.115718,0.001772
50,500000,2724,4513,2026-09-10T07:31:22.960Z,120,2026-09-10T09:31:50.000Z,frozen_session6,500000,0,trim25,549325,1044,0,0,1,True,historical_guard,,,trim@4514; exit@4530,952.396795,-1.386363,0.613155,0.096951,0.781987,0.345565
50,500000,2724,4513,2026-09-10T07:31:22.960Z,120,2026-09-10T09:31:50.000Z,frozen_session6,500000,0,hold80,731888,1044,0,0,0,False,historical_guard,,,exit@4530,952.762504,-1.020654,0.333297,0.129082,0.58746,0.711274
50,500000,2724,4513,2026-09-10T07:31:22.960Z,120,2026-09-10T09:31:50.000Z,frozen_session6,500000,600,recenter60,536520,1044,0,1,0,True,historical_guard,,,recenter@4514; exit@4530,952.053002,-1.730156,0.970376,0.129816,1.115718,0.001772
50,500000,2724,4513,2026-09-10T07:31:22.960Z,120,2026-09-10T09:31:50.000Z,source_block_54,1000000,0,guard60,659721,184,0,0,0,False,inventory_cap,,,exit@4516,951.298815,-2.484343,1.124903,0.078405,1.69943,0.0
50,500000,2724,4513,2026-09-10T07:31:22.960Z,120,2026-09-10T09:31:50.000Z,source_block_54,1000000,0,exit_early,517092,61,0,0,0,True,early_inventory_exit,,,exit@4514,951.626444,-2.156714,1.124903,0.000818,1.371801,0.327629
50,500000,2724,4513,2026-09-10T07:31:22.960Z,120,2026-09-10T09:31:50.000Z,source_block_54,1000000,0,recenter60,537772,1044,0,1,0,True,historical_guard,,,recenter@4514; exit@4530,949.996252,-3.786906,3.156983,0.259637,3.001993,-1.302563
50,500000,2724,4513,2026-09-10T07:31:22.960Z,120,2026-09-10T09:31:50.000Z,source_block_54,1000000,0,trim25,550198,1044,0,0,1,True,historical_guard,,,trim@4514; exit@4530,951.003942,-2.779216,2.102994,0.193913,1.994303,-0.294873
50,500000,2724,4513,2026-09-10T07:31:22.960Z,120,2026-09-10T09:31:50.000Z,source_block_54,1000000,0,hold80,732503,1044,0,0,0,False,historical_guard,,,exit@4530,952.100022,-1.683136,1.124903,0.258176,1.334382,0.801207
50,500000,2724,4513,2026-09-10T07:31:22.960Z,120,2026-09-10T09:31:50.000Z,source_block_54,1000000,600,recenter60,537772,1044,0,1,0,True,historical_guard,,,recenter@4514; exit@4530,949.996252,-3.786906,3.156983,0.259637,3.001993,-1.302563
50,500000,2724,4513,2026-09-10T07:31:22.960Z,120,2026-09-10T09:31:50.000Z,source_block_54,500000,0,guard60,659714,184,0,0,0,False,inventory_cap,,,exit@4516,951.259624,-2.523534,1.124903,0.039201,1.738297,0.0
50,500000,2724,4513,2026-09-10T07:31:22.960Z,120,2026-09-10T09:31:50.000Z,source_block_54,500000,0,exit_early,517092,61,0,0,0,True,early_inventory_exit,,,exit@4514,951.626035,-2.157123,1.124903,0.000408,1.371886,0.366411
50,500000,2724,4513,2026-09-10T07:31:22.960Z,120,2026-09-10T09:31:50.000Z,source_block_54,500000,0,recenter60,537754,1044,0,1,0,True,historical_guard,,,recenter@4514; exit@4530,949.866395,-3.916763,3.156983,0.129816,3.131526,-1.393229
50,500000,2724,4513,2026-09-10T07:31:22.960Z,120,2026-09-10T09:31:50.000Z,source_block_54,500000,0,trim25,550185,1044,0,0,1,True,historical_guard,,,trim@4514; exit@4530,950.906956,-2.876202,2.102994,0.096951,2.090965,-0.352668
50,500000,2724,4513,2026-09-10T07:31:22.960Z,120,2026-09-10T09:31:50.000Z,source_block_54,500000,0,hold80,732496,1044,0,0,0,False,historical_guard,,,exit@4530,951.970898,-1.81226,1.124903,0.129082,1.334352,0.711274
50,500000,2724,4513,2026-09-10T07:31:22.960Z,120,2026-09-10T09:31:50.000Z,source_block_54,500000,600,recenter60,537754,1044,0,1,0,True,historical_guard,,,recenter@4514; exit@4530,949.866395,-3.916763,3.156983,0.129816,3.131526,-1.393229
52,500000,2931,4720,2026-09-10T11:03:35.957Z,30,2026-09-10T11:33:44.000Z,frozen_session6,1000000,0,guard60,555390,1847,0,0,0,False,,,,,950.955136,-0.359106,0.333297,0.243997,0.146996,0.0
52,500000,2931,4720,2026-09-10T11:03:35.957Z,30,2026-09-10T11:33:44.000Z,frozen_session6,1000000,0,exit_early,504796,61,0,0,0,True,early_inventory_exit,,,exit@4721,950.89727,-0.416972,0.333297,0.008619,0.570383,-0.057866
52,500000,2931,4720,2026-09-10T11:03:35.957Z,30,2026-09-10T11:33:44.000Z,frozen_session6,1000000,0,recenter60,555390,1847,0,0,0,True,,,Frozen mint minimum unavailable,,950.955136,-0.359106,0.333297,0.243997,0.146996,0.0
52,500000,2931,4720,2026-09-10T11:03:35.957Z,30,2026-09-10T11:33:44.000Z,frozen_session6,1000000,0,trim25,555390,1847,0,0,0,True,,,Frozen trim funding unavailable,,950.955136,-0.359106,0.333297,0.243997,0.146996,0.0
52,500000,2931,4720,2026-09-10T11:03:35.957Z,30,2026-09-10T11:33:44.000Z,frozen_session6,1000000,0,hold80,555390,1847,0,0,0,False,,,,,950.955136,-0.359106,0.333297,0.243997,0.146996,0.0
52,500000,2931,4720,2026-09-10T11:03:35.957Z,30,2026-09-10T11:33:44.000Z,frozen_session6,1000000,600,recenter60,555390,1847,0,0,0,True,,,Frozen mint minimum unavailable,,950.955136,-0.359106,0.333297,0.243997,0.146996,0.0
52,500000,2931,4720,2026-09-10T11:03:35.957Z,30,2026-09-10T11:33:44.000Z,frozen_session6,500000,0,guard60,555392,1847,0,0,0,False,,,,,950.833181,-0.481061,0.333297,0.121991,0.183408,0.0
52,500000,2931,4720,2026-09-10T11:03:35.957Z,30,2026-09-10T11:33:44.000Z,frozen_session6,500000,0,exit_early,504796,61,0,0,0,True,early_inventory_exit,,,exit@4721,950.892961,-0.421281,0.333297,0.004309,0.570382,0.05978
52,500000,2931,4720,2026-09-10T11:03:35.957Z,30,2026-09-10T11:33:44.000Z,frozen_session6,500000,0,recenter60,555392,1847,0,0,0,True,,,Frozen mint minimum unavailable,,950.833181,-0.481061,0.333297,0.121991,0.183408,0.0
52,500000,2931,4720,2026-09-10T11:03:35.957Z,30,2026-09-10T11:33:44.000Z,frozen_session6,500000,0,trim25,555392,1847,0,0,0,True,,,Frozen trim funding unavailable,,950.833181,-0.481061,0.333297,0.121991,0.183408,0.0
52,500000,2931,4720,2026-09-10T11:03:35.957Z,30,2026-09-10T11:33:44.000Z,frozen_session6,500000,0,hold80,555392,1847,0,0,0,False,,,,,950.833181,-0.481061,0.333297,0.121991,0.183408,0.0
52,500000,2931,4720,2026-09-10T11:03:35.957Z,30,2026-09-10T11:33:44.000Z,frozen_session6,500000,600,recenter60,555392,1847,0,0,0,True,,,Frozen mint minimum unavailable,,950.833181,-0.481061,0.333297,0.121991,0.183408,0.0
52,500000,2931,4720,2026-09-10T11:03:35.957Z,30,2026-09-10T11:33:44.000Z,source_block_54,1000000,0,guard60,555852,1847,0,0,0,False,,,,,950.16353,-1.150712,1.124903,0.243997,0.146996,0.0
52,500000,2931,4720,2026-09-10T11:03:35.957Z,30,2026-09-10T11:33:44.000Z,source_block_54,1000000,0,exit_early,505216,61,0,0,0,True,early_inventory_exit,,,exit@4721,950.105664,-1.208578,1.124903,0.008619,1.361989,-0.057866
52,500000,2931,4720,2026-09-10T11:03:35.957Z,30,2026-09-10T11:33:44.000Z,source_block_54,1000000,0,recenter60,555852,1847,0,0,0,True,,,Frozen mint minimum unavailable,,950.16353,-1.150712,1.124903,0.243997,0.146996,0.0
52,500000,2931,4720,2026-09-10T11:03:35.957Z,30,2026-09-10T11:33:44.000Z,source_block_54,1000000,0,trim25,555852,1847,0,0,0,True,,,Frozen trim funding unavailable,,950.16353,-1.150712,1.124903,0.243997,0.146996,0.0
52,500000,2931,4720,2026-09-10T11:03:35.957Z,30,2026-09-10T11:33:44.000Z,source_block_54,1000000,0,hold80,555852,1847,0,0,0,False,,,,,950.16353,-1.150712,1.124903,0.243997,0.146996,0.0
52,500000,2931,4720,2026-09-10T11:03:35.957Z,30,2026-09-10T11:33:44.000Z,source_block_54,1000000,600,recenter60,555852,1847,0,0,0,True,,,Frozen mint minimum unavailable,,950.16353,-1.150712,1.124903,0.243997,0.146996,0.0
52,500000,2931,4720,2026-09-10T11:03:35.957Z,30,2026-09-10T11:33:44.000Z,source_block_54,500000,0,guard60,555854,1847,0,0,0,False,,,,,950.041575,-1.272667,1.124903,0.121991,0.183408,0.0
52,500000,2931,4720,2026-09-10T11:03:35.957Z,30,2026-09-10T11:33:44.000Z,source_block_54,500000,0,exit_early,505216,61,0,0,0,True,early_inventory_exit,,,exit@4721,950.101355,-1.212887,1.124903,0.004309,1.361988,0.05978
52,500000,2931,4720,2026-09-10T11:03:35.957Z,30,2026-09-10T11:33:44.000Z,source_block_54,500000,0,recenter60,555854,1847,0,0,0,True,,,Frozen mint minimum unavailable,,950.041575,-1.272667,1.124903,0.121991,0.183408,0.0
52,500000,2931,4720,2026-09-10T11:03:35.957Z,30,2026-09-10T11:33:44.000Z,source_block_54,500000,0,trim25,555854,1847,0,0,0,True,,,Frozen trim funding unavailable,,950.041575,-1.272667,1.124903,0.121991,0.183408,0.0
52,500000,2931,4720,2026-09-10T11:03:35.957Z,30,2026-09-10T11:33:44.000Z,source_block_54,500000,0,hold80,555854,1847,0,0,0,False,,,,,950.041575,-1.272667,1.124903,0.121991,0.183408,0.0
52,500000,2931,4720,2026-09-10T11:03:35.957Z,30,2026-09-10T11:33:44.000Z,source_block_54,500000,600,recenter60,555854,1847,0,0,0,True,,,Frozen mint minimum unavailable,,950.041575,-1.272667,1.124903,0.121991,0.183408,0.0
52,550000,2954,4743,2026-09-10T11:27:15.369Z,30,2026-09-10T11:57:17.000Z,frozen_session6,1000000,0,guard60,793159,1293,0,0,0,False,inventory_cap,,,exit@4764,950.136855,-0.420398,0.333297,0.144051,1.481539,0.0
52,550000,2954,4743,2026-09-10T11:27:15.369Z,30,2026-09-10T11:57:17.000Z,frozen_session6,1000000,0,exit_early,555390,62,0,0,0,True,early_inventory_exit,,,exit@4744,950.939498,0.382245,0.333297,0.001797,0.59795,0.802643
52,550000,2954,4743,2026-09-10T11:27:15.369Z,30,2026-09-10T11:57:17.000Z,frozen_session6,1000000,0,recenter60,752425,1536,0,1,0,True,inventory_cap,,,recenter@4744; exit@4768,949.266998,-1.290255,0.970376,0.247025,2.27045,-0.869857
52,550000,2954,4743,2026-09-10T11:27:15.369Z,30,2026-09-10T11:57:17.000Z,frozen_session6,1000000,0,trim25,793159,1293,0,0,0,True,inventory_cap,,Frozen trim funding unavailable,exit@4764,950.136855,-0.420398,0.333297,0.144051,1.481539,0.0
52,550000,2954,4743,2026-09-10T11:27:15.369Z,30,2026-09-10T11:57:17.000Z,frozen_session6,1000000,0,hold80,799706,1844,368,0,0,False,,,,,949.728786,-0.828467,0.333297,0.165181,1.3532,-0.408069
52,550000,2954,4743,2026-09-10T11:27:15.369Z,30,2026-09-10T11:57:17.000Z,frozen_session6,1000000,600,recenter60,752425,1536,0,1,0,True,inventory_cap,,,recenter@4744; exit@4768,949.266998,-1.290255,0.970376,0.247025,2.27045,-0.869857
52,550000,2954,4743,2026-09-10T11:27:15.369Z,30,2026-09-10T11:57:17.000Z,frozen_session6,500000,0,guard60,793159,1293,0,0,0,False,inventory_cap,,,exit@4764,950.064882,-0.492371,0.333297,0.072019,1.538623,0.0
52,550000,2954,4743,2026-09-10T11:27:15.369Z,30,2026-09-10T11:57:17.000Z,frozen_session6,500000,0,exit_early,555390,62,0,0,0,True,early_inventory_exit,,,exit@4744,950.9386,0.381347,0.333297,0.000898,0.597949,0.873718
52,550000,2954,4743,2026-09-10T11:27:15.369Z,30,2026-09-10T11:57:17.000Z,frozen_session6,500000,0,recenter60,752419,1536,0,1,0,True,inventory_cap,,,recenter@4744; exit@4768,949.143617,-1.413636,0.970376,0.123505,2.392932,-0.921265
52,550000,2954,4743,2026-09-10T11:27:15.369Z,30,2026-09-10T11:57:17.000Z,frozen_session6,500000,0,trim25,793159,1293,0,0,0,True,inventory_cap,,Frozen trim funding unavailable,exit@4764,950.064882,-0.492371,0.333297,0.072019,1.538623,0.0
52,550000,2954,4743,2026-09-10T11:27:15.369Z,30,2026-09-10T11:57:17.000Z,frozen_session6,500000,0,hold80,799709,1844,368,0,0,False,,,,,949.646283,-0.91097,0.333297,0.082583,1.420831,-0.418599
52,550000,2954,4743,2026-09-10T11:27:15.369Z,30,2026-09-10T11:57:17.000Z,frozen_session6,500000,600,recenter60,752419,1536,0,1,0,True,inventory_cap,,,recenter@4744; exit@4768,949.143617,-1.413636,0.970376,0.123505,2.392932,-0.921265
52,550000,2954,4743,2026-09-10T11:27:15.369Z,30,2026-09-10T11:57:17.000Z,source_block_54,1000000,0,guard60,793818,1293,0,0,0,False,inventory_cap,,,exit@4764,949.345249,-1.212004,1.124903,0.144051,2.273145,0.0
52,550000,2954,4743,2026-09-10T11:27:15.369Z,30,2026-09-10T11:57:17.000Z,source_block_54,1000000,0,exit_early,555852,62,0,0,0,True,early_inventory_exit,,,exit@4744,950.147892,-0.409361,1.124903,0.001797,1.389556,0.802643
52,550000,2954,4743,2026-09-10T11:27:15.369Z,30,2026-09-10T11:57:17.000Z,source_block_54,1000000,0,recenter60,754162,1536,0,1,0,True,inventory_cap,,,recenter@4744; exit@4768,947.080391,-3.476862,3.156983,0.247025,4.457057,-2.264858
52,550000,2954,4743,2026-09-10T11:27:15.369Z,30,2026-09-10T11:57:17.000Z,source_block_54,1000000,0,trim25,793818,1293,0,0,0,True,inventory_cap,,Frozen trim funding unavailable,exit@4764,949.345249,-1.212004,1.124903,0.144051,2.273145,0.0
52,550000,2954,4743,2026-09-10T11:27:15.369Z,30,2026-09-10T11:57:17.000Z,source_block_54,1000000,0,hold80,800373,1536,60,0,0,False,inventory_cap,,,exit@4768,948.756899,-1.800354,1.124903,0.165181,2.861495,-0.58835
52,550000,2954,4743,2026-09-10T11:27:15.369Z,30,2026-09-10T11:57:17.000Z,source_block_54,1000000,600,recenter60,754162,1536,0,1,0,True,inventory_cap,,,recenter@4744; exit@4768,947.080391,-3.476862,3.156983,0.247025,4.457057,-2.264858
52,550000,2954,4743,2026-09-10T11:27:15.369Z,30,2026-09-10T11:57:17.000Z,source_block_54,500000,0,guard60,793818,1293,0,0,0,False,inventory_cap,,,exit@4764,949.273276,-1.283977,1.124903,0.072019,2.330229,0.0
52,550000,2954,4743,2026-09-10T11:27:15.369Z,30,2026-09-10T11:57:17.000Z,source_block_54,500000,0,exit_early,555852,62,0,0,0,True,early_inventory_exit,,,exit@4744,950.146994,-0.410259,1.124903,0.000898,1.389555,0.873718
52,550000,2954,4743,2026-09-10T11:27:15.369Z,30,2026-09-10T11:57:17.000Z,source_block_54,500000,0,recenter60,754155,1536,0,1,0,True,inventory_cap,,,recenter@4744; exit@4768,946.95701,-3.600243,3.156983,0.123505,4.579539,-2.316266
52,550000,2954,4743,2026-09-10T11:27:15.369Z,30,2026-09-10T11:57:17.000Z,source_block_54,500000,0,trim25,793818,1293,0,0,0,True,inventory_cap,,Frozen trim funding unavailable,exit@4764,949.273276,-1.283977,1.124903,0.072019,2.330229,0.0
52,550000,2954,4743,2026-09-10T11:27:15.369Z,30,2026-09-10T11:57:17.000Z,source_block_54,500000,0,hold80,800376,1536,60,0,0,False,inventory_cap,,,exit@4768,948.67441,-1.882843,1.124903,0.082583,2.929095,-0.598866
52,550000,2954,4743,2026-09-10T11:27:15.369Z,30,2026-09-10T11:57:17.000Z,source_block_54,500000,600,recenter60,754155,1536,0,1,0,True,inventory_cap,,,recenter@4744; exit@4768,946.95701,-3.600243,3.156983,0.123505,4.579539,-2.316266
53,500000,2987,4776,2026-09-10T12:02:05.475Z,30,2026-09-10T12:31:13.000Z,frozen_session6,1000000,0,guard60,646477,309,0,0,0,False,inventory_cap,,,exit@4781,948.905073,-0.229627,0.333297,0.132013,0.914523,0.0
53,500000,2987,4776,2026-09-10T12:02:05.475Z,30,2026-09-10T12:31:13.000Z,frozen_session6,1000000,0,exit_early,567676,124,0,0,0,True,early_inventory_exit,,,exit@4778,949.076311,-0.058389,0.333297,0.057886,0.743285,0.171238
53,500000,2987,4776,2026-09-10T12:02:05.475Z,30,2026-09-10T12:31:13.000Z,frozen_session6,1000000,0,recenter60,646477,309,0,0,0,True,inventory_cap,,Frozen mint minimum unavailable,exit@4781,948.905073,-0.229627,0.333297,0.132013,0.914523,0.0
53,500000,2987,4776,2026-09-10T12:02:05.475Z,30,2026-09-10T12:31:13.000Z,frozen_session6,1000000,0,trim25,599967,1850,0,0,1,True,,,,trim@4778,948.827298,-0.307402,0.613155,0.683527,0.677752,-0.077775
53,500000,2987,4776,2026-09-10T12:02:05.475Z,30,2026-09-10T12:31:13.000Z,frozen_session6,1000000,0,hold80,777042,1850,0,0,0,False,,,,,949.138091,0.003391,0.333297,0.891573,0.39196,0.233018
53,500000,2987,4776,2026-09-10T12:02:05.475Z,30,2026-09-10T12:31:13.000Z,frozen_session6,1000000,600,recenter60,646477,309,0,0,0,False,inventory_cap,,,exit@4781,948.905073,-0.229627,0.333297,0.132013,0.914523,0.0
53,500000,2987,4776,2026-09-10T12:02:05.475Z,30,2026-09-10T12:31:13.000Z,frozen_session6,500000,0,guard60,646472,309,0,0,0,False,inventory_cap,,,exit@4781,948.839099,-0.295601,0.333297,0.066005,0.969628,0.0
53,500000,2987,4776,2026-09-10T12:02:05.475Z,30,2026-09-10T12:31:13.000Z,frozen_session6,500000,0,exit_early,567672,124,0,0,0,True,early_inventory_exit,,,exit@4778,949.047379,-0.087321,0.333297,0.028942,0.761348,0.20828
53,500000,2987,4776,2026-09-10T12:02:05.475Z,30,2026-09-10T12:31:13.000Z,frozen_session6,500000,0,recenter60,646472,309,0,0,0,True,inventory_cap,,Frozen mint minimum unavailable,exit@4781,948.839099,-0.295601,0.333297,0.066005,0.969628,0.0
53,500000,2987,4776,2026-09-10T12:02:05.475Z,30,2026-09-10T12:31:13.000Z,frozen_session6,500000,0,trim25,599982,1850,0,0,1,True,,,,trim@4778,948.48573,-0.64897,0.613155,0.341754,0.744333,-0.353369
53,500000,2987,4776,2026-09-10T12:02:05.475Z,30,2026-09-10T12:31:13.000Z,frozen_session6,500000,0,hold80,777146,1850,0,0,0,False,,,,,948.692555,-0.442145,0.333297,0.445779,0.52564,-0.146544
53,500000,2987,4776,2026-09-10T12:02:05.475Z,30,2026-09-10T12:31:13.000Z,frozen_session6,500000,600,recenter60,646472,309,0,0,0,False,inventory_cap,,,exit@4781,948.839099,-0.295601,0.333297,0.066005,0.969628,0.0
53,500000,2987,4776,2026-09-10T12:02:05.475Z,30,2026-09-10T12:31:13.000Z,source_block_54,1000000,0,guard60,647016,309,0,0,0,False,inventory_cap,,,exit@4781,948.113467,-1.021233,1.124903,0.132013,1.706129,0.0
53,500000,2987,4776,2026-09-10T12:02:05.475Z,30,2026-09-10T12:31:13.000Z,source_block_54,1000000,0,exit_early,568150,124,0,0,0,True,early_inventory_exit,,,exit@4778,948.284705,-0.849995,1.124903,0.057886,1.534891,0.171238
53,500000,2987,4776,2026-09-10T12:02:05.475Z,30,2026-09-10T12:31:13.000Z,source_block_54,1000000,0,recenter60,647016,309,0,0,0,True,inventory_cap,,Frozen mint minimum unavailable,exit@4781,948.113467,-1.021233,1.124903,0.132013,1.706129,0.0
53,500000,2987,4776,2026-09-10T12:02:05.475Z,30,2026-09-10T12:31:13.000Z,source_block_54,1000000,0,trim25,600909,1850,0,0,1,True,,,,trim@4778,947.337459,-1.797241,2.102994,0.683527,1.375985,-0.776008
53,500000,2987,4776,2026-09-10T12:02:05.475Z,30,2026-09-10T12:31:13.000Z,source_block_54,1000000,0,hold80,777690,1850,0,0,0,False,,,,,948.346485,-0.788215,1.124903,0.891573,0.39196,0.233018
53,500000,2987,4776,2026-09-10T12:02:05.475Z,30,2026-09-10T12:31:13.000Z,source_block_54,1000000,600,recenter60,647016,309,0,0,0,False,inventory_cap,,,exit@4781,948.113467,-1.021233,1.124903,0.132013,1.706129,0.0
53,500000,2987,4776,2026-09-10T12:02:05.475Z,30,2026-09-10T12:31:13.000Z,source_block_54,500000,0,guard60,647011,309,0,0,0,False,inventory_cap,,,exit@4781,948.047493,-1.087207,1.124903,0.066005,1.761234,0.0
53,500000,2987,4776,2026-09-10T12:02:05.475Z,30,2026-09-10T12:31:13.000Z,source_block_54,500000,0,exit_early,568146,124,0,0,0,True,early_inventory_exit,,,exit@4778,948.255773,-0.878927,1.124903,0.028942,1.552954,0.20828
53,500000,2987,4776,2026-09-10T12:02:05.475Z,30,2026-09-10T12:31:13.000Z,source_block_54,500000,0,recenter60,647011,309,0,0,0,True,inventory_cap,,Frozen mint minimum unavailable,exit@4781,948.047493,-1.087207,1.124903,0.066005,1.761234,0.0
53,500000,2987,4776,2026-09-10T12:02:05.475Z,30,2026-09-10T12:31:13.000Z,source_block_54,500000,0,trim25,600925,1850,0,0,1,True,,,,trim@4778,946.995891,-2.138809,2.102994,0.341754,1.442566,-1.051602
53,500000,2987,4776,2026-09-10T12:02:05.475Z,30,2026-09-10T12:31:13.000Z,source_block_54,500000,0,hold80,777795,1850,0,0,0,False,,,,,947.900949,-1.233751,1.124903,0.445779,0.52564,-0.146544
53,500000,2987,4776,2026-09-10T12:02:05.475Z,30,2026-09-10T12:31:13.000Z,source_block_54,500000,600,recenter60,647011,309,0,0,0,False,inventory_cap,,,exit@4781,948.047493,-1.087207,1.124903,0.066005,1.761234,0.0
53,550000,2989,4778,2026-09-10T12:02:54.965Z,30,2026-09-10T12:33:16.000Z,frozen_session6,1000000,0,guard60,646477,185,0,0,0,False,inventory_cap,,,exit@4781,948.905208,0.371738,0.333297,0.074127,0.788949,0.0
53,550000,2989,4778,2026-09-10T12:02:54.965Z,30,2026-09-10T12:33:16.000Z,frozen_session6,1000000,0,exit_early,568217,62,0,0,0,True,early_inventory_exit,,,exit@4779,949.089361,0.555891,0.333297,0.014644,0.604796,0.184153
53,550000,2989,4778,2026-09-10T12:02:54.965Z,30,2026-09-10T12:33:16.000Z,frozen_session6,1000000,0,recenter60,796941,1849,0,1,0,True,inventory_cap,,,recenter@4779; exit@4808,948.047972,-0.485498,0.970376,0.993026,0.931434,-0.857236
53,550000,2989,4778,2026-09-10T12:02:54.965Z,30,2026-09-10T12:33:16.000Z,frozen_session6,1000000,0,trim25,598285,1849,62,0,1,True,,,,trim@4779,948.241643,-0.291827,0.613155,0.642751,0.846984,-0.663565
53,550000,2989,4778,2026-09-10T12:02:54.965Z,30,2026-09-10T12:33:16.000Z,frozen_session6,1000000,0,hold80,797052,1849,62,0,0,False,,,,,948.330617,-0.202853,0.333297,0.851619,1.129136,-0.574591
53,550000,2989,4778,2026-09-10T12:02:54.965Z,30,2026-09-10T12:33:16.000Z,frozen_session6,1000000,600,recenter60,646477,185,0,0,0,False,inventory_cap,,,exit@4781,948.905208,0.371738,0.333297,0.074127,0.788949,0.0
53,550000,2989,4778,2026-09-10T12:02:54.965Z,30,2026-09-10T12:33:16.000Z,frozen_session6,500000,0,guard60,646473,185,0,0,0,False,inventory_cap,,,exit@4781,948.868157,0.334687,0.333297,0.037063,0.818678,0.0
53,550000,2989,4778,2026-09-10T12:02:54.965Z,30,2026-09-10T12:33:16.000Z,frozen_session6,500000,0,exit_early,568218,62,0,0,0,True,early_inventory_exit,,,exit@4779,949.08204,0.54857,0.333297,0.007322,0.604795,0.213883
53,550000,2989,4778,2026-09-10T12:02:54.965Z,30,2026-09-10T12:33:16.000Z,frozen_session6,500000,0,recenter60,797051,1849,0,1,0,True,inventory_cap,,,recenter@4779; exit@4808,947.55196,-0.98151,0.970376,0.496498,1.420272,-1.316197
53,550000,2989,4778,2026-09-10T12:02:54.965Z,30,2026-09-10T12:33:16.000Z,frozen_session6,500000,0,trim25,598302,1849,62,0,1,True,,,,trim@4779,947.920618,-0.612852,0.613155,0.321368,1.147437,-0.947539
53,550000,2989,4778,2026-09-10T12:02:54.965Z,30,2026-09-10T12:33:16.000Z,frozen_session6,500000,0,hold80,797163,1849,62,0,0,False,,,,,947.905273,-0.628197,0.333297,0.425803,1.276942,-0.962884
53,550000,2989,4778,2026-09-10T12:02:54.965Z,30,2026-09-10T12:33:16.000Z,frozen_session6,500000,600,recenter60,646473,185,0,0,0,False,inventory_cap,,,exit@4781,948.868157,0.334687,0.333297,0.037063,0.818678,0.0
53,550000,2989,4778,2026-09-10T12:02:54.965Z,30,2026-09-10T12:33:16.000Z,source_block_54,1000000,0,guard60,647016,185,0,0,0,False,inventory_cap,,,exit@4781,948.113602,-0.419868,1.124903,0.074127,1.580555,0.0
53,550000,2989,4778,2026-09-10T12:02:54.965Z,30,2026-09-10T12:33:16.000Z,source_block_54,1000000,0,exit_early,568692,62,0,0,0,True,early_inventory_exit,,,exit@4779,948.297755,-0.235715,1.124903,0.014644,1.396402,0.184153
53,550000,2989,4778,2026-09-10T12:02:54.965Z,30,2026-09-10T12:33:16.000Z,source_block_54,1000000,0,recenter60,798779,1849,0,1,0,True,inventory_cap,,,recenter@4779; exit@4808,945.861365,-2.672105,3.156983,0.993026,2.326435,-2.252237
53,550000,2989,4778,2026-09-10T12:02:54.965Z,30,2026-09-10T12:33:16.000Z,source_block_54,1000000,0,trim25,599225,1849,62,0,1,True,,,,trim@4779,946.751804,-1.781666,2.102994,0.642751,1.531878,-1.361798
53,550000,2989,4778,2026-09-10T12:02:54.965Z,30,2026-09-10T12:33:16.000Z,source_block_54,1000000,0,hold80,797716,1849,62,0,0,False,,,,,947.539011,-0.994459,1.124903,0.851619,1.129136,-0.574591
53,550000,2989,4778,2026-09-10T12:02:54.965Z,30,2026-09-10T12:33:16.000Z,source_block_54,1000000,600,recenter60,647016,185,0,0,0,False,inventory_cap,,,exit@4781,948.113602,-0.419868,1.124903,0.074127,1.580555,0.0
53,550000,2989,4778,2026-09-10T12:02:54.965Z,30,2026-09-10T12:33:16.000Z,source_block_54,500000,0,guard60,647013,185,0,0,0,False,inventory_cap,,,exit@4781,948.076551,-0.456919,1.124903,0.037063,1.610284,0.0
53,550000,2989,4778,2026-09-10T12:02:54.965Z,30,2026-09-10T12:33:16.000Z,source_block_54,500000,0,exit_early,568692,62,0,0,0,True,early_inventory_exit,,,exit@4779,948.290434,-0.243036,1.124903,0.007322,1.396401,0.213883
53,550000,2989,4778,2026-09-10T12:02:54.965Z,30,2026-09-10T12:33:16.000Z,source_block_54,500000,0,recenter60,798891,1849,0,1,0,True,inventory_cap,,,recenter@4779; exit@4808,945.365353,-3.168117,3.156983,0.496498,2.815273,-2.711198
53,550000,2989,4778,2026-09-10T12:02:54.965Z,30,2026-09-10T12:33:16.000Z,source_block_54,500000,0,trim25,599243,1849,62,0,1,True,,,,trim@4779,946.430779,-2.102691,2.102994,0.321368,1.84567,-1.645772
53,550000,2989,4778,2026-09-10T12:02:54.965Z,30,2026-09-10T12:33:16.000Z,source_block_54,500000,0,hold80,797828,1849,62,0,0,False,,,,,947.113667,-1.419803,1.124903,0.425803,1.276942,-0.962884
53,550000,2989,4778,2026-09-10T12:02:54.965Z,30,2026-09-10T12:33:16.000Z,source_block_54,500000,600,recenter60,647013,185,0,0,0,False,inventory_cap,,,exit@4781,948.076551,-0.456919,1.124903,0.037063,1.610284,0.0
